23996	2.2015e+10
23997	2.0965e+10
23999	4.305e+09
286940	2.758e+10
13733	1.417955e+09
69957	1.262275e+09
11544	1.269835e+09
11545	1.901165e+09
26370	1.55869e+08
209737	92778000
214895	77738500
109054	5.2612e+08
26572	3.605e+09
110959	2.997435e+08
19155	8.225e+09
19156	1.6065e+10
16678	2.646e+10
74838	1.2355e+10
19378	6.6843e+08
107869	4.62e+10
12709	6.125e+09
22003	1.7808e+11
22004	3.9165e+10
27370	1.3965e+11
269774	2.818515e+09
27374	2.44874e+09
27375	2.96093e+08
27376	9.3877e+08
27377	1.368325e+08
192176	2.1105e+10
77766	2.869685e+08
230935	2.474605e+08
329910	5.8205e+08
64704	9.492e+08
64705	68414500
22668	1.2845e+10
57294	4.515e+10
16498	1.60328e+08
57296	3.40382e+09
69955	4.60005e+08
276846	3.5728e+08
71702	2.334675e+09
74129	3.6127e+08
69080	1.344e+10
69083	6.125e+10
12017	1.141525e+09
71701	2.920295e+09
12010	6.58e+09
26395	8.33e+09
26394	2.6803e+08
11768	7.91e+09
26396	2.535645e+09
69772	2.31903e+09
227231	6.86e+10
17254	3.4755e+10
26398	1.95377e+09
11764	2.4535e+10
11765	5.95e+09
101943	2.135245e+09
20740	1.2635e+11
100206	2.96723e+09
64050	2.9967e+08
75612	7.8897e+08
235567	55961500
21925	3.142685e+09
21924	8.645e+09
21923	2.54954e+08
53607	2.38546e+09
53605	1.561e+10
53356	4.515e+10
11949	3.0485e+11
18453	5.32e+12
11947	9.555e+11
18451	3.67255e+08
96979	1.685215e+09
170930	3.535e+10
18854	2.225405e+09
12237	2.64894e+09
22262	4.935e+09
436522	2.1595e+10
14629	2.00249e+09
54473	4.75755e+08
20411	1.46006e+09
67397	1.5855e+11
67039	4.0467e+08
106628	3.187905e+08
67035	5.88e+09
246221	1.0409e+09
58184	3.498005e+08
13052	1.61679e+08
54391	9.835e+09
54392	4.165e+09
18706	1.25321e+09
18704	8.19e+09
18708	3.48012e+08
71755	1.143555e+09
14710	1.17047e+08
14711	8.54e+10
14688	2.4745e+10
217864	4.4947e+08
14718	3.451e+10
14719	1.6975e+11
217869	6.545e+10
12945	1.3965e+10
18747	2.351825e+09
20259	3.167675e+08
68598	1.5715e+10
18746	1.2215e+11
68592	2.042915e+08
18637	4.585e+10
14390	3.443895e+08
14391	1.142505e+09
29818	1.18251e+08
67103	1.1025e+10
268482	2.821875e+09
68606	2.84445e+08
237459	1.268995e+09
19276	1.0255e+11
29810	4.165e+09
12491	3.365145e+09
15446	63742000
15445	1.578815e+09
98366	3.92e+09
67367	48405000
12499	1.023225e+08
19271	4.3834e+08
18141	1.12e+10
360013	3.35454e+09
170736	1.639925e+08
58523	3.38408e+08
50709	4.27e+09
66181	2.183475e+09
59035	3.87065e+08
268451	4.655e+09
72124	3.0583e+09
66615	6.39905e+08
76884	4.53845e+08
77579	4.935e+09
12876	1.911945e+09
76889	3.024e+08
12833	1.55428e+09
665113	51170000
15288	6.335e+09
12834	3.14678e+09
66988	7.07e+10
67963	7.7e+09
77371	1.36787e+09
66286	2.674e+11
72960	3.55985e+08
380928	3.155565e+08
234779	59069500
208943	4.47195e+08
103711	4.935e+09
53973	3.355765e+09
238505	7.651e+08
52815	4.235e+09
230709	8.14905e+08
13728	2.453955e+08
26364	63836500
77116	8.0332e+08
56403	7.07e+10
103573	1.41078e+09
11370	5.6e+10
19386	4.935e+09
19387	3.010315e+09
22273	1.5505e+10
18115	2.002e+10
22276	3.380895e+08
625249	1.7535e+10
22275	2.3758e+09
19143	2.632e+08
19141	2.35529e+09
70356	7.175e+10
16664	70945000
94232	1.2705e+10
22019	4.13e+09
12716	6.195e+09
12715	5.67e+10
14862	1.379e+11
22017	9.7671e+08
73078	6.86e+09
18548	1.167355e+09
14860	3.85e+09
23874	8.47e+10
27384	1.624e+10
192166	3.2795e+10
19704	3.022495e+09
230163	4.515e+10
19303	1.347395e+09
93687	1.67468e+08
329908	2.227155e+08
100710	1.118075e+09
99982	47845000
56040	8.015e+11
56044	2.543345e+08
14431	9.835e+09
71514	1.785e+10
11757	6.58e+10
11754	9.191e+08
11758	1.3685e+11
26384	5.985e+09
20479	5.845e+09
16396	1.71675e+08
328417	1.05497e+08
69983	2.479645e+09
16398	8.9894e+08
100705	1.05784e+09
104015	1.02046e+09
20887	3.57e+09
104721	3.073e+10
75669	1.158395e+08
215114	6.15615e+08
17288	78410500
17533	3.7835e+08
102436	2.260195e+09
17888	7.525e+09
16801	4.1286e+08
64933	42777000
235606	8.225e+09
67895	1.5015e+11
97212	7.245e+10
217342	7.7497e+08
53610	4.515e+10
57317	2.37279e+09
20088	3.4615e+11
11973	2.534e+10
11972	4.06e+09
57319	6.51e+09
11975	2.521015e+08
75062	4.585e+09
27967	3.57945e+08
21843	2.243605e+09
20641	3.71e+09
17756	1.21485e+09
66235	8.295e+10
380660	4.02465e+08
73724	3.2725e+10
13195	4.64275e+08
13194	1.2425e+10
70650	62716500
14651	1.456e+11
14874	4.06e+10
26961	4.375e+10
14871	2.5445e+10
14870	7.63e+11
14873	7.21e+10
26965	9.0832e+08
66054	4.095e+10
71521	3.36763e+08
68292	5.8128e+08
330177	5.5349e+08
231329	3.227805e+08
20463	8.7598e+08
20397	86390500
20466	98714000
18538	4.025e+09
170791	1.2635e+10
58194	1.73257e+08
21429	1.949605e+09
102093	1.68e+11
66753	7.875e+09
12954	2.324e+10
12955	4.095e+10
266645	5.2136e+08
54189	6.67555e+08
71743	5.81e+09
18717	69681500
71745	5.159e+08
225467	1.5995e+10
13171	1.3475e+11
14270	52181500
72459	1.176245e+09
11846	1.008e+10
17831	3.40354e+09
108037	2.744e+10
67115	9.065e+09
67111	1.611575e+08
18534	2.60848e+09
20068	6.09e+11
18624	3.78e+09
68349	6.055e+09
83602	5.56955e+08
68346	3.115385e+09
68342	3.885e+10
29807	4.55e+09
12482	4.851e+08
12488	1.204e+10
76507	2.245845e+08
209200	3.6974e+08
59007	3.9529e+08
14344	9.842e+08
108100	1.60965e+09
59001	65730000
67680	2.5025e+10
59008	1.39062e+08
14479	1.45026e+09
110809	9.415e+10
100017	3.2494e+08
13800	1.29325e+09
433702	1.946e+10
78655	1.82e+11
67204	7.175e+10
78651	4.36205e+08
433256	1.97988e+09
66373	2.063425e+09
67758	3.125045e+08
66377	6.13445e+08
66375	4.1356e+08
108156	9.24e+10
50880	2.063915e+09
110796	5.03405e+08
50884	3.885e+09
66155	1.085e+11
13849	4.2e+09
66401	1.46202e+09
17250	7.875e+09
76187	2.87609e+09
67972	2.069375e+09
12827	2.630775e+08
107260	8.47e+09
109674	6.685e+09
12822	56455000
66082	6.20445e+08
230073	1.143345e+09
26399	2.103745e+08
11767	3.352825e+09
17257	1.0675e+10
226519	5.355e+09
20744	8.7682e+08
103968	8.98345e+08
103967	1.005235e+09
103963	4.48e+11
105787	4.34455e+08
225887	5.3417e+08
109079	5.075e+09
11564	8.225e+09
11565	1.19819e+09
11566	1.7535e+10
66881	4.2e+10
11364	2.499e+10
20743	4.795e+09
66885	3.1955e+10
11363	6.93e+10
26554	8.47035e+08
19179	3.885e+10
217057	2.996e+10
19173	7.945e+09
22245	1.194095e+08
19170	8.75e+10
19177	1.0395e+10
22027	1.1585e+12
19357	1.36388e+09
16658	5.5293e+08
19359	6.755e+10
19358	2.6215e+10
16653	4.095e+10
17898	7.10325e+08
56215	2.65356e+09
110379	4.34e+10
73046	2.077075e+09
12729	2.977835e+08
12722	2.77137e+09
12721	1.1235e+10
13669	1.4385e+11
192159	5.4082e+08
19286	9.2953e+08
13660	1.2985e+10
13663	68110000
13665	6.545e+10
13664	5.25455e+08
192156	6.2608e+08
56690	4.69e+09
56459	1.2145e+10
56456	3.71e+09
56451	1.3475e+11
93692	6.51e+09
94315	2.787435e+08
386612	1.03194e+08
18799	5.8114e+08
74105	6.24715e+08
75456	1.372e+10
75454	2.996e+10
110208	1.89e+10
74108	6.9685e+08
81600	1.412565e+09
12039	5.5069e+08
320981	7.38955e+08
18761	1.15283e+08
12036	2.072e+11
12035	53665500
104009	1.23732e+08
20723	5.775e+09
19826	8.33e+10
19821	2.284485e+08
16832	2.4325e+10
74213	4.65465e+08
58231	1.88335e+09
67042	1.082655e+08
235587	9.66e+09
11639	1.32433e+08
56070	1.64472e+09
11636	3.15e+10
11637	2.8945e+10
69191	7.07e+12
320165	8.3468e+08
11522	6.545e+10
70223	6.475e+10
70225	1.482495e+09
13180	1.393e+11
27979	2.373e+10
20656	4.305e+11
20657	1.897735e+09
20655	9.485e+10
16907	6.72e+09
16906	1.2775e+11
16905	1.4315e+11
69938	1.4448e+08
94176	1.80614e+09
14886	3.675e+09
53975	84245000
12211	3.78e+09
12215	1.7115e+10
72157	5.95e+10
54401	2.8945e+10
20384	6.37e+09
109136	1.182895e+09
14864	7.7056e+08
14865	1.02683e+09
58233	8.58165e+08
14863	6.79e+11
20382	1.2985e+10
14645	5.145e+09
108737	4.62e+09
26951	9.8602e+08
229589	2.58146e+08
14080	5.74e+10
14081	5.95e+11
14082	1.016085e+09
14083	1.16942e+09
14085	8.015e+09
72151	2.122645e+08
13070	2.41143e+08
106648	6.8341e+08
211446	4.07925e+08
68028	2.583e+11
18947	1.9005e+11
18946	6.265e+11
18949	3.477425e+09
98932	2.24e+10
11964	1.4735e+10
11966	1.6625e+10
70737	7.6636e+08
71609	1.34029e+08
69834	9.57985e+08
18438	2.436525e+08
71602	1.295e+11
59125	6.04555e+08
108841	3.08658e+08
12928	5.845e+09
54195	2.73756e+08
18458	1.092e+11
14268	2.002e+10
14264	4.7355e+08
67160	2.6215e+11
18007	2.136365e+09
67166	1.42688e+09
234407	66167500
14580	3.8647e+08
11946	5.355e+11
14583	3.3005e+10
68626	5.7778e+08
70247	5.18e+09
67300	7.665e+10
59010	7.735e+09
59013	3.416e+10
73902	2.372125e+09
15115	5.95e+10
17992	1.2145e+11
17995	2.877e+10
19035	3.5e+12
17993	9.38e+10
66362	3.8647e+08
17991	9.555e+09
66368	7.23975e+08
17999	5.005e+09
71777	3.5294e+08
83702	5.25e+09
68240	5.73615e+08
71770	4.375e+10
268470	1.40763e+09
108079	2.43572e+08
13854	9.625e+09
13855	52517500
66416	2.8665e+10
14466	3.1185e+08
13858	2.16881e+09
50876	4.305e+09
234353	5.6e+09
66413	9.695e+09
66142	1.655885e+09
12859	3.2935e+10
12858	6.37e+10
76192	2.64278e+08
109880	2.69374e+08
12583	78851500
107272	2.3905e+11
107271	2.0545e+11
12857	2.5305e+11
12856	2.100315e+08
66091	1.2355e+10
14924	2.22187e+08
225326	1.13057e+08
269261	1.7605e+11
245474	9.98935e+08
77134	1.6065e+11
228003	90548500
18018	1.95664e+08
13204	4.13e+09
19166	2.135e+10
19167	1.477e+10
30960	7.7e+09
66890	5.46e+09
12040	9.1e+09
22258	1.499855e+08
12041	7.035e+09
60321	2.0692e+09
19344	4.37115e+08
19345	1.89378e+09
19340	1.218e+10
19341	97363000
72508	2.58979e+08
100732	4.97e+10
56464	1.544305e+09
326618	2.072e+10
53857	2.82359e+08
19298	8.435e+10
277250	4.06e+09
100101806	1.243095e+08
66144	1.512e+10
19766	2.181025e+08
16004	2.214835e+08
56449	1.2215e+10
56445	5.845e+10
66414	1.512e+10
64138	1.874425e+09
244059	1.824305e+08
17356	1.60363e+09
13627	3.1675e+12
74112	8.08955e+08
74114	5.68085e+08
13511	1.12119e+09
216869	1.83729e+08
23923	5.005e+09
56207	2.616145e+08
69219	3.64e+09
11792	5.005e+09
67781	2.983295e+09
98053	1.746955e+08
54673	3.20712e+08
23908	2.69521e+08
20867	1.092e+11
27061	2.52294e+09
16828	2.24e+11
12111	6.81415e+08
235339	6.335e+10
52585	1.0465e+10
17192	47820500
17191	4.3806e+08
70584	3.7317e+08
101861	1.66768e+08
107476	5.635e+09
14672	1.995665e+08
105501	1.746115e+08
52563	1.795605e+08
16913	7.672e+08
26949	3.955e+10
20917	2.6355e+11
20916	1.078e+11
14679	3.192945e+09
14678	8.785e+09
26940	2.033115e+09
70369	5.26715e+08
14674	5.3452e+08
11820	3.6302e+08
14079	2.064475e+09
14077	8.855e+09
18950	1.6975e+10
18951	1.298955e+09
21405	6.6472e+08
229211	1.96e+10
18682	1.24978e+09
18778	1.4665e+10
12934	4.06e+09
18770	3.384885e+09
18777	2.387e+10
53416	3.02624e+09
80838	1.0535e+10
53413	2.17672e+09
104923	6.965e+09
68631	1.33329e+09
20044	1.0465e+12
14187	4.0621e+08
78038	2.3135e+10
269823	1.939e+10
242687	84126000
15929	2.065e+10
18176	1.616125e+08
15925	1.407e+10
68816	3.053365e+09
68817	6.1789e+08
228607	1.323e+08
15108	5.915e+10
14450	7e+09
15107	1.8515e+11
234699	1.13533e+09
14696	9.5368e+08
14693	2.644642e+09
71761	2.51993e+08
216456	2.58566e+08
67771	4.83e+10
75705	7.07e+10
19193	3.65295e+08
67951	1.56688e+08
67955	1.414e+10
67959	4.27e+09
66420	1.04895e+09
12848	2.2645e+10
12842	3.5511e+08
74147	1.169e+10
12847	8.855e+10
14526	5.775e+10
231580	1.36185e+09
107045	1.764e+10
207728	1.009925e+08
28084	1.9635e+10
66222	8.995e+11
66046	2.521295e+09
22627	2.7825e+11
22629	2.5445e+10
22628	6.335e+10
72461	5.4439e+08
109093	1.2908e+08
50995	4.515e+09
93747	1.9075e+11
213539	6.19815e+08
110175	3.32983e+09
110173	1.100365e+09
19339	2.937025e+09
110355	3.7548e+08
110350	4.3491e+08
19330	9.3912e+08
110196	8.995e+09
22282	1.67202e+09
110960	3.99e+10
22284	1.430625e+09
78920	4.025e+10
13649	1.710205e+08
13885	7.56e+10
13884	3.2095e+10
26444	8.575e+10
26441	5.04e+10
26440	3.0205e+10
26443	3.479e+10
19025	3.402105e+09
19752	1.771e+12
75475	8.76785e+08
19247	5.7029e+08
19246	1.18818e+09
100900	7.0378e+08
16211	3.85e+09
17346	4.76e+09
56307	2.5165e+10
12512	1.24222e+09
80718	9.27815e+08
15233	7.21e+09
12696	5.565e+09
21894	4.48e+10
56275	4.41e+09
56274	2.125795e+08
69207	2.939055e+09
230861	5.67e+09
20708	2.0342e+09
21873	6.195e+09
21872	4.935e+09
20701	2.905e+10
20874	1.0584e+09
73178	7.4851e+08
329777	1.425935e+08
13479	71624000
16691	2.681e+12
11658	1.34001e+09
227619	2.79678e+09
11652	9.95785e+08
11651	2.54569e+09
17184	7.595e+09
104112	6.195e+10
11655	6.37e+10
53319	1.603315e+08
17762	4.8419e+08
17768	1.9845e+10
57320	3.3005e+11
57321	1.10439e+08
53317	6.6815e+08
13667	2.08649e+09
17161	6.93e+09
68135	5.74e+10
232223	1.659875e+08
12850	3.55005e+08
54131	1.3755e+10
81004	3.178175e+08
192662	6.16e+10
227720	1.984745e+08
50790	1.286075e+08
20901	3.57e+10
14660	6.475e+09
14661	3.1185e+11
54204	1.232455e+08
105246	47680500
54200	1.484e+08
14667	1.2705e+10
83945	5.25e+09
14061	2.051035e+08
54683	1.918e+11
12630	6.91215e+08
78249	2.564415e+09
269113	3.219545e+09
12301	4.13e+10
11907	1.83393e+08
22637	1.11377e+09
11905	2.1245e+10
211914	91416500
18416	1.0395e+10
18412	6.16595e+08
18984	3.675e+09
76688	7.665e+09
68794	7.9611e+08
67092	1.0885e+11
67097	3.57e+11
108682	3.24352e+08
14208	7.74025e+08
12492	55079500
71978	4.62e+09
14200	54736500
68312	1.5785e+10
232680	3.85e+11
20054	4.34e+11
20055	2.842e+11
226180	9.3247e+08
211006	1.51536e+09
15488	9.3996e+08
15483	3.76915e+08
66661	2.5865e+11
15481	6.86e+11
385643	1.954435e+09
15957	5.495e+09
233799	5.985e+09
331026	1.379e+10
71889	1.96343e+08
226982	3.745e+10
14682	6.9664e+08
17975	1.3965e+11
17973	2.327955e+09
68263	7.035e+10
83768	6.16e+09
238831	2.138535e+08
216443	3.57e+09
216440	4.165e+09
66945	7.98e+10
19299	4.77925e+08
67437	1.925e+10
12870	2.485385e+09
66120	1.210405e+09
66948	1.631e+10
106504	1.44501e+09
67891	1.1515e+11
67890	2.4535e+11
229603	3.1605e+10
67897	6.89675e+08
17880	9.345e+10
17883	55055000
17882	3.64e+10
17885	1.352295e+08
17884	4.655e+10
17886	7.98e+10
22632	1.39307e+09
22630	6.37e+10
22631	1.2285e+11
66052	1.061375e+09
66053	44838500
234023	3.387125e+09
232910	2.794505e+09
78808	2.898455e+08
338367	1.03838e+09
72692	2.71103e+09
232943	2.506595e+09
110695	1.589e+11
224105	3.486e+10
19106	2.123695e+08
12476	2.66e+08
381760	7.455e+09
56443	3.78e+09
50527	2.83913e+09
214579	6.545e+09
107831	8.47e+09
19324	1.312815e+09
19325	3.64e+09
217715	6.895e+09
11487	3.9858e+08
11486	7.84e+09
11484	3.5637e+08
76826	1.17383e+08
13897	1.2005e+10
26458	7.55475e+08
20111	5.32e+09
228026	1.32405e+09
19038	2.23286e+09
100226	1.40049e+09
19744	3.084935e+09
17357	1.933085e+08
51810	4.69e+10
16201	3.15875e+09
16202	5.985e+09
56702	1.92885e+08
16204	5.95e+09
56317	3.239355e+09
107766	1.220905e+08
16592	8.085e+10
16593	4.445e+09
16594	9.2526e+08
56794	2.56984e+09
21881	2.7615e+11
69780	1.48813e+09
55944	4.655e+10
232449	2.84522e+09
20848	2.229955e+08
20843	3.03219e+08
69019	2.5025e+10
20846	3.3705e+10
20844	5.25e+09
53893	1.029e+10
13405	3.745e+09
53895	1.638e+10
328162	1.90127e+08
11666	1.816745e+08
16688	2.317525e+08
12183	1.543185e+09
231327	1.14499e+09
11669	1.4875e+11
11668	1.029e+11
11465	1.389815e+09
69654	7.455e+10
69305	1.26014e+09
56088	3.006955e+08
56086	1.666e+10
56085	3.024e+10
20603	87003000
70560	99974000
17159	2.632245e+09
17158	8.04335e+08
70160	1.740655e+09
407785	2.4745e+10
75221	2.9645e+10
16971	7.805e+10
12268	1.125915e+08
270166	7.525e+09
209354	3.435285e+09
12266	2.8875e+10
100038882	2.605225e+08
104776	4.515e+11
27045	4.90665e+08
11806	1.043e+11
68015	2.471e+10
68018	2.66826e+08
14232	1.0696e+08
107589	1.812405e+09
18979	3.59835e+08
18970	1.27841e+09
18972	41629000
18973	1.6863e+09
12317	2.247e+12
12313	5.425e+10
11938	1.05e+10
70767	1.156995e+09
140580	1.13393e+09
11933	1.418235e+09
11931	1.889545e+09
67089	1.0255e+10
18993	1.537305e+09
14231	5.3228e+08
108077	5.25315e+08
15369	7.5061e+08
71960	2.393125e+09
108671	9.60785e+08
20020	1.90862e+08
20022	4.5241e+08
71562	9.135e+09
19229	2.117255e+09
243537	2.728425e+08
13132	7.105e+09
13138	4.375e+10
68879	3.81255e+08
72068	1.26966e+09
18194	2.017785e+08
18195	5.04e+10
15129	1.309e+12
72993	9.4451e+08
14300	1.91835e+08
20335	1.4945e+10
20334	9.6327e+08
20336	3.33165e+08
66335	3.02771e+09
26987	4.095e+09
236900	4.33405e+08
595136	4.69e+10
18750	1.018045e+09
18751	5.82645e+08
18753	5.18e+09
68275	3.195745e+08
68276	2.193835e+08
52163	2.003995e+09
71780	6.02e+09
12861	3.40564e+09
12864	6.055e+10
12865	7.7658e+08
12866	4.41e+10
229709	6.685e+10
114896	4.99345e+08
79560	1.36024e+09
67427	8.4e+11
72198	7.31045e+08
107029	1.46804e+09
245666	1.25573e+08
14544	7.21e+09
67332	4.165e+09
109785	1.029e+10
76279	2.261875e+08
15492	3.03667e+08
67151	1.04195e+09
66201	5.04e+09
17896	1.553895e+08
17897	6.685e+09
66204	1.68e+10
66066	1.522185e+08
22608	3.318e+11
78428	1.4e+10
22350	5.25e+10
22352	6.825e+10
66593	1.424535e+09
93765	8.33e+10
66590	2.842e+10
93760	1.554105e+08
66848	2.157365e+08
93762	4.2469e+08
51798	1.771e+10
51797	3.05473e+09
51796	1.036e+10
51793	6.24085e+08
51792	5.565e+10
54342	2.8805e+10
12468	4.375e+10
12469	4.655e+10
12464	2.926e+10
12465	1.141e+11
12466	5.775e+10
19134	5.215e+09
19132	4.05545e+08
12462	2.191e+10
66440	3.28454e+08
66445	2.499e+10
170718	4.725e+10
66446	9.88155e+08
234309	1.0115e+10
18571	1.673e+10
326622	7.0063e+08
23827	7.665e+10
217707	3.108e+11
72535	6.615e+09
231148	1.132565e+09
56417	3.549e+08
56418	1.604505e+09
22196	1.7815e+10
107932	1.159375e+08
22192	9.275e+09
66492	1.07009e+09
19266	2.06626e+09
19264	42500500
16765	1.253e+10
19268	1.792665e+08
56327	1.0899e+09
56637	1.016575e+08
56324	1.50878e+09
245841	4.0278e+08
245847	1.323735e+09
16568	6.9923e+08
11782	92379000
26408	3.29406e+08
16565	2.931915e+08
16564	4.585e+09
12075	3.222065e+08
16560	5.425e+09
16563	7.9282e+08
69736	3.8892e+08
23918	2.023e+10
98711	3.91055e+08
320940	3.08175e+08
23917	7.98e+09
65962	8.12525e+08
81489	9.3597e+08
56258	4.515e+09
27205	4.18915e+08
56744	1.25552e+09
69008	7.7112e+08
19060	1.48813e+09
56749	1.0311e+09
21672	9.8e+10
74255	1.24971e+08
19062	1.703345e+08
11670	2.95862e+09
11671	9.1e+09
74091	6.531e+08
320707	2.48941e+08
11676	1.52915e+09
117147	3.249365e+09
15211	8.7507e+08
17219	3.74745e+08
64143	2.8525e+10
11474	48209000
11475	5.495e+10
11472	2.511845e+09
12785	2.666545e+09
104174	2.122995e+09
57349	1.364685e+09
20617	2.485e+10
57342	3.57e+09
57344	1.433775e+09
212933	1.2075e+10
16410	57855000
16412	1.574545e+09
99375	8.9075e+08
12539	1.7675e+10
16418	1.921325e+09
16784	5.075e+10
74326	3.19438e+09
16783	1.5715e+10
12258	1.346135e+09
227700	5.34835e+08
17096	5.94125e+08
20851	7.245e+09
320011	4.235e+10
212111	3.745e+09
14828	5.74e+12
20926	3.675e+09
70316	1.113e+11
14827	5.04e+11
21454	8.785e+10
270192	2.38007e+09
20102	6.86e+11
20103	3.01e+10
11928	3.136e+10
53334	91686000
53333	1.998255e+09
20587	6.8187e+08
53331	1.2033e+08
53330	1.92836e+08
14225	5.005e+10
55936	8.1256e+08
14228	6.72e+10
84505	1.549905e+09
432516	4.78905e+08
108067	2.583e+10
14958	1.879535e+09
20338	2.18358e+08
70797	6.09e+09
70791	3.6484e+08
108664	3.7016e+08
19360	1.319465e+09
621893	9.95435e+08
11816	6.70495e+08
71147	1.66362e+08
268782	54610500
15159	1.288385e+08
109754	2.0055e+10
14319	3.0905e+10
12362	3.92e+09
233335	2.800525e+09
216134	8.155e+09
20322	1.673e+11
16549	4.165e+09
17955	1.1585e+10
14859	7.49e+10
68202	7.49e+10
232791	2.241085e+08
109689	6.615e+09
67988	1.20512e+08
66694	1.092e+11
66695	1.05e+10
12895	2.8e+10
12894	1.635445e+08
67980	5.5342e+08
12892	7.63e+09
18035	1.46027e+08
18034	1.26329e+08
15571	1.531355e+08
18033	8.11545e+08
109331	1.288385e+09
109333	1.07513e+08
18039	5.355e+09
106529	1.702715e+09
66681	3.0065e+10
108083	4.0026e+08
331487	70287000
319468	85015000
66218	2.2575e+10
230027	8.435e+09
225363	8.82e+10
12490	8.96e+09
229665	1.56037e+08
67426	5.635e+09
225160	71386000
50493	7.07e+09
50492	1.463e+10
232975	6.65e+10
22349	1.2565e+10
330260	2.406915e+09
66070	3.70685e+08
66073	9.765e+09
27050	3.71e+11
67857	2.4164e+09
27055	1.16823e+09
27054	4.375e+10
27058	1.883e+11
12419	6.825e+09
12411	1.288e+11
70266	1.2495e+10
12412	6.23e+09
19125	6.20795e+08
12417	4.935e+09
66101	5.74e+09
72947	2.554475e+08
50783	1.10621e+09
394432	3.06901e+08
66108	1.97064e+09
81500	5.27695e+08
14852	7.56e+10
70361	2.275e+10
319322	4.445e+09
259300	5.46e+09
15204	1.36864e+09
14854	1.335425e+09
225010	77941500
22185	7.525e+09
16779	1.156015e+08
16772	5.145e+09
16773	5.005e+09
16774	2.6285e+10
16775	1.228255e+09
16776	62583500
16777	1.3965e+10
69562	8.6065e+08
14422	5.56675e+08
16573	1.7115e+10
22169	6.2671e+08
98766	3.24828e+08
56248	9.31e+10
55990	5.79425e+08
55992	72576000
19305	1.1256e+09
19655	2.807e+10
19309	4.27e+09
27273	6.265e+08
65973	49878500
56752	5.845e+10
21849	1.5365e+10
116733	8.8333e+08
75686	1.33119e+09
69077	4.34e+10
17222	71491000
19878	2.3961e+09
74244	3.364935e+08
74245	4.4212e+08
74246	1.125635e+09
13427	1.4175e+10
13424	4.2e+10
19876	3.9193e+08
19877	65604000
227620	4.97e+09
235661	5.285e+10
117150	1.39412e+09
386649	4.235e+10
12799	1.567055e+09
14866	1.113e+10
17314	1.088395e+09
17319	3.815e+10
15490	1.13792e+08
69060	8.05e+11
57752	7.06265e+08
70099	2.74036e+08
70549	9.0818e+08
20624	3.116645e+09
16403	9.17e+09
16956	4.08975e+08
72662	3.01532e+08
17425	1.19637e+08
16790	1.9985e+10
19684	4.865e+10
20823	2.331e+10
20822	1.333325e+09
20826	3.1955e+10
227715	9.98935e+08
14030	8.785e+09
20480	8.7423e+08
223722	2.661785e+08
52633	3.003e+10
20496	77371000
11306	1.102745e+08
13207	3.038e+10
13205	1.0325e+11
106039	1.23368e+09
13200	6.37e+10
333433	3.339e+10
13209	7.14e+09
211389	2.83766e+09
57376	2.02356e+08
209027	1.302e+11
53323	5.0512e+08
12334	1.5505e+10
12336	2.457e+10
12330	1.701e+10
12332	9.415e+09
12333	1.419495e+09
16480	6.3e+09
14960	7.259e+08
14964	77882000
14784	9.135e+09
14782	1.519e+10
230233	1.08024e+09
14149	2.12933e+09
353172	6.335e+10
99586	3.61305e+08
18810	1.372e+10
24018	1.288e+10
68671	3.675e+09
24010	2.364845e+09
18816	1.27645e+09
13113	9.8098e+08
14815	47092500
72685	3.885e+10
11867	2.023e+10
68479	3.57e+09
381022	3.031e+10
67199	2.387e+10
208643	2.828e+11
66841	1.8375e+11
76491	2.8175e+11
107146	7.315e+09
67530	2.359e+11
76308	3.419395e+08
11459	6.755e+09
66916	1.0885e+10
66914	9.72195e+08
76479	2.439675e+08
66663	1.946e+10
15568	1.848e+10
18028	9.73e+09
26897	2.753835e+09
26894	1.288e+10
26893	6.37e+09
26891	3.92e+10
72047	3.885e+09
71984	1.223005e+08
30956	4.69e+10
81910	1.428e+11
12467	9.8e+09
22375	8.085e+10
12461	4.305e+10
67841	6.0396e+08
66861	7.9856e+08
11303	9.135e+09
66865	8.505e+09
27681	4.27e+09
12408	8.33e+10
12409	1.4175e+10
15360	1.092e+10
12406	2.744e+10
20280	2.73e+10
109697	2.8245e+12
67996	1.0675e+10
234673	4.515e+09
67993	2.383605e+08
50798	4.165e+09
207304	1.383305e+09
110391	2.331e+11
110460	7.42e+09
110616	5.66405e+08
22320	6.4918e+08
66481	3.71e+11
229905	3.605e+10
22321	9.765e+09
13682	2.422e+11
13681	3.066e+11
13685	2.326065e+09
13684	1.043e+11
12537	1.32832e+09
19063	6.16e+09
107951	3.48166e+09
15212	1.85423e+09
56438	3.605e+09
19069	1.746185e+08
52538	7.42e+10
56431	1.8095e+11
56430	1.316e+10
65019	1.631e+11
224020	1.34771e+08
17287	1.83078e+08
224023	70007000
56187	3.86015e+08
110265	1.239e+10
56185	1.54945e+09
19205	1.0745e+11
217666	1.880865e+09
22793	4.69e+09
22152	1.058575e+09
22151	1.75343e+09
16548	1.6275e+10
22154	1.02956e+09
16541	48912500
16545	1.535275e+08
23972	1.38432e+09
12651	2.956905e+08
23971	1.41603e+09
55980	1.4525e+10
22084	88004000
16149	1.38495e+08
22088	1.216285e+09
27267	6.79e+10
56505	3.5e+09
215615	5.88e+09
270685	5.705e+09
16329	4.48e+09
56292	6.615e+09
56297	3.62425e+08
72599	1.3265e+10
56294	1.76778e+08
13430	9.24e+09
13433	6.7963e+08
13437	2.5585e+10
104130	9.76535e+08
104158	1.2495e+11
235674	2.142e+10
56615	1.369375e+09
56612	2.1315e+10
56347	6.37e+10
56348	5.31825e+08
17308	55205500
11450	2.96051e+09
227541	1.28415e+09
69116	9.15635e+08
20639	1.171835e+09
17436	1.9565e+10
319713	2.547895e+08
69113	2.268105e+08
20630	3.319155e+09
72169	75397000
20637	1.533e+10
17128	3.150945e+08
16430	4.655e+09
16434	1.134e+10
17120	2.82625e+08
68953	2.456405e+09
74340	4.515e+09
57377	5.257e+08
20832	4.97e+10
20833	1.483265e+09
227095	5.845e+10
170762	3.5994e+08
53598	1.764e+10
105446	6.335e+09
66387	6.1397e+08
232087	1.2495e+10
109801	2.261e+10
13211	4.41e+09
71336	2.112915e+09
269523	1.673e+11
104086	2.67939e+09
26462	3.27313e+09
12340	3.4685e+10
12343	3.5e+10
53868	89190500
12345	7.105e+10
108645	5.39e+09
80888	2.53421e+09
232533	8.0409e+08
11979	6.93e+09
14972	3.48502e+09
20014	6.405e+10
14156	1.684585e+09
17117	6.3434e+08
14151	6.02e+10
24061	2.406915e+09
14593	1.16242e+09
54563	1.551375e+08
72322	46728500
70885	93418500
68193	3.745e+10
13107	1.95034e+08
71207	1.60685e+09
68194	2.121e+10
18521	6.51e+10
18655	4.585e+11
67619	6.2797e+08
29875	1.848e+10
29876	2.296e+10
15170	1.3112365e+10
17931	2.23223e+09
67382	1.997135e+09
17939	8.995e+09
71844	1.17516e+08
14376	2.667e+10
22195	6.895e+10
14375	2.61079e+09
66317	1.1235e+10
67054	1.1305e+10
18786	5.775e+09
67273	5.6e+10
66679	1.269345e+09
66902	1.9005e+10
72141	4.41e+09
15519	4.97e+11
14571	1.183e+10
15510	8.785e+11
15512	4.05825e+08
15516	1.701e+11
14776	3.139815e+09
14775	2.478e+10
12929	3.885e+09
14778	1.085e+10
77038	6.615e+09
68537	2.64698e+08
72039	7e+10
382053	8.61455e+08
110006	4.4688e+08
319504	54089000
72361	1.884575e+09
110651	4.27e+08
67873	3.99e+09
15356	3.99e+10
67871	9.135e+09
67870	1.37921e+09
93739	8.96e+09
109778	7e+09
22778	80003000
170725	2.52189e+09
214952	1.442665e+08
67475	1.4035e+11
67474	7.525e+09
103468	6.23e+09
16569	1.295595e+09
66473	1.3335e+12
234663	7.56e+09
66475	7.49e+10
72567	6.965e+09
13690	1.1165e+10
72562	1.1865e+10
109652	1.0605e+10
26413	8.995e+09
66495	2.072e+10
26416	1.47e+10
26417	1.62197e+09
26414	2.788695e+08
26415	6.14915e+08
69878	1.84051e+09
228998	1.8515e+10
19072	1.827e+10
12506	3.20635e+09
20970	8.2075e+08
56421	7.175e+10
19079	4.69e+09
56424	7.4214e+08
22365	1.2005e+10
218865	6.405e+09
110095	2.41528e+09
16554	3.885e+09
76238	4.13e+10
56194	2.003785e+09
215449	9.415e+09
19211	94059000
111175	1.1585e+10
23945	2.6544e+09
23942	8.46545e+08
22145	8.015e+10
110078	3.018505e+09
22142	1.204e+10
104303	7.8652e+08
100088	9.36845e+08
18104	3.745e+09
69276	2.57544e+09
16150	4.29625e+08
16151	6.2272e+08
60525	1.11818e+09
16880	1.0185e+10
16881	2.454585e+08
16337	82659500
21823	1.548575e+09
16889	3.9179e+08
94092	4.75475e+08
21825	77196000
19697	2.15677e+09
227399	1.59369e+08
14872	3.164e+10
105148	1.897e+10
11429	1.442e+11
11428	3.2375e+10
56350	1.428e+10
116847	2.1385e+10
56354	1.413965e+09
17330	3.5658e+08
21956	1.35611e+09
21954	3.27817e+09
21953	1.47e+10
140919	39973500
17449	6.755e+11
17448	2.765e+11
19646	7.49e+09
17118	8.19e+10
17686	2.37034e+09
17685	3.85e+09
75770	1.47308e+08
16423	1.320515e+09
320024	1.725535e+09
236539	4.13e+11
209318	3.71e+09
218138	5.425e+10
11735	3.535e+09
69724	72436000
69051	2.7895e+10
11739	2.268e+11
380684	2.565465e+09
14011	1.398565e+08
20018	66237500
68052	1.624e+11
19934	1.68e+11
12359	3.045e+10
80898	1.76001e+09
21916	1.267e+11
108989	2.408e+10
80890	7.1274e+08
216766	2.12415e+09
11991	5.18e+10
14161	5.6e+09
11992	2.247e+10
11997	2.506735e+09
14164	1.93732e+08
24070	1.195285e+09
24075	1.267105e+08
13179	4.69e+10
68188	1.15458e+09
11848	2.377235e+09
11847	2.07585e+09
68183	2.92369e+09
11845	3.6064e+08
11844	5.11e+09
11843	3.99e+09
18537	7.035e+10
18645	1.2383e+09
18642	3.37435e+09
18643	2.3485e+11
18641	9.89555e+08
15160	1.164345e+08
15163	1.0115e+10
18648	7.105e+10
17922	2.709e+09
17920	1.736e+10
17921	3.57e+09
17925	1.8795e+09
208665	2.522485e+08
226414	5.6e+10
71853	4.725e+11
18795	8.5225e+08
68981	4.305e+09
66043	1.0045e+10
68988	3.02771e+09
18798	2.991415e+08
67285	5.2311e+08
208628	5.7799e+08
18226	4.655e+09
13006	4.13e+09
13001	1.705725e+08
13000	3.64e+09
13002	3.7702e+08
67512	9.87e+09
67045	6.10505e+08
13009	1.89378e+08
67040	2.02349e+09
67041	2.5165e+10
66399	2.970625e+09
22235	2.73826e+09
68758	4.27e+09
217365	1.7675e+10
66642	8.93375e+08
66646	2.641205e+09
216188	1.9775e+11
30045	1.027635e+08
18008	2.823275e+08
54126	1.3714295e+09
15502	1.204e+10
54128	2.8105e+10
15507	1.1235e+10
18002	9.345e+09
15505	1.876e+10
212647	1.5855e+10
66248	2.115855e+09
66246	5.76275e+08
66245	6.13795e+08
17855	7.5201e+08
330662	7.95725e+08
17850	3.073e+10
109905	1.198925e+09
72026	4.5339e+08
68197	1.589e+10
109901	1.4875e+12
109900	4.025e+10
231691	2.401945e+08
229363	5.005e+09
67923	2.072e+10
77219	8.68e+09
67868	1.813e+11
18718	69037500
606496	1.974035e+08
170750	6.93e+09
15182	2.438345e+08
15183	74483500
59069	1.74335e+11
67460	7.035e+10
67465	1.5785e+10
50773	1.93284e+08
74637	2.709245e+08
66734	1.8704e+09
22225	9.87e+09
22224	2.18904e+09
22227	8.10775e+08
19192	5.285e+09
22221	4.41175e+08
22223	4.585e+11
56738	1.749335e+09
228980	72110500
26420	8.73565e+08
15239	1.96917e+09
224045	78641500
19047	4.2e+09
19046	1.576715e+09
19045	2.344195e+09
19044	8.2719e+08
19043	6.77985e+08
19042	1.497195e+09
19041	2.36089e+08
19899	1.253e+10
218811	3.57e+09
225028	47145000
225027	8.68e+09
117589	7.525e+09
74185	4.5199e+08
69597	8.617e+08
23950	2.56907e+09
22138	1.967e+11
12632	1.4875e+10
73192	89026000
223255	6.65e+09
98758	3.955e+10
114584	1.827e+10
78891	2.86461e+09
78894	5.1723e+08
110446	4.62e+11
228769	1.126545e+09
276770	8.435e+11
56709	2.213505e+08
212880	2.1875e+10
55946	1.435e+10
74568	1.111285e+09
16181	96414500
233900	1.905295e+08
99571	5.74e+09
22042	1.380855e+08
233908	2.5305e+10
218038	94990000
55948	1.67307e+09
140740	1.75812e+09
69608	3.1045e+10
19224	8.05e+09
19223	1.75147e+08
75901	1.03257e+09
56369	1.211e+10
76768	1.558235e+09
11430	1.563205e+09
11431	6.9692e+08
56362	9.765e+09
56361	1.672545e+08
21960	1.165955e+08
17105	84563500
56012	2.38413e+09
21787	7.315e+10
21780	2.135e+11
13007	4.655e+10
13346	4.83e+09
13347	2.12646e+09
17698	9.31e+09
75767	1.960595e+08
16987	1.35121e+08
16456	2.318505e+08
74167	1.87635e+09
13589	3.4615e+10
233870	1.6905e+11
21817	1.96e+10
17215	2.563715e+08
17216	1.42618e+08
230596	1.580845e+09
11722	2.586955e+08
11720	3.815e+10
20810	9.45e+10
20813	2.9995e+10
17218	1.965425e+08
56174	2.465435e+08
20817	1.19679e+09
84092	5.4334e+08
67880	1.2355e+10
70620	6.51e+09
14007	9.91165e+08
17075	1.29717e+09
12367	1.455615e+08
16854	1.34904e+09
74325	4.11817e+10
12361	2.03742e+09
16852	2.9925e+11
16859	3.19445e+08
12368	1.204945e+09
54609	7e+09
71911	2.19408e+09
54598	2.78754e+09
11984	7.30835e+08
269614	6.53415e+08
21761	1.219015e+08
21762	9.03e+09
113868	2.304435e+09
12091	2.514015e+09
11853	5.075e+09
13167	1.8893e+11
18815	1.378405e+09
11857	1.2957e+09
66904	2.8105e+10
59093	3.43742e+08
17919	1.596805e+08
17913	6.125e+09
17912	96796000
71865	45846500
107753	3.3355e+10
27402	1.0815e+10
27400	80598000
27404	2.70977e+08
13016	1.75357e+08
13017	2.613065e+08
67078	2.40674e+09
68738	7.08645e+08
13010	6.265e+09
68089	1.799e+10
216197	1.155945e+09
71713	3.18794e+08
15530	5.9276e+08
234594	9.39855e+08
66384	3.1605e+10
97112	5.3172e+08
269966	7.8043e+08
54139	2.59938e+08
14598	6.02e+10
106564	8.015e+09
18073	1.673e+10
18074	9.94e+09
14590	3.85e+11
12988	4.99905e+08
28030	1.417185e+09
28035	81333000
66251	4.62e+10
14756	1.955485e+08
20218	1.0885e+10
67671	5.18e+10
67673	1.9425e+10
72017	1.08318e+08
18105	2.429805e+09
192289	1.60468e+09
18107	2.478e+10
18103	1.064e+10
109711	2.1035e+10
26754	2.457e+10
59079	1.81391e+08
66656	6.23e+11
72900	2.9575e+10
76282	1.27925e+09
66659	1.509235e+09
19188	3.99e+09
74996	2.374015e+08
19182	2.828e+10
66725	4.305e+09
19181	1.967e+10
19186	4.795e+10
19184	3.78e+10
19185	1.6275e+10
109624	3.57e+10
73699	1.002645e+09
109620	1.1375e+10
26430	5.6623e+08
19058	1.3755e+10
12568	1.2355e+10
19052	1.201585e+09
19053	3.09974e+09
19055	3.0884e+09
12567	3.41789e+08
234734	1.8305e+10
234730	5.27975e+08
50907	6.6976e+08
22436	8.52495e+08
74192	1.26154e+09
77407	7.399e+08
22122	6.965e+10
22123	3.955e+10
22121	2.3485e+10
101592	3.44435e+09
76938	6.475e+09
69923	4.34e+09
11532	6.3e+10
76936	1.0605e+10
11534	1.8795e+11
22230	3.04871e+09
75805	2.55563e+09
56717	1.0885e+10
268860	1.37109e+09
94275	1.596525e+08
75572	9.11435e+08
12323	1.798615e+08
230904	1.5015e+08
71472	4.9735e+08
12757	1.963535e+09
104184	1.834e+10
69639	4.8104e+08
56378	1.246e+10
19983	1.064e+12
107976	3.70825e+08
16193	3.535e+10
53332	1.83092e+08
94181	9.555e+10
16993	6.65e+10
21974	2.393965e+08
66878	7.5838e+08
21976	9.7685e+08
17463	2.1525e+10
12282	8.47e+11
12283	5.46e+10
72584	7.5922e+08
75717	1.00513e+09
81877	3.1066e+09
193740	9.45e+09
105675	1.6555e+10
57440	3.437525e+09
20174	2.880325e+09
320267	1.428e+10
75624	8.83295e+08
11409	3.885e+10
21372	1.411795e+09
15894	2.027165e+08
81898	9.625e+09
20773	6.09e+09
12370	6.32975e+08
19230	3.78e+10
14227	3.0345e+11
404634	2.66077e+08
235559	1.544025e+08
13480	7.105e+09
227197	9.17e+10
13482	2.06934e+09
14381	3.885e+09
70052	1.461005e+09
14380	5.57375e+08
14105	2.93258e+08
14104	5.005e+10
59310	1.0395e+10
17713	2.016e+10
50875	1.5995e+10
21770	4.6648e+08
20683	1.507555e+08
218343	3.291155e+09
381314	5.495e+10
54709	1.113e+11
20404	6.545e+10
20425	4.34e+10
83796	3.331685e+09
11886	7.7e+09
26926	6.195e+10
17901	4.1897485e+10
11889	71386000
26922	3.57e+10
17906	1.2075e+10
17907	4.2e+10
246277	9.415e+09
20408	1.03222e+08
20191	4.0453e+08
99470	87346000
107747	1.0115e+11
218693	1.999725e+08
67068	2.9435e+10
18242	8.785e+09
76263	2.8e+10
14923	9.0433e+08
13026	2.2715e+10
68094	6.65e+10
68724	1.145165e+09
68097	2.3415e+10
216344	4.73725e+08
70478	2.8098e+08
68942	3.40711e+09
15525	2.2575e+10
15526	2.968e+11
67003	5.88e+11
15528	7.56e+11
384309	2.875355e+08
78618	72849000
67713	2.43096e+09
56228	2.03574e+08
17874	2.01789e+08
12995	1.505e+10
17879	5.005e+10
20222	1.4455e+10
234664	2.982e+10
20227	4.7299e+08
20226	7.665e+10
20224	3.92e+10
271457	6.5618e+08
67398	1.876e+10
14725	2.907555e+09
28000	8.505e+09
319625	3.46339e+09
67665	1.96735e+09
76051	1.6695e+10
76722	1.904e+10
192292	1.9565e+10
66824	6.265e+09
66530	9.93055e+08
237823	2.87091e+09
100434	1.959615e+08
109700	1.97624e+08
59287	6.0347e+08
76630	1.89238e+09
59041	1.820315e+09
59040	2.79146e+08
59047	2.094925e+08
108147	3.5e+10
59048	5.81e+09
66624	7.735e+09
216238	1.904e+10
225913	1.0185e+10
110119	4.48e+09
74617	4.62e+09
74616	1.47049e+09
22201	1.351e+11
22200	2.042355e+09
72590	6.23e+09
13809	3.068135e+08
13808	1.2705e+10
13805	42511000
13804	4.5402e+08
13807	2.16041e+09
13806	3.78e+11
228961	2.139585e+09
269713	3.02869e+08
67938	9.6327e+08
12571	3.8178e+08
50911	2.942485e+08
50917	95109000
69875	6.3e+09
22335	4.27e+10
22334	1.365e+11
22333	1.7605e+11
22330	4.34e+10
22117	4.095e+10
19082	1.460585e+09
19087	1.12e+10
19084	1.0465e+10
19089	9.45e+10
19088	1.00632e+09
56495	2.24e+10
230753	8.645e+09
26358	1.7955e+11
12613	1.5435e+12
74764	2.772175e+09
69976	5.915e+09
15926	4.445e+10
16612	5.39e+11
192196	9.415e+09
22596	6.7256e+08
11416	3.417995e+09
22594	4.6354e+08
13629	1.2495e+12
13628	4.55e+09
12764	2.1735e+10
100763	1.92367e+08
51886	2.5655e+10
17187	3.363745e+08
140781	3.33592e+08
52064	1.19217e+09
19951	3.0695e+11
74388	77658000
13361	2.553495e+09
12974	3.675e+10
56812	5.79565e+08
74142	1.659e+10
231086	1.82e+11
85305	8.05e+10
74145	4.41e+09
208194	3.28111e+08
56727	3.42223e+08
69719	3.468115e+09
17274	5.95805e+08
544963	1.5155e+11
107513	3.71e+11
63828	1.404655e+09
22247	1.785e+10
640524	1.225455e+09
20768	4.655e+10
60595	5.81e+10
105245	9.555e+10
76846	1.5785e+11
12388	1.0675e+11
12385	3.5e+10
12387	4.655e+09
107652	8.435e+09
12140	2.20668e+09
64383	3.42286e+09
70047	2.955085e+09
235542	8.7486e+08
58875	5.075e+10
18479	1.640695e+08
18478	1.974e+10
18475	5.67e+09
18477	2.485e+11
18476	4.0677e+08
18484	3.52345e+08
18472	2.3345e+10
252870	2.762095e+09
53621	3.049095e+08
20501	8.05525e+08
19921	4.655e+10
21743	1.589e+10
13142	2.35361e+08
78330	3.429335e+09
19354	1.613045e+08
83814	1.112475e+08
13382	2.254e+11
13383	9.52e+09
71805	1.309805e+09
20340	1.561e+10
11898	1.743e+11
20430	4.2434e+08
26912	1.309e+11
18582	2.29614e+08
11891	6.06235e+08
99683	4.3092e+08
26914	2.4325e+10
67010	2.13696e+09
56357	1.498e+11
171210	5.9066e+08
14936	2.15978e+09
83490	6.0403e+08
13030	3.2165e+10
13033	1.582e+11
232714	6.405e+09
67727	2.930515e+09
18295	4.41e+09
18293	1.766905e+08
67826	1.89252e+09
14735	8.26e+09
68375	4.095e+10
243743	1.627605e+09
100037258	1.4245e+11
67128	2.696785e+09
67657	3.65225e+08
434437	4.06e+09
69574	9.70515e+08
67834	3.4475e+10
233532	1.209285e+08
109731	5.845e+09
66290	2.555e+10
67838	3.85e+11
15469	2.191e+10
77987	1.00828e+09
14423	77595000
14420	2.241785e+08
193116	5.8926e+08
108155	3.1115e+10
27399	2.01243e+08
108150	1.804425e+08
226251	2.953335e+09
217337	2.3765e+10
77951	3.215135e+08
217069	4.51745e+08
77559	68967500
12816	2.464e+10
216820	1.51186e+08
12540	1.05e+10
381694	6.00565e+08
12818	1.521625e+09
28169	62608000
73744	8.575e+09
22329	2.175495e+09
212307	1.6345e+10
50927	2.35935e+09
50926	1.2915e+10
22323	1.14471e+09
74776	2.156e+10
19090	3.366755e+08
23988	9.88225e+08
72433	5.39e+09
23983	2.0825e+10
76959	1.5575e+10
73834	3.71e+09
76952	1.19994e+09
56551	2.87686e+09
13706	6.86e+11
213012	1.055355e+08
100198	2.22761e+08
22218	3.15511e+09
103554	1.94173e+08
110920	1.7465e+10
74551	6.02e+10
14555	4.585e+10
224897	2.84501e+08
16332	1.000755e+09
110323	1.855e+11
60365	1.089305e+09
22072	2.3065e+11
104458	4.795e+10
16885	48132000
27369	1.364545e+09
56150	1.354535e+08
75956	98759500
97165	8.085e+09
69540	3.5707e+08
69367	8.5162e+08
106344	61250000
320795	87423000
21915	2.21991e+09
19946	1.3405e+11
240028	3.0786e+09
19943	2.786e+10
66997	5.005e+10
216558	2.4465e+10
19895	3.92e+09
19896	7.175e+10
56737	1.30361e+09
11771	4.78695e+08
11770	1.505e+11
11773	1.183e+10
11772	2.12695e+09
11774	1.1795e+10
11776	6.16e+09
21351	3.5e+11
17025	6.58e+09
17022	1.043e+11
107508	7.805e+10
75607	8.38145e+08
209195	9.2533e+08
20751	3.815e+10
75608	1.0675e+10
53380	1.759555e+09
53381	3.255e+10
12304	1.365e+12
97541	1.1795e+10
11606	1.49422e+08
270076	8.61e+09
69162	5.355e+10
230598	1.604925e+09
231380	4.165e+09
320632	1.372245e+09
20533	1.968785e+08
11957	3.71e+10
12896	2.5165e+10
11950	9.66e+10
14121	8.54e+09
14120	2.59203e+09
18797	3.86365e+08
98878	8.085e+09
269378	7.56e+11
20815	2.09146e+08
27053	1.8305e+11
66588	1.379e+11
26900	1.435e+10
18600	1.1025e+10
12557	2.847215e+08
14387	1.95167e+08
18604	6.95135e+08
18605	2.972515e+08
20400	1.089935e+08
20405	2.656745e+09
66585	3.112165e+09
14630	1.036e+10
18597	4.27e+10
14635	1.1935e+10
68705	1.9775e+10
233016	2.072945e+09
12908	2.999185e+09
223527	6.055e+09
78294	7.56e+11
13043	1.981e+10
54384	48912500
13046	3.39416e+09
18040	1.365875e+09
18041	8.505e+10
68969	1.322265e+09
18046	1.529115e+09
229543	1.53174e+08
14251	3.100335e+08
211488	2.154215e+09
14252	3.09876e+08
108014	2.89772e+09
12972	3.85e+10
269951	5.705e+11
20249	7.805e+09
11883	1.02795e+08
226646	2.639e+10
30795	6.23e+10
11881	1.18349e+09
225115	8.19e+09
76709	7.42e+10
68365	7.42e+09
76703	9.45e+11
67130	1.1445e+11
15384	6.545e+10
245688	8.036e+08
15381	3.164e+10
15382	2.6775e+10
66513	3.08021e+08
15388	2.6705e+10
227377	7.52815e+08
66514	9.03e+09
381511	2.594305e+08
59029	9.17e+09
110821	1.379e+11
21991	5.355e+11
59021	1.197e+10
59025	1.4245e+10
59027	5.04e+09
59026	2.977275e+08
217325	7.7063e+08
234852	3.073245e+09
66609	7.02695e+08
66355	2.037805e+08
66354	4.165e+09
67738	3.472e+10
13850	1.1725e+10
66171	2.732975e+09
110135	2.72412e+09
12550	3.042725e+09
12554	1.181845e+08
15275	3.24863e+09
15277	1.22759e+09
13822	3.000235e+08
13821	9.019115e+08
66998	8.55505e+08
28199	1.790215e+08
27756	1.2705e+10
11740	1.379e+11
319554	3.41334e+09
16341	1.8375e+10
50932	1.98373e+08
224796	2.48724e+09
28200	8.155e+09
17299	64883000
NotMapped	6.0520801e+13
