338337	314285.71
23996	968899.52
19718	44985.673
67444	90285.714
23992	300000
170442	5202.8424
23999	974212.03
286940	2809377.4
23997	1859042.6
69956	397142.86
69957	73709.677
11544	370165.75
11545	98321.816
67809	454285.71
27388	5629.8097
223978	531428.57
223691	2857142.9
72281	37714.286
26371	145428.57
26370	72674.419
75778	74857.143
77040	111428.57
109054	200000
26572	581560.28
110959	100280.11
54161	6342857.1
100169	48000
19155	1652173.9
73086	37195.829
330177	57349.666
19156	565529.62
100163	160769.23
110954	1331775.7
100383	155714.29
16678	133751.96
74838	364161.85
19378	110810.81
107869	2050251.3
225187	40285.714
74018	261659.6
12709	12099738
22003	9967347.5
22004	1374647.8
74012	72677.596
27370	838260.87
269774	97184.567
27374	161695.45
104444	220000
27376	2024390.2
27377	26293.706
192176	615791.46
216344	1040540.5
192174	38285.714
77766	26777.251
103140	1491428.6
192170	1445255.5
329910	143265.99
12268	39873.418
18300	748571.43
70478	96905.767
64704	96724.891
70008	596273.29
140546	131714.29
22668	278713.63
52009	79428.571
57294	3738095.2
217473	147714.29
57296	739376.77
218038	2445.3353
71147	27886.71
104662	35714.286
52398	1208571.4
276846	109009.01
16709	157428.57
71702	133416.46
17380	429333.33
223646	422857.14
13548	10204.325
15525	2841854.9
74129	10180.437
69888	113428.57
69080	81666.667
69082	139142.86
69083	415540.54
12017	380281.69
71701	403575.99
74125	152571.43
245828	32571.429
215615	1106153.8
26395	824427.48
26394	883116.88
26397	311239.19
26396	438902.74
104069	156571.43
72074	471428.57
69772	1263.3061
227231	15133333
17252	84810.127
11761	2480.7202
11766	625714.29
26398	170528.97
11764	1283138.9
100019	219428.57
101943	360723.09
67247	7800000
20740	2855987.1
17035	285142.86
20742	2484130.3
100206	132702.7
17237	62593.985
270110	152000
76808	68750
75617	4240000
64050	79735.683
75612	187500
12520	88983.051
16818	49714.286
74237	28438.857
235567	831428.57
15203	577355.23
19338	71615.721
102448	27586.207
21925	27518.125
21924	355900.62
21923	54502.37
69178	1082857.1
213827	5628571.4
53607	515679.44
53605	613810.74
56409	17397.619
70248	294285.71
53602	225142.86
20526	313575.53
11949	13489933
11946	19168174
11947	19848771
96979	1127604.2
14137	5344.7115
106572	7793.299
20714	264571.43
26922	943699.73
16922	426035.5
170930	2526315.8
18854	39548.023
12237	435582.82
22262	42574.257
20091	5416666.7
12238	56571.429
436522	53142.857
66302	485714.29
231821	230571.43
11905	896774.19
14629	132182.1
15930	167321.87
67391	61428.571
54473	51094.891
66926	38571.429
26441	5862069
58210	166857.14
20416	26943.005
20411	31550.388
70804	122857.14
20226	2128906.2
84585	2303.7291
78757	4174.2389
67039	474940.33
106628	67993.367
67036	190000
67035	139465.88
246221	172727.27
58184	111705.69
76626	161428.57
71881	671428.57
13052	115890.41
54391	4477419.4
54392	77142.857
73945	12917.796
54394	80571.429
67398	127672.96
14961	210566.04
54170	417142.86
15360	299212.6
18706	62734.082
12651	83502.538
18708	124861.88
71755	84684.685
68917	236000
14711	433447.1
14712	9880.826
217866	931428.57
17973	162334.22
217864	89308.176
17827	314285.71
14719	10465116
217869	820512.82
12945	94004.796
75541	121142.86
68263	3064066.9
20259	1440559.4
68598	1003952.6
83768	45059.289
68591	135428.57
20257	43142.857
16882	22068.966
68592	20088.017
18637	449350.65
14390	83700.441
14391	20001.044
29818	12276.331
67103	6382978.7
29816	940000
68607	428571.43
68606	5578.0973
237459	48183.556
29812	400000
29810	12567.071
12491	38983.051
15446	2405204.5
14473	331428.57
15444	88000
67366	268571.43
15441	434285.71
12499	3723653.4
76577	146571.43
18082	868571.43
19271	6632.5525
237859	41697.417
18148	4657534.2
76088	185428.57
19272	8030.199
331063	263428.57
67694	218000
18141	101931.33
360013	392682.93
76983	920000
114863	1414285.7
50709	972602.74
50706	39428.571
230393	29428.571
59035	93914.474
667370	30000
433247	31142.857
67211	66000
76408	66316.481
72124	319444.44
330440	3514285.7
66615	49872.774
66616	1257142.9
76884	205107.74
225049	28491.714
66164	133428.57
66165	178571.43
77579	10627.53
665155	951428.57
77573	48857.143
76889	14235.084
241062	27223.427
12833	31414.634
665113	38170.824
66983	94765.84
15289	16837209
15288	288088.64
12835	365714.29
12834	11895.551
66988	7148362.2
237636	110571.43
67963	818791.95
101613	118857.14
77371	207339.45
66286	1255208.3
230649	68571.429
72960	23946.037
380924	104571.43
380928	2017142.8
28185	1097142.9
234779	60158.103
73723	2411428.6
110639	80817.61
66307	1000000
170625	68857.143
208943	1591.9714
319945	39024.39
66508	43714.286
13872	73307.791
170459	51142.857
228061	24186.047
66536	170857.14
74206	69428.571
73473	26697.143
214403	29428.571
53972	7586.338
225896	674285.71
13722	2314285.7
238505	67198.723
52815	54958.678
72416	9085714.3
13728	41365.979
217449	30000
13877	1185714.3
26364	10943.032
27375	54806.63
109264	2875.1656
13641	22674.203
56403	1414125.2
319468	59064.327
103573	693744.16
19383	138461.54
19384	11250000
19385	1125714.3
19386	94005.896
19387	302207.13
433931	28113.143
22273	6458333.3
218973	30528.201
22271	1276527.3
22276	7736.6038
625249	3241106.7
22275	52043.597
19146	28624.883
19143	81169.591
19141	224827.59
55936	89761.092
55935	27947.429
23962	25590.551
16664	95247.934
14867	940366.97
56226	110000
117147	30715.532
94232	55872.483
94230	152285.71
22019	383518.23
12716	18803828
230935	140608.23
12715	614173.23
74006	5359.8383
14862	17247706
12028	65625
16432	46571.429
22017	466666.67
73078	300613.5
215445	8646.1318
56248	6563876.7
192169	402857.14
58231	149373.88
19653	31024.931
268973	46777.344
27384	10216718
23879	32857.143
14645	89812.332
23874	1168081.5
107351	571428.57
19704	318505.34
230163	31043956
14385	19669.714
19707	32000
93687	259050.45
19701	8463.4328
19703	2753.2558
12874	12273.057
100710	34785.615
19708	26854.22
16069	134000
11287	885714.29
56048	26223.101
99982	26143.025
71517	51142.857
56040	11578947
56041	2620000
57261	4295.2857
245847	176528.12
108989	1988571.4
209200	410427.81
231279	32285.714
66261	28571.429
105387	780000
385643	2980.8571
14431	160169.49
14430	184432.72
11757	3178988.3
11754	10391.765
69743	36285.714
11750	794285.71
11668	8602794.4
108147	2905405.4
80743	39714.286
74134	255489.02
11758	12901786
26384	2027681.7
20479	583333.33
18770	1233449.5
69983	27178423
19171	205128.21
16398	6046.18
100705	3142.8571
230899	13224.342
111173	48285.714
104015	21664.549
20887	51546.392
104721	1675675.7
59048	90189.873
67442	323481.12
68813	198285.71
107526	1151428.6
75669	7805.5965
219033	104285.71
109731	2365384.6
17287	68808.568
97112	11305.765
17289	15090.543
224742	252571.43
17533	5256.044
16498	24677.112
22238	432075.47
218756	520000
102436	64412.417
17888	78431.373
76025	123325.06
16800	50285.714
16801	28913.043
52036	691428.57
67892	69428.571
11625	221142.86
235606	915300.55
67895	20415225
69187	3342857.1
227648	190571.43
97212	8387942.3
217342	8229.8137
53610	2558139.5
57317	206543.97
57312	465714.29
11973	1123893.8
11972	472934.47
20085	11310345
23923	20395.059
57319	692134.83
11975	44934.446
75686	171794.87
17758	247111.11
20649	85714.286
75062	614770.46
67898	391428.57
27965	61428.571
106869	54000
27967	37713.675
21843	155612.24
17755	6250
17754	40706.052
17756	2604.8687
238330	32285.714
66235	1583333.3
18947	410256.41
58994	76183.206
14897	10864.198
13191	1542857.1
73724	949438.2
13195	3770833.3
13194	750877.19
246782	212571.43
244141	30398.323
70127	27252
17886	13418367
70120	104661.02
67830	118285.71
70650	38363.893
14651	8122977.3
78388	10400000
70834	394285.71
14871	3341666.7
14870	32190476
14873	27708333
26965	319587.63
68753	42285.714
71833	42105.263
70349	6085714.3
22630	6938775.5
71521	60210.21
68292	82138.518
107702	2360000
107701	41509.434
66055	417142.86
231329	6557.4957
58202	94285.714
58203	62530.414
20463	434234.23
68299	242857.14
20397	1026408.5
66053	15284.069
99663	6633.1169
13179	229234.97
27373	114903.85
13063	27047619
66050	57428.571
58193	10886.667
170791	537735.85
30055	1502857.1
67025	12022472
58194	30183.357
21429	216993.46
102098	63714.286
432720	1360000
18432	82589.286
24075	43758.257
195018	617142.86
14603	54285.714
102093	29953.917
66753	151759.83
211948	109714.29
12954	3596938.8
12955	3862857.1
232748	56000
12957	334285.71
76846	5876288.7
73158	614285.71
20499	56786.704
18717	9235.4009
12958	61142.857
71745	205369.13
225467	19413.263
11847	15451977
21991	37458194
72590	189378.24
12367	5776173.3
108030	40000
17831	626865.67
338366	500000
17836	223142.86
108037	914285.71
208718	75714.286
233726	1008571.4
67117	56288.793
67111	58839.779
68585	106000
20068	15851852
68581	3571428.6
216019	3657142.9
18624	2778904.7
68349	1821292.8
74256	1657.9832
18537	1158590.3
68342	7102272.7
29807	225102.88
68836	32571.429
15452	2784403.7
74122	59428.571
269951	5884955.8
68833	385714.29
15900	15684.67
15458	605714.29
3338892	26977.143
12488	635792.78
69727	23306.011
76507	272969.37
67373	14171429
59007	15975.422
59005	139428.57
380840	82285.714
108100	5826.5421
67689	25000
59001	49551.034
67684	143428.57
245945	1431428.6
67680	20212766
67681	83142.857
59008	37702.703
14479	293577.98
110809	5080645.2
77963	201142.86
14470	38285.714
14860	7117117.1
54722	37142.857
386649	983783.78
12929	168976.9
11769	30537.975
67204	570996.98
109857	289530.69
433256	9487554.9
66373	223076.92
67758	2344221.1
330450	39223.301
66377	159210.53
66375	467455.62
108156	1818181.8
50880	513888.89
67759	468571.43
50883	9060.0733
50884	269503.55
109181	190857.14
50887	125142.86
13849	1164835.2
66407	48000
66401	67383.673
73666	46723.647
26987	80408.163
100041230	33428571
76187	3907.7419
67979	154857.14
66978	131428.57
67972	602857.14
238463	111883.41
67971	181142.86
107260	1472324.7
109674	107769.42
12822	3882.8636
109676	94000
66082	931547.62
66085	324099.72
230073	326133.91
17254	1545627.4
207495	26810
57750	86285.714
66659	703349.28
66576	475280.9
14268	6459.4267
17257	22727.273
226849	167283.95
226519	70939.639
207920	127428.57
103968	3018.5687
103967	50637.312
103963	7894736.8
105787	11786.583
228071	37714.286
217692	27915.143
208869	43714.286
225887	575471.7
101706	1518308.8
72404	192571.43
76987	297714.28
11564	756198.35
11565	126039.39
69976	227074.24
20741	26973.684
109275	9056.8595
56643	30042.313
192231	30857.143
109272	57428.571
66881	807920.79
11364	4346793.3
66882	1142857.1
26557	149142.86
26556	79142.857
66887	20657.277
26554	300781.25
17288	332386.36
19179	884090.91
217057	512707.18
110157	47685.185
224139	1242857.1
19173	136742.42
72354	357142.86
22245	64259.928
19170	8208333.3
19177	577617.33
547253	149714.29
22240	203714.29
19353	2166666.7
19357	44881.89
73288	122000
16658	283281.73
94220	167428.57
56212	353403.14
19359	596153.85
19358	377410.47
56217	55407.407
17898	17619.429
56215	301195.81
16650	371428.57
109672	7285714.3
68981	827450.98
77032	28179.429
73046	1736842.1
12729	4300.4237
414872	37500
12724	10148.018
12722	3242059.1
12721	5856833
13669	1577381
192159	131477.52
19283	2434.0286
100727	6942857.1
19285	213142.86
14661	3853046.6
19286	209722.22
56697	34571.429
13660	2153558.1
66682	52000
27395	397142.86
13665	3174603.2
56692	1201612.9
192156	43890.274
56690	121951.22
73447	27925.143
101540	6334.1714
65945	82571.429
56459	408571.43
16019	84000
54150	868571.43
56456	764568.76
56451	2569364.2
93692	9439252.3
81500	30322.581
268663	1588571.4
329908	30416.507
16400	97815.764
57278	4286.4952
57279	1045714.3
386612	21817.595
100041953	250000
18799	40343.915
74105	3421.7247
16728	6793.8889
76773	36571.429
75456	322857.14
75454	1790322.6
110208	7991718.4
74108	35416.667
81600	134672.3
12039	28733.032
12038	480928.69
11744	2211428.6
11745	728571.43
11746	14457143
11747	1828571.4
16404	2676.2511
11749	3800000
77116	2472.4728
226525	39714.286
12036	1300254.5
12034	5485714.3
104009	14705.882
52245	88571.429
69993	50000
104001	334285.71
18220	662857.14
63913	149142.86
140630	251142.86
13000	274000
20723	362857.14
21823	4273.6948
20724	81066.667
99889	1091428.6
18223	42549.669
22589	3637.2375
140858	93428.571
16835	14385.151
19826	586885.25
19821	20777.679
16832	305389.22
17524	3114285.7
67044	29142.857
235587	200285.71
67451	42571.429
104130	2125827.8
16427	48857.143
56070	228181.82
11636	773195.88
11637	16359833
170799	302857.14
11632	113142.86
69191	16831120
18762	13670.608
320165	2059.1731
11522	21120000
53375	440000
67308	212000
70223	1742397.1
53379	17657143
53378	122571.43
93684	225142.86
70225	91304.348
13185	117142.86
72094	627340.82
13180	8384615.4
98845	2288571.4
20658	93714.286
27979	1198007.5
20656	18693694
20657	23790.438
20655	20324675
20652	4522.7778
20650	27379.714
78935	29714.286
16907	852348.99
16906	6411564.6
16905	3654135.3
94176	13785.558
106393	57142.857
56428	2782857.1
14886	48697.395
53975	5995.0303
12211	7128.2261
12215	3470437
72157	2225806.5
54401	7560975.6
320560	241142.86
54403	129749.77
20850	3204.7919
14866	1191964.3
109136	169638.55
14864	16383929
14865	614285.71
58233	6214.6096
14863	26467890
20382	1004524.9
20383	1835365.9
70829	114857.14
108737	188804.55
26951	23106.547
71514	773962.8
14080	1.023622e+08
14081	2260372
14082	226829.27
14083	71834.862
14084	204000
216188	424702.06
219135	16151.216
56460	460000
212439	40571.429
13070	3485.3612
211446	75496.689
68028	2459016.4
66419	276285.71
18946	6511627.9
18949	197241.38
13079	10373.922
21418	25400.458
68021	891428.57
98932	5098837.2
11964	779578.61
11966	636007.83
70737	403190.59
71609	190645.16
269587	194638.69
67993	248917.75
70351	89142.857
71602	62691.96
71175	1808.6133
59125	84768.212
71177	537142.86
12925	13028571
67568	36285.714
54198	417142.86
54196	354285.71
12928	101644.74
54195	19354.839
67561	32285.714
22040	4297.7707
71994	542857.14
230249	840000
14269	104000
14264	1907.9255
14265	237714.29
14261	91353.383
73251	15966.667
67160	5400457.7
67163	957142.86
18007	1812.5921
226414	1512974.1
216001	988571.43
67166	1408602.2
234407	8671.1507
15507	199043.06
18453	56385069
20532	269428.57
14583	4203730.3
14132	99142.857
68626	51383.875
68337	460000
72096	38000
70247	585519.41
17761	71917.808
17996	224000
67300	5486567.2
76510	59714.286
67302	45714.286
66366	122571.43
67307	2471428.6
59010	2800000
98366	216101.69
59013	2316258.4
59015	48002.853
15115	1090373.3
72117	725714.29
66365	322857.14
17995	3038793.1
19035	28703704
17993	3308571.4
17992	7390243.9
17991	7676767.7
241694	30000
20202	41714.286
66368	229508.2
14467	505714.29
17999	71476.888
83702	34674.923
83701	408571.43
68240	68111.57
71770	2241195.3
66416	3902654.9
19354	455729.17
268470	102528.09
72273	440000
108079	16111.413
233405	66285.714
67943	263428.57
13855	6634.1176
50875	1338068.2
217517	15456.19
66414	2075862.1
50876	113390.31
234353	22661.524
66413	2131105.4
66142	432500
66411	113142.86
12859	5015625
12858	9109589
67781	812820.51
109880	15547.264
107272	313513.51
107271	1579545.5
12580	4556.25
12857	17159763
12856	266666.67
66091	3083333.3
14924	9109.4494
66094	130000
19300	4552.1452
226856	364864.86
268980	354285.71
66569	814285.71
225326	3088.726
71772	46571.429
69064	462857.14
269261	8121212.1
245474	89194.499
77134	6000000
170460	42285.714
19301	16691.237
228003	50000
380773	585714.29
77767	297142.86
72479	397142.86
22388	10085714
13204	672955.97
101739	226670.92
110960	1295013.9
66834	3257142.9
78937	98285.714
72472	25390.625
218885	221142.86
68441	92857.143
22384	405714.29
12454	46285.714
66898	1520000
226757	73142.857
11768	730496.45
67763	325714.29
66890	1463687.2
13200	1723356
66897	32986.111
66894	2438.6207
22258	225571.73
55951	206857.14
16593	152680.22
110175	355319.15
114896	20659.062
16648	477142.86
16649	232000
56464	2348.9177
60321	56162.246
19349	4473430
74022	240857.14
19344	219069.77
19345	3361111.1
74840	5828571.4
544990	30571.429
19340	190867.58
19341	277064.22
19342	22705.164
232449	1487421.4
217737	1277142.9
69693	203142.86
140579	30000
69694	46571.429
69697	56857.143
227800	268571.43
18115	868324.13
72508	13279.429
320487	59142.857
100732	879003.56
19290	874285.71
19291	322857.14
13854	259130.43
326618	4435483.9
68533	45482.609
19298	468227.42
277250	7938.5403
102371	42857.143
209027	311974.11
100101806	16403.714
66144	729411.76
70335	491428.57
53323	825000
19766	114176.83
16004	13652.839
56447	2171428.6
56444	88571.429
56445	3349514.6
56443	1408108.1
56440	1154285.7
12339	9377.7368
56044	161165.05
13859	342857.14
52348	61712.846
244059	105714.29
17356	49285.714
102103	97428.571
64136	502857.14
53328	322857.14
74112	13939.394
74114	903594.77
110213	33714.286
74117	4428571.4
224904	170285.71
224903	156000
224902	56857.143
13511	368983.96
216869	7146.8293
17064	8179.9689
209558	421052.63
D3YV37	320000
101513	90000
56205	60000
74596	56399.132
56207	373860.18
56200	342857.14
11792	804416.4
76192	159045.23
236312	31428.571
98053	25000
56357	1422169.8
69035	223142.86
75646	41714.286
23908	18153.09
20868	7683.4369
20719	14259259
20717	79142.857
20716	360000
52163	172994.65
20866	520000
71946	5629.5409
64009	1631428.6
69786	29142.857
209086	90571.429
16822	3946.7167
70430	45142.857
27061	3420408.2
16828	51807229
12764	1504629.6
12111	75067.751
105722	35714.286
12116	40049.14
22083	137428.57
74205	7144.3056
71943	260571.43
74202	36857.143
18041	312638.58
235339	1619937.7
66960	34571.429
52589	36857.143
11641	35428.571
17196	117428.57
52585	6198083.1
81702	42571.429
17192	14245.639
11647	2106.2977
17777	69714286
70584	66273.187
107476	96375.267
17706	758208.96
105504	117714.29
14672	2025069.6
101869	88571.429
105501	137134.5
26875	243142.86
116873	74285.714
68106	102285.71
52563	56951.424
64899	199142.86
20503	42768.595
20661	25212.121
20660	94571.429
216363	26622.571
380601	494285.71
3338902	78000
72535	16281310
208366	8786.5014
84004	8174.2284
18816	7123.8289
16913	1688405.8
16410	4612.8352
70456	255714.29
D3YW41	34000
70101	54857.143
105243	545714.29
21399	874285.71
102566	32571.429
14148	149142.86
58220	2302.5606
26949	2236453.2
20917	3579676.7
20916	4902807.8
14857	23991031
20910	126571.43
14679	584745.76
14678	1453521.1
26940	111494.25
26941	12428571
70369	28411.633
14674	307692.31
11821	2566666.7
11820	48571.429
66904	598890.94
75786	308571.43
99412	291428.57
20848	153246.75
14079	30757576
14077	1285714.3
14071	2186.8365
226041	76000
14073	880000
226043	48857.143
18952	95142.857
18950	7058823.5
18951	791327.91
13088	1382000
68038	182000
80907	262571.43
21405	22611.465
26569	634525.66
68033	49428.571
21402	2552147.2
212999	147142.86
69726	2333.7617
22393	16404.494
67427	11512605
74351	140000
269593	360000
69150	414285.71
108903	270285.71
12933	354285.71
321022	162571.43
12934	730769.23
67579	47714.286
18772	7993.956
108058	112915.13
18777	3708695.7
71169	137428.57
53416	244604.32
53415	600000
80838	3009389.7
53413	113055.95
14211	63979.849
54325	63082.437
104923	181564.25
433470	1640000
218506	614285.71
99709	931428.57
218503	263142.86
319939	77714.286
67179	857142.86
14302	20312.5
76742	87714.286
14187	1243670.9
232889	34000
269823	1081920.9
68671	2205445.5
226442	46000
243168	511428.57
72082	455102.04
242687	299798.79
15929	2188295.2
18176	150793.65
241639	94000
72088	1242857.1
15925	599607.46
68816	1457831.3
67311	143145.16
66691	124857.14
15108	1846743.3
14450	537623.76
15107	17547771
234699	33641.536
66736	154285.71
66310	317142.86
14697	3479.4937
14696	174411.76
66314	354285.71
14693	1205882.4
17988	377142.86
102022	4114285.7
171429	408571.43
13110	45708.583
544791	49428.571
71766	305714.29
68251	53714.286
67771	6000000
242202	5296.3006
75705	900163.67
19193	266666.67
67776	734285.71
67951	454138.7
75909	840000
13175	25793.651
67955	1514881
17444	15286.646
11666	55027.174
67958	594285.71
67959	595744.68
606496	28367.347
66427	1168571.4
13860	482857.14
12848	1045146.7
12842	6262.2161
85305	1798319.3
12846	1090566
12847	2810457.5
217845	842857.14
73910	134857.14
14526	24816.667
69863	65714.286
231580	84291.188
26611	59428.571
107047	64393.939
207728	100000
28084	1744318.2
28080	8122065.7
226539	67075.038
319845	27612.286
66552	31142.857
66222	34564644
66044	189428.57
66046	1386243.4
225363	1702517.2
22627	25058824
22629	7276422.8
22628	4858299.6
73112	2305714.3
18703	1841763.9
68567	205428.57
226352	40857.143
229877	480000
72462	30000
52822	269231.14
72461	234215.89
667034	542857.14
109093	115224.91
50995	169279
100121	70000
331401	45483.061
52443	32285.714
93747	5172413.8
69938	14477.778
11431	822784.81
P01845	43142.857
213539	17900.952
69077	3080568.7
224111	67714.286
207839	43408.36
110173	22980.66
19339	129090.91
110355	5964.7315
107829	147877.01
110351	66571.429
19330	2553398.1
60315	128857.14
19166	8760683.8
16561	7103.5242
110196	1337110.5
209195	224832.21
69807	161832.06
72515	51142.857
22287	82285.714
78928	9045.3608
53319	11497.249
22284	109026.96
22289	3594.7181
22288	720000
78920	3259911.9
110198	847411.44
30960	3694779.1
13885	7340425.5
13884	312274.37
23808	44000
26445	577114.43
26444	7903225.8
80912	72571.429
26446	4619512.2
23806	52972.973
26440	5703422.1
26443	3796748
26442	7925311.2
14869	15675.238
234564	7142857.1
67490	291428.57
107975	182000
19025	681434.6
19027	414285.71
19752	29060403
19244	301197.6
19247	174204.36
19246	61111.111
56309	109142.86
16211	1175799.1
107513	1437062.9
56305	1234285.7
56307	1290795
19248	4163.4839
14718	6368038.7
19041	1598.2906
18028	134035.09
80718	64678.899
15233	16577.079
13506	106762.75
12696	45035.465
12695	36750.273
56784	76285.714
17948	12923.29
21894	731995.28
13850	9097472.9
11907	16049.225
218811	1708571.4
27222	77519.38
56274	59959.759
266645	9589.5833
69207	72857.143
230866	625714.29
20639	746666.67
100504232	122857.14
20708	189714.29
109700	11874.47
20466	43956.044
213350	148000
21873	682090.83
21872	152435.53
20701	1915254.2
20874	44282.238
73178	162674.65
20872	48524.59
66209	89428.571
329777	123037.97
225027	767790.26
13476	440000
214523	12363.908
547431	142285.71
668218	201428.57
70028	76000
16691	71224490
18704	15065.243
66138	4718.5053
394432	11035782
17189	3257142.9
11658	156089.19
227619	4875.076
11652	62162.162
227613	11101124
11651	140625
17184	244680.85
11657	35142857
11655	8592.5234
227120	29142.857
17762	94815.825
17768	71714.286
53310	152857.14
53313	30057.803
57320	11851852
69834	226666.67
53317	185575.05
215015	171142.86
13667	19847.328
17164	43782.383
17160	14931.238
17161	8726235.7
68135	2298295.5
68938	60000
68133	241428.57
232223	3399.4261
17158	141739.13
70110	562857.14
71435	44285.714
12850	21913.364
269470	32571.429
74309	65142.857
71436	27550
54131	465393.79
105372	32285.714
14683	5143.0715
192662	7254902
227720	10935.252
50790	2344.8664
231932	85714.286
19346	21806.731
18569	631428.57
74841	3926.4875
54208	107142.86
20901	2002272.7
14660	666172.11
11837	17886435
11834	12761.648
54200	1044378.7
14667	232124.35
29817	63714.286
66359	136857.14
83945	541666.67
16646	150285.71
214158	6829.4286
16647	41714.286
55944	680656.93
226499	48571.429
231889	52285.714
54683	17008929
68001	35714.286
223776	92285.714
98956	80571.429
67106	179714.29
12307	79714.286
12306	25514286
12301	3764192.1
58810	13230769
211914	20772.443
18416	11694915
108911	668571.43
54519	33142.857
12309	1011428.6
12308	212857.14
18984	3510324.5
76688	25289.055
68796	325714.29
56462	54571.429
68794	28173.147
67542	106857.14
67092	418439.72
238055	6485714.3
211488	97265.625
108682	4872.7969
53421	117436.97
12492	154393.31
71978	503355.7
53424	186571.43
71974	41353.383
14200	25287.097
70974	62479.871
14198	49729.333
14199	402857.14
68312	104128.44
68646	89142.857
20054	6868965.5
20055	5356164.4
67145	71714.286
226977	382857.14
101314	142285.71
14194	7495069
22134	34285.714
77300	98857.143
338355	243142.86
55943	70338.983
66916	510948.91
226180	34920.635
211006	66071.429
67441	69428.571
19293	42571.429
15951	31714.286
66661	1382857.1
15481	28173375
70497	588571.43
15486	24539.37
15957	45572.354
233799	25217.391
234683	106285.71
66663	421836.23
53945	28000.571
330260	1550847.5
331026	519444.44
71889	4066.6667
67693	62857.143
19376	2962.9344
226982	344572.37
14682	1225626.7
208618	83714.286
72502	34000
17975	4130127.3
17970	96000
14688	3647058.8
18747	874643.87
18746	17645951
68267	250857.14
223593	81142.857
231549	151714.29
238831	36068.111
216443	210643.02
16553	17781.589
216440	409226.19
66945	8975903.6
66128	897142.86
19299	1684370.3
67437	420000
114886	275142.86
12870	24222.432
15953	991428.57
67439	23508.772
66121	64000
66948	276029.06
66125	473255.81
80294	25174.825
12010	8823529.4
72183	1011428.6
18759	34285.714
319876	90571.429
67199	1081967.2
106504	331182.8
67891	2959427.2
67890	5188235.3
65102	278285.71
229603	14642.857
67894	79142.857
67897	124731.18
66540	76571.429
17880	2489858
66234	37883.959
17882	348571.43
17885	2380.382
17884	13563.693
66231	67142.857
22632	24396.135
58523	5341.9976
66054	9073684.2
22631	21795918
66052	1071005.9
22637	21844.66
234023	424354.24
72322	33222.591
78808	24305.556
338367	2097415.5
104831	20981.087
66387	24055.714
72692	406091.37
11804	26874.116
110695	1061224.5
30942	157843.14
224105	437022.9
30940	3475.0711
19106	4513.2039
12476	581027.67
216613	52571.429
381760	523026.32
30949	417142.86
30948	137428.57
269181	49532.71
50529	107142.86
66437	1557142.9
207352	494285.71
266632	21613.725
50527	366379.31
214579	409177.82
19329	268224.3
74044	28478.286
63954	106571.43
107831	11378.003
19326	11926606
19324	14968780
19325	3795000
23837	127428.57
64138	1016339.9
217715	169800.57
73192	15264.798
11487	110680.91
11486	26505682
11484	368589.74
56847	376953.12
76826	15842.947
13897	225978.65
56463	10428571
69527	665714.29
68018	154647.44
52637	1634285.7
26450	520000
26451	2445945.9
228026	130411.45
72047	137782.56
75735	23722.628
19038	65094.34
19039	139428.57
72040	102285.71
100226	1638686.1
19744	793478.26
51810	2912500
98386	165428.57
16202	158185.84
212880	115310.08
16204	383593.75
234889	19974.857
71365	40648.379
56317	3573.6283
79059	466863.91
107766	9225.1748
16592	1807407.4
12041	149757.28
16594	8014.3573
28042	192211.06
12048	15833.476
12684	68000
56794	145783.13
21881	14402810
69780	115186.92
69787	6285714.3
21885	56571.429
21887	55428.571
216456	7408.804
27219	11140.599
230857	19505.852
240354	5467.9087
78655	837142.86
20843	65393.989
20842	7878.9348
21648	757142.86
13518	2584.9235
20847	22860.238
20846	683578.1
69089	120785.22
20844	152737.23
53893	1513761.5
53890	72857.143
22378	285714.29
53895	323161.76
66162	159142.86
84505	9104.8202
235315	29428.571
228607	14720.875
16688	211743.77
231510	35159.817
12183	424710.42
231327	76285.714
14917	91231.343
11669	8747591.5
28088	2714285.7
11465	714666.67
69654	2636815.9
69305	452662.72
69656	114000
56088	100346.02
56086	2833910
56085	567010.31
52055	1353.4729
58805	6266.7824
20603	19180.874
20602	3084.1424
70568	1182857.1
70564	2637142.9
70560	33611.111
102693	42857.143
17156	104836.19
17155	213740.46
11936	3099.8571
269682	220000
17159	127344.52
69202	128285.71
68126	73142.857
102502	39428571
70160	129533.68
16978	507142.86
223601	256000
407785	1275862.1
269113	168235.29
16971	51045.105
16976	920000
70762	62169.312
227737	204285.71
211673	371428.57
270166	481072.56
12261	1874285.7
12266	369813.59
100038882	1111801.2
11808	9057142.9
104776	1657943.9
66071	35714.286
11800	525714.29
11806	5719697
271564	150285.71
68015	2280453.3
20115	11030928
216618	494285.71
20116	2533653.8
20111	1975138.1
14055	16867.47
14232	162189.05
107589	772797.53
18979	9479.1549
78232	111142.86
71361	129428.57
18970	16331.343
18971	7560
18972	39872.068
20524	10378.502
18408	440000
12317	50000000
12313	3979865.8
11938	908045.98
70767	89604.685
69219	128070.18
11933	258992.81
18405	65714.286
11931	16513158
75901	44518.272
15043	354166.67
67089	1102827.8
71148	92000
18993	23138.833
432508	408571.43
230161	81142.857
13649	8063.8843
12912	5621.9941
108077	89428.571
432502	902857.14
12408	13718412
15369	692063.49
219072	79142.857
71966	30000
70789	94396.552
71960	3795000
108671	307335.91
68653	1080000
269061	46857.143
68303	134285.71
68304	109714.29
67201	2434285.7
57915	94857.143
20341	3628571.4
20021	99272.727
216724	31601.124
20022	48870.085
20024	2322857.1
233765	67714.286
13135	77993.805
68493	64000
18570	1771428.6
56361	47517.73
13132	8894.3864
68499	73142.857
13139	7643.1507
13138	98656.215
14263	881801.13
50784	18364.855
272589	122285.71
68879	52497.343
15122	13200000
18194	236464.09
18195	745967.74
15129	26734694
15944	135714.29
13627	47835498
72993	29561.528
14300	322868.22
215387	25991.792
12534	84571.429
20732	109428.57
212111	184571.43
20334	847058.82
14061	13557.12
20336	44923.077
268420	40857.143
17454	514285.71
20333	967441.86
17967	3195.6054
66335	633507.85
236900	193012.05
595136	9235849.1
17961	3053.125
18750	199404.76
18751	135618.48
75599	28513.714
18753	227002.97
68278	290398.13
213081	322857.14
71835	78857.143
20867	3904235.7
71780	563734.29
66687	351428.57
12861	1099099.1
20646	69428.571
52690	225142.86
12864	20921053
12865	6550000
12866	5746988
12867	7047619
110750	2742857.1
229707	122285.71
79560	114465.41
114893	368571.43
72205	123714.29
229285	92571.429
72198	184615.38
66845	78571.429
103711	977011.49
433904	1214285.7
107029	2995391.7
207214	102857.14
245666	6139.3099
73825	75714.286
240074	317142.86
103742	169428.57
192119	19676.409
20181	111563.17
14544	6343612.3
108099	98763.251
67332	1341269.8
67881	391428.57
66461	203626.94
15492	6959.7855
20020	58883.249
217232	3220
66201	932038.83
66200	71428.571
17896	20463.212
17897	1730392.2
66204	872727.27
239570	588571.43
73139	625714.29
26921	18653.69
72333	126571.43
22608	2798136.6
78428	96551.724
73130	40571.429
73137	500000
22350	13464164
22601	474285.71
78830	557142.86
93765	3315789.5
69019	322981.37
56524	100285.71
93760	9417.4332
66848	170932.75
93762	192197.91
P01864	52285.714
51797	782857.14
51796	200845.67
66847	38571.429
P01868	34000
66841	3750000
51792	3005093.4
110611	11314286
18574	8556.4486
54342	1184782.6
12468	2922794.1
12469	5802919.7
107338	210571.43
12464	3320964.7
12465	4473197.8
12466	2711864.4
12467	412429.38
12460	223722.63
12461	5065420.6
12462	2183486.2
56388	500994.04
14933	1262969.6
66445	5538461.5
170719	189714.29
13131	80571.429
24128	8199.3691
234309	436440.68
66394	39867.11
66118	187142.86
382038	260000
229927	5736.9048
328417	345714.29
23825	3628571.4
23827	22110390
217707	989495.8
11491	18258.767
66397	848484.85
76813	26759.143
14964	442934.78
320806	98973.042
56417	8658.7436
218397	24334.857
56418	924242.42
69824	4628571.4
28114	311428.57
56535	15514.516
338350	46000
22196	2006329.1
22195	3415584.4
66143	325714.29
22192	732240.44
230709	221052.63
72303	4114285.7
229906	33860.759
19264	106893.88
66066	24912.329
16765	738255.03
19268	19230.769
56327	210869.57
56637	54761.905
56324	68068.834
56532	11318.93
245841	23168.667
56455	58267.416
16569	18206.158
16568	8229.3866
21973	5496.9895
16564	12141.148
12075	2136.1734
233870	10221239
80733	192283.95
67326	110857.14
16563	75602.837
66493	47142.857
69225	1082857.1
26363	98269.231
23918	566147.86
72068	33333.333
11648	4543828.3
74781	43142.857
23917	42023.346
64209	4860.6138
12876	55462.185
65962	25507.418
17217	262180.97
56529	1770949.7
22670	62568.807
19646	1049411.8
27205	1455.2883
65969	58857.143
56526	118857.14
432555	39714.286
52206	12515.489
69008	87833.828
21856	1797142.9
56298	545714.29
19060	1214428.9
56749	25822.785
21672	5151515.2
319765	187428.57
215384	13828571
74255	440545.81
19062	21581.197
74252	106000
276919	101142.86
11640	31714.286
13419	28024.296
11881	30711.61
11670	560706.4
11671	1272727.3
11674	11620879
320707	70857.143
11676	438016.53
11677	5727848.1
17218	119099.59
381334	20963.706
56438	45494.444
227638	11462.861
74098	155714.29
94284	61958.569
20815	141358.02
64143	472815.53
11474	39111.111
11475	11750663
11472	12975.391
17191	70711.297
69641	36000
12780	26895.658
58991	33013.675
104174	9058.439
56530	588571.43
57349	4066.2857
20616	68285.714
20617	1164285.7
329154	62000
20618	50285.714
20619	19821.429
70572	1065714.3
52793	193714.29
57344	627659.57
11370	4649390.2
212933	332007.95
16414	38651.102
56448	33714.286
93838	72000
17149	1924657.5
16412	290726.82
99375	66798.419
12539	1796833.8
99371	237714.29
52551	322857.14
17772	86069.652
16785	5830508.5
16784	804819.28
77480	2725.7429
74326	420000
74325	716157.21
11566	1388157.9
12258	16903.373
227700	32750
80285	1834285.7
17096	488281.25
20851	23536.896
20852	103225.81
80280	252857.14
320011	715667.31
102339	109714.29
20335	1588235.3
14828	27480916
232286	50285.714
20924	468571.43
20926	25318.656
70316	5916666.7
14827	30297030
223754	41428.571
21453	84571.429
70620	1151724.1
24131	325714.29
270192	2769230.8
434437	9571.2159
83965	35428.571
20102	9125475.3
268656	295983.09
20239	38571.429
A6X940	628571.43
12323	73800.738
12322	43933.054
12321	2512571.4
53333	858725.76
20587	73766.234
53331	160536.4
11920	2332.0613
212647	875444.84
20588	71920.29
105559	72758.857
11927	808571.43
14957	4841629
19692	6342857.1
54645	199142.86
14225	12592593
80861	1943.3628
75530	51142.857
14228	7117903.9
14229	92543.86
76089	134358.29
432516	3969319.3
108067	95428.571
14958	199484.54
20338	54177.215
70797	9769.5853
224727	83428.571
69163	99428.571
70791	100792.08
14854	797468.35
108664	298136.65
14735	22800.718
71955	500000
229003	42000
226432	103714.29
216739	4762.4103
19360	14557.927
171282	117339.67
16480	561073.83
621893	5100000
382097	205428.57
232345	1810.1672
74091	981250
11816	189389.07
13122	25844.93
11811	1574.0625
432467	51142.857
13121	29224.652
18754	29172.32
78354	737142.86
100043108	61142.857
56457	73428.571
108841	27742.814
72058	8472.1622
67186	23652174
15159	279411.76
76795	31142.857
109934	511428.57
70207	794285.71
27277	109428.57
109754	8737541.5
14319	18186813
68275	36458.94
103136	78285.714
15439	47428.571
83679	42000
14312	8867.1679
94063	92000
233335	7110.8264
20324	44857.143
216134	3878205.1
20322	2969187.7
216131	105142.86
70350	43142.857
94061	431428.57
17957	26937.143
16549	344919.79
17955	578666.67
76332	71142.857
14859	610859.73
16548	11308725
108888	1157142.9
67528	557142.86
66154	155428.57
68202	6146551.7
68205	148514.85
66922	60294.118
109689	1088516.7
67988	43640.351
66694	7664233.6
66695	40750.67
232078	211142.86
12895	53756.477
12894	857697.28
67453	29142.857
67980	156521.74
67457	40857.143
12892	550790.07
18034	19243.604
15571	184741.14
224762	1761341.2
18033	51184.346
109331	9393.1141
77305	640000
109333	8829.6033
18039	116206.26
67429	80857.143
68564	66571.429
73833	150857.14
73830	654285.71
77862	107428.57
66681	2354838.7
73834	201619.43
331487	198064.52
229709	3735849.1
66218	5324022.3
320472	15353.805
230027	241621.62
14555	14011461
68514	388571.43
20384	431226.77
16545	256410.26
68512	149714.29
211548	1597142.9
68519	55714.286
67426	168992.25
225160	54794.521
50493	2903752
50492	349344.98
266781	92000
28295	1534285.7
232975	1816387
13171	1118257.3
22349	34461911
66074	68857.143
66075	2314285.7
22612	345656.19
66070	59388.646
22343	414285.71
66072	27622
66073	1823529.4
51788	8828125
27050	12633745
27053	1577540.1
67856	86857.143
66588	9948979.6
27054	794002.61
100683	4405.4581
66585	656424.58
67838	2597765.4
381038	25953.316
51786	106571.43
66583	9843.0769
12419	717277.49
15378	25316.456
68421	75142.857
225929	11313.766
12411	367201.43
70266	220518.87
12412	242162.16
19125	157429.05
12417	1945355.2
105348	1320000
66101	760638.3
72947	7909.2077
72946	143714.29
50783	1540146
66105	279591.84
66454	17997.895
66108	952254.64
100929	91714.286
72948	44285.714
192166	190424.37
14852	952830.19
56738	50157.233
240753	137714.29
12495	1959.8431
70361	1255319.1
192160	18194.842
319322	1668571.4
99712	19580.048
20911	560000
72542	302857.14
259300	110681.4
15204	14205.955
12521	232706.77
71919	98000
P01867-2	226571.43
215951	70571.429
28106	1408571.4
28105	5488.6145
225010	176595.74
54214	537142.86
22185	656842.11
16779	4927.1262
11826	7035.6877
108097	4383.7638
16773	9529.942
16775	3108.7004
16776	4168.908
16777	48320.269
22166	41619048
239217	132857.14
14425	16903.633
69562	4589.6095
14422	539215.69
110253	191142.86
16573	1173416.4
22169	142281.88
23969	31714.286
227446	225142.86
98766	6956.7237
103425	30285.714
23964	231428.57
19652	367973.86
55990	22429.907
19303	95600.677
19656	125142.86
19305	39593.114
19654	152000
19655	491048.59
71720	109428.57
19309	47980.998
27273	9413.3495
19659	101714.29
65970	2257142.9
65972	564516.13
65973	20512.821
63986	168000
63985	223142.86
56752	6315789.5
21849	1223021.6
116733	139816.93
69071	29428.571
17224	38147.154
18639	14116.561
17220	127538.25
56758	297142.86
17222	7407.4074
19878	101585.01
103080	31428.571
74244	36819.484
74245	9147.8142
74246	258789.63
230806	51714.286
13427	1346405.2
330962	157812.5
13424	1242463.4
64685	1234285.7
70699	123714.29
227620	150295.86
320714	156000
74080	36650.612
227624	54285.714
140484	89312.977
11687	59276.018
22139	1925714.3
235661	1544933.1
140483	4769.4915
117150	9610.4513
56334	765714.29
56335	7164.1379
12798	551428.57
12799	96428.571
56330	288571.43
56043	1375415.3
17319	3904347.8
109785	520295.2
12797	411428.57
229589	84140.969
57752	8877.2846
70099	27216.174
69104	20296.043
70549	13094.737
270685	87615.148
70093	5071.327
20624	537590.11
654795	269428.57
16952	320000
75751	101142.86
16403	270394.13
16956	2437.7637
75221	1368563.7
56045	2885714.3
76279	1250000
72662	93423.8
17425	30598.053
16796	3314285.7
74338	85428.571
16790	6801242.2
19684	174957.12
57905	31851.579
21762	713656.39
15499	1947.0476
26942	29428.571
20823	797590.36
20822	13862.268
20826	890625
22428	30054.737
230577	2935.1579
227715	170307.17
216549	40571.429
381990	3049.4286
14030	435114.5
19683	325714.29
20480	127326.44
26378	157191.78
223722	27821.522
223723	291428.57
66942	26060.606
217069	190851.74
52633	815217.39
20133	59343.434
100317	1100000
246703	765714.29
20130	130275.23
224045	47001.395
74147	1713091.9
13207	2638436.5
83409	35428.571
13205	1199395.8
106039	231496.06
21681	238039.22
333433	2726495.7
13209	1101449.3
211389	22710.623
57376	191484.18
53322	385714.29
13169	226285.71
3338890	288571.43
73132	35714.286
12334	144285.71
269180	32161.874
12336	944237.92
12330	4940778.3
12331	16228571
12332	1471590.9
12333	1110799.4
54673	91780.822
14962	10099.212
74735	87500
14960	6523437.5
71941	34845.735
80877	1788571.4
217149	865714.29
70439	897142.86
14784	741935.48
14782	3540000
26876	22897.878
230233	27006.752
20005	3182291.7
12490	5813.089
14149	315789.47
353172	581618.66
353170	115428.57
18557	25498.891
22352	1793991.4
108654	162000
108655	2388.5106
99586	905365.85
27207	9746835.4
18810	1074397.8
24018	1239.6985
106143	34571.429
66592	1017142.9
24014	175510.2
24015	1642857.1
54670	40367.706
226407	211142.86
24010	64272.89
216705	2148571.4
11855	26715.523
13113	3439363.8
13112	2182539.7
14815	15964.24
66590	370078.74
11867	5645161.3
68479	268181.82
66849	351428.57
18518	204857.14
232341	1965.9655
68472	32857.143
68473	351428.57
216820	362229.1
104158	1858407.1
68693	2057142.9
67628	1445714.3
74136	50000
15926	12415459
208643	383125
12040	193846.15
17940	35851.746
15490	24371.257
69748	223428.57
230696	76571.429
66059	26991.714
20316	345714.29
76499	57142.857
76497	782857.14
20318	1251428.6
76491	1904761.9
107146	279729.73
83997	85714.286
67530	29459459
68219	345714.29
238024	274000
218490	2100000
76308	2014925.4
14344	35446.686
76303	671428.57
76302	54285.714
11459	164986.74
18458	4905660.4
66917	1702857.1
67443	152000
67440	63714.286
66914	283257.92
76479	19297.899
66912	571428.57
14567	1594285.7
209354	209836.07
15568	1668711.7
18020	28208.286
14248	175714.29
17847	1829.397
14569	17028571
212627	233142.86
26897	353221.96
26894	10305.455
26895	70833.333
26893	268209.88
26891	1044335
14768	72571.429
544817	66571.429
68507	106285.71
238799	777142.86
68505	86857.143
14595	42857.143
68215	920000
72042	2137142.9
28169	39893.617
71984	107335.91
78781	374285.71
30956	24622.03
71985	223714.29
81910	2137071.7
76563	60857.143
19134	21946.375
99237	314285.71
93694	30000
216963	28961.039
17918	7555.3157
22375	2022869
72313	110000
11308	196857.14
27041	1657142.9
67840	109428.57
67841	31471.019
66861	59142.497
11303	217602.83
66866	86000
66865	620229.01
27681	627906.98
15368	4109.6886
12409	219262.3
12402	34939.759
12400	35714.286
12401	37714.286
12406	589928.06
30937	26540
30934	35428.571
20280	2053333.3
109697	11145585
234671	12428571
67996	520000
234673	11571429
66469	1011428.6
50797	7857142.9
50798	185595.57
50799	1160000
18719	3247.619
207304	7333.8426
66711	143428.57
170718	4685714.3
66713	7485714.3
20042	18030303
110391	5560166
110460	626666.67
66446	123367.7
68636	2480000
229900	256857.14
22320	591089.11
66481	19277108
66480	705882.35
69802	35438.182
66482	74857.143
72552	47714.286
13682	5503685.5
13681	7093596.1
13680	434285.71
66489	427642.28
68631	3260188.1
12537	290816.33
19063	1647058.8
107951	21648.925
15212	904850.75
13858	105908.58
15211	445075.76
19069	35856.574
56436	442857.14
214498	34000
20044	7880794.7
56433	1500000
52538	8136020.2
56431	21454545
56430	132278.94
27402	463073.85
215113	63732.394
65019	3071428.6
224020	104285.71
215114	320699.71
224023	4447.1609
234669	212571.43
110082	65428.571
56187	76366.843
110265	5193133
56185	34560.907
54624	62857.143
19201	53428.571
19205	3377609.1
667846	4171428.6
22793	39361.702
104884	4763.2184
22153	2099099.1
22152	88444.444
22151	276404.49
235072	2374285.7
22154	819819.82
77697	23274.262
16541	2184.2243
22158	43428.571
23950	61643.836
68083	127428.57
68082	50454.545
12653	271428.57
12652	531428.57
23970	1248571.4
23971	238782.05
20537	24812.03
55983	3342857.1
55980	2111913.4
22084	2853.8037
16149	1064516.1
22088	230179.03
55988	84285.714
55989	531428.57
27267	350180.51
56505	631578.95
19660	26800000
16890	68379.447
75320	22591.262
56486	476923.08
69060	13419355
16329	120202.02
56292	897872.34
56297	4289.4624
56295	35428.571
56294	20741.99
13430	703333.33
13433	15740.741
216238	325301.2
64697	101714.29
13437	416490.49
68736	48000
320727	62000
235674	2150943.4
56615	1174193.5
230721	985714.29
100039707	12223.143
56612	733766.23
56347	1591657.5
17688	25184.094
56348	964743.59
17308	26621.924
67074	96857.143
11450	61133.603
70152	53714.286
227541	202077.92
69116	65637.066
69117	31428571
17436	1038461.5
21946	25803.846
69113	81468.531
20630	660377.36
66388	91428.571
20637	2116071.4
16433	448571.43
14469	82285.714
17128	36479.129
16430	330496.45
98193	35194.585
16434	443434.34
17120	16596.932
16438	5020.0073
60409	460000
68953	75675.676
74340	2454159.8
223650	5657142.9
70153	748571.43
57377	70023.981
20832	2191860.5
20833	245762.71
100034361	278571.43
66383	382857.14
52033	20046.061
227095	2085714.3
14874	1212963
53598	424193.55
14026	32571.429
14027	3553.0221
54486	12140.704
56018	182857.14
105446	38505.747
20947	428571.43
209586	34000
232536	471428.57
13709	8839.0523
242291	58857.143
232087	681012.66
74741	51142.857
68045	2091428.6
13211	804347.83
81018	58857.143
208263	26340.286
232314	184571.43
53356	521875
71336	260061.92
269523	6141439.2
269252	12851.897
71330	11813.183
12349	5769230.8
76952	102678.57
26462	383587.79
12340	3101398.6
12343	6783216.8
53868	396244.13
12345	6787003.6
12346	1172413.8
14799	2373.2084
108645	413173.65
71934	335114.5
70425	49056.604
14976	2062992.1
14972	617886.18
20544	1971.9512
20014	1616481.8
100043714	18599.714
14158	2079.7084
14156	328042.33
246730	121798.37
14155	2921.5311
17117	193175.85
14151	321428.57
381903	1819.7719
22215	70621.469
24061	184914.84
226144	184000
20088	3090225.6
57321	3555.7252
14593	11621
70231	210857.14
20496	112863.07
218914	42857.143
14590	447949.53
432442	34285.714
68193	258598.73
13107	1338.3503
71207	116201.12
232400	46285.714
18521	1671270.7
68196	171142.86
18655	20383693
218629	61428.571
67619	18813.4
20084	7697368.4
19128	5898.5185
14694	16428571
29875	1617380.8
11977	24882.629
29877	40285.714
29876	1498023.7
14489	705714.29
67615	31913.866
15170	487394.96
17931	153547.13
67382	100413.22
17939	176867.47
71844	59284.497
71599	20956.561
14376	1949152.5
107932	89817.232
14375	58552.632
77559	95714.286
68995	974285.71
66317	695081.97
67299	136000
216156	92571.429
22193	72463.768
338359	155714.29
18789	120000
67059	4628571.4
20216	4478.7931
18783	20721.925
67054	240000
245282	33428.571
18786	267002.52
69368	143714.29
67500	977142.86
30059	965714.29
30058	42285.714
67273	5436619.7
66679	123641.3
66676	725714.29
264895	2540000
66902	1137809.2
109359	88285.714
72141	113709.68
66905	2197142.9
30057	56857.143
30056	116285.71
15519	19372442
14571	4993122.4
243819	140285.71
224705	27507.714
18015	20028.159
217615	131428.57
15510	24083770
15512	67614.534
15516	12928177
14776	1136842.1
66273	580000
14775	6965174.1
245638	126000
226564	128571.43
20641	3680672.3
14381	1067961.2
14778	290707.96
77038	141153.85
68537	139887.64
267019	12384615
78798	226571.43
13684	2313364.1
72039	379358.44
68539	54000
224897	22505.8
234069	143714.29
110006	182098.77
68926	58285.714
18534	348874.6
72361	1125714.3
16763	488571.43
110651	366216.22
67873	163414.63
15356	3876923.1
67871	396946.56
67870	240466.93
67877	166292.13
93739	354700.85
217980	177714.29
109778	1528813.6
210998	302857.14
319638	47428.571
93730	107714.29
15191	2640000
214952	112903.23
15193	264571.43
170720	497142.86
224143	9395.9184
15199	206285.71
224630	128947.37
170728	511428.57
67475	477516.06
67474	362307.69
229731	2828571.4
228359	802857.14
66471	500000
50767	38857.143
66473	20608365
234663	294715.45
66475	1055944.1
66477	960000
72567	253536.45
72565	219428.57
13690	379690.95
72562	867647.06
66700	17466.518
109652	1977941.2
13367	74023.904
11783	32185.749
228994	124285.71
26413	2695530.7
66495	4538461.5
69875	6865248.2
26417	1407894.7
70356	1964959.6
26415	997267.76
69878	252325.58
16987	18281.037
266692	305714.29
228998	71980.676
66498	128431.37
72269	924657.53
19072	1333802.8
56420	135830.62
56421	2678571.4
56422	252857.14
19079	332962.96
56424	153289.47
56426	651428.57
16560	37345.133
22365	90350.877
218865	2164429.5
22367	81590.909
78914	63724.138
16396	23263.889
27784	106000
110095	111411.76
16554	748571.43
76238	1323170.7
56194	171038.82
56195	27210.286
215449	4211956.5
19212	365714.29
215999	1537142.9
19211	15577.916
111175	251155.12
75914	33714.286
23945	61716.172
69227	220285.71
23943	300000
23942	61526.946
22145	631696.43
22146	100890.87
229279	13957784
12648	1538.6908
110078	438908.66
22142	620842.57
98711	52492.669
109006	249428.57
104303	496132.6
329877	420000
11518	448571.43
277360	1436.6061
69276	82663.317
23789	440000
69270	26061.224
624681	79142.857
110380	35714.286
16150	67899.604
16151	30825.243
19672	96000
22099	276857.14
16330	78449.144
16331	65239.295
16880	9432.2344
16886	3273.3542
16337	31354.227
21822	237714.29
52432	53642.384
16889	251889.17
94093	20490.368
75597	405714.29
19697	18214.936
19695	169714.29
27369	210830.32
56284	102857.14
19693	189714.29
58249	88571.429
56280	380000
56282	1711428.6
14979	64864.865
227399	66607.617
67812	47428.571
18186	9141.3868
69632	2313.4802
14872	1639344.3
105148	679080.82
11429	16025641
11428	3070866.1
56350	63186.813
81489	51176.471
56356	138000
116847	93121.693
56354	603238.87
14791	30000
11421	89176.829
65967	112285.71
235442	307729.47
215280	231714.29
69617	780000
17330	31185.031
21956	524916.94
21954	356398.1
21953	104395.6
217364	32016.349
17110	70270.27
17449	26317365
17448	52662722
65964	50571.429
21871	19859.813
17118	453074.43
13350	84738.956
17685	49518.717
16429	1780000
13358	591428.57
98732	175714.29
20743	7879.7143
16423	223102.31
13595	433043.48
320024	39705.882
236539	1560975.6
210126	229714.29
19126	9142.5606
209318	343949.04
107375	1502857.1
218138	6908602.2
74355	94857.143
11735	30834.574
69724	7292.0266
11737	2414285.7
11736	337142.86
217664	74886.878
69051	90000
270328	82285.714
11739	17684564
26458	366129.03
70186	1080000
380684	3090.6422
14011	10622.68
17063	665714.29
68059	1060000
14167	2887.9835
68051	742857.14
68052	1132450.3
68055	40571.429
380752	85428.571
19934	3140625
76890	204571.43
67602	32571.429
217666	115732.76
227331	49428.571
14057	3200000
12359	9620493.4
70527	62264.151
12353	154258.68
12350	561538.46
12351	29627.869
53872	3171428.6
76522	168750
73710	9034.1573
80898	2268817.2
21916	15601.671
19933	26920.625
80892	8732.3944
14904	73142.857
80890	46236.559
56748	283142.86
107022	154571.43
109332	36734.694
216766	12516.644
66556	53714.286
11991	2549295.8
14161	138000
11992	738853.5
11789	11528.998
11997	13607595
14164	1262.5161
19946	12173913
78689	64571.429
76282	989919.35
24070	433198.38
24071	391428.57
75767	33488.372
236573	101142.86
269338	34000
18538	1218390.8
226413	2308571.4
68188	23909.657
107747	3968957.9
20970	1287330.3
18826	8200000
68183	457777.78
11845	1817142.9
11844	3611111.1
11843	1288888.9
11840	5309392.3
18645	30305.714
18642	42179.487
18643	55571429
18641	170512.82
15161	482857.14
78523	64571.429
15163	197530.86
18648	10629921
17922	1306199.7
17920	1098814.2
17921	8306.9977
67026	342857.14
20912	279714.29
208665	3156.9231
71586	120000
71853	10113636
27419	17937.143
107767	146504
18797	1961102.1
66043	3452381
27176	3984962.4
68988	156713.43
18798	54571.429
67285	31343.284
67286	43409.189
18226	212927.76
13006	437140.51
13001	590697.67
18221	1165714.3
18222	163859.11
13002	111111.11
67511	348571.43
67512	256115.11
13009	3687.2165
67043	297142.86
67040	323076.92
67041	2211538.5
66399	509259.26
67267	27305.429
67264	1725806.5
22235	12312373
19044	47379.455
217365	328947.37
66642	153463.59
66641	4577.9227
70337	86571.429
66395	7371428.6
66646	671052.63
66645	62285.714
72151	85840.708
54122	46571.429
54120	811428.57
54127	10797101
54126	379009.51
15502	2385390.4
21985	2576720.6
54128	2772727.3
18000	905714.29
14580	20411.163
18002	524691.36
15505	856643.36
106821	28857.143
76582	68857.143
20201	40571.429
20200	1451428.6
268373	68902439
214895	3707.4928
66246	73731.343
66245	85714.286
17855	153924.05
330662	67024.129
17850	382352.94
226591	246000
67604	68285.714
109905	328260.87
72026	83932.854
68197	5033333.3
109901	7593985
109900	635775.86
67921	50450.27
72029	66571.429
321006	14209.827
229363	526695.53
109620	863683.66
77219	603988.6
229905	215824.18
230257	1771428.6
67868	3301115.2
26431	15395.48
67865	228285.71
67861	256000
67863	1117142.9
170752	261278.2
170750	3210272.9
15182	187500
15183	2466.2736
108160	65486.726
11778	5142.8497
170759	260571.43
59069	16078874
67460	9104477.6
76299	4371428.6
67465	711757.27
71743	116341.03
67469	6339.6011
50773	1235000
76293	59714.286
50771	1462.9145
103694	1368571.4
74637	139705.88
66734	153719.01
22225	928904.43
22224	186868.69
22227	16065.472
19192	1385826.8
22221	44444.444
19194	192000
22223	383408.07
228983	50285.714
69865	551428.57
26426	33142.857
69816	58285.714
230125	40285.714
11773	1248275.9
105855	22052.857
109168	190000
15239	130322.58
14272	251193.63
19047	2145510.8
19046	648318.04
19045	872727.27
19043	181794.87
19042	353403.14
12512	149159.66
19899	1154255.3
75387	12632.132
16443	63714.286
66857	740000
14270	3579.8908
225028	4189.3736
22319	1669902.9
667823	40571.429
234729	178571.43
117589	4794.3396
16201	243875.28
12562	34438.776
107993	41586.538
74185	34900.285
69597	304239.4
214459	411428.57
12631	23433735
22138	20134.609
114741	1062857.1
12632	440361.45
17938	3200000
23959	16444.792
223254	67428.571
223255	763341.07
227960	26320.857
244373	3142857.1
13429	17762.399
98758	5108433.7
114584	7178423.2
23795	4571428.6
23790	1648571.4
20918	4008849.6
78891	56203.474
232989	422857.14
78893	12686.29
69263	7566.8539
69912	54210.526
78894	227678.57
57342	125000
110446	9433962.3
103850	5628.1818
14325	1788571.4
228765	57428.571
65106	562857.14
228769	97416.974
276770	16493506
67115	617511.52
27045	194427.24
56702	1973094.2
56705	166857.14
320632	1842857.1
55946	258373.21
74568	8706.9915
16181	39534.831
233900	5530.1698
22041	745714.29
99571	153899.08
22042	395806.03
233908	984555.98
12182	20521.865
55948	10241935
55949	12933333
18640	6517.341
140740	648684.21
230972	531428.57
77721	103714.29
69608	3085714.3
19224	23920.266
140580	105777.17
56369	333195.02
76768	2248571.4
11430	6732223.9
69601	32857.143
58866	364583.33
56362	14180602
19229	51139.742
56360	668571.43
21961	105142.86
52513	2844.5055
17105	29545.946
56012	60869.565
21787	6114285.7
21969	59843.546
98221	2302857.1
21780	444444.44
56384	3885714.3
13007	1829015.5
13346	692963.75
56382	128855.72
17698	1540727.9
16452	4875.3764
56389	169577.46
20751	1475095.8
16985	132285.71
16456	246666.67
22282	36705.202
74167	198571.43
105689	2419.8684
29809	27449.714
13589	2205223.9
68195	233428.57
233871	331428.57
16418	1624489.8
69736	80674.847
17215	146551.72
17216	82964.602
230596	155448.72
11722	2009.3933
11723	1.0428571e+08
11720	160606.06
21810	351428.57
20810	536290.32
20813	735454.55
52428	176571.43
17219	111327.65
G3UXD0	4314285.7
105663	19418.75
84092	7489.7222
68194	2604651.2
94092	63309.353
67880	154508.2
14007	102755.91
13423	8618.6969
94353	26676.768
17075	2095238.1
17076	52640.743
19336	69950.739
94067	48285.714
68346	96774.194
21366	26731.079
16855	28650307
16854	8333333.3
94064	42571.429
68347	148285.71
94062	261428.57
12362	1746268.7
12361	131749.46
16852	1962963
18550	1493.8209
667772	66571.429
16859	322946.18
16858	36189.706
12369	1151815.2
12368	4782608.7
70533	780000
107045	309847.2
320473	59714.286
244650	14393.939
68611	300000
12482	15829.553
71472	20441.176
54609	46865.204
107686	2432203.4
69684	33714.286
107684	1360000
71665	358407.08
71664	465714.29
14916	198285.71
27883	93714.286
71911	4897959.2
17132	9384.5946
18045	37772.464
11983	5371428.6
11980	31592.689
G3UYJ7	671428.57
74754	43023.256
11984	812903.23
269614	12682.927
68420	86000
16783	121182.27
66967	20622.986
71268	335142.86
433771	862857.14
73024	176571.43
76501	28070.857
20963	83147.854
20964	26311.572
20965	50000
18813	7200000
12091	181077.59
11852	47337.755
11853	4715025.9
13167	24290089
18815	37684.729
11857	2120000
18673	2208571.4
18671	92476.489
29858	5722.9008
66895	36285.714
18674	4571428.6
14359	108000
228889	1386.1842
234865	45367.965
99662	945714.29
17919	145214.52
14466	86796.117
17309	10881.599
26936	30285.714
17913	77140.169
17912	21047.877
26932	68094.218
225791	408571.43
107753	33615385
20779	90757.856
20362	57428.571
15445	25049.109
27400	867507.89
27406	66571.429
27407	391428.57
20818	10074349
13016	265306.12
13017	238202.25
13014	66857.143
67078	54828.66
68738	287390.03
13010	252857.14
68734	77714.286
68089	3333333.3
664994	542857.14
68730	5441.6842
67075	76571.429
68732	628571.43
229593	317142.86
67252	28288.571
216197	86434.783
67709	78571.429
216190	115428.57
71713	32124.352
15530	7823.0375
433759	589211.62
67707	151142.86
234594	86736.842
66384	237500
66385	528571.43
269966	156285.71
64099	20753.474
54138	88285.714
54139	490364.03
14598	278169.01
106564	259807.07
18073	65301.205
11534	2756232.7
54130	3600000
18074	18745.545
54132	2642857.1
12988	124222.22
66258	163714.29
22321	252573.24
28030	1085219.7
381511	7531.7844
67384	7605.0328
28035	71276.596
66251	443594.65
171580	1202857.1
14751	18817204
20218	900677.2
67671	397142.86
217328	3637142.9
67673	2101694.9
268566	917142.86
67675	72000
433375	126000
72017	51475.41
79044	85714.286
68553	110000
68556	49270.073
66812	10521.569
66813	164000
66810	40000
226830	9050.3464
226562	123428.57
319565	85714.286
18105	1528138.5
18104	3062043.8
18107	1258064.5
18100	174857.14
18103	8026315.8
18102	54684210
109711	1659192.8
67815	1468571.4
18108	25897.921
69955	84700.665
26754	544910.18
F6SUJ2	53428.571
214932	30857.143
170745	2951.7143
208715	211538.46
100017	15403.896
59079	27104.137
59022	1202857.1
66656	5943060.5
21454	2089864.2
233489	2175428.5
72900	3096774.2
319186	21746032
20778	2169.5481
66658	49428.571
66278	61714.286
67899	223428.57
76281	1662857.1
19188	12008368
17846	82285.714
74996	58284.884
75475	11335.404
19182	3235294.1
72584	112371.13
19181	1464203.2
19186	20642570
19184	1428571.4
19185	925531.91
109154	1794285.7
109624	985714.29
73699	136272.88
319162	1207692.3
67923	4107142.9
26430	74922.601
100900	491452.99
26433	3599.5951
20104	2337349.4
19240	44857.143
19058	174117.65
12568	503424.66
433702	159493.67
19052	166019.42
19053	469255.66
19055	222648.75
12567	22485.809
12566	33526.012
234734	541322.31
21838	283950.62
11306	172872.34
234730	110285.71
50907	140527.58
106581	53142.857
207425	263142.86
239528	66511.628
217138	48000
72349	63243.243
73341	12258.106
22436	5955056.2
213326	314285.71
78651	851250
58244	35710.98
74190	651428.57
74192	622222.22
67900	29428.571
77407	512437.81
12623	502857.14
21817	1153061.2
623661	12566.756
68298	34339.08
22122	2429906.5
22123	901886.79
12628	11345.219
22121	1192118.2
110052	207142.86
101592	254658.39
100336	17582.336
76938	103703.7
52858	198591.55
69923	313539.19
11532	3609625.7
76936	1385459.5
11537	45945.946
76932	118571.43
78885	340000
69459	34285.714
65111	814285.71
232910	1112676.1
65114	2171428.6
69456	51428.571
21685	4923.9203
75805	464488.64
56717	28128.678
268860	794000
216551	34571.429
192897	119361.94
11928	7585532.7
69634	611428.57
66155	1101796.4
230904	2133.569
12759	288571.43
12757	1858297.9
230908	3142857.1
104183	110571.43
104184	1228571.4
69639	90942.029
56378	6348314.6
19231	2942857.1
107976	91383.812
75974	57142.857
67826	20318.886
56370	57142.857
20586	16305.022
56372	30000
67151	202252.25
12630	3163.1841
56376	777142.86
53332	17339.312
94181	6514285.7
212986	237428.57
94184	1785714.3
94186	179428.57
21974	78784.119
66878	15539.114
21976	12296.984
17463	1523364.5
69146	1300000
56397	9426.3889
27059	30000
74375	57142.857
12282	3183183.2
12283	2812316.7
75710	211142.86
16440	56554.307
75717	167948.72
56399	115142.86
13867	11799.851
233802	531428.57
19877	36484.49
69702	105142.86
27058	232558.14
11717	41775.457
21807	58857.143
81877	5406
193740	751950.08
105675	2669902.9
114641	3168000
57440	117570.09
89867	147714.29
54451	83714.286
20174	244060.48
320267	174857.14
75624	78756.477
21379	331428.57
218236	1365714.3
11409	2572815.5
21372	73434.535
112419	1382857.1
21371	602857.14
81898	454754.6
20773	183928.57
12370	562500
19230	2142857.1
12372	69714.286
12373	77714.286
14950	20995.238
243983	39142.857
19983	8114478.1
70297	220857.14
70296	173428.57
211347	164324.32
14227	6328571.4
56273	168351.06
19981	757608.7
108062	69428.571
56275	75336.323
227197	4167812.9
13482	900000
53817	1745327.1
13486	168000
20443	1510510.5
102294	518095.24
14105	101145.04
14104	742811.5
71678	642857.14
71679	23602484
18489	605714.29
71902	5428571.4
23972	24637681
75209	7531.2242
52705	98571.429
20518	2035.2622
52700	762857.14
17713	3271889.4
192289	313539.19
56013	180285.71
18605	1825.3863
17719	143572.98
20514	5577.2152
20517	6828.0576
52469	261428.57
18010	8634.9633
20103	1024509.8
19989	2485185.2
68436	2179487.2
18514	4142.5581
21770	428571.43
18803	7650.768
230861	2165927.8
20683	7238.3929
18968	1344.9829
233107	131428.57
20684	163714.29
193813	422857.14
20400	8678.5714
104759	27130.857
232679	36857.143
216558	1948818.9
381314	358695.65
54709	2600000
113868	759433.96
21877	15380.258
20425	1175732.2
83796	167231.64
11886	1022842.6
15483	2668.3219
26926	3807189.5
17901	525000
17904	19470199
17906	2367469.9
17907	562721.89
20195	1022857.1
20194	1825714.3
246277	152535.5
20196	354285.71
20191	3544.0999
76614	9514857.1
20193	87714.286
217337	422400
97998	49714.286
219189	2031428.6
16993	8445171.8
67068	1354166.7
20198	72571.429
18242	11731207
54636	52857.143
76263	1969026.5
14923	2136363.6
13026	896457.77
14297	199428.57
70470	57714.286
68094	192085.74
68095	837142.86
68724	586021.51
68097	5977528.1
102058	138571.43
20702	5558252.4
54638	52000
68942	99530.516
103468	146868.25
15526	16200295
67003	16026490
15528	31078431
384309	22888.283
78618	72337.662
67713	617241.38
56228	103773.58
17876	30857.143
12995	1838874.7
14939	57085.02
78038	609236.23
98256	12026.096
17879	185375.9
20222	206526.32
20227	40694.789
67397	1568702.3
20224	2525252.5
271457	516279.07
28006	26893.429
217837	431980.91
67399	93142.857
14725	3669.5279
217830	1514285.7
67941	10238095
28000	1386904.8
319625	2573099.4
67665	222698.07
76055	79142.857
67669	28857.143
76051	24387.528
76722	4868735.1
66283	102000
381045	951428.57
26416	513888.89
192292	20934.579
66284	192000
66827	37428.571
70465	58187.135
66824	7046632.1
66531	103142.86
66530	18263.122
66821	187714.29
18117	34857.143
67808	36571.429
237823	167539.27
107358	1082857.1
18113	34228.03
20598	8026.4916
27643	70571.429
100434	166921.9
59287	77259.887
54189	27030.162
243912	21664.815
67804	1725714.3
212503	60968.23
66409	34857.143
59042	871428.57
59041	309859.15
59040	13612.995
59047	37547.893
14433	44144144
14432	33428.571
108148	14594.561
66701	170857.14
13479	42682.927
72170	199428.57
66624	249557.52
67994	71714.286
66629	557142.86
319192	20885714
110842	13428571
319195	2157608.7
225913	6366782
23881	574285.71
13120	230919.77
110119	1555555.6
74617	626106.19
74616	85406.699
22201	4395085.1
22200	98701.299
228410	239142.86
212531	108857.14
228140	67428.571
13809	1291005.3
13808	285714.29
67931	2480000
13804	44557.823
13807	42857.143
13806	38711828
228961	312977.1
269713	153772.68
67938	1970930.2
67939	80285.714
26412	18514.007
66181	653125
12572	60115.607
268782	184210.53
12571	29484.049
12576	14855.33
15254	4657142.9
107227	494285.71
50912	27395.716
212442	1177142.9
50911	14210.959
110606	15343.707
50917	35000
217124	134571.43
22337	185308.06
66492	126633.17
22335	5830388.7
22334	11661017
22333	15878378
218832	6252.5714
22330	2035647.3
22117	103703.7
19082	560606.06
19941	3889655.2
19087	563591.02
26414	33405.172
19084	258267.72
56491	1308571.4
22230	478827.36
19089	3896353.2
19088	35817.308
56495	614942.53
56494	783018.87
19733	80571.429
22687	77714.286
74769	6453.7594
67229	31286.55
230753	236593.06
26357	156773.21
22680	256285.71
102866	2588571.4
26358	8339768.3
12613	8731218.7
109079	306122.45
74764	290791.6
231655	72407.045
26419	40364.583
381204	142281.88
77106	79714.286
72795	51428.571
67184	1701388.9
231659	974285.71
110935	17512.571
11567	12576.313
629974	578000
19889	40571.429
67636	31428.571
26961	747081.71
64658	90571.429
64656	182571.43
64657	582857.14
64655	565714.29
64652	78857.143
76974	47142.857
227693	17073.171
66674	30000
16612	2582375.5
208846	1873.5376
67144	139714.29
69709	36285.714
70925	98285.714
192196	762755.1
22596	21311.475
11416	56000
22594	31537.242
235439	26628
56258	49888.641
22599	18425.197
13629	12121212
13628	7673.6501
104112	745187.9
215476	41714.286
100763	28439.52
75964	271428.57
51886	552995.39
100986	144571.43
116870	22657.343
27357	148348.35
14702	81483.099
94192	35812.672
17760	34657.837
56031	108970.1
140780	2276.9772
140781	5736.4341
52064	311926.61
66885	252314.81
17472	35428.571
69151	189428.57
227327	2353.3249
99311	63142.857
11363	6186046.5
30795	1531250
19951	1940740.7
74388	9857.1749
23807	8291.2602
223696	288571.43
13361	1679144.4
51869	2236.3787
12974	6961206.9
74383	142285.71
56812	6680.8664
74143	1780000
74142	726027.4
231086	7978947.4
51798	2911315
74145	7630.8743
14085	132696.9
74148	1031428.6
208194	140760.87
56727	10969.123
56726	201428.57
52440	236857.14
69719	258720.93
17274	1705314
544963	2203174.6
69716	32285.714
14708	3852941.2
69710	18663.912
101568	100883
69713	100857.14
20168	1385714.3
21346	6485714.3
21345	5228571.4
13177	5882352.9
63828	20111.003
12927	23455.378
216136	156285.71
53315	6828571.4
20163	585714.29
50720	149714.29
22247	347193.35
20768	537610.62
218693	38250
226646	2526997.8
69123	72000
52665	148857.14
60595	14486403
105245	3261390.9
15354	700000
60596	8329.5224
12389	40428.09
12388	1855010.7
353242	139714.29
12385	4061810.2
12387	693982.07
231887	888571.43
12380	680000
64385	576335.88
21354	86049.724
231396	131142.86
64383	131362.47
70047	426267.28
56174	702623.91
13494	177714.29
13495	117714.29
58875	2316417.9
14113	648571.43
99045	127428.57
71648	119714.29
18479	172660.55
18478	222958.06
11767	673758.87
70261	465714.29
18475	567685.59
18477	55778894
18476	1448275.9
18472	2512195.1
20775	10426.748
252870	297370.81
52715	35142.857
226105	1212678.9
54563	74231.177
20501	1164300.2
19921	3969387.8
21743	192803.03
13142	423188.41
13143	95945.946
13144	32142.857
21745	17497.147
78330	1144230.8
56351	3857142.9
15374	67142.857
22027	17955112
56046	46285.714
21356	85161.29
83814	24003.984
54447	117195.77
13382	3791748.5
13383	269613.26
56199	30489.51
210376	104000
320528	171142.86
71801	70857.143
381308	121428.57
71805	208791.21
71807	19225.45
16653	1698412.7
20340	9106.383
268490	148857.14
80911	181428.57
60440	71714.286
11898	915048.54
27425	16407767
20430	83000.798
26912	1237980.8
18582	64904
234847	9281.5621
11891	48416.29
99683	136285.71
26914	2247311.8
67015	88857.143
67014	86000
216350	791428.57
107732	88571.429
107733	377142.86
76608	260162.6
171210	58940.397
77034	29142.857
107734	38285.714
67133	294285.71
94112	30857.143
110379	1897515.5
83493	774285.71
13039	66766.467
14936	47696.477
83490	3081.9975
14938	1361538.5
432572	93428.571
13036	804804.8
13030	864306.78
13032	19898.052
13033	1478048.8
71733	28330.571
232714	9142857.1
68971	124857.14
76429	64814.815
54204	19117.486
108800	31142.857
67458	186857.14
272428	1694.9135
67727	49833.887
67726	179142.86
76425	31714.286
18295	32357.383
66921	46125.461
18293	216031.28
320938	213428.57
67824	27648
109552	1117142.9
12961	1068571.4
12960	135714.29
12962	272571.43
28018	227428.57
30785	29714.286
68572	219428.57
104086	28517.824
14732	10048.73
81004	37159.533
68375	8604651.2
243743	5335.4464
100037258	986111.11
68371	545714.29
67128	228235.29
67657	48728.814
76737	178285.71
319965	152285.71
11846	65450.644
67123	72000
238123	169714.29
67345	99337.748
69574	2726530.6
17299	14636.94
67834	4071038.3
233532	6576.8571
118449	133428.57
76551	108102.35
66525	554285.71
66290	1457627.1
229317	848571.43
66521	133428.57
15469	1466307.3
18120	248000
192970	362857.14
13480	446153.85
15461	55026.455
77582	62156.448
15463	331428.57
239667	31142.857
59290	1357142.9
100088	323040.38
14426	91522.491
257633	522857.14
110854	537142.86
77987	18061.874
14423	178711.99
72297	75537.634
14421	29455.91
59054	118285.71
170762	96333.573
108155	170172.08
170760	362857.14
108150	277016.74
76137	97714.286
226251	46922.184
263406	131714.29
72108	428571.43
70052	55662.188
77951	32034.632
P06328	51142.857
30930	1097142.9
257635	78000
74600	196857.14
71998	43142.857
170789	282500
27393	391428.57
12540	5340314.1
381694	173006.13
72722	251714.29
12818	17417.919
213499	4776.1506
213498	30571.429
622402	740000
11848	2046632.1
665596	877142.86
73744	52839.269
18563	507640.07
11765	268856.45
14468	158000
212307	299079.75
50927	172056.92
50926	501661.13
22323	362666.67
22324	29940.828
22325	11390.783
22327	169428.57
223267	76571.429
74776	1669697
170439	33711.985
106529	255844.16
56480	46776.406
19092	56692.913
69940	260857.14
23988	124242.42
20908	49134.948
19167	2498039.2
23983	2615168.5
110826	10085714
23980	3057142.9
23986	616368.29
76959	453424.66
66199	27494
56551	392168.67
13706	10405904
22214	219125.68
213012	22968.35
213541	82000
59020	5514285.7
100198	85931.559
22218	631683.17
103554	17145.958
110920	83864.119
65246	474285.71
74551	506250
60525	175463.62
74558	30857.143
114664	4171428.6
227683	137142.86
26399	188622.75
59027	2321792.3
110323	25581395
114663	195517.24
22074	14085714
65254	15352.66
60365	758620.69
22070	5200000
22072	11056911
22073	982857.14
27367	4416873.4
27366	201428.57
23856	32571.429
104457	60000
27360	445714.29
104458	2530303
23859	84857.143
229663	1845714.3
P16546	218285.71
27368	199714.29
69893	91142.857
72599	382978.72
56150	242926.83
97165	9190476.2
140570	60260.586
69367	120512.82
75734	261714.29
67732	271142.86
75731	99428.571
18805	21322.16
106344	59065.934
320795	57505.285
21917	783142.86
75739	153714.29
21915	313679.25
233824	186000
240028	45756.098
19942	2205882.4
66606	81428.571
74392	89428.571
77604	28451.714
66997	1910087.7
74159	215714.29
74156	48021.583
240832	568571.43
20351	11115
74153	340000
19895	10860.396
19896	3691244.2
56736	26804.124
56737	93012.048
11771	306038.89
11770	5015151.5
69091	174000
11772	815565.03
11775	29482.44
11774	316742.08
11777	150259.07
11776	235196
21351	16439169
17025	1351515.2
52653	28857.143
17022	236390.53
329251	8129.8156
328099	574285.71
270106	834123.22
107508	1388888.9
109801	6358695.7
73674	97142.857
218343	206000
16451	1807.4588
75600	1140000
75607	2223.6854
50497	55142.857
66660	62857.143
75608	309821.43
218210	57428.571
75986	360335.2
53382	1620000
53380	541125.54
53381	1083941.6
12304	11896552
16865	106285.71
210766	100343.64
12395	1362.305
70750	13346.084
12390	37366.049
11605	17950.835
97541	3257142.9
270076	253424.66
69162	1609756.1
11603	3767.8974
230598	108527.13
231380	422602.09
231874	118000
20534	28571.429
70257	1248571.4
11958	18732394
231872	84285.714
71382	10436.137
330192	14164.912
11957	4629629.6
66248	150000
12896	5851063.8
11950	14218750
14121	5621301.8
14120	8938053.1
27984	1834285.7
226139	41162.228
107435	7959.375
18415	128878.28
223453	52857.143
21343	4553.2448
98878	150277.26
269378	12060185
320634	10470.889
102632	1668571.4
68147	200000
215690	46000
67857	1209836.1
68416	167142.86
21753	828571.43
70675	51885.246
621603	50571.429
67851	86000
66589	85034.014
26905	2139830.5
71810	351428.57
26900	148784.19
18600	97622.585
12557	9298669.9
14387	8641.9727
18607	28980.322
18604	432432.43
63958	8866.1552
20403	58571.429
67914	217714.29
20401	35428.571
71877	31142.857
20405	164130.43
20404	423295.45
20409	1574285.7
14630	700729.93
18597	2564102.6
14635	229156.01
233011	41142.857
68705	73092.369
18571	2232451.1
67006	342857.14
20817	14277.239
233016	569417.48
12908	746006.39
223527	2059405.9
78294	35064103
76007	27036.571
66120	56218.905
71653	311428.57
18260	27255.278
13040	423529.41
13043	1216117.2
54384	21363.636
54381	233428.57
13046	925925.93
18040	81485.849
226791	79714.286
68969	15015.044
18046	50447.761
54160	508571.43
229542	2471428.6
229543	36311.239
229096	474285.71
71721	74857.143
18738	4971428.6
14707	201470.59
54364	3022.5
54367	194827.59
66870	61425.061
14251	21208.411
67097	4812121.2
14701	412500
14252	12552.336
78913	51714.286
621156	217714.29
108014	94594.595
12972	188821.75
56358	58285.714
12970	189428.57
12971	100285.71
20248	16650.571
216810	56857.143
107650	35416.667
107652	547892.72
14208	166974.17
225115	18018.433
76709	8533333.3
68365	3860465.1
20932	1071428.6
76703	19600000
67134	229714.29
11426	183501.72
76707	199428.57
67130	6702290.1
20352	8191.373
15384	3894736.8
245688	854117.65
76561	167142.86
15387	4007991.4
382643	27388.857
15381	2849840.3
15382	4156250
74157	391428.57
66513	3607.7689
15388	5000000
227377	56056.338
66514	99079.755
15488	4326530.6
15473	206571.43
268857	205142.86
30926	1948571.4
52502	665714.29
59029	716129.03
72931	71428.571
110821	1276243.1
234388	53142.857
71732	90571.429
394436	925233.64
59021	3485849.1
108123	500000
108121	87866.109
59025	671399.59
108124	1300000
59026	35412.383
394434	36742.424
217325	193768.26
234852	148469.39
66609	52586.207
66355	3493.6232
66354	582089.55
66357	75428.571
107182	64285.714
67738	2864864.9
233549	180285.71
66601	1928571.4
268449	7948717.9
66177	347945.21
98238	1325714.3
66171	828793.77
234664	1024344.6
68117	854285.71
F6TLU3	103428.57
66179	53428.571
110135	257796.26
21386	5499.7301
12550	1493212.7
76899	80857.143
17434	432275.13
15275	105749.49
15277	117775.35
13823	1773950.4
13822	281376.52
13821	40010.466
319154	4713235.3
72736	63428.571
12808	82857.143
66998	184722.22
53600	171428.57
28199	35883.424
99470	10094.851
545156	4655.8704
27756	3978947.4
50934	106026.37
232680	2901678.7
15078	55588235
11740	20906040
67976	44285.714
229211	828800
16834	55142.857
319801	48285.714
319554	1325991.2
225849	12728.571
16341	1465168.5
50932	1549.0061
50933	630434.78
224796	7649402.4
28200	4086021.5
631304	84571.429
OtherNotMapped	7215234.9
