23996	497607.66
23992	11008.857
19711	21599.714
23999	564469.91
286940	85318.985
23997	247872.34
69957	3067.0968
11544	206077.35
11545	1289.2399
67809	71714.286
223978	22809.143
223691	18613.429
26370	668604.65
75778	274285.71
77040	49714.286
56190	22593.429
109054	32571.429
26572	70212.766
110959	3980.9524
74370	6434.7566
228355	9685.1429
100169	16359.429
19155	82065.217
73086	1008.4705
330177	8650.7795
19156	1903052.1
100163	901.20513
110954	30168.692
19376	1136.5251
100383	178857.14
16678	204081.63
74838	1607.1676
19378	394.76834
107869	21492.965
114301	118571.43
12709	13700787
22003	11760563
235380	36000
22004	938028.17
74012	56284.153
27370	104347.83
13602	90857.143
269774	61001.043
27374	2936.4207
104444	127714.29
27376	17818.118
27377	48951.049
192176	16358.141
216344	38344.144
192174	58857.143
77766	1193.981
103140	15540.286
192170	272506.08
329910	1722.7273
240614	16219.714
Sap18	72571.429
12268	442.63521
70478	980.81575
64704	8693.8865
64705	1146.8015
140546	138285.71
22668	264931.09
67295	114977.97
52009	11650.571
57294	128571.43
217473	22824.857
57296	121529.75
218038	3556851.3
71147	5265.1416
69955	7744.7894
52398	3514285.7
15488	34013.605
71702	11200
94332	4859.596
52397	18671.429
224938	7712.0226
15525	196195.01
74129	10879.517
105000	98947.368
69082	53142.857
69083	13864.189
237397	43714.286
12017	4021.4085
71701	7055.6833
245828	13104.286
215615	12760.769
26395	1254452.9
26394	286147.19
26397	1213.2565
26396	82294.264
235559	619.80198
104069	9628571.4
69772	2664.6531
227231	258666.67
26398	68765.743
11764	86744.433
11639	384304.93
101943	3328.3484
67247	1377142.9
20740	6189320.4
17035	337142.86
20742	461278.04
100206	76486.486
11836	7982.2848
270110	48000
64291	38285.714
75617	952000
64050	12904.405
75612	12059.743
12520	1845.5085
235567	2975.7143
21925	28080
21924	617391.3
21923	7251.1848
69178	342857.14
56078	770.12618
213827	161142.86
53607	27516.725
20521	2547.7396
53605	562659.85
56409	28235.119
70248	78285.714
53602	138571.43
109731	22307.692
11949	11879195
11946	7305605.8
11947	19659735
18451	4695.3184
96979	153906.25
11941	4557.9299
226123	38571.429
20714	92571.429
26922	42359.249
68178	219428.57
16922	1798.6686
170930	2757894.7
18854	3732.5424
12237	20473.62
22262	95379.538
20091	700757.58
19159	12117.714
12238	276571.43
66302	134571.43
231821	648571.43
11905	20359.355
14629	9711.303
20418	9741.1392
26441	735632.18
20416	351.70984
20410	9598.8571
20411	98217.054
20226	306640.62
15926	186714.98
246228	39714.286
68775	2422.2482
67039	46658.711
106628	394693.2
219150	16304.286
67035	388724.04
246221	102356.9
58184	1991.0368
76626	180285.71
71881	351428.57
78283	24406
78287	1771.3921
54391	354838.71
54170	61714.286
15360	77952.756
18706	15262.172
12651	1338.3249
18708	9739.5028
71755	114414.41
68917	152571.43
14711	121501.71
217866	25507.429
17973	64721.485
217864	12124.319
17827	13314.286
14719	2195348.8
217869	153379.95
68263	3398328.7
20259	29930.07
68598	399209.49
83768	5251.7787
20257	674285.71
20254	110571.43
20255	66571.429
18637	2831168.8
14390	3485.4626
29818	7008.284
67103	39817.629
29816	72857.143
68606	32743.363
237459	9650.6692
29812	85428.571
29811	11254.286
29810	19757.366
12491	62500
15446	2380.0372
15444	1388571.4
12499	20050.82
18082	614285.71
19271	5990.5493
237859	23431.734
18148	1541095.9
76088	13854.857
17470	11757.194
18141	2486.9099
360013	7853.6585
230085	36571.429
170736	905.09589
76983	30857.143
114863	525714.29
50709	33074.429
50706	13386.286
110312	12354
59035	6411.0197
66618	8900
17968	2604.779
83767	77101.968
72125	19110.571
72124	17256.667
330440	16538
66615	4552.4173
66616	11471.143
76884	9257.7813
72961	23035.714
77579	69331.984
Bap18	16462.857
665155	51714.286
77573	118571.43
11306	3518.883
12833	1896.1951
665113	3162.1315
66983	11308.54
15289	4158139.5
15288	39889.197
12835	182000
12834	987.81431
66988	304431.6
67963	62471.141
77371	369.34862
16574	30439.331
230649	95714.286
53975	364.02424
77337	19804.571
380928	70571.429
Rpl34	28188.286
28185	70571.429
242894	58571.429
234779	414.7747
73723	1017142.9
66307	36000
208943	68000
103711	655172.41
66508	17708.857
17125	4352.9032
228061	3535.814
66536	97428.571
53973	8276.9841
238276	1505714.3
73473	9836.2857
53972	9129.8592
225896	717142.86
13722	96857.143
238505	6754.4294
52815	4621.4876
72416	114571.43
19334	2514.0722
19876	706.57568
104445	11190.571
13877	308571.43
109264	34768.212
56403	160513.64
319468	14935.283
103573	11484.594
13838	9705.1724
19383	58012.821
19384	3416666.7
19385	1088571.4
19386	2035.3423
19387	15434.295
22273	822916.67
22271	3154.1158
22276	11400.377
625249	218181.82
22275	4588.2834
12876	268907.56
19143	8234.0351
19141	20849.885
55936	1041.4505
16664	7283.0579
13829	853616.86
117147	33507.853
94232	19295.302
77767	1168571.4
22019	9508.7163
12716	1110047.8
230935	2501.9678
12715	205774.28
74006	17924.528
14862	2876146.8
223337	12904.286
22017	52293
73078	6850.9202
18548	5264.8074
23873	26244.286
56248	1925110.1
192169	13472.286
58231	29516.995
19653	49030.471
27384	10703.096
14645	1091152.8
23874	20713.073
494448	30434.783
19704	2001.0676
230163	423076.92
19707	156000
93687	1412.3442
19701	2836.3184
19703	360.37209
12874	1230.719
100710	222683.26
11287	184857.14
75553	25705.429
56040	1289473.7
56041	129714.29
245847	4687.5306
56045	12666.571
209200	1521.5241
56013	797142.86
105387	23931.143
14431	12604.237
26950	12171429
14430	494.4591
11757	1486381.3
11754	6953.9869
58991	105128.21
11750	388571.43
108147	57263.514
74134	401.67665
11758	5758928.6
26384	231833.91
20479	64414.414
18770	32404.181
69499	138571.43
69983	23433.195
16889	6738.539
226075	25384.615
100705	10596.286
230899	1975.2632
111173	342857.14
104015	11435.832
20887	12529.897
104721	44729.73
59048	953.48101
20739	4803.3126
11648	1045.4025
69642	17697.714
17287	5313.6546
19276	16283.716
237730	17568.286
72852	10501.143
16498	139509.54
102436	588.70288
330908	28857.143
17888	353973.17
76025	5703.2258
16801	1091.413
78908	26130.653
64933	15296.172
67892	11542.571
100039008	22104.857
11625	18291.143
235606	11616.803
268301	8813.1429
69187	21420.286
227648	11027.429
97212	166448.23
217342	6867.1584
53610	953488.37
57317	137627.81
57312	158571.43
11973	12345133
11972	512820.51
20085	1041379.3
23923	9287.0588
57319	4207.6404
72865	26954
11975	22288.439
75686	66153.846
17758	247822.22
64337	231343.28
20649	32000
75062	76846.307
67898	14411.714
27967	5076.7094
17755	295454.55
17754	264409.22
17756	3776148.8
236732	21720.43
66235	494444.44
13191	211142.86
73724	317977.53
13195	11146.25
13194	41842.105
Hmgb3	78857.143
246782	12253.429
246787	35714.286
70127	40571.429
17886	118877.55
54411	12531.749
14651	3851132.7
78388	47428.571
70834	26524.286
14871	42083.333
14870	4366666.7
14873	454166.67
26965	1140.6572
71833	4147.076
70349	39714.286
22630	4204081.6
68292	16038.882
107702	92857.143
107701	55896.226
66055	43714.286
231329	358.70528
58203	591.9708
20463	14584.685
68299	12900.286
20397	1511.4789
72320	44571.429
13179	26639.344
21422	1487.0717
66050	12221.429
18008	387.2103
58193	49393.939
170791	51886.792
67025	344382.02
58194	86459.803
21429	34771.242
102098	17006.571
24075	9623.8532
66753	3357.1429
12954	607142.86
12955	8228571.4
12957	52857.143
18718	40740.741
71743	39431.616
18717	192133.13
12958	12276.286
71745	23087.248
11847	28129.379
21991	14782609
72590	227720.21
11846	30901.288
108030	925714.29
17831	2622.7612
77480	44571.429
108037	12730.286
233726	717142.86
67116	42571.429
67111	3107.1823
18534	41800.643
68585	265171.12
20068	2466666.7
68581	42285.714
18624	21703.854
68349	1452471.5
216011	30857.143
18537	7268722.5
68342	4676136.4
29807	4523.8683
12482	1443.7801
382620	31714.286
15452	559633.03
269951	440265.49
15458	21062.571
67375	3935.786
12488	23233.909
67373	16063.429
225791	11139.429
59006	11827.714
59005	25578.286
380840	256285.71
108100	467289.72
59001	13102.069
67684	72285.714
67680	1666666.7
59008	795.86486
14479	4237.2069
110809	2701612.9
52469	27573.429
14860	936936.94
386649	1548648.6
13800	83915.212
433702	434.20253
319713	92815.249
11769	4729.6203
67204	148338.37
109857	92057.762
433256	15226.94
66373	31554.945
67758	9263.5678
66377	129388.16
11815	10461.714
66375	455.14793
108156	72834.225
50880	24305.556
77569	18539.714
110796	278597.79
50884	36081.56
229949	30604.982
109181	25710
50887	29428.571
13849	6713.6264
66407	11687.143
66401	13819.728
73666	1242.5641
26987	54693.878
12010	115126.05
76187	27526.882
66978	95142.857
57754	174571.43
67972	66285.714
238463	5090.1345
67971	1520000
107260	575645.76
109674	2390.6015
12822	456.1274
109676	285374
66082	1118.631
230073	1059.1361
17254	212927.76
57750	14644.571
66659	26794.258
66576	28461.798
14268	1050.3432
100019	64857.143
226849	1078.7449
226519	15432.483
52055	29302.326
103968	7038.2979
103967	47392.816
103963	97039.474
105787	1342.7549
225887	147641.51
230718	1556.1918
101706	19738.8
72404	176285.71
76987	151428.57
11564	16969.628
11565	95623.632
69976	7633.1878
20741	2886.5132
13992	204000
26558	9400.5714
192231	10388.286
109272	49428.571
66881	129306.93
11364	235629.45
66882	124571.43
26557	305714.29
26556	5600000
26554	22656.25
19179	119545.45
217057	37787.845
224139	442857.14
19173	212121.21
22245	8755.9567
19170	1350000
19177	194584.84
22240	774285.71
19353	79166.667
19352	6564.0118
19357	4189.4488
16658	1770.4644
56213	4393.9583
56212	4136.7539
19359	850961.54
19358	325068.87
56217	3018.6667
56215	27727.952
16650	30000
68981	250588.24
77032	17824
73046	502631.58
12729	13179.661
72795	26688
12722	12595.838
12721	574837.31
13669	68675.595
192159	866.03854
19283	891428.57
19285	528571.43
56699	66285.714
19286	179166.67
13660	299625.47
27395	18840.286
13665	241904.76
56692	854838.71
192156	5128.4289
56690	6609.5528
58235	3876.5049
16010	9620
56459	69142.857
73442	229428.57
19777	16064.286
56456	12934.033
56451	465317.92
67282	27018.857
93692	608411.21
94315	707.71429
57279	11672.571
69352	180857.14
18799	3641.0053
74105	5225.539
Serpina1a	1351428.6
74103	370857.15
76773	9435.1429
75456	119714.29
75454	2306451.6
110208	109523.81
74108	699.18269
81600	8413.3192
12039	59954.751
11744	46571.429
11745	308571.43
11746	71428.571
11747	1757142.9
11749	720000
12036	34605.598
12035	29015.544
12034	754285.71
52245	31428.571
240121	9484.5714
104001	373416.28
18220	154857.14
140630	2233.3714
13000	62285.714
20723	34571.429
20720	39428.571
13003	12243.074
20724	614.42667
99889	156857.14
18223	8112.4172
Ces1	49428.571
19826	165573.77
19821	7434.2262
16832	10838323
17524	149714.29
67042	6169.3548
235587	3954.5714
67451	16566.286
16193	35198.578
104130	432450.33
16427	15656.286
56070	14545.455
11636	8762886.6
11637	159414.23
11632	67428.571
69191	609108.16
320165	25193.798
11522	269333.33
53375	264000
70223	26475.85
53379	10485714
53378	83142.857
93684	151428.57
70225	15995.031
18164	165142.86
13180	643269.23
98845	41142.857
20658	35142.857
27979	29638.854
20656	21441441
20657	26060.956
20655	9025974
23797	13527.349
20650	80571.429
16907	1979865.8
16906	2159863.9
16905	1819548.9
106393	112857.14
56428	13458.857
14886	7276.3527
110196	136260.62
12217	227142.86
12215	544987.15
72157	6364.0323
54401	14552846
54403	8437.0714
231912	2536.2705
66641	23800.483
14866	175446.43
109136	3148.6747
14864	6489.2857
20387	661.29032
58233	122418.14
14863	1788990.8
20382	656108.6
20383	2914634.1
70829	16420
80297	11682.286
108737	13349.146
71514	283261.8
14080	1511811
14081	85693.848
14082	5095.6098
14083	4120.2752
14084	48285.714
216188	21126.761
14086	60857.143
219135	385.0081
18767	91428.571
13070	9047.1483
211446	6792.4503
68028	233606.56
18947	673.99573
18946	14457.082
18949	53793.103
13079	6986.4476
68021	374285.71
98932	1517441.9
11964	2933549.4
11966	1138943.2
70737	2302.6029
269587	12004.662
18438	84536.082
67993	1160.3247
59125	2699.4702
12925	74857.143
54198	811428.57
12929	172937.29
12928	674342.11
54194	16592.571
54195	8875.4839
30055	880000
71994	181142.86
14269	111428.57
14264	3745.7447
14265	46571.429
238988	5314285.7
14261	898.47744
73251	243715.85
67160	204805.49
67163	86285.714
226414	87025.948
216001	43142.857
67166	56989.247
53600	18242
67900	52857.143
15507	174641.15
18453	2141453.8
20532	5901.4286
14583	23529.412
68337	628571.43
72096	20858
70247	13116.474
Mfap1	191142.86
17761	25753.425
17996	134000
67300	360597.01
67302	8831.7143
67306	30857.143
59010	13991.778
59011	20777.714
98366	220338.98
59013	694877.51
15115	54616.896
68817	19172.682
15112	267027.03
239857	130000
66365	105428.57
17995	243534.48
19035	2129629.6
17993	2154285.7
17992	7182926.8
17991	2060606.1
171180	121714.29
66368	2842.8962
14467	885714.29
17999	3886.9222
83702	10056.347
83701	44857.143
68240	49097.521
71770	309498.4
66416	2008849.6
19354	1315.8854
268470	16694.101
67943	163714.29
232807	42571.429
13855	103865.55
50875	51704.545
217517	5247.619
66414	1082758.6
50876	5527065.5
234353	824493.73
66413	38817.481
66142	126250
66411	58571.429
12859	3945312.5
12858	5246575.3
218194	34571.429
67781	151794.87
109880	8800.2488
107272	494594.59
107271	439393.94
12580	1314.4048
70911	231714.29
67788	12708.857
12857	9171597.6
12856	80949.206
66091	1100000
14924	596.83889
66094	120857.14
66098	674285.71
14415	14144.182
268980	89714.286
208967	16465.429
66569	13119.429
213760	20403.143
71772	14187.143
269261	124848.48
245474	743.45776
77134	1986885.2
228003	1509.4719
228005	472.11436
72479	84000
228869	23308.286
22388	751428.57
13204	12169.057
101739	637142.86
110960	3779.7784
66834	3371428.6
78937	37428.571
22384	651428.57
66899	27255.143
30960	77510.04
21823	14479.92
66890	2485.5028
13200	85487.528
66897	3848.6111
53857	37193.764
11354	8925.1429
22258	1137.1102
12041	7615.2913
110175	240425.53
16648	54000
16649	17483.143
56464	2974.6753
60321	43681.747
19344	16924.186
19345	141666.67
74840	157428.57
19340	92237.443
19341	2225.5963
232449	1240.5031
217737	300000
18115	31860.037
72508	2935.8095
68044	12469.143
100732	6543614.6
19290	5314285.7
19291	155142.86
13854	2034782.6
326618	1907258.1
19298	60869.565
209027	3183.4304
100101806	17141.429
66144	5915966.4
53323	44316.5
19765	1729.321
56447	118285.71
56445	956310.68
56443	162972.97
56440	1057142.9
56044	260194.17
13859	1765714.3
52348	25692.695
17357	40205.5
17356	1301.3187
53328	239714.29
74114	17647.059
74117	179714.29
224904	122000
224903	19300.286
229900	22496.571
13511	862.86988
D3YV37	26450.857
171567	1127.8481
56205	1040000
56207	6840.7295
11792	2544.5426
76192	4638.191
236312	41142.857
98053	7356.4961
56357	297169.81
20719	436507.94
52163	111497.33
20866	36000
52696	88571.429
64009	30285.714
20862	9097.7143
16822	24765.478
27061	26921.224
16828	4186747
12764	57638.889
105298	26270.571
12111	6883.7398
272396	833.24051
12116	44717.445
320191	174713
71943	22190.571
18041	107538.8
235339	542056.07
107733	66285.714
52589	3171428.6
11641	136285.71
17196	18771429
52585	36102.236
17192	3213.7931
11647	2334.542
17777	57142.857
70584	546.20573
107476	9765.4584
14672	91922.006
105501	4163.1579
26875	132571.43
74868	13442.286
68106	23378.286
52563	2621.7755
20503	2119.2149
20665	2097.6609
15162	577.27099
17475	1426.1314
16913	3377.2464
16410	908.09387
70456	10426
26949	139901.48
Pabpn1	337142.86
20916	2224622
14857	174439.46
20910	7571428.6
14679	103672.32
14678	380281.69
26940	17759.08
26941	2477142.9
70369	7237.3602
14674	57029.178
11821	19850
11820	223376.62
66904	40480.591
99412	39142.857
20848	1833.6364
14079	140909.09
269643	21414.094
14077	8947368.4
18952	263428.57
18950	136678.2
18951	2899729
68038	13695.714
80907	274571.43
68033	9337.7143
17441	15139.143
22393	3190
67427	497478.99
74351	34000
269593	22872.286
69150	155142.86
78255	98285.714
12933	6571428.6
321022	166571.43
12934	3321678.3
18772	1684.6154
108058	50553.506
50779	27353.143
18777	248695.65
53416	17219.065
53415	33714.286
80838	20315.493
53413	73601.148
20284	64571.429
54325	1434.2652
104923	94413.408
218506	61142.857
67179	168285.71
76742	38571.429
14187	23665.823
78038	23978.686
269823	3938.4181
50770	559.90733
68671	361386.14
242687	22334.004
15929	519083.97
18176	53968.254
15925	7018.842
68816	179518.07
67311	22784.677
14457	276285.71
18377	134285.71
69046	18364.286
15108	204214.56
14450	3550.297
15107	585987.26
18378	12222.286
66736	37142.857
66310	30571.429
14697	114430.38
14696	7372.3529
66314	1022857.1
14693	411764.71
17988	360000
71760	1068.7976
71761	894.31925
71766	15564
67771	2430463.6
75705	816693.94
67774	10233.714
19193	16001.795
67776	15220
67951	24608.501
13175	75661.376
67955	625000
67958	13371.714
67959	161879.43
66421	10328
66420	27694.762
66427	256857.14
66425	13604.857
13860	34000
12848	390519.19
74147	48467.967
12846	80377.358
12847	37745.098
229706	2461.8982
14526	557.44444
21838	969135.8
231580	729.43295
26611	340000
320632	11152.857
207728	13755.459
28084	430113.64
28080	1769953.1
66226	108285.71
66222	804749.34
66044	891428.57
66046	619047.62
225363	83066.362
22627	34823529
22629	11260163
22628	19271255
338375	1484.4068
20408	311239.19
229877	851428.57
52822	2000077.1
72461	6859.4705
50997	52000
232906	811.88571
67199	2827868.9
215653	49142.857
66237	1338983.1
52443	26696.286
93747	800000
69938	1089372
11431	131012.66
213539	124285.71
69077	613744.08
26422	15368
Rpl15	50285.714
224111	30571.429
110173	2181.4562
19339	618181.82
110355	3449.492
434446	40285.714
110350	4969.8096
110351	83714.286
19330	49029.126
60315	15168
19166	2542735
209195	12467.953
19167	545098.04
22287	44571.429
22284	2898.6323
239318	351428.57
22288	11485.429
78920	665198.24
110198	61035.422
13885	242198.58
13884	40252.708
23808	10160.571
56085	199312.71
26445	164179.1
26444	3157258.1
26446	350243.9
23806	1184.5405
26440	1076045.6
26443	560975.61
26442	2481327.8
109161	1087.2222
67490	18486
107975	342857.14
19025	46202.532
14208	11026.384
19752	48857.718
18515	26046.512
19244	13204.192
19247	9984.5896
19246	5591.8981
56309	120571.43
218544	281714.29
16211	47260.274
21346	255142.86
56305	40857.143
56307	23849.372
70082	136285.71
75209	6421.3205
14718	4600484.3
80718	2893.945
15233	5284.2697
12696	773255.81
12695	423.89858
104027	158285.71
21894	40928.768
218811	6177.7143
27222	1238.0814
56274	2685.7143
266645	1474.8214
69207	25754
20639	232888.89
20708	4840.2857
64011	1005714.3
69024	34857.143
109700	466.81934
213350	10418.857
21873	100257.07
21872	30487.106
20701	460048.43
20874	20032.441
73178	37924.152
66209	85428.571
225027	677902.62
13476	22076.286
668218	222000
16691	1767346.9
19215	285185.19
66208	57142.857
11668	152495.01
17189	742857.14
11658	6084.9057
11652	5982.7443
227613	14629213
11651	21875
17184	447990.54
11657	1077142.9
227120	26839.714
53318	10121.714
17762	6041746.3
17768	3111.4286
53310	164285.71
53312	12578
57320	9047619
57321	2946.056
53317	5838.4016
13667	1345.7061
17164	2159.8705
17161	40874.525
68135	250284.09
68133	61714.286
217593	11968.571
14394	724.15385
17158	556.93043
269109	20269.143
232227	5045.4735
12850	24005.069
245880	71057.884
213773	28249.714
58200	463742.69
54131	26730.31
81004	3758.5603
192662	4686274.5
19346	9435.5769
20262	45142.857
20907	253819.44
20901	406818.18
14660	172106.82
11837	1249211.4
54204	590.43716
18752	6919.6557
54200	811.0355
14667	70984.456
83945	173060
320557	49142.857
224997	31142.857
55944	38503.65
83431	314285.71
54683	9776785.7
319944	930.25362
68001	25606.571
223776	11980.857
67106	92571.429
94044	46571.429
12307	1922857.1
12306	240285.71
12301	1497816.6
231801	25402.857
58810	1150769.2
18416	85593.22
12308	1565714.3
17898	13877.143
60345	11307.407
18984	31710.914
76688	1590.6965
12386	32843.652
68794	4145.2678
67542	72571.429
67092	58865.248
211488	7056.6406
108682	828.08429
53421	8504.8319
12492	6761.0879
71978	480984.34
53424	297142.86
71974	6929.6992
14200	24505.018
229665	878.89933
70974	49758.454
14198	219333.33
14199	171142.86
68312	31172.018
68646	67714.286
20054	1365517.2
20055	154794.52
67145	44571.429
226977	221714.29
101314	411428.57
14194	3688362.9
22134	31428.571
338355	20271.429
66916	245985.4
226180	5753968.3
58234	113714.29
74998	46000
Rps18	751428.57
331532	1865714.3
19293	1468571.4
66661	51714.286
15481	17027864
78757	7259.9532
22282	3268.2081
233799	67304.348
66663	28039.702
330260	51977.401
15132	11273.429
72634	14298.286
12260	75098.814
331026	6179.4444
71889	23113.208
67241	98571.429
226982	5390.4605
14682	337047.35
208618	60571.429
17975	1654879.8
17974	6567.1053
17970	2565.5238
14688	2200000
18747	70085.47
18746	2561205.3
68267	52000
14299	654285.71
71795	100285.71
216443	3969.7339
216440	1004.5536
67433	28346.571
66945	417168.67
66128	624857.14
19299	13488.012
67437	11203.784
114886	252857.14
12870	4270.4053
13872	2196.2963
66121	16550.286
66948	3003.8741
268890	45454.545
66125	170930.23
72183	554285.71
108897	12215.429
17257	332644.63
106504	6470.5376
14533	25933.143
67891	94033.413
67890	2070588.2
65102	11121.714
229603	2011.0714
67894	9907.4286
67897	9068.8172
66540	66285.714
17880	89756.592
17882	156000
17885	1570.6763
17884	13666.839
66231	89142.857
22632	17183.575
58523	492.2864
66054	357894.74
22631	28653061
66052	26252.071
56448	1641.8
234023	697416.97
232910	859154.93
78808	608.52431
26894	242545.45
338367	1959.1451
66387	4205.2857
72692	13217.259
11804	4880.3395
110695	135250.46
17706	21740.299
224105	343511.45
12476	2471.5415
216613	18107.143
381760	55869.737
30949	199428.57
30948	6085714.3
66437	1717142.9
50527	7302.1552
214579	237093.69
74044	32285.714
107831	7206.0683
19324	1046298
19325	115000
23837	288571.43
110187	9198.8571
217715	44444.444
11486	63920.455
11484	44871.795
22139	651428.57
76826	14657.994
13897	1061.7082
76824	36571.429
76820	15523.143
56463	106571.43
69527	42571.429
68018	761.92308
26450	814285.71
26451	179054.05
228026	23971.377
19038	482.5
100226	89051.095
19744	858695.65
51810	182500
16201	42984.41
16202	68362.832
212880	4139.9225
16204	358593.75
234889	4947.7143
268932	11448.857
79059	18622.485
107766	2729.5105
16592	2755555.6
16593	151016.64
16594	18363.94
80708	32000
67855	11345.143
56794	4865.5766
21881	608899.3
69780	261682.24
20692	24540.286
64051	24123.989
216456	817.00997
27215	1586.5679
228550	4944.0087
78655	394285.71
69017	20536.286
20842	4775.0397
21648	16245.429
20847	1655.1463
20846	3210.6809
20844	250000
53893	120183.49
13405	680.83197
53895	265073.53
66162	43428.571
58869	152285.71
235315	234285.71
16688	2969.9288
81500	392.10753
12183	44015.444
14917	221082.09
11669	362235.07
28088	91142.857
11465	153866.67
69654	5796019.9
69305	225739.64
69656	125428.57
56086	1619377.2
269397	11426.857
55949	3457777.8
20603	22596.995
70568	25444.571
70560	10636.389
11936	420938.59
269682	95428.571
17159	5088.9437
69202	931428.57
68126	96571.429
102502	117714.29
70160	12109.845
16978	660490.54
223601	26025.143
407785	3474137.9
269113	45686.275
16971	5984.5985
16976	2074285.7
269116	2210.2419
70762	4386.1111
270166	17034.7
12261	745714.29
12266	9621.1666
100038882	5516.8944
70361	6349.9033
11808	368571.43
104776	299065.42
66071	34000
11800	14523.714
11806	2541666.7
68015	91784.703
231803	9444.2857
12048	6296.9957
12825	4160.7923
20115	1247422.7
216618	30571.429
20116	251923.08
20111	14364.641
14232	2426.2687
107589	15558.99
18979	5108.7324
78232	44857.143
380711	73142.857
14417	16827.35
18970	2428.2388
12317	6730769.2
210274	19768.857
12313	5134228.2
11938	42241.379
70767	7371.3031
69219	3263157.9
11933	12234.532
18405	14217.143
11931	967105.26
75901	15093.023
67089	116966.58
71148	580000
18993	3779.4769
432508	180285.71
18830	1564.0162
12912	18023.167
108077	1017.3714
243621	3374.5607
12408	765342.96
56367	31142.857
15369	53968.254
219072	199714.29
70789	3139.6552
71960	12350
108671	3340.2317
68653	114285.71
269061	45428.571
20021	18661.091
230872	98000
20022	27704.274
20024	968571.43
233765	14862.286
83397	218857.14
381979	618.99743
18570	545714.29
18571	69505.178
243537	4579.8817
13132	15796.345
13138	85330.347
11899	109428.57
272589	20963.429
76787	71428.571
72068	2923.8889
18195	1134408.6
233789	6533.6249
15129	38435374
18191	4753.2145
13627	1898268.4
72993	15134.371
212111	6287.4286
20334	3740.5229
20336	1586.0513
212114	8800.2857
20333	2742.0465
50791	21647.059
17967	79013.453
66335	486910.99
76507	29960.053
236900	89638.554
595136	2462264.2
18750	16517.857
18751	49031.297
75599	16788.286
18753	3802.0772
18754	10922.931
20867	1860036.8
71780	9878.6355
69051	71875
52690	11156.571
12864	835526.32
12865	192500
12866	6397590.4
12867	2000000
110750	49714.286
79560	37106.918
72201	61428.571
114893	34571.429
229285	16985.429
243846	16101.143
433904	12640.857
107029	24884.793
108097	133210.33
73825	30571.429
66146	15627.429
103742	177142.86
14544	667400.88
108099	31802.12
67883	1552.0476
67332	210317.46
67881	102285.71
76279	37600
15492	14936.461
66201	256310.68
66200	43428.571
17896	179792.75
17897	406372.55
66204	1535353.5
239570	23129.429
73139	83428.571
26921	2558.6375
66066	141095.89
22608	155279.5
78428	62561.576
73137	81142.857
22350	1488054.6
22601	11372.286
78830	388571.43
66593	194514.77
93765	6013157.9
69019	3210.9317
56524	437142.86
93760	403.35085
66848	1043.449
51798	188990.83
51797	14115.143
51796	16701.903
66847	110571.43
51793	16272.632
51792	1125636.7
51791	10246
110611	259428.57
18574	63738.318
54342	19608.696
12468	140073.53
12469	609489.05
12464	237476.81
12465	622920.52
12466	538606.4
19134	2333.9623
12460	18889.781
19132	29894.737
12462	166422.02
66440	67771.765
14933	54561.717
66445	1387692.3
30957	637.6365
170719	1240000
66449	48000
234309	23535.593
66118	196571.43
Ubl4	90571.429
18573	52389.381
328417	427.11429
23825	425714.29
23827	545454.55
217707	103361.34
72535	125818.88
66397	30429.293
11496	11938.857
231148	81045.752
320806	11764.955
56417	1869.1002
218397	811.37143
56418	137878.79
28114	118857.14
338350	14276.286
22196	328481.01
22195	1818181.8
66143	121142.86
22192	187431.69
230709	12363.158
237943	17517.714
19261	11767.446
72303	585.62857
19266	24476.987
19264	776.83966
16765	4295302
19268	1221.9705
56327	62500
56637	1841.9762
56324	23709.369
11785	639.8169
245841	14988.667
11787	19132.857
16569	124631.86
16568	10941.369
26408	1862.3188
16564	1869.6172
12075	9705.5306
233870	1754424.8
67326	128571.43
16563	7195.0355
69225	408571.43
26363	814.75
23918	37743.191
21816	4149.3252
74781	37142.857
14776	378.97895
23917	6888.3268
65962	21011.573
81489	181470.59
56529	1688.0447
319504	147292.99
19646	120000
27204	106571.43
27205	1775.7058
56526	528571.43
52206	8330.1115
56744	17506.667
69008	34718.101
21856	508571.43
19060	57314.629
105083	12875.714
56749	38481.013
21672	3818181.8
215384	12239.429
74255	32163.743
74254	13396.857
74252	132857.14
13646	47490.347
11881	29400.749
11670	11705.96
11671	9391.3223
11674	5439560.4
320707	634285.71
21987	155142.86
11677	1085443
94282	11860.857
140494	1085.3181
56438	686111.11
74098	50285.714
20815	500.60185
64143	146116.5
11475	2838196.3
11472	66666.667
17191	2331.1715
20817	8923.6417
12785	16964.607
104174	2162.7317
56530	46571.429
57349	1733.4286
20616	1640000
20617	13071429
20614	1009708.7
20615	15651.429
26562	36000
20618	425714.29
70572	33714.286
57344	17004.255
11370	179878.05
212933	805.76541
16414	898.89754
17149	271917.81
16412	2042.6065
12539	372031.66
52551	254571.43
16785	827118.64
16784	40963.855
74326	158000
74325	5401310
232201	14756.286
12258	2451.9841
227700	545000
434246	6378.6164
17096	2991.4062
20851	4690.9669
80280	14811.143
320011	8833.011
102339	10862
20335	3957.5
14828	4183206.1
20924	58285.714
268482	1211.499
70316	2608974.4
14827	5386138.6
70314	27300.286
70620	3537931
24131	25452.172
270192	836538.46
434437	3689.8263
83965	30285.714
20102	145627.38
268656	576.87104
20239	10655.429
98660	16568.627
A6X940	37428.571
13728	642.29381
73094	87714.286
83766	18630.751
12323	83394.834
12322	2238493.7
12321	781714.29
53333	50138.504
20587	1405.6104
53331	3823.1801
53330	9436.8794
212647	87010.676
20588	1832.0652
105559	49142.857
11927	574285.71
14957	135746.61
54645	654285.71
14225	15370370
14226	397222.22
75530	14011.714
14228	310043.67
14229	3493.8596
76089	2331.3503
432516	36625.12
108067	6330.2857
243616	8189.4737
224727	48571.429
110616	2873.5211
70791	3072.6733
14854	96413.502
108664	203519.67
14735	381.72352
21960	284977.91
71955	96857.143
18693	201142.86
216739	10193.974
16480	57986.577
621893	7985.3846
53320	400.54521
11814	53560.606
74091	74062.5
11816	3504823.2
432467	25074.286
268782	1550.8967
108841	5840.4192
12367	13153.791
72058	1013513.5
67186	6617391.3
67184	318055.56
15159	31560.662
109934	54857.143
70207	43142.857
109754	61129.568
14319	2851648.4
68275	1249.505
15439	46000
233335	11402.947
20324	66000
216134	1397435.9
20322	79831.933
70350	11714286
94061	76857.143
17957	3200000
16549	82754.011
17955	1562666.7
14859	267873.3
16548	103355.7
68203	15078.392
68202	4258620.7
68205	80918.812
66922	33550
109689	138277.51
67988	16748.246
66694	4416058.4
66695	2805.63
12895	2548.4456
12894	3483.4411
67980	54347.826
12890	7085714.3
67457	10039.429
12892	7721.219
234797	285428.57
15571	17379.837
114679	15605.429
224762	853.66864
18033	4110.7106
97820	59142.857
109331	2020.7605
77305	59714.286
18039	20810313
27399	456.62818
68564	43714.286
106529	12075
73830	117428.57
77862	13840.857
Slirp	101714.29
73834	3210526.3
331487	38709.677
229709	618867.92
66218	653631.28
320472	419.01202
230027	42972.973
14555	297994.27
20384	331226.77
16545	823.90313
68767	45142.857
68512	80571.429
211548	117428.57
67426	16434.109
50493	27569.331
50492	14847.162
266781	23613.429
28295	1417142.9
232975	263573.54
13171	132365.15
22349	75332.527
66075	1662857.1
22612	13421.996
66070	21637.555
22343	1754285.7
66072	25368.857
66073	1005882.4
51788	1289062.5
27050	419753.09
27053	22994.652
66588	3765306.1
27054	15254.237
240057	75142.857
66585	19212.011
67838	553072.63
12419	389528.8
12411	4189.3048
70266	5711.5566
12412	207567.57
19125	8367.2788
12417	444808.74
21399	166857.14
66101	27798.404
72947	698.17987
72946	11206.286
50783	97810.219
394432	11201.13
59093	13895.687
66108	37931.034
72948	6171428.6
108802	725714.29
216459	42843.961
192166	10295.756
18125	394.91952
14852	61320.755
20917	244803.7
192160	2550.2865
319322	537142.86
72543	6043.8486
72542	175428.57
259300	3437.0166
15204	4549.2142
71919	26446.571
73385	75428.571
28106	203142.86
73942	58571.429
22185	36842.105
93686	261142.86
16779	1328.1823
11826	6389.5911
55984	1987.9208
16773	1014.8422
16775	5172.6872
16777	19428.891
22166	2323809.5
12325	18471.456
239217	71428.571
97387	30000
16573	57320.872
22169	16275.391
23969	6400000
98766	9536.4303
23964	562857.14
66681	362903.23
19652	53451.634
55990	916.91589
55992	6743.5484
19656	31142.857
19305	2147.5743
19654	12121.143
19655	480818.41
19309	46199.525
27273	4790.7767
19659	328571.43
65970	11445.714
65972	711.33065
65973	351.28205
63985	942857.14
56752	98582.996
21849	233812.95
116733	23569.794
17220	507.57997
56758	206857.14
21843	54336.735
19878	13184.438
74244	516.9341
74245	1069.235
74246	585.44669
13427	199346.41
13426	42675.159
13424	23255.814
64685	24887.429
19877	7357.9764
227620	1842.3471
227624	41428.571
11687	371.19155
235661	879541.11
140483	6913.5593
117150	137529.69
56334	85142.857
56335	4487.931
12798	10663.714
12799	764285.71
56330	465714.29
56043	42857.143
17319	352173.91
109785	1393.4502
12797	32571.429
229589	22466.96
57752	7812.3586
70549	10021.053
21835	22760
70093	1814.9289
20624	12049.434
654795	127142.86
16952	27141.714
16403	3042.4381
75221	35365.854
72662	3517.4322
17425	1063.0459
16796	2128571.4
19280	7813.3193
16790	18115.942
19684	883361.92
57905	21851.228
21762	22687.225
20823	221686.75
20822	2465.7993
20826	135937.5
17299	741.64179
230577	417.13684
227715	20375.427
14030	110687.02
20480	24224.52
58916	8804
223723	9949.1429
52637	1617142.9
217069	2512.1451
52633	129347.83
20133	504.72222
246703	131714.29
13207	114332.25
83409	57428.571
13205	33987.915
106039	56850.394
21681	92156.863
333433	244444.44
13209	23188.406
211389	21428.571
57376	110462.29
53322	85714.286
13169	417142.86
12334	56428.571
269180	1603.7274
12336	412639.41
12330	28595.601
12331	2271428.6
12332	59375
12333	3244.8808
54673	163561.64
14960	16894.922
80877	16218
217149	12416.571
70439	229142.86
14784	1953917.1
14782	72400
230233	348.33458
20005	275520.83
12490	15849.215
14149	20076.316
353172	37037.037
353170	110000
22352	1918454.9
108655	5281.7021
27207	2905063.3
18810	36026.434
66592	1011428.6
24014	560.05442
24015	44285.714
226407	10581.143
24010	61579.892
216705	954285.71
24012	210000
18816	8109.5723
13113	605.20875
66590	113582.68
11867	31720.43
14810	1993.6034
66849	457142.86
18518	235142.86
232341	1059.5288
Ifit3	668571.43
68473	33428.571
216820	575.387
104158	182300.88
68693	163142.86
67628	24919.714
18778	1187.3288
208643	7312.5
270097	568571.43
15490	515.41916
230696	21172.286
20316	56857.143
76499	84285.714
Skp1	1737142.9
76497	1448571.4
66841	185064.94
20318	84571.429
76491	330000
107146	90202.703
83997	75142.857
67530	19729730
68219	56000
238024	1071428.6
218490	74857.143
76308	163184.08
76303	18372.857
76302	96571.429
11459	78514.589
18458	300314.47
171486	21474.571
12889	7342857.1
66917	1637142.9
67443	1512000
66914	233484.16
76479	20407.143
66912	26870.286
66911	11730.857
14567	2885714.3
209354	4143.6066
15568	328220.86
17847	10385.26
14569	2214285.7
212627	30571.429
26897	128162.29
Qki	176857.14
26895	2576.8939
26893	155555.56
26891	778325.12
57394	29428.571
594844	817142.86
14768	43714.286
72047	22389.666
68215	44857.143
72042	1068571.4
71984	1774.6332
207565	7069.0476
30956	7242.0086
71985	19275.429
81910	30467.29
22378	848571.43
216963	10279.61
17918	14516.999
228836	22906.571
22375	120374.22
12461	757009.35
11308	614285.71
27041	198000
76238	53658.537
67841	15735.032
66861	2264.9433
11303	2647.678
66867	40000
66865	29580.153
27681	246511.63
15368	4173.3564
12409	86065.574
12402	2614.6769
12401	10012.857
12406	268585.13
30934	9263.7143
20280	200000
109697	75417.661
234671	16738.857
67996	162000
234673	24995.714
66469	164571.43
50797	157714.29
50798	3255.6787
50799	107142.86
207304	17341.482
66711	13761.714
170718	4485714.3
66713	560000
20042	1507575.8
20713	144857.14
110391	2663900.4
110460	466666.67
66446	1434.5361
68636	68571.429
67382	1823.9669
26400	1765.9813
13688	120285.71
66481	1698795.2
229905	14136.264
69802	8412.7273
13682	2432432.4
13681	448275.86
13680	76857.143
66488	135142.86
68631	32601.881
12537	16071.429
19063	104575.16
19062	1396.9231
15212	44589.552
231760	14060.571
13858	64548.495
15211	15267.045
56436	29714.286
20044	257615.89
56433	477142.86
56431	1327272.7
56430	225736.88
27402	337325.35
107351	11240.857
65019	117142.86
224020	36285.714
215114	1030.7094
224023	721.04101
110082	11319.429
56187	11372.663
110265	148068.67
56185	25837.96
53332	1197.8176
19205	111005.69
217666	8095.4741
22793	13118.44
22153	8175675.7
22152	2622222.2
22151	3730337.1
235072	3228571.4
22154	745495.5
77697	67510.549
23950	402739.73
117148	26624.286
68082	12628.636
12653	180285.71
12652	164571.43
23970	451428.57
23971	33493.59
55982	21581.429
55983	195714.29
55980	1126353.8
16149	1226.9534
22088	30946.292
55988	557142.86
27267	11113.117
56505	91885.965
19660	99428.571
16890	1866.2714
56486	364102.56
69060	14041.72
270685	2946.5711
16329	73737.374
56292	316595.74
56297	74193.548
56294	1093.4401
13430	196680.44
60532	11948.286
216238	364280.65
64697	71714.286
13437	14605.708
68736	18185.143
235674	59433.962
56615	6607.7419
230721	48571.429
56612	1006493.5
56347	49066.959
104082	26260.571
56348	2231.0577
11450	18320.648
227541	34285.714
69117	22163.429
17436	185314.69
20630	79245.283
20637	776785.71
52538	370277.08
234664	12109.551
16434	343939.39
17120	3960.6695
60409	159714.29
56839	190285.71
75695	171142.86
74340	19249.592
223650	28142.571
70153	36571.429
20832	45148.256
20833	12305.226
66383	374285.71
239719	101142.86
76886	285142.86
227095	267532.47
14874	336111.11
53598	763440.86
14026	115714.29
105446	27337.069
20947	38857.143
58243	17628.846
232536	15246.857
232087	110886.08
239017	24630.286
68045	557142.86
235604	106640.62
13211	8333.3333
81018	30857.143
21817	68804.665
232314	10777.143
53356	134375
71336	2199.4737
269523	282878.41
12349	8884615.4
76952	2458.0357
53861	26588.286
230751	102285.71
26462	30534.351
12340	340209.79
12343	2870629.4
53868	2584.3662
12345	1188610.1
12346	429118.77
108645	107185.63
80888	14943.878
14790	27500.286
14791	1362857.1
14976	2527559.1
15109	512.03957
14972	2153.9566
14797	15338
20014	8605.0713
14156	788.9418
246730	358.14714
17117	16701.575
14151	24047.619
24068	48857.143
14595	915.88972
22215	3031.0734
24061	1929.1971
20088	321052.63
14593	40666.667
14800	5359.2299
70231	106000
14590	403785.49
66049	13740.571
432442	18090.286
68193	46773.248
232400	16534.571
18521	292817.68
68196	176000
18655	5899280.6
20216	8357.2414
14694	505714.29
29875	7483.4037
11977	249496.98
29877	1037142.9
29876	371936.76
14489	777142.86
67615	10751.681
15170	4098.8235
17931	52672.498
17930	76857.143
20443	648.61862
17868	78582.677
20977	92319.143
17939	52289.157
71844	11895.571
71599	3289.1855
14376	21716.102
14375	954.85197
216150	2355.0638
77559	11839.429
68995	48857.143
67299	12034.286
22193	16678.261
208606	10244.857
67059	1042857.1
67054	31764.706
18786	11779.093
69368	11215.429
67500	131142.86
30059	1631428.6
76467	56857.143
67273	1704225.4
66679	11532.609
234267	437142.86
66902	86572.438
109359	29428.571
72141	4042.5403
66905	278285.71
30057	10695.143
30056	411428.57
15519	6903137.8
14571	385144.43
18010	5250.6112
231570	19002.571
15510	7539267
15512	459715.64
15516	3038674
66273	48000
14775	362686.57
20641	269747.9
14381	55145.631
Chmp1b1	84857.143
14778	86283.186
77038	46153.846
68537	7102.809
267019	183846.15
13684	343778.8
72039	35564.854
56321	9365.1429
110006	2150.1543
56320	1045714.3
382056	135142.86
68926	11690
72361	4357.4286
110651	2336.3514
67873	8304.878
15356	335384.62
67871	301145.04
67870	308560.31
67877	14966.292
215707	96000
93739	2102564.1
109778	258983.05
22778	3393.4236
93730	574285.71
15191	988571.43
15193	104000
224143	2644.6429
15199	548571.43
170728	34857.143
67475	1713.576
67474	234615.38
229731	50571.429
228359	628571.43
103466	328571.43
66471	96857.143
66473	36512.928
234663	351626.02
66475	65409.091
66477	19769.429
72567	103373.23
13690	11589.404
72562	364705.88
66700	64732.143
109652	241911.76
13367	2518.8048
11783	364.89992
216856	1693.8995
18845	1904.5935
228994	119428.57
26413	455307.26
66495	1923076.9
69875	829787.23
26417	53947.368
70356	1237196.8
69878	50554.651
228998	1031401
66498	21038.235
19072	37042.254
235505	558.9043
68117	46857.143
56421	86479.592
19079	48518.519
56424	45723.684
56426	170857.14
16560	16755.162
22365	3949.4737
218865	7318.6242
67155	2496.766
94221	9157.7143
27784	43428.571
110095	25411.765
16554	4608.8571
109658	10326.286
56194	18467.996
56195	628571.43
215449	208695.65
18563	85738.54
215999	26237.714
19211	6295.7816
111175	113861.39
23945	94059.406
23942	495.22455
22145	955357.14
229279	3614775.7
241263	30416.667
110078	57769.87
22142	312638.58
109006	182000
104303	9559.116
329877	114571.43
11518	840000
277360	375.43636
69276	571.25628
73068	476.29857
69270	21543.878
27226	12187.045
110380	497142.86
16150	4425.7596
16151	34223.301
19672	212571.43
12040	15847.179
60525	4807.1327
52432	30684.327
11812	160285.71
21825	2048.6325
75597	460000
19697	2587.4317
26961	89883.268
19692	14271.143
209462	611.71617
56282	782857.14
14979	81467.181
Cyb5	845714.29
69632	790.21387
14872	25563.934
105148	6097.7021
11429	1000000
11428	31833.521
56350	351098.9
56351	837142.86
56356	78857.143
116847	24592.857
56354	8630.9717
11421	1007.8506
235442	8984.058
232533	9049.569
69617	23978.571
17330	1211.2266
21956	145514.95
21954	75829.384
21955	1543.4351
21953	76373.626
17449	10089820
17448	4112426
98238	17234.857
54720	43714.286
99349	9467.7143
17118	7766990.3
75770	4358.6395
227707	32571.429
16426	16307.714
98732	15695.429
20743	211714.29
16423	64686.469
223649	6830.4609
320024	2239.5098
236539	174484.05
210126	32285.714
209318	14053.928
218138	40053.763
11735	9178.9903
69724	1129.7342
11737	1240000
11736	9508.2857
69721	18035.143
11733	1011.869
20979	800000
11739	1083892.6
26458	70322.581
70186	30000
380683	13403.429
380684	533944.95
54473	143065.69
380686	1197142.9
14167	53497.942
14605	50857.143
68051	253142.86
68052	154966.89
17250	1579.9738
56531	14759.714
68055	31428.571
380752	133428.57
19934	214062.5
67602	46857.143
14057	31142.857
12359	170398.48
70527	3627.1226
12353	11513.88
12350	329615.38
12351	3954.7541
53872	1582857.1
74718	14229.429
80898	3618.6022
21916	256545.96
19933	19516.25
108989	508571.43
80890	59811.828
56748	171142.86
11991	1202816.9
14161	54571.429
11992	1085987.3
11789	488.71705
11997	107594.94
14164	21313.548
19946	823478.26
76282	6572.5806
24070	503.48178
75767	1220.8372
236573	96285.714
14661	2132616.5
18538	36319.923
68188	1852.5701
107747	119733.92
20970	13357.014
18826	73714.286
68183	162222.22
11845	24221.714
11844	100555.56
11843	7836.1111
18823	97142.857
13177	564013.84
11840	651933.7
18647	4768.8699
18645	4278571.4
18642	63461.538
18643	3985714.3
18641	29871.795
15161	162857.14
15163	108436.21
18648	10590551
17922	718.26787
17920	6905.9289
20912	10721.714
208665	6980.3077
17929	84000
12950	500.30899
71853	845454.55
72685	33049.041
18795	105263.16
107767	39428.571
18797	1306.9692
Ctsl	14005.714
66043	708333.33
381677	180285.71
27176	56015.038
68988	8052.3046
18798	5359.7143
67285	4433.6887
67286	29507.568
Pisd	10174.571
18226	90494.297
13006	12818.406
13001	112093.02
18221	1902857.1
18222	1293.9816
13002	117171.72
67512	51798.561
13009	39570.103
67043	247142.86
67040	14877.385
67041	1098076.9
66399	91049.383
67264	323655.91
22235	24949.29
19044	521.69811
217365	16256.908
66642	11687.034
140580	759.65612
66395	977142.86
66646	27763.596
66645	448571.43
72151	1360.0885
54120	58000
54127	3000000
54126	50401.276
15502	377833.75
21985	891428.57
54128	68181.818
18000	2162857.1
14580	3023255.8
18002	1716049.4
15505	116317.02
235415	57142.857
20201	95428.571
20200	94000
20203	2145714.3
268373	45365854
28028	13070.857
66245	2347.3389
17855	7246.8354
330662	870.77748
17850	14839.572
226591	145714.29
67605	25008.857
109905	22745.652
72026	1633.8369
68197	490000
109901	31493.985
109900	103017.24
67921	95135.135
72029	32000
94280	32571.429
231691	13718.845
229363	84848.485
109620	11342.352
77219	48433.048
230257	14584.571
26431	1265.9605
67865	308571.43
67860	21954.857
67861	64285.714
67863	61714.286
170750	32584.27
15182	6555.123
641340	16057.143
108160	34808.26
11778	25475.13
59069	18204225
67460	260000
76299	137142.86
67465	257901.39
67469	829.88604
106957	13112.286
50995	32288.401
50773	70500
17532	6801.4423
217030	117428.57
74637	707.60504
66734	6082644.6
22225	120046.62
22224	2264.6465
22227	12766.124
19192	151181.1
22221	3745.7407
22223	8475336.3
56738	1474.4025
26426	10143.429
69816	482857.14
11773	88965.517
15239	194838.71
14272	48806.366
19047	147678.02
19046	19367.584
19045	37878.788
19043	24495.641
19042	77748.691
12512	1036.9748
19899	27199.468
14270	1008.6442
72482	13550.571
225028	463.94855
22319	326213.59
19212	18867.714
76960	545714.29
107993	17821.394
56208	494.10714
74185	524.58689
69597	19326.683
214459	20365.143
12631	13192771
22138	19992.616
12632	2186747
17938	877142.86
223255	210208.82
227960	56571.429
244373	571428.57
13429	11649.366
98758	428915.66
114584	477178.42
23795	38571.429
23792	3523.8842
23790	37428.571
20918	1088495.6
78891	1079.7022
17237	16419.361
69912	3421.0526
78894	2059.9702
Cycs	2248571.4
57342	22999.731
110446	2806603.8
103850	65909.091
14325	78857.143
65106	12702.571
228769	134686.35
276770	2389610.4
67115	12141.014
105653	68000
56702	4249.0583
56705	42285.714
55946	15498.086
16181	1501.7978
99571	22094.266
22042	1154.3775
233908	1088803.1
55948	29050.806
12180	8349.7959
140740	511.06579
69608	7918.2857
237711	9137.1429
19223	11257.884
282619	242571.43
56369	71369.295
76768	3310.5714
11430	45990.923
56362	46488.294
19229	12983.152
56360	431428.57
21961	21598.571
56016	12196.571
56012	147430.83
21787	728571.43
14699	4925.2703
21968	40285.714
98221	57714.286
21780	1037037
18555	4586.6935
56384	50857.143
13007	4958549.2
13346	120042.64
56382	750.14925
17698	1258232.2
68262	574.07407
20751	134482.76
74167	114571.43
12298	14344.894
12293	12783.318
13589	2085820.9
12297	88636.364
233871	122000
16418	2121.5102
69736	5830.3681
17215	1840.8867
230596	12758.974
11722	1059.3151
11723	220285.71
11720	48737.374
20810	81048.387
20813	110909.09
17219	3127.0402
G3UXD0	13182.286
Fam213a	167142.86
105663	19462.054
84092	501.24074
68194	1124031
77044	1605.7429
14004	17397.143
67880	23054.508
14007	389763.78
83602	986.50794
17075	4184.4444
Atad3	230857.14
68053	391428.57
68346	17934.839
21367	2036.1538
16855	33128.834
16854	46969.697
94062	12297.143
12362	7157.4627
12361	5131.1015
16852	220000
232333	3543.5726
667772	1649.9143
16858	28592.647
12368	9897.8261
70533	888571.43
107045	19439.728
68611	11826
54609	427899.69
107686	642372.88
107684	9345.4286
30058	132571.43
71665	9903.3186
235106	18355.814
71911	294460.64
18045	11999.517
11983	5800000
G3UYJ7	152285.71
11984	77419.355
269614	2456.2195
16783	51231.527
71268	297142.86
433771	24701.714
381924	617.60274
76501	10412
20963	51033.386
20964	6518402.3
20965	3000000
80334	24997.143
18813	380000
12091	3519.32
11852	103061.22
11853	39721.244
13167	12195586
18815	7360.5911
11857	192500
18673	2171428.6
29859	9010.9155
29858	51145.038
18674	96000
14359	40857.143
29857	1155.6948
243725	560000
Abracl	288571.43
17919	380.69307
14466	524.17476
108755	10262.286
17913	12041.392
17912	957.45257
26932	6991.863
107753	96153.846
20779	6923.475
20362	300000
15445	33078.88
20818	739776.95
13016	156916.1
13017	8166.2921
13014	9919.1429
67078	13849.221
68738	7964.8094
13010	1257142.9
68089	702380.95
664994	130571.43
67252	1142857.1
216197	18956.522
216190	21368.286
68953	225675.68
15530	822.87564
433759	18356.017
67707	20014.286
234594	5726.3158
66384	3245
66385	2040000
269966	47250.286
54138	72571.429
14598	33274.648
106564	11439.228
18073	7909.5582
11534	451523.55
54130	1748571.4
18074	11831.789
54132	236285.71
12988	5719.1111
22321	4354.9485
28030	10246.205
20215	8954.5714
28035	1173.9362
66251	21606.119
14756	1308.4827
14751	3405017.9
20218	113544.02
67671	59860
67673	5406779.7
268566	170000
67675	100571.43
433375	30857.143
79044	23721.429
66810	11145.714
226830	679.03002
226562	14822.857
319565	74857.143
18105	38333.333
18104	189781.02
18107	225806.45
18100	228571.43
18103	1105263.2
18102	22309211
109711	145403.59
67815	322857.14
214931	6081.6284
26754	407185.63
26757	198857.14
20459	1784.6563
208715	13723.846
59079	506.56919
59022	52285.714
66656	1116251.6
21454	362591.43
233489	220739.14
72900	2290322.6
319186	6595238.1
66658	50857.143
67899	70285.714
76281	52571.429
19188	382426.78
17846	43142.857
ORF3	23791.429
19182	744343.89
72584	8024.1237
19181	131408.78
19186	995983.94
19184	433497.54
19185	173936.17
109154	12104.571
109624	960000
73699	2015.3078
319162	10816.923
67923	2758928.6
26430	1544.8916
100900	67094.017
77531	52285.714
72748	226857.14
20104	393172.69
19240	89714.286
19058	10235294
12568	308904.11
242481	53464.286
67201	597142.86
19052	5203.5599
19053	117152.1
19055	689059.5
19056	33142.857
20103	9836.7647
234734	26136.364
235582	901.41491
72349	36611.351
22436	1858.2022
78651	282500
58244	7802.7451
56177	388571.43
74192	1993464.1
67207	18659.398
77407	41552.239
22122	72897.196
22123	19245.283
22121	115270.94
110052	9233.4286
101592	1223.3363
100336	10466.667
76938	56790.123
69923	37054.632
11532	251336.9
76936	117421.12
11537	6638.2239
76932	112571.43
78885	11587.429
69459	53428.571
65111	11591.429
65114	99142.857
17225	18474.59
69456	104000
21685	15498.339
75805	18039.773
268860	334000
216551	10425.143
94275	2332
75572	3367924.5
11928	104594.33
69634	285714.29
66155	377844.31
230904	91919.192
12759	1180000
12757	6851063.8
230908	300000
104183	27850.571
104184	252747.25
69639	3946.7391
12751	1812.2776
56378	691011.24
19231	172571.43
107976	7664.2298
67826	292978.21
56370	4542857.1
20586	2598.5121
56372	236857.14
67151	927927.93
56376	168285.71
12326	13028.145
94181	457142.86
94180	25430
20512	11419.143
94184	35714.286
94186	203142.86
17463	285358.26
Rab11a	845714.29
12286	4940.8784
27059	32857.143
12282	447447.45
12283	956011.73
75710	16442.571
75717	18461.538
233802	322857.14
233099	29428.571
69702	52000
27058	50322.093
11717	2529.765
21807	186571.43
81877	4292.2857
193740	386895.48
18412	4216.2896
105675	104368.93
114641	1232000
57440	1177570.1
54451	10188.571
20174	116630.67
70616	10055.365
320267	23845.143
75624	2448.1606
218236	9771.4286
11409	80097.087
216873	67428.571
21372	16483.491
26900	5000.4559
21371	440000
14231	820.82569
81898	1946.8558
245537	5960.1212
12370	3034.375
19230	688571.43
12372	247142.86
12373	52285.714
14950	1599.2857
19983	1400673.4
70297	45142.857
70296	50285.714
14227	935714.29
56273	68085.106
330192	74035.088
404634	11751.882
19981	17996.739
64176	11321.962
108062	30857.143
56275	22122.571
227197	360385.14
13482	21710.526
53817	207009.35
13486	17452
18481	66368.515
18483	1149428.5
14105	12598.855
14104	59504.792
71678	14031.429
71679	13664596
381511	97769.517
71902	163428.57
23972	52012.882
24050	2942857.1
20518	9274.5027
59310	14623.267
52700	60857.143
17713	972350.23
192289	601.6152
20511	13309.091
19989	34831.111
18514	8000.6977
21770	10271.143
18803	465.29954
230861	683977.2
20682	13624.458
320817	15928.571
193813	43714.286
234695	8890
67895	1224913.5
71877	50857.143
216558	921259.84
98258	27157.429
381314	4545.0593
54709	476923.08
113868	33018.868
20425	7361.0879
83796	2024.2938
83797	3676.699
11886	286802.03
58240	29142.857
15483	1332.1575
26926	251633.99
17901	434878.19
11889	479.64789
17904	2099337.7
17906	410240.96
17907	1603550.3
20195	60857.143
20194	42000
246277	7434.6856
20196	425714.29
76614	7246659.2
20193	591428.57
Kiaa1468	145142.86
219189	51428.571
16993	150409.17
67068	2520833.3
20198	16049.143
18242	227790.43
76263	189380.53
14923	159595.96
13026	419618.53
14297	102857.14
70470	16150.571
68094	46743.611
68095	337142.86
68724	48732.796
68097	3123595.5
68942	129107.98
103468	2104.4276
15526	3372606.8
67003	6578366.4
15528	32352941
78618	2671.5584
67713	56051.724
17876	197142.86
71492	18803.429
12995	813299.23
98256	3360.9603
17879	235839.34
20222	45684.211
20227	15508.685
67397	988549.62
20224	186363.64
271457	45950.233
28006	111428.57
217837	3750.358
67399	8804
14725	4699.5708
217830	8869.1429
67941	297619.05
28000	26984.127
72008	37714.286
56189	6317.7632
319625	37719.298
67665	37044.968
73710	28314.607
76051	1018.5746
76722	206443.91
66283	13885.429
381045	109142.86
26416	2611.6667
192292	19813.084
66284	10150.857
66827	35714.286
264895	40857.143
66824	52849.741
66531	39428.571
66530	165384.62
66821	50285.714
67808	133142.86
237823	1284.1436
59288	2879.3407
16443	182571.43
67803	16497.714
59287	2260.452
54189	402552.2
243912	1677.3457
67804	842857.14
59042	36571.429
59041	16881.925
59047	2316.6667
59046	325714.29
14433	20360360
14432	4371428.6
66701	122857.14
14700	9741.0294
72170	40000
66624	2883.9823
67488	112285.71
67994	13318.857
66629	27376.857
319192	1128571.4
110842	2028571.4
319195	132608.7
225913	78027.682
23881	691428.57
13120	1046.9863
110119	26713.948
74617	46017.699
74616	69377.99
22201	587901.7
22200	12762.121
212531	502857.14
228140	16569.143
13809	3175.0265
13808	135944.7
67931	9656.5714
13804	1174.3197
13807	9032258.1
13806	22259921
228961	4162.4046
269713	25692.455
67938	351162.79
67939	16044.571
66181	65779.688
12576	82233.503
15254	3228571.4
107227	25320.286
212442	120285.71
110606	25400.458
50917	2163.2692
217124	2282857.1
66492	57286.432
22335	1858657.2
22334	1338983.1
22333	13716216
22330	162288.93
22117	280808.08
19082	30062.424
19941	508965.52
19087	443890.27
26414	21325.431
19085	10076.115
19084	164304.46
56491	114285.71
22230	68403.909
19089	664107.49
19088	545673.08
56495	614942.53
56494	6990.0943
19733	75142.857
22687	25883.143
74769	9298.1203
230753	82018.927
26357	8201.2177
22680	220000
26358	256756.76
12613	13524.04
109079	4690.051
74764	8860.7431
69908	44682.648
26419	375.41667
54161	132000
11566	342105.26
384569	193428.57
64656	60000
64657	135142.86
64655	155714.29
64652	30285.714
16618	1722.6054
16612	68199.234
208846	461.99629
69709	34571.429
235431	12712.286
192196	387755.1
218693	7004
11416	51636.364
22594	11778.288
235439	51714.286
56258	122271.71
13629	184149.18
13628	529157.67
104112	91567.369
51886	188940.09
17187	21631.25
27357	84984.985
14702	2197183.1
17760	2350993.4
56031	2270.7309
51799	18946.286
140781	6201.5504
52064	41284.404
66885	74768.519
17472	13103.429
69151	150000
227327	2507.7078
11363	655813.95
30795	691964.29
19951	241481.48
74388	544.77578
102866	144000
223696	68571.429
13361	43442.246
12974	571120.69
74383	537142.86
56812	190252.71
74143	1254285.7
74142	60168.599
231086	736842.11
85305	39327.731
74145	2659.5628
108012	2770.8125
14085	70644.391
208194	248369.57
56727	12695.088
56726	10532
52440	10600.857
69719	389.18605
17274	9592.2705
544963	3393.9683
606496	4540.8163
14708	298529.41
209586	117428.57
69713	12875.143
20168	147428.57
107513	61188.811
21345	614285.71
63828	117475.73
53315	120000
20163	297142.86
22247	14551.975
20768	15851.549
226646	444924.41
52665	42571.429
60595	351048.02
105245	105515.59
76846	408762.89
60596	1116.5557
12389	5127.3596
12388	19296.375
353242	11936
12385	55629.139
12387	51984.635
231887	1274285.7
12380	377142.86
12140	185606.06
64383	838046.27
70047	168433.18
235542	8800.2037
56174	118950.44
58875	498507.46
14113	56000
99045	138571.43
71648	9306.5714
18479	1089908.3
18478	8271.9647
11767	52955.083
18475	389082.97
18477	4783919.6
18476	128879.31
18472	485365.85
252870	3335.3581
52715	69428.571
56698	8748.5714
53621	8257.3913
54563	569.93637
20501	51926.978
19921	210204.08
21743	209469.7
13142	4676.2319
13144	815.26786
78330	933653.85
20525	907.47967
15374	50857.143
22027	1471321.7
83814	4425.498
66606	26904.857
13384	214857.14
13385	118784.53
13382	1809430.3
13383	142541.44
320528	14872.857
71805	746.67888
18611	1548571.4
16653	345502.65
56216	638888.89
18484	753.51305
20341	123714.29
80911	941.88571
11898	706310.68
27425	3233009.7
20430	1239.2658
14609	12217.801
26913	203428.57
26912	20655.048
22351	11430.857
18582	389333.33
11891	37072.851
99683	46571.429
26914	89784.946
67010	28110.189
232791	9477.6298
171210	70419.426
110379	61490.683
14936	2343.3604
432572	20532.286
13036	19046.847
13030	380530.97
13033	1119512.2
71733	10821.143
232714	9877.1429
76429	12500.741
72821	28835.814
272428	915.29412
67727	7700.3322
67726	104000
76425	41428.571
18295	1894.5638
66921	2085.2399
67839	11572.286
18293	9970.6745
67824	32571.429
109552	198000
12961	236285.71
12962	34571.429
28018	153428.57
68576	11651.429
104086	366.90432
12295	6301.34
235041	13640
68375	912790.7
243743	11727.417
100037258	50793.651
67128	75882.353
67657	2269.661
319965	13665.429
664883	34857.143
67345	760.47304
69574	124897.96
67834	1333333.3
76551	59275.053
66525	66571.429
66290	1135593.2
66521	328571.43
15469	62803.235
52897	58571.429
18120	88857.143
12558	3516.9978
13480	16992.692
11519	2474285.7
15463	491428.57
13483	73714.286
100088	4787.1734
257633	92000
110854	705714.29
77987	894.54049
14420	6205.848
193116	4450.7692
108155	10707.457
170760	337142.86
227059	266857.14
13661	6006.6667
76137	14919.714
226251	60627.178
217337	3806.08
66199	29142.857
77951	898.05195
30930	87428.571
74600	59428.571
319387	2331.9453
Hba	12600000
170789	1206.3125
27393	15034.286
213491	9550.2857
12540	148167.54
381694	4817.7914
192173	95142.857
12818	1417.6962
12549	22740
213498	1234.8857
19771	12362.571
11848	236269.43
28169	902.31383
73744	3360.539
22329	9674.2896
11765	13138.686
212307	1389570.6
50927	22121.604
50926	342192.69
22323	24569.6
103733	3342.5721
22327	167142.86
74776	590909.09
170439	6306.7416
11832	9465.3465
56480	844.30727
69544	32571.429
69940	12726
23988	305454.55
Rps2	172000
23983	119101.12
110826	1962857.1
23980	4485714.3
23986	47826.087
76959	497716.89
108083	116826.92
56551	455421.69
13706	21071.956
22214	193442.62
213012	27368.013
213541	21499.143
234593	62857.143
59020	194285.71
100198	2003.0418
22218	523762.38
110920	85774.947
65246	10172.857
74551	4827.5
110829	10200.857
94214	6631.4421
66193	72285.714
114664	11276.571
26399	5109.8802
59027	155600.81
110323	11581395
114663	2843.7586
22074	39428.571
65254	239361.7
60365	312068.97
22070	1434285.7
22072	87804.878
27367	392059.55
27366	58816
170638	914285.71
27364	575221.24
27360	908571.43
104458	15757.576
23859	337142.86
229663	59714.286
27369	100361.01
69893	21869.143
72599	12478.917
140579	33714.286
20648	14001.429
233204	13382.571
97165	153333.33
140570	571.66124
69367	24545.513
75734	78285.714
227331	10777.143
21917	10550.371
21915	210377.36
240028	17365.854
19942	333823.53
Le51	47428.571
11945	1147.5987
94090	3067.0747
74392	18262.286
72119	157428.57
66997	254385.96
74996	1064.4622
74156	872.28417
20351	431.17105
74153	3074.2857
19894	920000
19895	17936.634
19896	33118.433
16728	16269.841
56736	18591.753
56737	5261.6867
11771	54247.697
11770	1037878.8
69091	261142.86
11772	99786.78
11775	10905.73
11774	7080.181
11777	162694.3
11776	6441.2844
21351	2952522.3
17025	26232.727
52653	27303.429
17022	241124.26
329251	15266.393
328099	80285.714
270106	72511.848
107508	15873.016
109801	2163043.5
218343	9809.4286
66660	39142.857
75608	1308035.7
218210	1681.0857
53382	620000
53380	58008.658
53381	2884.9635
12304	1109717.9
210766	9455.6701
244654	11216.857
12390	7838.2716
97541	15797.714
270076	11387.443
69162	17073.171
11603	1501.4359
230598	1007.4935
231380	6852.1368
231874	256000
70257	37142.857
11958	28169014
Rab7	272571.43
22342	72285.714
11957	4685185.2
66248	1853.9506
12896	81914.894
11950	3179687.5
14121	159467.46
14120	14001.475
27984	2462857.1
18415	105250.6
320981	3077.9545
98878	43068.392
269378	625000
320634	3145.5556
102632	10194.286
18577	606.89573
68147	6200.8658
67857	62622.951
21753	11018.857
70675	8770.4918
12032	40317.101
67851	57142.857
209131	68285.714
26905	28813.559
71810	163714.29
15894	742.32775
66246	1268.7164
18600	4152.7489
12557	4196.977
14387	9098.1112
18607	11459.571
18604	48648.649
20403	65428.571
67914	169428.57
20400	3459.3651
80909	35714.286
20405	83152.174
20404	14232955
20409	80571.429
14630	89416.058
18597	812820.51
14635	1816.0358
68705	13442.169
106633	38857.143
233016	139320.39
12908	41853.035
223527	640594.06
78294	25897436
76895	37714.286
71653	31142.857
18260	3833.0134
72117	97142.857
13043	3406593.4
54384	821.90909
54381	17580.857
13046	142592.59
18040	12146226
226791	18091.143
68969	37016.814
18046	24939.104
54160	16437.429
Rpl6	137714.29
229542	25752.286
229096	161142.86
71721	18114.857
18738	1651428.6
70925	30857.143
54367	34827.586
14251	35046.729
67097	142424.24
14252	5179.4393
78913	2065714.3
621156	90857.143
108014	19657.658
12972	276132.93
108013	48148.148
12970	16709.143
12971	1654285.7
11883	3188.1423
216810	239714.29
107652	20306.513
11676	1870523.4
225115	551.93548
76709	4300000
68365	248837.21
76703	20069.714
11426	13866.286
67130	4641221.4
108686	12279.143
15384	1256140.4
245688	66588.235
76561	50857.143
15387	1218531.9
382643	18008
15381	2332268.4
15382	1528125
66513	3119.7211
15388	194539.25
227377	10516.432
66514	680981.6
22317	23566.949
15473	488571.43
30926	834285.71
52502	108571.43
59029	196129.03
72931	57714.286
Hist1h4a	3571428.6
110821	113674.03
234388	31714.286
394436	3524.1121
59021	218867.92
108123	2168571.4
108121	62343.096
59025	58012.17
12319	1263.5052
108124	1591428.6
59026	591.3411
234852	256122.45
66609	54310.345
66355	70724.638
66354	44962.687
67738	1324324.3
66601	5057142.9
268449	1647435.9
13850	77256.318
66177	13363.562
20729	30857.143
66171	92996.109
228942	12700
66317	119672.13
110135	5424.7401
12550	1711.7647
76899	20760.857
12805	53039.216
12554	16806.723
15275	132443.53
15277	2833.5878
13823	819483.31
13822	294230.76
13821	192369.24
76890	15157.143
19303	3801.3536
66998	14262.5
28199	597.24954
99470	441.83604
545156	4993.2524
27756	1035789.5
232680	4435.7314
15078	7220588.2
11740	198322.15
229211	25600
319554	103083.7
225849	891.88571
16341	32808.989
50932	1082.8746
50933	617391.3
224796	66932.271
28200	75627.24
OtherNotMapped	2342594.6
