!ProteinIdentifier	NaN
A0AVT1	7.476945e-05
A1A528	8.6139319e-05
A1L3A6	0.00017518692
A2A2E9	5.3720469e-05
A2A3N8	0.00018715215
A2A3Q2	8.9058396e-05
A2AAT0	0.00040413931
A2RUS6	1.9991273e-06
A3KFI9	0.00011668169
A3KN83	0.00018759383
A4UHQ8	4.9471453e-05
A5YKK6	0.00039382458
A6H8Z3	0.00014306463
A6NDG6	9.3358139e-05
A6NDZ3	2.9175985e-05
A6NEM2	0.00013968312
A6NIH7	0.00016226943
A6NIW2	0.00011693325
A6NJA2	0.00029427793
A6NJZ9	7.7713351e-05
A6NKE1	0.00018775738
A6NP52	2.1429723e-05
A6PVP4	5.9845963e-05
A8K0M9	0.00011716654
A8K8G0	1.5683809e-05
A8MU28	0.00018397321
A8MU58	0.00023501968
A8MUK0	0.00019863833
A8MXK5	9.1874524e-05
A8MY76	8.6742064e-05
A8MYZ9	7.6075397e-05
A8MZB2	0.00012636545
A8MZI2	0.00024896085
A9UJP8	0.00011762649
B0I1T2	0.00072205711
B0QY51	5.2748606e-05
B0QY68	0.00020234031
B0QY89	0.0015541591
B0QYG7	0.00018029115
B0QYI5	1.0564549e-05
B0QZE1	6.1230615e-05
B0QZK8	0.00036271931
B0VJY8	0.00030721452
B0YIW6	0.00069911546
B1AH88	0.00016474516
B1AHC8	0.00023824677
B1AHE4	0.00023506286
B1AKJ5	0.00024517418
B1AKZ3	0.00032738819
B1ALG6	0.00011966553
B1ALY4	0.00029039994
B1AM43	8.9922661e-05
B1AMX5	9.6978756e-05
B1AR60	5.408444e-05
B1B0M1	6.2271138e-05
B1P7G3	5.8729392e-05
B2R8E1	0.00027192823
B2REB0	4.3506608e-05
B3KN43	0.00024276819
B3KQF6	7.5422673e-05
B3KSB1	4.1066074e-05
B3KSM8	9.3955902e-05
B3KTU7	0.00012203831
B3KW04	7.4777255e-05
B3KXD6	0.00020004224
B3KXI2	0.00018787361
B3KYB7	0.00010397757
B4DDP6	0.00016447036
B4DDV1	5.6518582e-05
B4DEJ6	8.2547095e-05
B4DEK4	0.00047681402
B4DF96	0.00043797685
B4DFG6	0.0001288553
B4DIW9	0.00019064325
B4DJC6	0.00015061388
B4DJU5	0.00015127557
B4DKG3	0.00015364337
B4DP62	0.00022276056
B4DQG6	8.33564e-05
B4DS61	0.0001634965
B4DSC0	0.00012084445
B4DT77	0.00052199411
B4DU04	0.00037619223
B4DV90	5.1307499e-05
B4DVE7	0.00032992121
B4DWC7	0.00014038549
B4DWZ5	7.5423835e-05
B4DXM1	9.6310424e-05
B4DY99	8.1540612e-05
B4DZH0	0.00014626515
B4E032	0.0009010282
B4E0P2	2.1396846e-05
B4E0Y9	0.00050533811
B4E101	2.1228891e-05
B4E128	0.0001384328
B4E1K7	0.00031493147
B4E2J1	0.00017419314
B4E2N0	0.00013367726
B4E2Q6	4.4701387e-05
B4E2V5	0.00029527752
B4E2X3	8.2354566e-05
B4E318	0.00012865107
B5MC22	3.3493827e-05
B5MC64	4.0522857e-05
B5MDQ0	5.2785883e-05
B5MDU6	4.2005973e-05
B5MDZ7	0.00011738987
B7Z2B4	3.3742895e-05
B7Z2F6	0.00038901757
B7Z3P1	9.0336114e-05
B7Z4S1	0.00020502609
B7Z652	3.1150264e-05
B7Z6X7	8.0335206e-05
B7Z746	0.00035896752
B7Z7A3	0.00024892183
B7Z7Y1	1.9503266e-05
B7Z8L1	0.00011066836
B7Z9D5	9.5021912e-05
B7Z9G5	0.00013853657
B7ZAR9	7.8383675e-05
B7ZKM0	0.00012193121
B7ZKW8	0.0008431033
B7ZLA8	3.7162515e-05
B7ZLZ0	0.00020497877
B8ZZ08	0.00012577765
B8ZZB6	0.00026773393
B8ZZI0	7.4736324e-05
B8ZZK0	0.00016897849
B8ZZQ6	6.8196298e-05
B8ZZS4	0.0002026915
B8ZZV5	0.00011591954
B9A008	0.00029814014
B9A051	9.4709747e-06
C6GKU9	7.7054234e-05
C9IY40	0.00011275306
C9IYN9	7.1036337e-05
C9J0F2	0.0002977242
C9J1X0	7.1494124e-05
C9J391	0.00032486098
C9J3F7	7.7784501e-05
C9J3G1	3.041186e-05
C9J3G8	0.00027365926
C9J535	1.9085413e-05
C9J544	0.00014469851
C9J5C3	0.00021039019
C9J5K4	6.6326794e-05
C9J618	0.00010914988
C9J6C5	0.0001975416
C9J6Y8	0.00052651719
C9J6Z7	6.4374434e-05
C9J7L8	0.00019531078
C9J8B4	6.9656667e-05
C9J8P4	0.00010556081
C9J8R4	5.3783483e-05
C9J8T0	7.1889063e-05
C9J9T4	0.00010438355
C9J9W7	0.0002497562
C9JA05	0.001630075
C9JA90	0.00012794039
C9JAL2	0.00023003833
C9JAS4	7.0620145e-05
C9JAX1	2.8131477e-05
C9JAZ1	0.00019695878
C9JB04	0.0005821598
C9JBU3	0.00031956497
C9JBU9	0.00011960907
C9JBY7	0.00029560795
C9JC17	0.0001101063
C9JCM7	9.1955886e-05
C9JCX1	0.00067734443
C9JDV1	0.0014423608
C9JE21	9.4468982e-05
C9JE24	0.0002862513
C9JEL7	3.5122067e-05
C9JEP1	3.5975125e-05
C9JER1	5.5053232e-05
C9JG87	0.00042671483
C9JGI8	3.6021203e-05
C9JGP4	3.8975149e-05
C9JH61	0.00023120728
C9JHD7	0.00017535878
C9JHV0	8.7092419e-05
C9JII0	0.00030653373
C9JIZ3	3.9083576e-05
C9JJ54	0.00016521673
C9JKQ5	0.0010589041
C9JKZ2	0.00011860201
C9JLR4	0.00051516799
C9JMN1	0.00022868672
C9JMN4	0.00011648576
C9JP32	0.00010124861
C9JPI1	4.2523703e-05
C9JPI6	6.5382827e-05
C9JPJ0	4.2926944e-05
C9JPZ8	0.00011416777
C9JQG7	0.00015260891
C9JQT7	0.00015155286
C9JQU6	0.00082725096
C9JRZ2	0.00010906187
C9JTC6	8.6276307e-06
C9JTP4	7.956459e-05
C9JTV2	8.0228854e-05
C9JUJ0	0.0002268021
C9JV86	0.00035025014
C9JVR6	0.00018073533
C9JW17	0.00017316034
C9JW56	4.5664699e-05
C9JWE0	9.9905305e-05
C9JWF5	0.0002830898
C9JWN1	7.1390927e-05
C9JWX0	0.00010146364
C9JXG2	6.5881959e-05
C9JXK0	0.00026131462
C9JY46	2.7684816e-05
C9JYI4	0.00011010049
C9JYQ6	0.00022324541
C9JZH6	0.00013724474
C9JZT7	0.00041530586
C9JZV3	0.00014453828
C9K0E5	0.00013727131
C9K0U0	0.00016990751
D3DSE6	7.1835015e-05
D4PHA4	0.00020911828
D6R937	0.00020773097
D6R941	4.4817701e-05
D6R944	2.601166e-05
D6R951	7.1734724e-05
D6R970	0.00089610496
D6R9L5	5.5143062e-05
D6R9Y6	0.00036779698
D6RA21	0.00053205148
D6RAA1	2.2849493e-05
D6RAE9	0.00012911765
D6RAV0	0.00075918401
D6RAW4	0.00035077567
D6RBG6	0.00010206721
D6RBH8	0.00017836254
D6RBK0	0.00024082712
D6RBL5	0.00036480484
D6RBV5	8.9714274e-05
D6RC54	8.9759937e-05
D6RCM8	0.00039190592
D6RD57	0.00027243052
D6RD60	0.0019119867
D6RD66	0.0013619533
D6RD79	0.00013721153
D6RDG3	0.00022822594
D6RDJ1	0.0002077509
D6RE67	0.00018704256
D6REM1	0.0003802512
D6RF01	0.00021726861
D6RFH4	0.00045235388
D6RFM8	9.2282165e-05
D6RGD2	9.1365595e-05
D6RGE2	7.5649241e-05
D6RGF4	3.5950301e-05
D6RGJ4	0.00042603487
D6RGX2	0.00013131443
D6RH20	0.00031824906
D6RHE5	0.00011018268
D6RHZ7	0.00014404845
D6RIC3	0.00011435789
D6RII0	0.00052834036
D6RIW8	2.8351404e-05
D6RJB5	3.7506229e-05
E2QRD4	2.2444094e-05
E2QRG8	0.00027902252
E3W975	0.0001576708
E5KLJ5	0.00015810252
E5RFK2	7.1789103e-05
E5RFL3	0.00016108968
E5RFP0	0.00031600662
E5RFS4	0.00028290549
E5RFU6	8.7896078e-05
E5RFX7	0.00015956123
E5RG19	0.00049334964
E5RG97	0.00017677099
E5RGI1	0.00020167862
E5RGP3	0.00014325973
E5RGP4	3.0307003e-05
E5RGQ3	0.00018013092
E5RGU2	0.00010645579
E5RGV5	0.00016435081
E5RHG6	3.0236185e-06
E5RHH8	0.00018481174
E5RHK3	0.00011341973
E5RHQ3	8.8111937e-05
E5RHW4	7.1101676e-05
E5RI43	0.00032689587
E5RIF2	9.8705627e-05
E5RIN2	0.00014987083
E5RIS3	4.9641816e-05
E5RIW1	0.00014677159
E5RIY7	6.4529271e-05
E5RIZ6	0.00019345855
E5RK64	7.6005409e-05
E7EMB7	4.1155822e-05
E7EN46	0.00015870693
E7EN53	3.8670455e-05
E7ENS2	4.8737865e-05
E7EPB7	0.00072432944
E7EPJ2	9.6227401e-05
E7EPN9	0.00032439025
E7EQ69	0.00031279281
E7EQL1	8.3851215e-06
E7EQR6	0.00040244233
E7EQS9	0.0004034303
E7EQY1	3.3150446e-05
E7ER68	3.8126242e-05
E7ERJ8	9.0103651e-06
E7ESL0	0.00022693743
E7ESU4	0.00027634504
E7ETM5	0.00010230383
E7ETX1	9.145609e-06
E7EU23	0.0018052362
E7EVG6	9.9608914e-05
E7EVI2	7.5347205e-05
E7EW05	0.00026990829
E7EW68	0.0012051568
E9PAR0	4.3416777e-05
E9PAR5	0.00041422075
E9PAW1	0.00025729632
E9PB14	0.00015597299
E9PBN8	7.0417237e-08
E9PBR5	0.00012713341
E9PC05	8.3853706e-05
E9PC62	0.00025439302
E9PCW1	6.310261e-05
E9PDY9	8.650877e-05
E9PE85	0.00012774114
E9PEL9	8.5442759e-06
E9PF74	0.00011889923
E9PFH4	0.00026474677
E9PFK5	0.00036899416
E9PFN4	6.3727687e-05
E9PG82	0.00024619287
E9PGF9	0.00033228985
E9PGT1	0.00017726996
E9PGW7	9.7126537e-05
E9PH29	1.0357242e-05
E9PH71	8.7317411e-05
E9PHK4	6.9320591e-05
E9PHS0	0.00010784808
E9PHY8	4.1506758e-05
E9PHZ9	0.0001207855
E9PI03	7.7600689e-05
E9PID8	0.00010814364
E9PIE4	0.00019568023
E9PIQ9	0.00011387054
E9PIU6	5.0824141e-05
E9PIZ0	0.00012413629
E9PJ06	0.00010622748
E9PJ81	0.00046295339
E9PJ95	7.6311679e-05
E9PJB2	0.00013790311
E9PJK7	0.0012972289
E9PJM7	0.00030070471
E9PJW6	0.00021360897
E9PJY9	0.00013219115
E9PK41	7.2297202e-05
E9PKE5	0.0001315278
E9PKH4	0.00080510799
E9PKM6	0.00023373449
E9PL53	8.4289575e-05
E9PLA4	0.00070058164
E9PLJ0	0.00015142999
E9PLR5	5.4573029e-05
E9PM72	7.6827416e-05
E9PMG1	7.7764409e-05
E9PMH2	0.00042728353
E9PMH7	0.0001575197
E9PMN0	0.0003250262
E9PMS7	2.968234e-05
E9PN70	0.00011986063
E9PNL1	4.1002064e-05
E9PP31	0.00043908105
E9PP73	0.00050762953
E9PPB5	5.9518024e-05
E9PPC3	7.6198187e-05
E9PPF6	3.6312944e-05
E9PPY7	0.0001307532
E9PQ01	8.1627951e-05
E9PQ61	0.00012962575
E9PQ86	3.2843096e-05
E9PQB6	0.00020732914
E9PQK8	0.00021449649
E9PQP7	0.00015631919
E9PQV9	0.00028622722
E9PQX9	0.00022902213
E9PQY9	0.00011843928
E9PQZ0	7.5445919e-05
E9PR67	9.3449463e-05
E9PRE9	5.0530158e-05
E9PRI2	0.0014433488
E9PRV3	1.0832878e-06
E9PS76	7.9080983e-05
E9PSD5	8.226872e-05
E9PSI0	0.0002259287
F2Z2B0	0.00012160826
F2Z2B5	0.00010761977
F2Z2C3	0.00013701311
F2Z2E1	9.9389734e-05
F2Z2K7	0.00028889557
F2Z2P5	0.00036638061
F2Z2Q0	0.00022349863
F2Z2W7	0.00011623005
F2Z2X4	6.7493179e-05
F2Z361	0.00015711621
F2Z3K0	2.1595104e-05
F5GWB7	0.00016566588
F5GWD8	0.00024065858
F5GWM7	7.1394414e-05
F5GWT4	0.00034895914
F5GX19	0.00025859397
F5GX33	4.0606876e-05
F5GX34	1.4998457e-06
F5GX39	0.00024269098
F5GX47	7.023575e-05
F5GXW5	0.00048750401
F5GYL3	0.00038564353
F5GYL8	7.5013537e-05
F5GYX3	0.00059538364
F5GZA8	6.6329036e-05
F5GZW1	0.00028201798
F5GZY1	0.00010691491
F5H074	8.6799349e-05
F5H0C5	0.0011315821
F5H1H2	0.00018073117
F5H1J5	0.00075414121
F5H1S8	0.00040940959
F5H1Y4	0.00013383168
F5H1Z2	0.00018043146
F5H244	0.00013105955
F5H269	4.7455829e-05
F5H2A7	0.00010858117
F5H2C9	8.4443166e-05
F5H2G6	4.1559478e-05
F5H390	0.00023851245
F5H3I4	0.00012140153
F5H3Y4	7.1780552e-05
F5H4M3	0.00012497399
F5H5K6	8.0947581e-05
F5H612	0.00021274554
F5H617	2.4968647e-05
F5H679	0.00036208751
F5H6G7	6.0660415e-05
F5H6I6	0.00038946506
F5H6I7	0.00012843355
F5H6M0	0.00027816905
F5H6T1	0.00049192912
F5H6Y0	2.6531465e-05
F5H715	1.1158327e-05
F5H7D5	5.8597967e-05
F5H7J5	3.9560458e-05
F5H7K1	4.0240829e-05
F5H7K4	2.1420093e-05
F5H7V8	0.00012258709
F5H872	0.0001700254
F5H8D0	7.166897e-05
F5H8F7	0.00012412052
F5H8L0	0.00014579192
F6T1Q0	7.7796124e-05
F6UR09	0.00028539036
F6WRY4	0.00013380511
F8VNP8	0.00030586457
F8VPW3	4.8833175e-07
F8VQ12	3.7653428e-05
F8VQS2	5.1493719e-05
F8VQX7	0.00012741071
F8VRN8	1.5254332e-05
F8VRX9	0.0001462801
F8VS40	0.00023774615
F8VSB9	9.6923131e-05
F8VUA2	0.00013690186
F8VVB7	0.00035359429
F8VVB8	4.5443111e-05
F8VVL1	7.4012367e-05
F8VVT9	4.739871e-05
F8VWQ3	0.00027595815
F8VWY4	0.0001140341
F8VY00	0.00087578932
F8VZ58	0.002528928
F8VZ69	0.00035714517
F8W156	0.00030587204
F8W6R7	6.5342893e-06
F8W7D0	6.1730494e-05
F8W7F7	0.00021506851
F8W7K4	6.0490053e-05
F8W7Y5	4.2099872e-05
F8W8B0	8.7595536e-06
F8W8N0	0.0001782297
F8W8Q9	0.00019605134
F8W9B4	0.00013181423
F8W9J0	6.7373046e-05
F8W9M2	7.2737471e-05
F8W9P7	7.3886256e-05
F8W9Z3	1.7401713e-05
F8WA47	6.6832485e-07
F8WAA1	0.00090399211
F8WAJ0	2.4397119e-05
F8WAL5	0.00014069516
F8WAM1	5.9798557e-05
F8WAR1	0.0013912686
F8WAT7	0.0001572449
F8WAZ0	0.00020573843
F8WB94	1.830226e-05
F8WBF7	0.0001391003
F8WBI5	0.00015302569
F8WBL2	8.3960805e-05
F8WBW6	7.0046956e-05
F8WBY8	9.9909456e-05
F8WC41	4.7306554e-05
F8WC46	0.00011338818
F8WC81	0.00019921368
F8WC86	0.00027233172
F8WC95	0.00014056316
F8WCB8	0.00011590543
F8WCC7	0.00015998963
F8WCD9	0.00013415381
F8WCG5	1.4825354e-05
F8WCN2	0.00019527176
F8WCT8	8.8449009e-05
F8WCU0	0.00033817782
F8WCU6	7.5403827e-05
F8WCY3	5.3689336e-05
F8WD00	3.9493957e-05
F8WD11	0.00022282781
F8WD17	0.00010243002
F8WD73	5.2787378e-06
F8WDL3	0.00017777391
F8WDN7	6.1471796e-05
F8WDR7	0.00036568903
F8WDT1	2.480393e-05
F8WE24	9.9730957e-05
F8WE29	5.3979417e-05
F8WE76	0.00014768401
F8WED0	0.00028159207
F8WEE0	0.00017607028
F8WEE2	0.0002128435
F8WEH9	0.00027563519
F8WEU3	0.00021127604
F8WEV0	3.1094058e-05
F8WEY1	0.00010156659
F8WF13	8.1775649e-05
F8WF26	6.7892103e-05
F8WF35	0.00011309013
F8WF67	0.00010642092
F8WF98	0.00013346638
G3V1B6	8.8030575e-05
G3V1J9	0.00041294718
G3V1P3	5.3088169e-05
G3V1X1	0.00011919064
G3V279	0.00080457415
G3V2F3	9.5906104e-05
G3V2H7	0.00012147874
G3V2K7	0.00031989789
G3V2V9	7.9523244e-05
G3V314	0.00049833764
G3V377	0.00011399757
G3V3N8	3.3147457e-05
G3V3W9	0.00031665752
G3V3X4	2.9740041e-05
G3V448	0.00014513687
G3V457	0.00016137943
G3V475	0.00028683827
G3V4K3	0.0001353759
G3V4R5	7.271464e-05
G3V4T2	0.00036281894
G3V547	6.7571221e-05
G3V589	0.00015009084
G3V5A4	0.00010098294
G3V5E1	0.00012222594
G3V5E2	7.6622931e-05
G3V5N1	2.1092734e-05
G3V5T3	0.00024614472
G5E972	0.0002405216
G5E9Q4	0.00011690336
G5E9V7	4.3778507e-05
G5E9V9	0.00025381767
G5E9W7	0.00014160841
G5E9X3	0.00018775572
H0UI80	0.0001435611
H0Y3M3	8.7469342e-05
H0Y3S1	4.4860209e-05
H0Y3T6	0.00027737369
H0Y4E5	0.00010003399
H0Y4J2	0.00073910415
H0Y4P6	1.7523591e-05
H0Y4S9	0.00023135174
H0Y4V9	0.00019934651
H0Y512	0.00027089377
H0Y517	0.00010595849
H0Y525	0.00012847506
H0Y550	9.9745901e-05
H0Y565	0.00011056956
H0Y5D2	0.00015393478
H0Y5H6	0.00017793829
H0Y5W8	0.00018696202
H0Y621	0.0001457363
H0Y653	0.00037795148
H0Y6C1	0.00015513197
H0Y6E5	9.9247765e-05
H0Y6G3	0.00014443865
H0Y6G7	6.1490559e-05
H0Y6I0	0.00012379092
H0Y6J1	9.798167e-05
H0Y6P3	3.8257169e-06
H0Y6T5	0.00014068354
H0Y6T6	0.00021671651
H0Y6X6	0.00026939189
H0Y6Y5	7.157889e-05
H0Y6Z8	4.1578075e-05
H0Y764	0.00017943685
H0Y7I9	5.3421256e-05
H0Y7K3	8.9855413e-05
H0Y7L7	0.00027430517
H0Y7P1	0.00010208216
H0Y7V7	0.00014985671
H0Y875	0.00026362182
H0Y8C6	0.00014904558
H0Y8L1	9.2394246e-05
H0Y8P0	9.2111969e-05
H0Y8P4	7.9167077e-05
H0Y8P7	6.5941569e-05
H0Y8R5	0.0052736568
H0Y8X7	0.00026274427
H0Y938	0.00049975151
H0Y970	0.00055545805
H0Y981	0.00014255321
H0Y996	5.3048318e-05
H0Y9B7	5.4330769e-05
H0Y9G6	0.00021113075
H0Y9N4	0.00019621573
H0Y9X0	8.3526596e-05
H0YA17	8.8166732e-05
H0YA50	0.00015535862
H0YA81	0.00022426742
H0YA97	0.00031837027
H0YAB5	0.00030142618
H0YAK1	0.00045643113
H0YAL2	6.6026584e-05
H0YAL7	0.00020146193
H0YAS9	0.0001455304
H0YAU0	0.00020276788
H0YB09	9.0975389e-05
H0YB22	0.0011449155
H0YB34	8.6489675e-06
H0YB37	0.00025861555
H0YB66	4.1783473e-05
H0YBA1	0.00023733934
H0YBJ8	0.00035839549
H0YBN5	0.00013386904
H0YBR0	5.2460268e-05
H0YBV6	9.0439892e-05
H0YC22	0.00043119722
H0YC42	0.00021831055
H0YC63	3.2390788e-06
H0YC73	0.00034574948
H0YC77	0.0011570784
H0YCE8	0.00020019999
H0YCG0	9.3019406e-05
H0YCL3	0.0001613072
H0YCQ1	0.00016769828
H0YCV6	0.00027439816
H0YD48	0.00016971905
H0YDA4	0.00010569115
H0YDB2	0.00018976902
H0YDD1	0.00020628721
H0YDP7	0.0001811164
H0YDT8	0.00027321841
H0YDU3	0.00013504547
H0YDX5	0.00031535157
H0YE29	0.00011184645
H0YE62	9.8133601e-05
H0YE69	6.6728375e-05
H0YEM3	8.1097271e-05
H0YER7	9.2200803e-05
H0YF21	0.00022220431
H0YF25	5.9535708e-05
H0YF78	4.4899728e-05
H0YFB7	0.00010735908
H0YFE4	4.6918673e-05
H0YFF6	2.5302066e-05
H0YFI7	0.00010893153
H0YFT5	0.00040268641
H0YG10	0.00015443707
H0YGA8	0.00023792963
H0YGU7	9.8965488e-05
H0YH66	6.9845377e-05
H0YHY5	1.0495557e-07
H0YI23	0.00010530676
H0YI50	0.00010230466
H0YIH9	2.2106773e-05
H0YIL2	7.9517516e-05
H0YIX0	3.4662288e-05
H0YIY4	7.0508894e-05
H0YIZ6	0.00015391735
H0YJ39	0.00026095347
H0YJ40	8.8037217e-05
H0YJB9	0.00027286058
H0YJD9	7.4698798e-05
H0YJI2	4.1711243e-05
H0YJN6	3.2375512e-06
H0YJQ1	5.3249565e-05
H0YJT6	3.1086835e-05
H0YK03	0.00019705758
H0YK63	0.00010864676
H0YKD5	0.00040401312
H0YKV4	0.0002187514
H0YKX1	0.0001598983
H0YLH9	0.000138779
H0YLK7	0.00013714511
H0YLM6	8.9996551e-05
H0YLP8	0.00020311491
H0YLU7	0.00069129805
H0YM74	4.0216088e-05
H0YMH7	0.00010978583
H0YMR6	0.00021749028
H0YMS3	0.00013493339
H0YMW2	0.00018600145
H0YN19	8.2991599e-05
H0YNA1	6.83694e-05
H0YNB7	0.00012489014
H3BLU6	0.00021999591
H3BM18	0.0011977013
H3BMV3	0.00029853284
H3BMW1	0.00013523974
H3BMZ1	0.00013473414
H3BN88	0.0001232081
H3BN95	0.00011099381
H3BND3	0.00096475639
H3BNR2	6.9350977e-05
H3BNU9	0.00025381933
H3BNW0	0.00013125632
H3BPG8	0.00031593771
H3BPH3	0.00013504796
H3BPL9	0.00034814884
H3BQK6	0.00074277624
H3BQQ2	0.00014515016
H3BQY4	7.7935602e-05
H3BRV9	0.00014772469
H3BSA0	0.00023982753
H3BSA6	0.00030570268
H3BSQ5	0.00034202841
H3BSW0	6.2016092e-05
H3BT58	0.0013342819
H3BTJ6	9.5576504e-05
H3BTU0	0.00018624056
H3BU12	0.00018955648
H3BU37	0.00013591057
H3BUA6	0.0001813472
H3BV05	0.00025140586
H7BXH3	0.00013622605
H7BXW7	0.00012745139
H7BY33	0.00011429479
H7BY83	5.3811711e-05
H7BYF4	0.00010194683
H7BYG8	7.2799323e-05
H7BYK1	9.9854661e-05
H7BYY3	7.1751577e-05
H7BZ40	2.9521443e-05
H7BZC4	0.00017588348
H7BZV6	9.0654091e-05
H7C010	0.0001073076
H7C016	0.00013381009
H7C050	3.1713988e-05
H7C054	4.1788288e-05
H7C0D5	0.00024117166
H7C0H2	8.0621551e-05
H7C0H8	0.00015608424
H7C0I3	0.00022137325
H7C0K8	5.5157342e-05
H7C0R6	0.00011974938
H7C0S7	0.00020369441
H7C0T9	4.9160367e-05
H7C0U8	0.00021020255
H7C0V0	0.00015278409
H7C106	0.00022757255
H7C118	0.00031817517
H7C196	0.00028993668
H7C1F3	3.9045054e-05
H7C1L3	8.8494672e-05
H7C1P2	0.00010331837
H7C1T7	0.00011545545
H7C1W5	0.00014956613
H7C209	4.4373364e-05
H7C256	0.00012305119
H7C2A1	0.00014555946
H7C2B1	0.00028715542
H7C2G8	0.00035773131
H7C2Q8	0.00015590076
H7C2R2	4.2638357e-05
H7C2R4	4.8106644e-05
H7C2U6	0.00033578593
H7C2X3	4.9865146e-05
H7C310	0.00028888312
H7C324	5.7660558e-06
H7C3A3	0.00010311911
H7C3E5	0.00011335082
H7C3G3	0.00012592792
H7C3H2	5.1862007e-05
H7C3N7	9.7784076e-05
H7C3W8	0.00028290715
H7C3X9	0.00013013883
H7C3Y4	0.00010480115
H7C449	0.00014299738
H7C461	5.2085919e-05
H7C468	1.9043403e-06
H7C476	4.4180503e-05
H7C4C4	0.00016289044
H7C4E3	5.9910638e-05
H7C4F6	8.4102774e-05
H7C4Q7	6.4694901e-05
H7C4S1	2.946947e-05
H7C4X9	8.2056182e-05
H7C4Y3	0.0001511253
H7C4Y9	5.7284964e-05
H7C514	0.00010633126
H7C559	1.6843967e-05
H7C597	0.00064364388
H7C5E1	0.00023305786
H7C5G1	0.00028522016
H7C5I7	0.00016208512
H7C5K0	9.6431637e-05
H7C5K1	0.00017034504
H7C603	2.2691999e-05
H7C607	0.00038869959
H9KV44	0.0001151931
H9KVC3	0.0001364909
I3L0K2	0.00035192637
I3L0Q5	0.00041597336
I3L141	5.9673276e-05
I3L167	0.00014399116
I3L1H3	0.0012268257
I3L1I0	0.00029444232
I3L1N9	0.00013556436
I3L1P4	0.00016345001
I3L1X2	0.00047976879
I3L1Y8	0.0002072951
I3L1Z2	0.00011472651
I3L223	0.00020181146
I3L234	0.0013143233
I3L2K5	0.0005597661
I3L2Q0	8.6556923e-05
I3L2R8	5.4759747e-05
I3L378	0.0001157178
I3L3B0	0.00056102472
I3L3U7	3.4026833e-05
I3L3Y2	0.00022953853
I3L3Z1	0.00017671952
I3L439	0.00017430522
I3L4E8	0.00032272896
I3L4G9	0.00019861093
I3L4P9	5.1707336e-05
I3L4S0	0.00058314777
I3L4Y5	8.5500045e-05
I3L518	0.0001423772
I3NI10	0.00021886099
J3KN16	0.00018049622
J3KN43	8.1069043e-05
J3KNC7	0.00014563501
J3KNH6	7.1365688e-05
J3KP30	0.00015287874
J3KPF0	6.1929998e-05
J3KPT4	0.0003980579
J3KQ32	0.0001439621
J3KQ96	8.8888199e-05
J3KR49	4.8676926e-05
J3KRB5	0.00013981429
J3KRG5	0.00025022611
J3KRI2	0.00013493339
J3KRX4	0.00020307506
J3KS31	0.00045475158
J3KS45	0.00019845817
J3KS59	5.5530197e-05
J3KS95	0.0004625748
J3KSD7	0.00014878074
J3KSE6	0.00016086053
J3KSF9	0.00017850783
J3KSL8	9.2026455e-05
J3KSV8	0.00022241519
J3KT89	0.00036647858
J3KTD1	0.000145014
J3KTD8	0.0002498193
J3KTH7	0.00014969233
J3KTL3	0.00012539741
J3KTL8	0.00012292416
J3QKP6	8.4754501e-05
J3QKQ1	0.00011309428
J3QKT6	0.00025298579
J3QKW4	8.1296442e-05
J3QKX7	0.00013087358
J3QKY9	9.6861694e-05
J3QL25	0.00034333352
J3QL56	0.00021930516
J3QLC1	0.00039262241
J3QLU7	0.00021098131
J3QQ64	7.4475467e-05
J3QQL4	0.00011663935
J3QQM5	0.0005233864
J3QR04	0.00042530428
J3QR12	8.9700991e-05
J3QR73	0.00010839769
J3QRI1	0.00021094561
J3QRI9	0.0001514192
J3QRP6	0.00018359463
J3QRR4	0.00020465
J3QRV2	9.1023542e-05
J3QRV3	7.8539675e-05
J3QS53	0.00040864246
J3QSS7	9.369272e-05
J9JIC7	5.9085559e-05
K4DIA8	3.3511843e-05
K7EIG1	0.00014669604
K7EIN2	0.00010607306
K7EIN6	0.00064197014
K7EIT2	0.00058213738
K7EJ99	0.00033886607
K7EK60	0.00034368056
K7EK70	0.00016426861
K7EK88	0.00025872182
K7EK91	7.8824775e-06
K7EKA2	0.00054811138
K7EKG2	0.00038211755
K7EKN4	0.00019403389
K7EKR0	0.00041409788
K7EKW4	8.8532862e-05
K7EKX6	0.00014616552
K7EL96	0.00021160813
K7ELP6	8.9715935e-05
K7ELQ8	2.8201465e-06
K7EM28	0.00023915753
K7EM55	0.00027544507
K7EMP1	5.2286253e-05
K7EMW4	0.0001066152
K7EMZ9	0.00025611906
K7EN29	0.00013722232
K7EN33	0.00010708427
K7EN60	0.0007206067
K7ENF5	0.00010404149
K7ENM0	0.00012823844
K7EP07	0.00027785107
K7EP82	8.5932593e-05
K7EPT2	7.2267978e-05
K7EPT6	0.00071107238
K7EPX7	0.00068588414
K7EQZ6	0.00027344091
K7EQZ7	0.00025844452
K7ER05	0.0002412331
K7ER15	0.00010302364
K7ER24	6.0770503e-05
K7ER58	0.00032987389
K7ERD2	0.00046876663
K7ERE7	5.8273182e-05
K7ERK5	5.2213608e-05
K7ERP9	5.5648836e-05
K7ERQ2	0.00012632643
K7ERR4	0.00024129869
K7ERW5	0.00019759058
K7ES61	0.00043635625
K7ESJ3	0.0001932759
K7ESN4	0.00034792218
K7ESP4	2.6016641e-05
K7ESQ0	0.00019003552
M0QX12	0.00022642103
M0QX71	0.00011036284
M0QXC3	0.00024388733
M0QXG8	3.2058117e-05
M0QXM9	0.00014630002
M0QY01	9.92295e-05
M0QYB1	0.00030225807
M0QYC7	0.00018931904
M0QYG8	0.00072999906
M0QYG9	0.00078314601
M0QYN0	0.00027686808
M0QYT1	9.1850447e-05
M0QYY1	7.4392445e-05
M0QYZ9	0.0014073335
M0QZM0	0.00015065954
M0QZM3	0.00016004525
M0R008	0.0002326278
M0R051	0.00021691909
M0R061	0.00072477195
M0R072	0.00021539894
M0R0U0	0.00016218142
M0R0Y2	0.00031260103
M0R1B0	0.00010333248
M0R1H0	0.0012550036
M0R232	0.00011645006
M0R2F5	0.0003773562
M0R2M5	0.00033815872
M0R310	2.5963839e-07
Not mapped	0.0018676379
O00116	0.00010035612
O00139	0.0002867237
O00148	0.00053099875
O00151	0.00050159545
O00154	6.3123531e-05
O00159	0.00031130255
O00161	0.00047151883
O00165	0.00025662799
O00182	0.00013563576
O00186	0.00017348745
O00203	0.00010452967
O00217	0.00020169024
O00221	0.00035220947
O00231	0.00018318283
O00232	0.00017447376
O00233	4.1007045e-05
O00264	7.8675915e-05
O00268	4.7986842e-05
O00273	9.9278484e-05
O00299	0.0011951525
O00303	0.00091999888
O00329	0.00029289062
O00399	8.0845795e-05
O00422	0.00021986971
O00425	9.8578603e-05
O00429	0.00017453685
O00442	0.0001954843
O00443	6.5166968e-05
O00462	4.00659e-05
O00483	8.6966225e-05
O00487	9.3006953e-05
O00566	0.00011102702
O00571	0.00073932167
O00625	3.1439266e-05
O00635	0.00016183107
O00743	0.0001775622
O00750	0.00010746203
O00754	0.00022498474
O14497	0.00018619822
O14548	0.00030919876
O14561	0.00038517113
O14578	2.7830935e-05
O14617	0.00020842421
O14618	9.2334469e-05
O14646	0.00011234791
O14653	9.4372675e-05
O14656	0.00010097879
O14672	9.3962543e-05
O14727	8.7725052e-05
O14735	6.7759184e-05
O14744	0.00012226995
O14773	0.00025652172
O14776	0.00018558551
O14782	1.4869439e-05
O14802	4.9320352e-05
O14818	0.00081067466
O14828	0.00018250205
O14879	0.00030325268
O14880	0.00010992614
O14893	4.7644208e-05
O14920	0.00010181067
O14929	0.00016890958
O14964	0.00018674035
O14966	0.00044261367
O14974	0.00010973519
O14976	0.0002964855
O14979	0.0008738715
O14980	0.0005345737
O14981	0.00027980542
O15042	0.00013406165
O15047	5.6636889e-05
O15067	9.288574e-05
O15111	0.00013088189
O15116	2.841143e-05
O15143	0.00046300652
O15144	0.0013928295
O15145	0.00017144924
O15155	0.00014311361
O15160	8.9940096e-05
O15212	0.00032701044
O15226	0.00011918482
O15228	0.00026679079
O15235	0.00025819131
O15247	8.7371375e-05
O15269	0.0002115716
O15270	6.2000069e-05
O15294	0.00034374532
O15305	0.00021199584
O15315	3.1170521e-05
O15347	7.4952931e-05
O15355	0.00044857386
O15357	0.00017192911
O15371	0.0010064255
O15372	0.00084280442
O15382	0.00021083104
O15400	0.00013469512
O15427	0.00035405507
O15439	2.7152308e-05
O15498	0.00026157116
O15511	0.00083920954
O15514	0.0002650606
O15533	0.00022243096
O43143	0.0002801674
O43148	0.00018026874
O43156	8.2606041e-05
O43172	0.00015082642
O43175	8.9055905e-05
O43181	0.00051730914
O43196	2.1200747e-06
O43237	0.00011354925
O43242	0.00040763872
O43252	0.00021727359
O43290	0.0002372862
O43292	0.00010792695
O43314	8.8815139e-05
O43390	0.00065084692
O43395	5.4219518e-05
O43399	0.00024963084
O43447	6.7381514e-05
O43464	0.00014603269
O43491	5.5045594e-05
O43592	0.00013947058
O43598	0.0001982722
O43633	0.00075822925
O43660	0.00012697982
O43665	0.00020794019
O43678	0.00027325161
O43681	0.00033882373
O43684	0.00033834137
O43707	0.00049443059
O43708	6.8775796e-06
O43709	0.00014235728
O43719	0.00025716515
O43747	0.00018250786
O43752	0.00012409146
O43776	0.00031089823
O43805	0.00026023117
O43815	6.5281871e-05
O43818	0.00010421916
O43837	0.00030221407
O43896	0.00028559044
O43909	2.7778963e-05
O43913	5.9877014e-05
O43924	0.000117311
O43933	4.9832103e-05
O60216	0.00019831454
O60220	3.9219567e-05
O60231	0.00014922076
O60264	0.00056406252
O60287	4.963534e-05
O60306	0.00010455457
O60318	0.00012541733
O60341	0.00034142068
O60476	6.6652243e-05
O60488	0.00031923371
O60493	0.00043758166
O60506	0.00023167387
O60508	7.8562838e-05
O60547	3.784081e-05
O60568	6.111181e-05
O60573	0.00015224112
O60610	0.00038892873
O60645	0.00032770285
O60678	0.00013572958
O60701	0.00010230798
O60762	0.00020489326
O60826	0.00011568044
O60828	0.00019987786
O60830	5.8498008e-05
O60832	0.00027578464
O60841	0.00060971999
O60869	0.0019638177
O60879	4.4283949e-05
O60884	0.00044680382
O60885	0.00017628033
O60925	8.4960398e-05
O60934	0.00013384164
O60942	7.5369787e-05
O75027	0.00013915924
O75064	0.0001227714
O75116	7.93303e-05
O75150	0.00017850617
O75165	0.0001097136
O75175	7.7781512e-05
O75251	0.00017319272
O75306	0.00022068915
O75348	0.00015750227
O75351	0.00017099096
O75352	8.9464376e-05
O75367	0.00022620351
O75368	0.00077994465
O75369	0.00010239266
O75381	6.1802226e-05
O75390	0.00022582327
O75400	0.00042342796
O75410	0.00028017487
O75414	5.0822149e-05
O75439	0.00038767509
O75446	0.00020555329
O75473	4.5897411e-08
O75475	0.00012853151
O75489	0.00018639664
O75494	0.00012561161
O75530	0.00011874563
O75533	0.00077309362
O75592	9.9047681e-05
O75607	0.00052948026
O75608	3.8388012e-05
O75643	0.00033343639
O75663	0.00020228136
O75676	7.8821703e-05
O75688	0.00011666177
O75691	3.6254995e-05
O75694	9.9616386e-05
O75695	4.6891358e-05
O75717	0.00010171188
O75792	0.00017807528
O75821	0.0010228888
O75822	9.2590179e-05
O75832	0.00022240439
O75844	0.00012126703
O75874	0.00010402489
O75884	0.00018048045
O75886	5.4078546e-05
O75934	0.00022519395
O75935	5.2271309e-05
O75937	1.802513e-05
O75940	0.00011257871
O75947	9.6174267e-06
O75955	0.00023032309
O75964	0.00063271478
O75995	0.00074755254
O76003	0.00013552617
O76031	0.00019239004
O76071	0.00012486357
O76094	0.00022967718
O94776	0.00031197919
O94804	0.00016417895
O94826	0.00022871577
O94855	0.00017235419
O94874	0.00017262899
O94906	0.0002811753
O94925	0.00033265764
O94966	0.00010628227
O94973	0.00011828984
O94979	0.00030965705
O95071	0.00015477414
O95104	0.00010623661
O95155	9.1277591e-05
O95163	0.00012198435
O95166	0.00087165479
O95202	0.00011522547
O95239	4.2080611e-05
O95260	5.5943235e-05
O95295	0.00017747171
O95299	0.00025851177
O95336	0.00019774501
O95347	0.00018779474
O95352	4.1035522e-05
O95372	0.00012158003
O95376	0.00013671091
O95394	0.00010695808
O95400	0.000220905
O95453	0.00011351272
O95470	5.5704461e-05
O95479	6.0128738e-05
O95486	0.00017542686
O95487	0.00013334849
O95573	7.405064e-05
O95602	8.3231036e-05
O95630	0.00018148253
O95684	3.6034652e-05
O95714	8.0352475e-05
O95721	8.7946722e-05
O95747	0.00018578061
O95757	3.5130951e-05
O95777	0.00022710347
O95782	0.00028694952
O95786	5.3013531e-05
O95816	0.00012898316
O95831	0.0002593943
O95861	0.00018919284
O95864	0.00050655522
O95881	3.776061e-05
O95999	0.00014637557
O96000	0.00044707364
O96008	6.5209891e-05
O96011	0.00014081388
O96019	0.00015757118
P00338	0.003304069
P00367	4.7109127e-05
P00387	0.00032959327
P00390	0.00018818993
P00441	0.0010464424
P00491	0.00010134326
P00492	0.0008434686
P00505	0.00054724379
P00558	0.0026834415
P00813	0.00018949006
P00918	2.0833205e-06
P01111	0.00040218994
P01116	7.4920967e-05
P01903	0.0091397974
P02545	0.00080461898
P02786	0.0014013227
P02794	0.0024977032
P04040	0.00018544686
P04066	0.00015007672
P04075	0.0010973851
P04080	0.00022238198
P04150	0.00037226858
P04179	0.00013562331
P04183	0.00034250081
P04233	0.011667754
P04350	2.4073081e-05
P04406	0.01360982
P04424	3.8490877e-05
P04439	0.0027634089
P04632	0.0020334737
P04792	0.00025674173
P04818	0.0012131186
P04843	0.00075524043
P04844	0.00057169977
P04899	0.00082217827
P05023	0.00072380391
P05091	7.9804193e-06
P05107	0.00042531092
P05141	0.0019208037
P05165	2.6326316e-05
P05166	0.00013368971
P05198	0.00021367373
P05362	0.0011860699
P05386	0.0035442535
P05388	0.004660576
P05455	0.00013506291
P05556	0.00030289153
P05771	0.00014754868
P06132	9.2499684e-05
P06340	0.00022249489
P06396	0.00030637018
P06400	0.00011125699
P06493	0.00029590933
P06576	0.0028529073
P06730	5.0443399e-05
P06744	0.0010563553
P06746	3.9258588e-05
P06748	1.1100294e-05
P06753	0.00014418959
P06865	0.0001199943
P07108	0.00084406637
P07195	0.00160335
P07237	0.0012918324
P07311	6.2985797e-05
P07339	6.4940814e-05
P07384	0.00022435543
P07437	0.0068760022
P07602	0.00070563108
P07686	0.00014347144
P07737	0.012071908
P07738	0.00018886241
P07741	0.00048212082
P07814	0.00054679962
P07900	0.0022574356
P07910	0.0013185076
P07948	0.00094777826
P07954	0.00051369351
P08134	0.0003859806
P08195	0.00026153546
P08236	0.00012897153
P08237	9.1473524e-05
P08240	0.00043745464
P08243	0.00015951225
P08397	3.9614672e-06
P08559	0.00015986011
P08574	0.00035073499
P08579	0.00024907708
P08621	0.0003134188
P08670	0.0014983596
P08754	0.00036699
P08865	0.0001801359
P09012	0.00047846368
P09104	0.00090755378
P09110	7.1352985e-05
P09132	8.8958768e-05
P09211	0.0019163288
P09326	0.0016334789
P09382	0.0065375355
P09417	0.00026803447
P09429	0.00029381466
P09496	0.00073023733
P09497	0.00011065591
P09525	8.7174612e-05
P09543	0.00016379704
P09601	0.00018900023
P09622	0.00026174717
P09651	0.00012801677
P09661	5.3337735e-05
P09668	0.0012399848
P09669	0.00040111397
P09769	0.00037014403
P09874	0.00045819453
P09884	7.5595443e-05
P09914	2.832766e-05
P09936	1.7016156e-05
P09960	0.0003075217
P09972	0.001201537
P10301	0.00014241373
P10398	0.00017184526
P10515	0.0001948525
P10599	0.00084747029
P10619	5.9443968e-05
P10620	5.1087904e-06
P10644	2.8351986e-05
P10768	0.00037554299
P10809	0.00094579402
P11021	0.00095186297
P11142	0.0033401921
P11166	0.00034019776
P11171	4.7597964e-05
P11172	0.00015303067
P11177	0.00019377237
P11182	6.3120626e-05
P11216	9.9453661e-05
P11233	0.00050386695
P11279	0.00035960679
P11310	9.0818476e-05
P11387	0.0003445332
P11388	0.00059292285
P11413	0.00016170819
P11586	0.00023408817
P11717	0.00019368271
P11766	0.00015904732
P11802	0.00033961743
P11836	0.00048522172
P11908	0.00027619062
P11940	0.0012125458
P12004	0.0015977377
P12081	0.000150848
P12235	8.3779816e-05
P12268	0.00068611661
P12270	0.0002419803
P12955	8.4553587e-05
P13010	0.00079484141
P13073	0.00077103134
P13284	0.0015077079
P13473	0.00020980239
P13612	9.1783199e-05
P13639	0.0085157161
P13645	1.7523258e-06
P13647	1.8406536e-07
P13667	0.00044903049
P13674	0.00051193426
P13716	4.8486721e-05
P13798	0.00011940317
P13807	0.00019431368
P13929	0.00029779228
P13995	0.0013077479
P14314	0.00068424195
P14317	0.00051583964
P14324	0.00013215628
P14618	0.00039840743
P14625	0.001053051
P14735	7.4239102e-05
P14854	0.0013754943
P14866	0.0002083196
P14868	0.00041164954
P14927	0.00019971098
P15121	0.00014930461
P15153	0.00068950476
P15170	0.00019392181
P15311	0.00086248909
P15374	0.00022662776
P15498	0.0001138747
P15586	7.4462931e-05
P15927	0.00024689857
P16070	0.00068152628
P16152	0.00022289921
P16219	2.983834e-05
P16220	6.7543491e-05
P16278	0.00012363567
P16298	0.00019154986
P16401	2.7791832e-06
P16435	6.7110694e-05
P16615	0.00025274336
P16885	0.00068381854
P16930	0.00011188215
P16949	0.00082895375
P17096	1.2514253e-05
P17174	0.00017874361
P17275	0.0014895093
P17480	0.00018571668
P17612	0.00011370948
P17655	3.1397921e-05
P17706	0.00011594694
P17812	0.00019656691
P17844	0.0013213885
P17858	0.00023874989
P17931	0.0017597149
P17980	0.0001530124
P18031	0.00020167364
P18074	9.1441146e-05
P18085	0.0010189951
P18124	3.9203378e-06
P18206	0.00014972305
P18669	0.00089261801
P18754	0.00010465337
P18858	0.00013742241
P18887	0.00011252558
P19174	4.4187975e-05
P19367	0.00030577574
P19387	0.00018383622
P19388	0.00083671886
P19397	0.0013907954
P19404	0.00013846185
P19474	0.00020594598
P19484	0.0002063337
P19525	0.00010302447
P19623	0.00023578681
P19784	0.00016821551
P19838	0.0003216397
P19878	0.00071985784
P19971	0.00073111737
P20036	0.0036308378
P20042	0.00038706072
P20338	5.9898683e-05
P20339	7.6099639e-05
P20340	0.00034005745
P20585	6.2755077e-05
P20618	0.00050220898
P20645	0.00034449584
P20700	0.00043838947
P20701	0.00023032226
P20839	4.9136291e-05
P20933	5.6081052e-05
P20936	7.6033885e-05
P21281	0.00016605028
P21283	8.5146368e-05
P21291	0.00028205534
P21333	0.00081629446
P21359	5.7947484e-05
P21399	9.0532878e-05
P21580	0.0011127277
P21796	0.00064120799
P21912	0.00029162951
P21953	6.1519783e-05
P21964	0.0001463324
P22033	0.0001149158
P22102	0.00014895093
P22234	0.00033755764
P22307	0.00012607238
P22314	0.00077291512
P22570	0.00016826283
P22626	0.0026270027
P22670	1.6727403e-05
P22694	0.0002286369
P22695	0.0011604325
P22830	0.00012787065
P23246	0.0007303436
P23284	0.0013554859
P23368	0.00040128499
P23381	0.00099689446
P23396	0.0053851811
P23443	7.5856632e-05
P23458	0.00037946083
P23526	0.00076860044
P23528	0.0023785823
P23588	9.6711423e-06
P23743	2.6328641e-05
P23786	0.00010186962
P23919	0.00032816778
P23921	0.00050085904
P24534	0.0011824999
P24666	0.00019391932
P24752	0.00021234952
P24928	0.00024588818
P24941	0.00017265141
P25098	0.00057698333
P25205	0.00034227332
P25325	0.00016560611
P25445	0.00036054495
P25705	0.0012901055
P25774	0.00030865164
P25786	0.00028915958
P25787	0.00046355613
P25788	0.00021767127
P25789	0.0010196593
P25942	0.00082509403
P26010	0.00067826183
P26196	0.0001373975
P26358	0.00026213239
P26368	0.00068366578
P26373	0.002438425
P26440	0.00010934
P26583	0.0012016532
P26599	0.0004357726
P26639	0.0002860454
P26640	0.00020067737
P26885	7.6556928e-05
P27144	1.1938906e-05
P27348	0.0018251865
P27361	0.00017941444
P27635	0.0010397674
P27694	0.00055124299
P27695	0.00047398876
P27707	4.7800041e-05
P27708	0.00013442778
P27797	0.0027893534
P27816	0.00012175188
P27824	0.001161985
P28062	0.0013200186
P28065	0.0011030721
P28066	0.00087555686
P28068	0.00015209334
P28070	0.00053581655
P28072	0.00057247603
P28288	2.9016748e-05
P28331	0.00034723891
P28340	0.00010425569
P28482	0.0001803775
P28702	0.00012737003
P28715	9.9377281e-05
P28838	0.00061763952
P28907	3.3148038e-05
P29083	9.4751259e-05
P29084	0.00034216124
P29144	0.00023320647
P29218	0.00013102634
P29350	0.00063005971
P29372	0.00029935477
P29401	0.00080142178
P29590	0.00011808976
P29597	0.00034524803
P29692	0.00037257825
P29728	0.0001554101
P29966	0.0010378578
P30040	0.00062564457
P30043	0.00016447119
P30049	0.00059131138
P30050	2.6806021e-05
P30085	0.00092344432
P30101	0.00011993286
P30153	0.00032827404
P30154	0.00017548248
P30260	0.00023227745
P30405	0.00042931012
P30419	0.00027996483
P30511	0.00036040381
P30519	0.00020165371
P30520	0.00012718157
P30566	0.00021080862
P30622	5.7844038e-05
P30740	0.0010019173
P30876	0.00027989675
P31146	0.0026420381
P31153	0.00033560245
P31350	0.0002431833
P31689	0.00017311385
P31749	0.000166438
P31751	0.00016369825
P31930	0.0004557163
P31937	0.00013330532
P31939	0.00030087076
P31942	0.00033745967
P31943	0.00072126673
P31946	0.00059724335
P31948	0.00035396457
P32019	0.00013592302
P32119	0.00010896474
P32248	0.0027951069
P32321	0.00039572331
P32322	0.00035294672
P32455	0.0001377902
P32456	0.00036937109
P32929	3.6288453e-05
P32942	0.00047757118
P32970	0.0013726633
P33121	0.00021353342
P33176	0.00037860403
P33316	0.00017622637
P33527	0.00014561425
P33991	0.00033283697
P33992	0.00023932607
P33993	0.00040298779
P34896	5.4984738e-05
P34897	0.00030725188
P34932	0.00044582913
P34949	0.00034606663
P35080	2.3437875e-05
P35241	0.00011949367
P35244	0.00010543461
P35249	0.00017749163
P35250	0.00036665791
P35251	0.00016594816
P35268	0.00094899039
P35269	0.00023419361
P35270	6.0490302e-05
P35573	6.9396308e-05
P35579	0.00089688537
P35580	4.7065125e-05
P35637	0.00077359591
P35658	7.3624734e-05
P35754	0.00051770599
P35813	0.00021619928
P35914	0.00011128273
P35998	0.00015710625
P36404	0.00017843643
P36405	0.00039282415
P36507	0.00023495742
P36542	0.0004490994
P36543	0.00048154465
P36551	0.00046599866
P36776	0.00025680815
P36871	0.00019460592
P36873	2.6824784e-05
P36915	4.9378468e-05
P36957	6.6812643e-05
P37108	0.0013777692
P37802	0.0011909516
P37837	0.00066464363
P38117	0.00033740986
P38159	0.00025567572
P38432	4.5427005e-05
P38606	0.00022538906
P38646	0.00047174714
P39023	7.727715e-05
P39656	0.00063613282
P39687	0.0003006383
P40222	0.00023286193
P40227	0.00057133613
P40306	0.0006323171
P40429	4.6225683e-05
P40616	0.0004249589
P40692	0.00011626824
P40763	0.00084647402
P40818	5.5630654e-05
P40925	0.00046058475
P40926	0.0008834274
P40938	0.00015944085
P40939	0.00019406627
P41091	0.00016910634
P41223	0.00038598475
P41226	9.4343617e-05
P41227	5.2350845e-05
P41229	0.00014704972
P41240	0.00091748329
P41250	0.00061154981
P41252	0.00028938375
P42025	0.00028796572
P42126	9.9848019e-05
P42224	0.0013221025
P42226	0.00029583959
P42229	0.00022660036
P42285	0.00019240499
P42345	7.3457277e-05
P42356	5.6993139e-05
P42566	0.0004074212
P42574	0.00025528966
P42695	0.00011459865
P42765	0.00029895626
P42766	0.00067965412
P42858	7.2359386e-05
P43007	0.00054759249
P43034	0.00016486389
P43243	0.00023224009
P43246	0.00011516819
P43250	0.00012547047
P43304	0.00012828079
P43307	0.00055909527
P43354	8.2201306e-05
P43405	0.00042956998
P43490	0.00026243957
P43686	0.00037661979
P43897	9.0073763e-05
P45880	0.00014083962
P45954	0.00027657999
P45973	0.00013834064
P45974	0.0002092013
P46013	0.00031048561
P46019	4.6116176e-05
P46060	0.00014478652
P46063	0.00029363949
P46100	9.6747123e-05
P46108	0.00014074249
P46109	0.00030715723
P46199	0.00014732784
P46459	0.00016542263
P46734	0.00012863695
P46736	5.8749898e-05
P46776	0.00014185333
P46777	0.0017994163
P46778	4.9091957e-05
P46781	9.3479352e-05
P46782	0.0024140579
P46783	2.9190763e-05
P46926	9.3305004e-05
P46940	0.00060623221
P46976	2.5437143e-05
P46977	0.00021386883
P47224	5.5211141e-05
P47712	1.283829e-05
P47755	0.00021284101
P47756	0.00085280865
P47897	0.00035596293
P47914	0.00023489183
P48047	0.00019065404
P48147	0.00020709004
P48163	7.4537983e-05
P48382	0.00039823889
P48426	0.00040770015
P48449	0.00015327724
P48506	2.8799229e-05
P48507	5.2415602e-05
P48634	0.00047423035
P48637	0.00014960681
P48643	0.0003566927
P48723	0.00015070935
P48729	0.00011511173
P48735	0.0002615421
P48960	0.00032118308
P49005	0.00020652133
P49006	0.0010949774
P49189	0.00022646835
P49207	2.2063518e-05
P49247	0.00016727237
P49257	0.00044126704
P49321	0.00041216345
P49327	0.00022878219
P49354	8.2592177e-05
P49368	0.00091303328
P49411	0.00063294475
P49419	2.0845825e-05
P49427	0.0003023029
P49441	4.6870519e-06
P49454	0.00023272328
P49585	0.00011340562
P49588	0.00050885163
P49589	0.00020373675
P49590	0.00010197755
P49591	0.00052306843
P49642	0.00011373107
P49711	0.00018077103
P49720	0.00057193224
P49721	0.0009405968
P49736	0.00026613242
P49748	0.00062603395
P49756	0.00023109852
P49770	8.8405007e-05
P49790	0.00021625574
P49792	0.00029260004
P49796	5.0148586e-05
P49815	5.4322383e-05
P49821	0.00051430538
P49840	0.00010997097
P49841	0.00029381217
P49902	0.00010124363
P49915	0.00019416175
P49916	3.984149e-05
P49959	0.00014402852
P49961	0.00029939379
P50213	0.00012208979
P50238	5.3040514e-05
P50336	3.9291963e-05
P50402	0.00027023457
P50416	4.2647157e-05
P50440	4.5057886e-05
P50453	0.0017486147
P50570	0.00033111591
P50579	0.00025536521
P50613	9.3349006e-05
P50748	6.1544026e-05
P50749	0.00020767202
P50750	0.00019880437
P50897	0.00028355223
P50914	0.00014641459
P50990	0.00077334684
P50991	0.0011070157
P51148	0.00029452866
P51149	0.00069205106
P51159	0.00038628861
P51398	0.00026931385
P51452	8.8588487e-05
P51531	0.00049906907
P51532	0.00021026565
P51553	0.00017777474
P51570	0.00015860647
P51571	0.00024633484
P51572	0.00020115641
P51606	9.6840939e-06
P51648	4.5524141e-05
P51659	0.00012000675
P51665	0.0006503986
P51692	0.00033581748
P51784	9.9672841e-05
P51812	6.8381356e-05
P51970	0.00042535658
P52209	2.5210741e-06
P52272	0.00080950487
P52333	0.0001463241
P52429	5.6451416e-05
P52434	0.00014190978
P52565	0.0020158397
P52566	0.0018461248
P52630	0.00022246085
P52701	0.00024117997
P52732	0.00022696483
P52756	0.00013710443
P52789	7.0362359e-05
P52888	0.00025121989
P52907	0.0001463241
P52948	0.00019047803
P53004	0.00071504834
P53041	5.7868945e-05
P53367	3.9282664e-05
P53396	0.00044587978
P53582	0.00024276736
P53597	0.00027390749
P53602	0.0003286078
P53611	0.00019101685
P53621	0.00041222821
P53634	0.00032656793
P53680	0.00038222299
P53803	0.00033943561
P53985	0.00015841054
P53992	0.00038783283
P54098	0.00015909713
P54105	0.00010299375
P54136	0.00030574419
P54577	0.00027927906
P54619	0.00015211493
P54709	0.00017059992
P54725	0.00051886997
P54727	0.00039735387
P54819	0.00040204133
P54886	0.00034032976
P54922	0.00030043406
P55010	0.00055354604
P55036	0.00019404137
P55060	0.00024531947
P55072	0.00063945456
P55081	0.00025704559
P55084	0.00015669861
P55145	0.00034091175
P55160	0.00024328459
P55196	6.1017496e-05
P55209	0.00052000323
P55210	0.00017808109
P55263	0.00028321848
P55265	0.00059996483
P55735	0.00021536905
P55769	0.00084005637
P55786	0.00024467854
P55809	0.00012359914
P55854	2.2580085e-06
P55884	0.00047774221
P55957	0.00027791915
P56134	0.00014681559
P56181	0.00014876662
P56182	0.00010623163
P56192	0.00020458026
P56385	0.00082308903
P56537	0.00018232106
P56556	0.0002272114
P56962	0.00010898383
P57678	0.00012490425
P57740	0.00010643836
P58397	2.080697e-07
P58546	0.00049311136
P59998	0.00050542196
P60033	0.00080375887
P60174	0.0013542821
P60228	0.0017726166
P60468	0.0003390371
P60510	0.00054694491
P60520	0.00056622609
P60604	9.809043e-05
P60866	9.5117388e-05
P60891	0.0002413485
P60900	0.00020008874
P60981	0.00017049863
P61006	0.00064377256
P61009	0.00033918571
P61011	0.00024450419
P61018	2.8062984e-06
P61019	0.00013390225
P61020	7.5326698e-05
P61026	0.0003449068
P61077	0.00029714138
P61086	0.00018003378
P61088	0.00022993621
P61106	0.00031096133
P61224	5.8727814e-05
P61225	7.7779354e-05
P61254	2.4198695e-05
P61289	0.00020054121
P61313	0.0019256688
P61421	0.00020023901
P61457	0.00010170274
P61513	0.00095601411
P61586	0.0025480232
P61604	0.00027689216
P61619	0.0007189861
P61769	0.015081894
P61803	0.0016028436
P61916	0.00012401093
P61927	0.0061349503
P61960	0.00021029388
P61962	0.00022157666
P61964	8.6175849e-05
P61966	0.00041570852
P61978	0.00042284597
P61981	0.00068507799
P62070	6.5489096e-06
P62081	9.3166356e-05
P62136	0.00081285732
P62140	0.00024661878
P62191	0.00013505543
P62195	0.00051070386
P62241	5.3743882e-05
P62249	0.0053462435
P62253	0.0002458832
P62256	0.00021120381
P62258	0.001092055
P62266	0.0038425041
P62277	0.0019646231
P62304	0.00022615702
P62306	0.00016036738
P62308	3.8469707e-06
P62310	6.2764708e-05
P62314	0.00055901308
P62316	8.2877691e-05
P62333	3.128584e-05
P62487	0.00026335199
P62491	0.0006693726
P62633	0.0019007122
P62701	0.0022168459
P62750	3.7664885e-05
P62753	0.0090571898
P62820	0.00087721731
P62826	0.00064725453
P62829	0.010676131
P62834	0.00034608987
P62837	0.0002831064
P62847	0.0025383013
P62873	0.00068337852
P62879	0.00023348127
P62888	0.0034403589
P62899	7.4964969e-05
P62906	0.00045877154
P62910	5.831843e-05
P62913	0.0094979571
P62937	0.0015633331
P62942	0.00071947594
P62979	0.00043926785
P62993	0.00079582356
P62995	0.00070755554
P63000	0.00067747478
P63010	0.00028246879
P63092	6.4541143e-06
P63104	4.8164677e-05
P63151	0.00013509695
P63165	0.00060217822
P63167	3.955556e-06
P63208	0.00043886685
P63220	9.585712e-05
P63241	2.8043307e-05
P63279	0.000653766
P67812	0.00050019569
P67870	0.00037594482
P68036	0.00011955344
P68104	1.0178411e-05
P68366	2.3549208e-05
P68371	0.00083936728
P68402	0.00023399352
P78318	0.00031341299
P78330	6.5796446e-05
P78344	0.00054096479
P78346	8.6021427e-05
P78347	0.00017044052
P78357	0.00010588127
P78371	0.00046600364
P78406	0.00012080044
P78417	0.00013439208
P78527	0.00022187554
P80217	0.00010375756
P82094	0.00020392106
P82912	0.00017135211
P82914	0.00013014215
P82930	0.00027474934
P82932	9.0266375e-05
P83111	0.00047018051
P83876	0.00040650214
P84085	0.00032443923
P84103	0.00071882255
P85037	5.4500052e-05
P98175	0.00021722461
P98179	0.00060657178
P99999	0.00010286506
Q00059	0.00033278799
Q00403	0.00025286872
Q00534	9.4521286e-05
Q00535	3.1967622e-05
Q00537	0.00011852396
Q00577	6.7896503e-05
Q00610	0.00055178098
Q00613	0.00012764151
Q00653	0.00060282911
Q00688	0.00023349124
Q00796	0.00010634786
Q00839	0.00058883482
Q01081	4.4352941e-05
Q01082	0.00016174223
Q01105	0.00013533522
Q01433	7.042637e-05
Q01469	2.6136775e-05
Q01581	0.00036913613
Q01658	0.00030242826
Q01780	0.00016377546
Q01813	0.00068407342
Q01844	0.00024645273
Q01970	4.4138659e-05
Q02127	5.088948e-05
Q02218	0.00022449241
Q02252	4.308369e-05
Q02338	0.0001055882
Q02556	0.00016024451
Q02750	0.000148755
Q02790	0.00017235668
Q02878	9.9517589e-05
Q02880	0.00047079571
Q02978	0.00018861168
Q03001	2.1683357e-05
Q03252	0.00037051763
Q03518	0.00063374509
Q04206	0.00019159386
Q04446	9.5056782e-05
Q04637	0.00046516345
Q04760	0.00074919057
Q04837	9.9212896e-05
Q04864	0.00026767996
Q04917	0.00075911759
Q05086	0.00019944863
Q05519	0.00041935404
Q05655	0.00016122832
Q05823	3.3290588e-05
Q05BE5	6.7387243e-05
Q05DG7	0.00026320089
Q06124	9.2781961e-06
Q06136	0.00013043356
Q06203	7.7520074e-05
Q06210	0.00019432862
Q06265	0.00011048571
Q06323	0.0013037047
Q06330	0.00046548475
Q06587	0.00018114878
Q06830	0.0039827459
Q07020	0.0023951121
Q07065	6.1365029e-05
Q07666	0.00097154764
Q07812	0.00044050572
Q07817	0.00021304276
Q07864	3.9954069e-05
Q07955	0.00058485803
Q08170	0.00053317975
Q08209	4.5955776e-05
Q08211	0.00018780969
Q08257	0.00026528061
Q08378	0.00012911599
Q08426	2.1028973e-05
Q08623	0.00020075956
Q08722	0.00019869063
Q09028	0.00015790659
Q09161	0.00010608136
Q0P665	0.00012314002
Q0VAE8	0.00070821557
Q10471	0.00021805816
Q10567	0.00020124939
Q10570	0.00010429637
Q10589	0.0014260053
Q10713	0.00013980682
Q12769	8.2698113e-05
Q12800	0.00011621344
Q12830	0.00013202428
Q12846	0.00010804651
Q12874	0.00020851304
Q12905	0.00044409313
Q12906	0.00052596343
Q12907	0.00040524434
Q12931	0.00049840489
Q12959	8.8066275e-05
Q12965	8.0512708e-05
Q12972	0.00017113542
Q12981	0.0001051075
Q12986	9.8651663e-05
Q13011	0.00014755864
Q13043	0.00023047752
Q13057	0.00014816554
Q13077	0.00082269052
Q13085	5.2730756e-05
Q13098	0.00012907448
Q13107	0.00021403654
Q13112	5.2795182e-05
Q13123	0.00022122547
Q13126	5.0795332e-05
Q13131	7.9141838e-05
Q13144	0.00010132499
Q13151	0.0005758177
Q13162	0.00020622245
Q13177	0.00014668442
Q13185	0.00011218518
Q13188	3.4865361e-05
Q13200	0.0003142125
Q13217	0.00017952901
Q13232	0.00034765817
Q13242	0.00029654196
Q13243	0.0005395999
Q13247	0.00050619407
Q13257	9.6446581e-05
Q13263	0.00097134009
Q13291	0.00068642711
Q13303	0.00013078226
Q13315	6.2890155e-05
Q13330	0.00015786591
Q13347	0.0010083433
Q13363	0.00041983889
Q13395	6.9760611e-05
Q13409	0.0001060357
Q13416	9.1901921e-05
Q13418	0.00017166012
Q13423	0.0001803692
Q13427	0.00013910113
Q13435	0.00042803406
Q13451	4.9335628e-05
Q13459	0.000446265
Q13464	0.00019599655
Q13480	1.8231525e-05
Q13501	0.00046889947
Q13510	0.00013592966
Q13523	0.00012054972
Q13526	0.00023008814
Q13547	3.4296075e-05
Q13557	9.7234466e-05
Q13561	0.00021204566
Q13568	0.00015015725
Q13573	0.00037087795
Q13576	4.6591895e-05
Q13601	0.00013866526
Q13613	4.4421434e-05
Q13616	0.00013492343
Q13617	0.00010997014
Q13618	0.00012215953
Q13619	0.00022478548
Q13620	0.00015648773
Q13630	0.00010110249
Q13724	0.0002362368
Q13740	0.00015824117
Q13761	0.00044780009
Q13769	4.4186978e-05
Q13813	0.00026093853
Q13867	0.00036433576
Q13868	6.1156476e-05
Q13905	0.00045843197
Q14004	0.00010027891
Q14011	0.0004965568
Q14103	0.00049002043
Q14139	0.00013401516
Q14145	0.0001789686
Q14152	0.00074053961
Q14155	7.8634902e-05
Q14166	0.00015488871
Q14181	6.80667e-05
Q14203	8.5851231e-05
Q14204	0.00022756425
Q14232	0.00015753963
Q14240	2.4606751e-05
Q14241	0.00016295686
Q14254	0.0005069529
Q14258	0.00029198152
Q14289	0.00062776995
Q14318	0.0007351888
Q14320	0.00022459453
Q14344	0.00011983406
Q14376	9.9492682e-05
Q14457	0.00019660344
Q14498	0.00021792366
Q14554	4.5737592e-05
Q14562	0.00011803081
Q14566	0.0002966914
Q14571	6.9532133e-05
Q14643	0.00011530352
Q14653	0.00028483078
Q14669	0.0003320549
Q14683	0.00014614809
Q14684	0.00013430076
Q14692	0.00024373125
Q14694	0.00016822713
Q14696	0.00017015741
Q14697	0.00048256417
Q14738	0.00012666932
Q14761	0.00075998269
Q14790	0.00014379772
Q14814	0.00026535201
Q14839	0.00045323392
Q14914	9.9491022e-06
Q14929	1.4414143e-05
Q14974	0.00075199757
Q14997	0.00015448356
Q15003	0.00014771307
Q15007	0.00020108501
Q15008	0.0002473087
Q15018	0.00015578121
Q15021	0.00039827874
Q15022	0.00019556649
Q15024	8.6724629e-05
Q15027	0.00038548827
Q15029	0.00028106737
Q15031	6.7210321e-05
Q15046	0.00069593403
Q15052	0.00010448566
Q15054	9.6101207e-05
Q15056	0.00031751431
Q15057	0.00011378171
Q15067	7.813303e-05
Q15070	0.0005826297
Q15075	2.4070258e-05
Q15080	0.00020040754
Q15084	0.00088223188
Q15118	0.00018390347
Q15120	0.00013747139
Q15125	4.4761495e-05
Q15126	0.00037540932
Q15149	0.00018556226
Q15165	0.00011701461
Q15172	0.00013772627
Q15181	0.00027309885
Q15233	0.00027976059
Q15276	0.00023703963
Q15286	2.3913595e-05
Q15291	9.0345247e-05
Q15306	0.00078895344
Q15366	0.0003316705
Q15369	3.4395536e-05
Q15382	1.563524e-05
Q15386	0.00016760695
Q15388	0.00059404615
Q15392	0.00028386357
Q15393	0.00035959102
Q15397	0.00017437994
Q15404	0.00028008687
Q15418	0.00033749454
Q15428	0.00033137328
Q15437	0.00019479438
Q15477	0.00012525793
Q15526	0.00017119021
Q15554	9.292393e-05
Q15555	8.8033896e-05
Q15629	0.0003582693
Q15637	0.00042158237
Q15691	0.00019021153
Q15717	0.00016896354
Q15738	0.00012682955
Q15758	0.00039189762
Q15771	5.6035639e-05
Q15907	0.00031924367
Q15942	0.00026650685
Q16134	3.8019807e-05
Q16186	0.0002825269
Q16204	7.8122237e-05
Q16222	0.00010580572
Q16401	0.00017595654
Q16512	0.00027756381
Q16531	0.00024740334
Q16537	3.6444203e-05
Q16539	0.00013886036
Q16543	0.00072225553
Q16555	8.2448132e-05
Q16576	0.00032691247
Q16629	0.00048434085
Q16698	0.00017538784
Q16706	6.8270271e-05
Q16718	2.1418515e-05
Q16719	9.3390517e-05
Q16740	0.00018958388
Q16762	3.2241182e-05
Q16774	0.0002766049
Q16795	7.66847e-05
Q16822	0.00020197667
Q16836	0.0001528173
Q16851	0.00014286537
Q16854	0.00019027214
Q16880	5.1040913e-07
Q1KMD3	1.1214118e-06
Q27J81	4.0266068e-05
Q29RF7	0.00018013839
Q2MDF5	0.00013129949
Q32P28	8.1280336e-05
Q38SD2	4.4441111e-05
Q3LXA3	4.3391206e-05
Q3ZAQ7	5.5499312e-05
Q49AS9	0.00023751452
Q4KMP7	0.00011897561
Q4KWH8	4.3012872e-06
Q4TT38	0.00058831925
Q504Z1	0.0001825942
Q53EL6	0.00064113493
Q53GQ0	3.7874517e-05
Q53GS9	0.00016254008
Q53H12	0.00015773058
Q53H82	0.00011959911
Q53H96	4.0694133e-05
Q58A45	0.00013674245
Q5BKZ1	7.157972e-05
Q5C9Z4	4.7491778e-05
Q5GLZ8	7.0333633e-05
Q5H909	0.0002206742
Q5HYI8	8.6342725e-05
Q5JPH6	5.3500127e-05
Q5JR04	0.00012856804
Q5JRA6	8.4078697e-05
Q5JRC6	0.00013903886
Q5JS54	0.00010206804
Q5JT45	6.3891989e-05
Q5JTH9	3.7329059e-05
Q5JTJ3	0.00023512595
Q5JTZ9	3.9483994e-05
Q5JU47	9.8626756e-05
Q5JUA8	8.39799e-05
Q5JV08	0.00010084097
Q5JVF3	0.00014368149
Q5JVZ4	7.8957611e-05
Q5JW28	0.00030855617
Q5JWB9	0.00010850064
Q5JWS6	5.3287755e-05
Q5JX61	0.00018781467
Q5JXC5	0.00023095407
Q5JY17	0.00010776174
Q5JY90	0.00017727577
Q5LJA0	0.00015940598
Q5QPE7	0.00016226279
Q5R3B4	2.5312775e-05
Q5RI15	2.2504783e-05
Q5S007	2.7238237e-05
Q5SRE5	0.00012632477
Q5ST30	6.9259486e-05
Q5STZ7	0.00034218034
Q5SWX8	7.0072029e-05
Q5SY38	0.00036418134
Q5SYF3	3.7473684e-05
Q5SZ82	6.8165331e-05
Q5SZR1	0.00033409974
Q5T092	0.00030585212
Q5T0R7	0.0007388144
Q5T123	0.00090678998
Q5T160	0.00019233774
Q5T1M5	9.0254752e-05
Q5T1Z8	0.00014087034
Q5T2E7	5.8858658e-05
Q5T2X4	0.00010242919
Q5T3I4	0.0001722612
Q5T3N1	1.8589684e-06
Q5T447	7.2595087e-05
Q5T4S7	9.9921079e-05
Q5T6V6	5.7589989e-05
Q5T6W8	0.0012221266
Q5T795	4.6390566e-05
Q5T7Y7	0.00011782989
Q5T852	8.4755332e-05
Q5T8A0	0.00032630641
Q5T8P6	0.00011432136
Q5T8U5	0.00040230866
Q5TA45	0.00019014013
Q5TB53	0.00028137538
Q5TBB1	0.00014050089
Q5TDH0	2.7527405e-05
Q5TH30	0.00010604898
Q5UIP0	8.364781e-05
Q5VSL9	9.5134823e-06
Q5VT94	0.001198407
Q5VTI5	3.9636756e-07
Q5VTL8	0.00020322782
Q5VTR2	0.00011631805
Q5VV42	7.7676322e-05
Q5VWJ6	2.9663411e-05
Q5VWZ2	0.00013999528
Q5VXB1	0.00028273861
Q5VYD0	4.3307935e-05
Q5VYS8	8.8678982e-05
Q5VZU1	9.5025233e-05
Q5W0V1	7.4966463e-05
Q5XPI4	2.8186687e-05
Q5Y7D6	0.0036413568
Q643R3	0.00018037252
Q66K74	0.00012693084
Q68CP9	4.1331165e-05
Q68D91	1.227108e-06
Q68E01	6.7107705e-05
Q6DU44	0.0014183755
Q6I9Y2	0.00045503718
Q6IA86	9.2527912e-05
Q6IAN0	5.5838211e-05
Q6IBS0	0.0002062706
Q6ICB0	0.00016959867
Q6IQ49	0.00011762649
Q6KC79	9.2529573e-05
Q6MZM0	5.8484392e-07
Q6NVY1	4.8842556e-05
Q6NXR6	0.00022910598
Q6NYC8	0.00046547893
Q6NZY4	9.5098293e-05
Q6P1J9	0.00011691748
Q6P1L8	0.00040515966
Q6P275	4.4856473e-05
Q6P2E9	0.00012098642
Q6P2Q9	0.00047729887
Q6P577	0.0002528488
Q6P587	6.846305e-06
Q6P5R6	0.002872949
Q6P664	0.00012423592
Q6P9B9	9.1610512e-05
Q6PCB7	2.2949453e-05
Q6PDA5	0.00012616869
Q6PGP7	0.00014025597
Q6PI48	0.00019530414
Q6PIR0	2.7345834e-05
Q6PIY7	0.00010418014
Q6PL24	6.4159903e-05
Q6UB35	0.00019245065
Q6ULP2	0.00026789001
Q6UW02	1.7162608e-05
Q6UWE0	4.5237381e-05
Q6UX04	0.00010025649
Q6WKZ4	0.00013232399
Q6YP21	0.00022883948
Q6ZMZ3	3.7510712e-05
Q6ZP13	0.00013024593
Q6ZRP7	9.4046396e-05
Q6ZRS2	8.5220258e-05
Q6ZS74	0.00060118942
Q6ZUJ8	0.0004653544
Q709C8	0.00011005897
Q70CQ2	9.6944717e-05
Q712K3	0.00040520615
Q71UM5	0.00057602359
Q75QN2	0.00010922792
Q7KZ85	0.00019568272
Q7KZN9	0.00019395087
Q7L014	0.00014408083
Q7L2E3	0.00013138085
Q7L576	6.219567e-05
Q7LBC6	0.00016945753
Q7LG56	0.00029451122
Q7LGA3	2.9241905e-05
Q7Z2T5	9.1040146e-05
Q7Z2Z2	0.00011660531
Q7Z3B4	0.00013154607
Q7Z3X9	0.00023894998
Q7Z434	7.0211092e-05
Q7Z4H3	8.9049263e-05
Q7Z4Q2	3.6613818e-05
Q7Z4S6	6.0318528e-05
Q7Z4W1	0.00011856548
Q7Z5G4	0.00017993416
Q7Z5L9	0.00030734985
Q7Z617	0.00017997401
Q7Z6Z7	0.00031844997
Q7Z7E8	0.00020005304
Q86SF2	6.9468869e-05
Q86SX6	0.00023240779
Q86T14	0.00023615876
Q86TB9	0.00027774978
Q86TI2	0.0001815697
Q86TM6	0.00019449135
Q86U44	0.00013984833
Q86U86	9.6676554e-05
Q86U90	0.00020937233
Q86UA1	0.00014001853
Q86US8	0.00011763147
Q86UT6	6.0014499e-05
Q86UV5	0.00010772106
Q86V21	6.1218162e-05
Q86V81	0.00074227313
Q86VM9	0.0001501996
Q86VN1	0.00013881221
Q86VU5	2.3821772e-05
Q86VX2	0.00014992977
Q86W42	6.6110935e-05
Q86W50	5.8441967e-05
Q86X55	0.00030853624
Q86X76	0.00011902708
Q86XE2	0.00032363972
Q86XN8	1.0378246e-05
Q86XP3	0.00037633087
Q86Y07	0.00018450123
Q86Y82	9.6128604e-05
Q86YM6	6.4126611e-06
Q86YS6	4.8908726e-05
Q86YV9	0.00010602823
Q86Z20	2.5938849e-05
Q8IUE6	1.4137014e-06
Q8IVD9	0.00014010072
Q8IVH4	3.9992425e-05
Q8IW19	1.8737631e-05
Q8IWC1	4.7495016e-05
Q8IWV7	7.6299392e-05
Q8IWV8	5.995547e-05
Q8IWX8	5.876642e-05
Q8IWZ8	7.3832623e-05
Q8IX01	0.00025291854
Q8IXB1	0.00010822417
Q8IXI1	0.0001351368
Q8IXI2	0.00011903455
Q8IY18	8.837761e-05
Q8IYB3	0.00012977602
Q8IYI6	7.615651e-05
Q8IYL7	8.9084133e-05
Q8IYS2	0.0001195825
Q8IZE3	8.130408e-05
Q8IZH2	7.9298253e-05
Q8IZT6	0.00011456046
Q8N1F7	0.00019789196
Q8N1G4	0.00014239048
Q8N2K0	0.00018265896
Q8N392	3.7254421e-05
Q8N3C0	0.00010595766
Q8N3U4	0.00025386666
Q8N3X1	0.00024196619
Q8N490	5.821241e-05
Q8N4T8	5.3568621e-05
Q8N4V1	7.2130742e-05
Q8N5M9	0.00022951279
Q8N6H7	0.00011815036
Q8N6L1	0.00018163778
Q8N6M0	9.3085824e-05
Q8N6T3	0.00014137844
Q8N8A6	9.2802717e-05
Q8NAV1	4.1935819e-05
Q8NB46	7.7287361e-05
Q8NBF2	6.2550509e-05
Q8NBJ5	0.00012902467
Q8NBL1	8.8097824e-05
Q8NBQ5	9.6933094e-05
Q8NBT2	0.00012314417
Q8NBX0	5.1002142e-05
Q8NC51	0.00039802884
Q8ND98	8.1988934e-07
Q8NDX1	0.00023054061
Q8NEB9	0.00013133519
Q8NEL9	8.5978255e-05
Q8NF37	0.00012007981
Q8NFD5	5.4664686e-05
Q8NFH3	8.4194099e-05
Q8NFH4	0.00013463285
Q8NFH5	4.1772099e-05
Q8NFV4	3.6174546e-05
Q8NFW8	0.00020641589
Q8NHM5	0.00013795874
Q8NHQ9	3.5611652e-05
Q8NHU6	5.479445e-05
Q8NI27	0.00014050836
Q8NI35	2.534806e-05
Q8TAE8	0.00021890582
Q8TAQ2	0.0001562121
Q8TAT6	0.00015061222
Q8TB61	0.00014500985
Q8TBC4	0.00021709094
Q8TBX8	0.00010951186
Q8TC12	0.00013333936
Q8TCA0	9.017339e-05
Q8TCD5	0.00017311385
Q8TCJ2	0.00042934914
Q8TCS8	8.8129372e-05
Q8TCT9	0.0001278665
Q8TCU6	0.00020140963
Q8TD19	0.00026870612
Q8TD55	0.00015584763
Q8TDD1	0.00024331614
Q8TDN6	0.00011254135
Q8TDQ7	5.991014e-05
Q8TDX7	0.00015988087
Q8TEA8	0.00017138781
Q8TEM1	0.00017086725
Q8TEQ6	9.3962543e-05
Q8WU76	5.8909053e-05
Q8WU79	0.00045778107
Q8WUD1	5.9849367e-05
Q8WUK0	0.00024411149
Q8WUM0	0.00018208776
Q8WUM4	0.00015774967
Q8WUW1	0.0016692119
Q8WUY1	3.1870319e-05
Q8WV28	0.00020878702
Q8WV74	0.0001611644
Q8WVB6	4.380084e-05
Q8WVC0	0.0001883485
Q8WVK2	0.00014462628
Q8WVX6	0.00020324692
Q8WVY7	0.00019488405
Q8WW59	9.7989142e-06
Q8WWQ0	0.00010314236
Q8WWW0	0.00036302068
Q8WWY3	0.00018043229
Q8WX92	0.00017371908
Q8WXA9	8.9847941e-05
Q8WXF1	0.00028646218
Q8WXI9	0.00010179573
Q8WXW3	6.8114936e-05
Q8WY22	0.00011710594
Q8WYA6	0.00020147853
Q8WYJ6	0.0004304384
Q8WYY7	0.00045434228
Q8WZ42	1.8067721e-06
Q92466	0.00069944589
Q92499	0.00021437859
Q92506	0.00010868412
Q92522	0.00059357126
Q92530	0.0001841542
Q92538	0.0001530589
Q92542	0.00012915252
Q92556	0.00018334224
Q92572	3.0498204e-06
Q92598	0.00036973888
Q92600	0.00032508265
Q92604	4.1800658e-05
Q92608	0.00019586537
Q92614	4.0239667e-05
Q92616	0.00016124742
Q92620	0.00013589728
Q92621	0.00013191884
Q92623	5.3977922e-05
Q92696	8.3689321e-05
Q92733	0.00011050896
Q92734	0.00052247066
Q92747	0.00027076177
Q92769	0.00025522574
Q92783	7.3476622e-05
Q92785	8.6589302e-05
Q92797	0.00023274735
Q92835	0.00027087717
Q92841	0.00079051676
Q92854	0.0001335602
Q92878	0.00019427964
Q92879	0.00022846173
Q92882	0.00049163024
Q92890	0.00010949442
Q92896	0.00027101166
Q92900	0.00031086918
Q92905	2.8446133e-05
Q92917	0.0001078431
Q92918	0.00020983892
Q92922	0.00020383057
Q92925	0.00028448707
Q92930	0.00019502684
Q92945	0.00048187923
Q92947	0.00014727139
Q92974	0.00021448237
Q93008	0.00023812307
Q93009	0.00040341037
Q93034	8.6498807e-05
Q93084	0.00024879148
Q93100	0.00010302613
Q969G3	0.00016056248
Q969M1	3.0748849e-05
Q969N2	0.00014453247
Q969Q5	4.2569448e-05
Q969S3	0.00017834261
Q969S9	7.7172209e-05
Q969U7	0.00058226523
Q96A35	0.00017664646
Q96A65	0.00011559326
Q96AE4	0.0002641598
Q96AJ9	4.0420988e-05
Q96AN2	4.457594e-05
Q96AZ6	3.8048533e-05
Q96B26	9.339965e-05
Q96B45	3.5743326e-05
Q96B97	0.00036822454
Q96BM9	9.7399681e-05
Q96BP3	0.00014440461
Q96BW5	9.2564442e-05
Q96C19	0.00061729498
Q96C36	0.00018841824
Q96C86	5.7188076e-05
Q96CB9	6.8943917e-05
Q96CG1	0.00014838306
Q96CW1	0.00033058457
Q96CW5	3.4470589e-05
Q96DA6	2.3672497e-05
Q96DE0	7.7836971e-05
Q96DI7	0.00010241923
Q96DV4	0.00011934091
Q96E11	4.0248301e-05
Q96EE3	0.00014136183
Q96EK5	0.00016602122
Q96EK6	8.2267973e-05
Q96EK9	0.00011574603
Q96EP0	0.000114817
Q96EY1	0.00014223025
Q96EY8	4.3681038e-05
Q96F07	0.0001849014
Q96F86	0.00010915735
Q96FJ0	6.2410948e-05
Q96FS4	0.00022349531
Q96FV9	0.00011223583
Q96FW1	0.00040109072
Q96FZ7	7.9867456e-05
Q96G03	0.0002312214
Q96GA3	0.00017271202
Q96GM5	0.00010346283
Q96GM8	4.7997801e-05
Q96GQ7	0.0001373452
Q96GW9	6.2627803e-05
Q96GX9	0.0001171599
Q96H20	9.2251447e-05
Q96HE7	0.00035776452
Q96HW7	9.4897378e-05
Q96HY6	0.0001082001
Q96I24	0.00011966802
Q96I25	0.00015841552
Q96I59	6.7477571e-05
Q96I99	4.7375546e-05
Q96IJ6	7.3905185e-05
Q96IU4	5.0252364e-05
Q96IV0	0.00022686271
Q96IX5	1.7567094e-05
Q96JH7	6.992649e-05
Q96JJ7	0.00015310041
Q96K76	0.00012117239
Q96KB5	0.00020055449
Q96KG9	0.00021498217
Q96KP4	0.00046273421
Q96KQ7	9.6145209e-05
Q96KR1	0.00020669402
Q96L91	5.8626028e-05
Q96M27	0.00019691229
Q96NC0	0.00036122989
Q96NI0	3.2193859e-05
Q96P48	0.00015384678
Q96P70	0.00016618062
Q96PE7	6.589491e-05
Q96PK6	0.00018194995
Q96PZ0	6.9649278e-05
Q96Q11	0.00011111087
Q96Q15	0.00021947452
Q96QC0	0.00014093095
Q96QR8	0.0001136414
Q96RP9	0.00013871258
Q96RQ3	0.00015379531
Q96RQ9	0.00019234853
Q96RR5	0.00042815112
Q96RU2	9.0351058e-05
Q96S52	0.00013104544
Q96S55	0.00014598371
Q96SB3	0.0003651004
Q96SI9	7.6590967e-05
Q96ST3	0.00012507528
Q96T23	0.00011221424
Q96T49	0.00018415088
Q96T51	5.5638541e-05
Q96T60	0.00012059372
Q96TA2	0.00052622993
Q99436	0.00061076442
Q99442	0.00030880855
Q99447	0.00015726482
Q99459	0.00012518985
Q99460	0.00023859464
Q99471	0.00046745653
Q99536	0.00020786962
Q99543	9.7573198e-05
Q99547	8.9124814e-05
Q99567	0.00020431376
Q99570	8.0212083e-05
Q99575	3.8553809e-05
Q99627	0.00017871289
Q99653	0.0002235335
Q99661	0.00020207132
Q99707	0.00014505634
Q99714	0.00035259802
Q99720	0.00014484131
Q99729	0.00059229603
Q99733	0.0003056703
Q99797	6.5556925e-05
Q99798	0.00019542618
Q99807	9.6876638e-06
Q99816	0.00023512761
Q99828	0.00024318662
Q99836	0.00014596212
Q99873	0.00053016603
Q99943	1.684953e-05
Q99961	0.00021647741
Q99973	6.9065462e-05
Q99986	0.00015052504
Q9BPX3	0.00020929097
Q9BQ39	0.0002695048
Q9BQ52	0.00013851665
Q9BQ95	0.00016906898
Q9BQA1	6.4315654e-05
Q9BQE3	7.4577253e-05
Q9BQG0	0.00014308538
Q9BRP4	9.7383077e-05
Q9BRP8	0.00017452606
Q9BRR6	0.0001721101
Q9BRT2	0.00025185087
Q9BRT9	3.4907454e-05
Q9BRX2	8.8627508e-05
Q9BRX5	4.319602e-05
Q9BRX8	7.2866488e-05
Q9BS26	0.00011598264
Q9BSD7	0.00025473009
Q9BSH4	0.00016387758
Q9BSV6	0.0001183189
Q9BT09	0.00012577765
Q9BT78	0.00016295686
Q9BTC0	6.9257992e-05
Q9BTE3	0.0001428579
Q9BTU6	6.1201391e-05
Q9BTX1	0.00010418263
Q9BU61	0.00023340988
Q9BU89	6.077399e-05
Q9BUB1	0.0001529244
Q9BUE0	5.8048689e-05
Q9BUH6	5.532895e-05
Q9BUI4	8.1562032e-05
Q9BUN8	0.00024808994
Q9BUP3	0.00014029914
Q9BUQ8	0.00016458991
Q9BUT1	4.3553931e-05
Q9BV20	7.0764355e-05
Q9BV23	0.00010488168
Q9BV40	0.0011704782
Q9BV57	9.0326982e-05
Q9BV79	4.8398717e-05
Q9BVG4	0.0001581872
Q9BVK6	0.00082997991
Q9BVL2	0.00013651746
Q9BVS4	7.2939133e-05
Q9BW27	0.00010848653
Q9BW60	0.00016762937
Q9BW61	8.0070696e-05
Q9BW92	0.00010448982
Q9BWD1	0.00032113493
Q9BX68	5.4205155e-05
Q9BXJ9	0.00018975657
Q9BXR0	0.00010485844
Q9BXS5	0.00023680301
Q9BXW9	3.7816817e-05
Q9BY32	0.00019213434
Q9BY50	0.00080575141
Q9BYD1	0.00010451638
Q9BYN8	0.00028072614
Q9BYT8	6.5016863e-05
Q9BYX4	0.00024648013
Q9BZI7	0.00014506464
Q9BZJ0	7.8900907e-05
Q9BZK7	0.0001507874
Q9BZL6	0.00020707592
Q9BZQ8	0.00017235419
Q9BZV1	0.00034010809
Q9BZX2	0.00013074158
Q9C005	0.00032359821
Q9C037	0.00011102951
Q9C0C9	7.7802683e-05
Q9GZL7	0.00018839084
Q9GZN8	5.5481297e-05
Q9GZP4	0.0002526263
Q9GZS3	0.0002650689
Q9GZT4	0.00010054292
Q9GZZ9	8.9006922e-05
Q9H061	0.00022718982
Q9H074	1.754418e-05
Q9H078	0.00010292318
Q9H0D6	0.00029633108
Q9H0E2	7.8879902e-05
Q9H0H0	7.8003515e-05
Q9H0P0	5.8957289e-05
Q9H0R6	3.2024908e-05
Q9H0U4	5.157342e-05
Q9H0U6	0.00035554449
Q9H1A4	8.3780646e-05
Q9H1E3	0.00048504571
Q9H223	0.00029731656
Q9H2G2	8.1201298e-05
Q9H2H8	7.0717281e-05
Q9H2K8	0.00010160478
Q9H2U2	0.00011916075
Q9H307	0.00024938841
Q9H3H3	0.00016683733
Q9H3P7	0.00025794971
Q9H3S7	7.6144472e-05
Q9H444	0.00041489407
Q9H488	7.615294e-05
Q9H4A4	0.00011728693
Q9H4M9	0.00073831128
Q9H4Z3	0.00011339565
Q9H553	0.00010767456
Q9H6R4	0.00010124778
Q9H6T3	0.0001069423
Q9H7Z7	0.00011881786
Q9H814	0.0001261936
Q9H832	0.00017581789
Q9H845	8.4614193e-05
Q9H900	6.6660545e-05
Q9H974	6.434164e-05
Q9H9A5	8.760882e-05
Q9H9A6	0.00011357913
Q9H9B1	0.0001179453
Q9H9J2	0.00033731023
Q9H9P8	3.136687e-05
Q9H9Q2	9.3410443e-05
Q9H9T3	9.8725553e-05
Q9H9Y6	0.00016716195
Q9HA77	0.00010266249
Q9HAB8	0.00031162883
Q9HAC8	1.6298259e-05
Q9HAF1	0.00011638862
Q9HAU5	0.00011440521
Q9HAV4	0.00011963647
Q9HAV7	0.00022818277
Q9HB40	0.00014134523
Q9HB71	0.00021228559
Q9HBH5	6.8947155e-05
Q9HBI0	0.0001044757
Q9HBL7	0.00035207083
Q9HBM1	0.00015974222
Q9HC98	0.00026787507
Q9HCC0	0.00013092921
Q9HCG8	0.00012819527
Q9HCK8	0.00011770453
Q9HCN8	0.00015400203
Q9HCS7	0.00016035243
Q9HCU5	0.00013972131
Q9HCU8	0.0001559074
Q9HD33	0.0002716443
Q9NNW7	3.3450988e-05
Q9NP61	0.0002341961
Q9NP72	0.00020624569
Q9NP77	0.00066627419
Q9NP79	0.00023657636
Q9NP81	4.8759617e-05
Q9NP92	0.00015483143
Q9NPA8	8.7699315e-05
Q9NPD3	7.0043386e-05
Q9NPF4	7.8345568e-05
Q9NPF5	6.8762264e-05
Q9NQ88	0.00015914944
Q9NQC7	0.00014389652
Q9NQE9	8.6186642e-05
Q9NQP4	0.00015533372
Q9NQR4	0.0001343597
Q9NQT4	0.00015058482
Q9NQT5	0.00011693491
Q9NQT8	2.8307485e-05
Q9NQW7	0.00011350358
Q9NQZ2	0.00022934177
Q9NR09	0.00010525362
Q9NR28	7.294345e-05
Q9NR30	0.00062875294
Q9NR31	0.00022945385
Q9NR45	0.00016268869
Q9NR46	0.00011645255
Q9NR50	8.3304096e-05
Q9NRC6	3.3886607e-06
Q9NRD1	6.048449e-05
Q9NRF8	6.1876531e-05
Q9NRF9	5.5521147e-05
Q9NRG0	0.00012744641
Q9NRG9	0.00010130756
Q9NRK6	1.2582165e-05
Q9NRL2	0.00014247683
Q9NRN7	0.00010320961
Q9NRP0	5.1109739e-05
Q9NRR5	7.3442167e-06
Q9NRW7	4.515469e-05
Q9NRX4	0.0002670025
Q9NRZ7	0.00014340004
Q9NS69	0.00026702242
Q9NS87	7.6789392e-05
Q9NSD9	0.00020097293
Q9NSE4	0.00037629684
Q9NSP4	7.3796342e-05
Q9NT62	6.8215061e-05
Q9NTG7	5.0293958e-05
Q9NTI5	7.5398679e-05
Q9NTJ3	0.00035082051
Q9NTJ4	0.00015394226
Q9NTM9	0.00013436386
Q9NTN9	7.7279391e-06
Q9NUB1	2.0520127e-05
Q9NUJ1	0.00010295722
Q9NUT2	4.4766061e-05
Q9NUU7	0.00013972546
Q9NV06	9.3909409e-05
Q9NV70	0.0001713081
Q9NV88	6.5107358e-05
Q9NVE7	7.9932961e-05
Q9NVH0	2.6713118e-05
Q9NVH1	9.4305427e-05
Q9NVH2	8.8178355e-05
Q9NVI1	0.00016629188
Q9NVJ2	0.00017249035
Q9NVM6	6.1616753e-05
Q9NVP1	7.8805514e-05
Q9NVR2	0.00010294227
Q9NVS2	0.00020607052
Q9NVS9	7.083069e-05
Q9NW08	1.7821725e-05
Q9NW64	0.0001719673
Q9NWB6	0.00043388716
Q9NWT1	0.00011630477
Q9NWU1	0.00012101215
Q9NWU2	0.00037871612
Q9NWZ3	7.9379864e-05
Q9NWZ5	6.0785115e-05
Q9NX08	0.00033639283
Q9NX20	0.00036504478
Q9NX24	0.00024415052
Q9NX46	0.00018021809
Q9NX47	0.0001525234
Q9NXA8	9.3213679e-05
Q9NXE4	5.9330061e-05
Q9NXH9	7.6187394e-05
Q9NXR7	0.00011011958
Q9NXS2	5.908174e-05
Q9NY12	3.5105463e-05
Q9NY33	9.6164304e-05
Q9NY93	0.00018407699
Q9NYB0	0.00047133203
Q9NYF8	0.00021775762
Q9NYH9	0.0001636667
Q9NYL9	0.00021322956
Q9NYP7	0.0001820172
Q9NYU2	8.1046793e-05
Q9NYV4	0.00011386888
Q9NZ01	0.00026877171
Q9NZ08	0.00010048148
Q9NZ43	0.0001235103
Q9NZ45	2.3880386e-05
Q9NZ52	0.00014694677
Q9NZB2	0.00018037916
Q9NZJ9	0.00030477365
Q9NZL4	4.968067e-05
Q9NZL9	0.00026534288
Q9NZN8	5.6460383e-05
Q9NZZ3	0.00023963159
Q9P015	0.00034876154
Q9P016	0.00018885909
Q9P032	0.00011178169
Q9P0L0	0.00060865232
Q9P0N8	3.108094e-05
Q9P0S9	0.00016962856
Q9P260	4.6901072e-05
Q9P265	0.00016333378
Q9P2E9	0.00010666003
Q9P2J5	0.00020112818
Q9P2K8	7.2633361e-05
Q9P2N5	0.00011224247
Q9P2R7	9.7407153e-05
Q9P2W9	1.1920475e-05
Q9UBB5	0.0010608717
Q9UBB9	0.00011466258
Q9UBD5	6.5251734e-05
Q9UBE0	0.00040083501
Q9UBF8	0.00015458153
Q9UBK9	0.00031143456
Q9UBM7	0.00028589264
Q9UBP6	4.6623361e-05
Q9UBQ7	0.00013368058
Q9UBR2	0.00044820026
Q9UBS4	0.00010351015
Q9UBT2	0.00014437057
Q9UBU8	0.0006315508
Q9UBU9	0.00011444589
Q9UBV2	0.00025229919
Q9UBW8	0.00013624598
Q9UBX3	0.00024117498
Q9UDY2	0.00021990458
Q9UDY8	0.0004348635
Q9UEU0	0.00018467973
Q9UEY8	0.00012795783
Q9UFN0	1.9356315e-05
Q9UGM6	6.3841013e-05
Q9UGP8	0.00011618273
Q9UGR2	0.00010749357
Q9UHA4	0.00027667547
Q9UHB9	0.00046034897
Q9UHD2	0.00014211236
Q9UHG3	5.6589815e-05
Q9UHI6	3.7199958e-05
Q9UHP3	7.6125459e-05
Q9UHQ9	3.6889786e-05
Q9UHV9	0.00064653805
Q9UHX1	0.00021767957
Q9UHY1	0.00014498494
Q9UHY7	0.00019025387
Q9UI09	0.00045695998
Q9UI10	7.8146231e-05
Q9UI12	9.5594769e-05
Q9UIG0	0.00021480367
Q9UII2	0.00050169923
Q9UIJ7	0.00033592624
Q9UIQ6	0.00028049534
Q9UIV1	2.2937497e-05
Q9UJ70	7.7871509e-05
Q9UJA5	5.9489381e-05
Q9UJV9	0.00013311021
Q9UJW0	0.00019525599
Q9UJX2	9.7943479e-05
Q9UJX3	8.5880289e-05
Q9UJX4	0.0001650648
Q9UJX5	4.8547079e-05
Q9UJY4	0.00011184064
Q9UJY5	7.9152133e-05
Q9UK41	0.00016132961
Q9UK45	0.00085266751
Q9UK59	6.0368425e-05
Q9UK61	0.0001813223
Q9UKD2	7.5219018e-05
Q9UKG1	0.00011819436
Q9UKI8	0.00017077925
Q9UKK3	0.00022912923
Q9UKK9	0.00014184918
Q9UKL0	7.2416007e-05
Q9UKM9	0.00067419704
Q9UKN8	0.00010114483
Q9UKR5	0.00014210074
Q9UKT9	0.00019417254
Q9UKV3	0.000253596
Q9UKV8	8.2004044e-05
Q9UKX7	6.9857831e-05
Q9UKZ1	0.00028469878
Q9UL03	3.5076405e-05
Q9UL17	6.6677399e-05
Q9UL25	0.00022520807
Q9ULA0	0.00015255163
Q9ULC3	3.0896962e-05
Q9ULC4	0.00017005529
Q9ULC5	5.9577302e-05
Q9ULH0	6.4992537e-05
Q9ULT8	0.00013990396
Q9ULW3	0.00016829438
Q9ULZ2	0.00010329512
Q9ULZ3	0.00010229968
Q9UM11	0.00010280944
Q9UM54	3.6217302e-05
Q9UMS4	0.00031716312
Q9UMX0	0.0001055276
Q9UMX5	0.00023763158
Q9UMY4	0.00018739374
Q9UN19	0.00018186941
Q9UN37	0.00046882807
Q9UNE7	0.00016443217
Q9UNK0	0.00018867146
Q9UNL2	0.00055008317
Q9UNM6	0.00047817891
Q9UNP9	6.0031602e-05
Q9UNQ2	0.00013906543
Q9UNS2	0.00023665357
Q9UNW1	5.5854151e-05
Q9UNX3	0.00022399262
Q9UNZ2	6.5109682e-05
Q9UPN6	0.00010465918
Q9UPN9	6.9188668e-05
Q9UPR3	0.00021643091
Q9UPT8	0.00010957163
Q9UPU5	0.00014336683
Q9UPY3	9.2761206e-05
Q9UQ13	0.00032862191
Q9UQ35	0.001005645
Q9UQE7	0.00029575241
Q9Y223	7.8313355e-05
Q9Y230	0.00021214279
Q9Y263	0.00015865047
Q9Y265	0.00029055187
Q9Y266	0.00022187139
Q9Y277	0.00015058482
Q9Y285	0.00019627218
Q9Y2H1	0.00012495822
Q9Y2K7	0.00012390715
Q9Y2L1	0.00022251066
Q9Y2Q0	9.9554119e-05
Q9Y2Q5	0.00016282817
Q9Y2R4	0.00010478704
Q9Y2S0	0.00045713765
Q9Y2T2	0.00025325395
Q9Y2U8	6.970731e-05
Q9Y2W1	0.00073096876
Q9Y2W2	0.00016268952
Q9Y2X7	7.7754198e-05
Q9Y2Z0	7.4588461e-05
Q9Y2Z2	7.3485671e-05
Q9Y2Z4	0.00012927374
Q9Y2Z9	2.3035713e-05
Q9Y315	0.00026601951
Q9Y333	0.00064897559
Q9Y371	0.00032036365
Q9Y376	0.0003998844
Q9Y385	0.00059708229
Q9Y394	0.00015318675
Q9Y3B2	6.0696032e-05
Q9Y3B9	2.6683811e-05
Q9Y3C4	0.00011561319
Q9Y3C8	0.0004477096
Q9Y3E5	0.00029921861
Q9Y3E7	6.4650484e-05
Q9Y3F4	0.00048200874
Q9Y3I1	0.00041043492
Q9Y3L5	0.00029001057
Q9Y487	5.7635983e-05
Q9Y490	0.00046077238
Q9Y496	9.7334923e-05
Q9Y4A5	7.2414347e-05
Q9Y4B6	0.00011402165
Q9Y4C1	0.00017395154
Q9Y4E8	0.00013288356
Q9Y4G6	1.8560543e-06
Q9Y4I1	0.00013251743
Q9Y4L1	0.00050847055
Q9Y4P1	7.8771972e-05
Q9Y4R8	4.6109202e-05
Q9Y4W6	0.00016818977
Q9Y4X5	0.00010933834
Q9Y508	0.00033128029
Q9Y570	7.2040911e-05
Q9Y580	0.00010904195
Q9Y584	0.00015809837
Q9Y587	3.9438332e-06
Q9Y5B6	0.0001040033
Q9Y5K5	0.0001407483
Q9Y5K6	0.00014534858
Q9Y5K8	0.00016713954
Q9Y5M8	7.9794811e-05
Q9Y5P4	0.00011180494
Q9Y5P6	7.6456554e-06
Q9Y5S9	0.00026460398
Q9Y5T5	0.00023400847
Q9Y5Y5	5.7682393e-05
Q9Y606	0.00013220361
Q9Y617	0.00010612785
Q9Y618	0.00014009574
Q9Y624	0.00024740085
Q9Y673	0.00010782484
Q9Y696	0.0002582652
Q9Y697	5.5957016e-05
Q9Y6A4	0.00010498878
Q9Y6B6	5.9723256e-05
Q9Y6D5	8.5432796e-05
Q9Y6D9	6.5911017e-05
Q9Y6E0	0.00051279271
Q9Y6G9	0.00012697982
Q9Y6H1	0.00063305766
Q9Y6I3	0.00016612915
Q9Y6K5	0.00012257713
Q9Y6M9	0.00033045422
Q9Y6N5	0.00015785511
Q9Y6Q9	0.00036326145
Q9Y6R4	6.5169126e-05
Q9Y6W3	0.00010570527
Q9Y6X3	9.5641261e-05
R4GMM5	0.00011080452
R4GMS0	0.00019013017
R4GMY7	0.00023557095
R4GMZ7	6.7935026e-05
R4GNB2	3.9493957e-05
R4GNB6	3.4823269e-05
R4GND7	6.5944475e-05
R4GNF7	0.00014622198
R4GNG4	0.00011791043
S4R344	0.00025516015
S4R360	0.00017374482
S4R3D2	0.0001776859
S4R3J6	4.5444356e-05
S4R3Q4	0.00015353545
S4R3U9	0.00016410589
S4R3V3	0.00021347282
S4R3W9	0.00026735119
S4R3X6	0.00037515776
S4R3Z0	0.00012495573
S4R402	0.00042207718
S4R450	9.9991648e-05
S4R468	6.3978001e-05
U3KPW6	0.00010056201
U3KQ30	3.0960723e-05
U3KQ37	6.6075402e-05
U3KQ70	0.00011847996
U3KQ79	0.00018001552
U3KQ99	0.00011123042
U3KQB9	2.8294119e-05
U3KQI9	9.5482688e-05
U3KQJ1	0.0003373974
U3KQK3	0.00013258634
U3KQP8	7.6348707e-05
U3KQU7	9.4992024e-05
