YAL001C	409826.52
YAL002W	493279.18
YAL003W	3261306.3
YAL005C	6888526.5
YAL007C	1297882
YAL008W	786985.36
YAL009W	385711.79
YAL010C	329628.2
YAL011W	865651.87
YAL012W	732784.01
YAL013W	803571.51
YAL014C	639389.63
YAL015C	312129.94
YAL016W	3088992.2
YAL017W	1314643.3
YAL018C	57010.545
YAL019W	262825.79
YAL020C	403818.59
YAL021C	2100058.1
YAL022C	498610.35
YAL023C	5232352.3
YAL024C	1869432.8
YAL025C	156782.45
YAL026C	2143160.4
YAL027W	207578.05
YAL028W	272796.74
YAL029C	931303.14
YAL030W	309770.7
YAL031C	732879.14
YAL032C	483788.11
YAL033W	468247.23
YAL034C	1018735.5
YAL034W-A	229421.99
YAL035W	5788658.2
YAL036C	711833.33
YAL037C-A	38989.454
YAL037W	103229.41
YAL038W	9260034
YAL039C	995084.72
YAL040C	2834579.1
YAL041W	1413682.4
YAL042W	1195838.9
YAL043C	714500.67
YAL044C	2224640.8
YAL044W-A	1326533.2
YAL046C	1088912.4
YAL047C	197380.27
YAL048C	394046.45
YAL049C	2162954.9
YAL051W	550649.44
YAL053W	1045645.5
YAL054C	7691439.7
YAL055W	498173.44
YAL056W	732135.67
YAL058W	366713.17
YAL059W	256009.62
YAL060W	1025734.2
YAL061W	562507.73
YAL062W	3949917.2
YAL063C-A	78723.656
YAL064C-A	58494.495
YAL064W	59970.194
YAL064W-B	114326.83
YAL065C	113355.17
YAL067C	164075.11
YAL067W-A	47185.6
YAR002C-A	2029561
YAR002W	627456.27
YAR003W	385534.27
YAR007C	1559205.9
YAR008W	205157.58
YAR014C	638210.65
YAR015W	2176693.1
YAR018C	1402522.8
YAR019C	1313390.1
YAR023C	290507.71
YAR027W	44584.082
YAR028W	48272.112
YAR029W	628936.67
YAR031W	160589.86
YAR033W	71832.257
YAR035C-A	85744.621
YAR035W	8774864.1
YAR042W	727922.12
YAR050W	110596.55
YAR068W	347987.6
YBL001C	1649780.2
YBL002W	1351110.8
YBL003C	1566044.8
YBL004W	1359530.7
YBL005W	232136.45
YBL006C	649296.11
YBL007C	1381238.1
YBL008W	965566.14
YBL008W-A	47673.36
YBL009W	587904.28
YBL010C	288650.62
YBL011W	3334023.2
YBL013W	182901.94
YBL014C	487044.35
YBL015W	11248873
YBL016W	58883.651
YBL017C	1331311.6
YBL018C	1343407.4
YBL019W	548480.76
YBL020W	1626949.6
YBL021C	566762.39
YBL022C	7071369
YBL023C	2181577.2
YBL024W	826337.37
YBL025W	292544.54
YBL026W	375243.59
YBL027W	2463638.4
YBL028C	246863.7
YBL029C-A	1379711.2
YBL029W	1155946
YBL030C	6827913.4
YBL031W	249803.36
YBL032W	1455167
YBL033C	1817395
YBL034C	467538.37
YBL035C	623037.94
YBL036C	599885.02
YBL037W	1666243.6
YBL038W	1477719.4
YBL039C	890678.83
YBL039W-B	554557.26
YBL040C	1380897.1
YBL041W	1267708.3
YBL042C	1287831.2
YBL043W	903908.29
YBL044W	47135.844
YBL045C	7303081.6
YBL046W	312213.79
YBL047C	2091387.6
YBL049W	437664.6
YBL050W	1762547.2
YBL051C	706230.84
YBL052C	795538.14
YBL054W	186556.08
YBL055C	247366.5
YBL056W	1398111.4
YBL057C	526812.35
YBL058W	1164511.6
YBL059C-A	1116896.9
YBL059W	615189.26
YBL060W	182393.81
YBL061C	286078.67
YBL063W	1105247.6
YBL064C	2151389
YBL066C	659303.33
YBL067C	1400205.2
YBL068W	1356095
YBL069W	256587.3
YBL071C-B	44350.603
YBL071W-A	311326.72
YBL072C	3028788.6
YBL074C	83966.563
YBL075C	536818.53
YBL076C	10713630
YBL078C	315652.42
YBL079W	4494767.1
YBL080C	444014.21
YBL081W	216267.31
YBL082C	736093.73
YBL084C	1633592.9
YBL085W	525819.1
YBL086C	345060.34
YBL087C	1762482.2
YBL088C	454780.27
YBL089W	716094.75
YBL090W	478598.12
YBL091C	1338295.1
YBL091C-A	468482.53
YBL092W	2393474.9
YBL093C	486327.48
YBL095W	1107216.4
YBL097W	109317.04
YBL098W	1051393
YBL099W	11476497
YBL100W-C	46602.469
YBL101C	1953182.4
YBL102W	1580778.7
YBL103C	408366.84
YBL104C	808332.18
YBL105C	2771076.1
YBL106C	207598
YBL107C	553667.77
YBR001C	1498079.2
YBR002C	407457.99
YBR003W	1709325.8
YBR004C	431636.16
YBR005W	343913.47
YBR006W	1423592.5
YBR007C	429652.2
YBR008C	405587.15
YBR010W	1755310.2
YBR011C	4085664
YBR013C	135311.38
YBR014C	846231.36
YBR015C	2053502.2
YBR016W	2289582.6
YBR017C	546646.38
YBR018C	8465123.6
YBR019C	15924600
YBR020W	13035998
YBR021W	381809.72
YBR022W	321218.89
YBR023C	2569972.4
YBR024W	442950.51
YBR025C	2823336.1
YBR026C	726098.11
YBR028C	571841.16
YBR029C	2606193.6
YBR030W	262813.92
YBR033W	1157748.6
YBR034C	535328.3
YBR035C	1350439.8
YBR036C	1725358.5
YBR037C	964915.53
YBR038W	2293470.7
YBR039W	5436554.6
YBR040W	50771.465
YBR041W	745946.01
YBR042C	386732.67
YBR043C	1004005.7
YBR044C	946209.43
YBR045C	439843.81
YBR046C	2565487.1
YBR047W	1737063
YBR048W	777078.39
YBR049C	2465722.5
YBR050C	507371.76
YBR052C	2723637.9
YBR053C	1504752.8
YBR054W	345390.02
YBR055C	960461.48
YBR056W	896131.43
YBR057C	546276.05
YBR058C	1281911.5
YBR058C-A	560641.55
YBR059C	1118987.9
YBR060C	1100375.4
YBR061C	343805.22
YBR062C	660458.44
YBR063C	551156.62
YBR065C	151828.58
YBR066C	904077.12
YBR067C	11544702
YBR068C	891995.68
YBR069C	103497.07
YBR070C	283719.41
YBR071W	367855.11
YBR072C-A	45488.758
YBR072W	129987.14
YBR073W	699990.91
YBR074W	474918.22
YBR076W	49352.926
YBR077C	1298283.7
YBR078W	3942820.7
YBR079C	4400075.3
YBR080C	3334081.9
YBR081C	2307084.1
YBR082C	1094256.9
YBR083W	456083.76
YBR084C-A	1869901.6
YBR084W	3378310.4
YBR085C-A	1389946.9
YBR085W	125809.8
YBR086C	2222844.8
YBR087W	539322.15
YBR088C	1640392.5
YBR089C-A	1172900.5
YBR090C	110146.85
YBR091C	723552.8
YBR092C	2952692.7
YBR093C	294799.01
YBR094W	807745.51
YBR095C	656140.73
YBR096W	1222124.6
YBR097W	3618595.4
YBR098W	238160.73
YBR101C	1875704.6
YBR102C	395056.93
YBR103W	1149422.4
YBR104W	880068.21
YBR105C	1050175
YBR106W	3803781.5
YBR107C	241907.2
YBR108W	332390.82
YBR109C	1387467.4
YBR110W	829844.54
YBR111C	1290594
YBR111W-A	88547.271
YBR112C	3822087.1
YBR114W	301208.24
YBR115C	11723474
YBR117C	423622.68
YBR119W	430151.86
YBR120C	973061.71
YBR121C	3923533.6
YBR122C	2075611.5
YBR123C	469291.09
YBR125C	1148049.3
YBR126C	10626836
YBR127C	6857291.5
YBR128C	136917.53
YBR129C	466976.97
YBR130C	713422.99
YBR131W	309062.15
YBR132C	793096.18
YBR133C	1648266.6
YBR135W	399132.81
YBR136W	3667229
YBR137W	1437236.7
YBR138C	325241.14
YBR139W	2830572.9
YBR140C	1759191.4
YBR141C	118173.78
YBR142W	650902.93
YBR143C	1890562.6
YBR145W	3512031.2
YBR146W	1815091.7
YBR147W	2838331.2
YBR148W	302701.44
YBR149W	2138769.8
YBR150C	656840.59
YBR151W	2507288.7
YBR152W	102512
YBR153W	500678
YBR154C	423802.28
YBR155W	254904.34
YBR156C	264562.87
YBR157C	82315.026
YBR158W	808451.25
YBR159W	2231492.5
YBR160W	490698.87
YBR161W	326700.11
YBR162C	1886873.1
YBR162W-A	989585.34
YBR163W	314114.59
YBR164C	625937.9
YBR165W	512873.03
YBR166C	1037162.8
YBR167C	330556.86
YBR168W	280241.84
YBR169C	683558.69
YBR170C	1135174.2
YBR171W	304001.51
YBR172C	823768.82
YBR173C	628491.65
YBR175W	389049.78
YBR176W	458405
YBR177C	3217582.7
YBR179C	902371.36
YBR180W	49886.165
YBR182C	243753.62
YBR182C-A	40574.625
YBR183W	624984.99
YBR184W	73535.913
YBR185C	1274552.6
YBR186W	60394.936
YBR187W	1102481.6
YBR188C	251225.62
YBR189W	2042557.7
YBR191W	2149665.3
YBR192W	349236.9
YBR193C	431968.18
YBR194W	341689.37
YBR195C	375021.18
YBR196C	5778103.7
YBR196C-A	175245.68
YBR196C-B	175190.94
YBR197C	232775.92
YBR198C	2833906.8
YBR199W	2598182.4
YBR200W	916736.94
YBR200W-A	53082.088
YBR201W	422178.55
YBR202W	3539853
YBR203W	639863.67
YBR204C	641752.9
YBR205W	1042965.2
YBR207W	1690387.8
YBR208C	441494.55
YBR210W	684138.21
YBR211C	330877.55
YBR212W	676311.61
YBR213W	170260.85
YBR214W	1504949.9
YBR215W	389934.3
YBR216C	529153.17
YBR217W	132864.01
YBR218C	8212011.5
YBR219C	50782.616
YBR220C	696104.05
YBR221C	4616589.7
YBR221W-A	42610.508
YBR222C	3186496.4
YBR223C	477152.08
YBR225W	843732.19
YBR227C	818876.34
YBR228W	190293.83
YBR229C	2515722.5
YBR230C	4714588.9
YBR230W-A	2418055.6
YBR231C	326666.07
YBR233W	324040.69
YBR233W-A	72569.611
YBR234C	1932512
YBR235W	555755.23
YBR236C	1151147.4
YBR237W	977963.02
YBR238C	266313.08
YBR239C	428284.08
YBR240C	1409226.1
YBR241C	620236.05
YBR242W	657658.05
YBR243C	1068455.1
YBR244W	102473.68
YBR245C	565839.78
YBR246W	367363.67
YBR247C	200818.37
YBR248C	2154456.9
YBR249C	4412664.4
YBR250W	63329.753
YBR251W	550963.78
YBR252W	644873.27
YBR253W	368651.11
YBR254C	454489.42
YBR255C-A	1126963
YBR255W	403825.31
YBR256C	1522482.1
YBR257W	240795.7
YBR258C	135850.81
YBR259W	165047.75
YBR260C	771202.77
YBR261C	508716.67
YBR262C	1988999.7
YBR263W	3209127.2
YBR264C	263050.52
YBR265W	1326954.5
YBR267W	340893.65
YBR268W	1327957.8
YBR269C	2814111.1
YBR270C	247374.83
YBR271W	201654.69
YBR272C	255719.37
YBR273C	910376.46
YBR274W	709397.86
YBR275C	1530991.4
YBR276C	1923041.4
YBR278W	205876.96
YBR279W	915413.73
YBR280C	552378.08
YBR281C	625474.16
YBR282W	1508802.1
YBR283C	4691929.1
YBR284W	83699.294
YBR285W	421537.59
YBR286W	6837065.7
YBR287W	1021796.3
YBR288C	479167.01
YBR289W	1710901.5
YBR290W	825403.74
YBR291C	1274071
YBR293W	299203.24
YBR294W	1299137
YBR295W	1661514.8
YBR296C	78102.433
YBR296C-A	39930.072
YBR297W	575188.39
YBR298C	334802.09
YBR298C-A	47224.306
YCL001W	1408880.7
YCL001W-A	46212.505
YCL001W-B	38944.196
YCL002C	482546.19
YCL004W	817908.89
YCL005W	301397.97
YCL005W-A	1927227.2
YCL008C	802886.58
YCL009C	3227014.3
YCL010C	198566.3
YCL011C	1386751.3
YCL012C	917052.92
YCL014W	628874.96
YCL016C	425277.38
YCL017C	2875591.9
YCL018W	3740188.8
YCL021W-A	89885.625
YCL024W	273647.23
YCL025C	2119673.7
YCL026C-A	65435.576
YCL026C-B	706888.32
YCL027W	115005.72
YCL028W	914221.42
YCL029C	469075.56
YCL030C	10027268
YCL031C	441957.11
YCL032W	333088.56
YCL033C	1057456
YCL034W	1285131.6
YCL035C	2102564.6
YCL036W	117133.41
YCL037C	305778.38
YCL038C	849477.87
YCL039W	1088105.5
YCL040W	6295454
YCL042W	110394.13
YCL043C	6628477.6
YCL044C	481611.97
YCL045C	1247042.7
YCL047C	224286.21
YCL048W	54205.518
YCL049C	962316.25
YCL050C	1074206.1
YCL051W	586437.01
YCL052C	1076459.4
YCL054W	476111.24
YCL055W	258321.19
YCL056C	737759.26
YCL057C-A	5303052.6
YCL057W	1944908
YCL059C	257804.74
YCL061C	677205.64
YCL063W	348323.65
YCL064C	168023.63
YCR002C	1749008.3
YCR003W	943298.51
YCR004C	2018910.1
YCR005C	8600433.7
YCR007C	156921.6
YCR008W	1035322.3
YCR009C	1345056.2
YCR010C	778631.31
YCR011C	1683747.1
YCR012W	9590747.3
YCR014C	216131.48
YCR015C	338491.52
YCR016W	214091.11
YCR017C	916382.32
YCR018C	60749.952
YCR019W	356902.46
YCR020C	2087326.9
YCR020C-A	537330.92
YCR020W-B	19414.868
YCR021C	178120.05
YCR023C	748513.71
YCR024C	593257.83
YCR024C-A	2091859.3
YCR024C-B	2795495
YCR026C	486371.97
YCR027C	177714.68
YCR028C	986778.21
YCR028C-A	3328670.5
YCR030C	1066889.7
YCR031C	2582199.4
YCR032W	378300.65
YCR033W	995530.62
YCR034W	1413337.4
YCR035C	756687.48
YCR036W	593239
YCR037C	730445.14
YCR038C	271172.23
YCR042C	1458375.2
YCR043C	517912.43
YCR044C	694029.45
YCR045C	47556.352
YCR046C	1887051.3
YCR047C	417676.17
YCR048W	704948.7
YCR051W	701528.59
YCR052W	447963.32
YCR053W	4501743.8
YCR054C	180037.9
YCR057C	187602.34
YCR059C	397172.09
YCR060W	152795.44
YCR061W	919506.49
YCR063W	94009.579
YCR065W	1043157.5
YCR066W	254187.79
YCR067C	1057476.8
YCR068W	267142.45
YCR069W	911970.23
YCR071C	1083287.8
YCR072C	250440.58
YCR073C	945375.43
YCR073W-A	1790991.1
YCR075C	653046.17
YCR075W-A	548807.91
YCR076C	506220.57
YCR077C	3633022.6
YCR079W	724248.39
YCR081W	373024.36
YCR082W	381077.89
YCR083W	1819340
YCR084C	5256817.2
YCR086W	488844.41
YCR087C-A	304683.91
YCR088W	927234.53
YCR089W	288636.59
YCR090C	776590.36
YCR091W	555952.6
YCR092C	481697.48
YCR093W	9853091.1
YCR094W	796827.26
YCR095C	210962.25
YCR097W	137743.58
YCR098C	1606566.1
YCR099C	104514.56
YCR100C	180770.09
YCR101C	85864.243
YCR102C	152184.16
YCR105W	64179.768
YCR106W	137262.15
YCR107W	89554.699
YCR108C	61037.704
YDL001W	547551.17
YDL002C	264257.73
YDL003W	951657.17
YDL004W	2411486.1
YDL005C	501054.16
YDL006W	375370.03
YDL007W	1822852.2
YDL008W	297656.98
YDL010W	579274.71
YDL012C	698866.49
YDL013W	457407.89
YDL014W	1800757.8
YDL015C	2135297.5
YDL017W	425216.01
YDL018C	586080.49
YDL019C	1722903.7
YDL020C	2683890.1
YDL021W	499032.71
YDL022W	4389476.3
YDL024C	352410.36
YDL025C	1041501.9
YDL027C	469962.53
YDL028C	1318993.4
YDL029W	1809533.6
YDL030W	337403.51
YDL031W	1230420.5
YDL033C	699045.96
YDL035C	2464253.4
YDL036C	222509.38
YDL037C	180754.63
YDL038C	589527.16
YDL039C	864873.2
YDL040C	2248694.6
YDL042C	1065406.6
YDL043C	234343.25
YDL044C	464208.53
YDL045C	965107.57
YDL045W-A	582933.19
YDL046W	1409020.6
YDL047W	833915.56
YDL048C	1816870.3
YDL049C	1661911.9
YDL051W	687605.62
YDL052C	1625111.3
YDL053C	2449916.2
YDL054C	1203975.4
YDL055C	4206731.9
YDL056W	930525.22
YDL057W	236700.14
YDL058W	419479.86
YDL059C	103186.43
YDL060W	400735.19
YDL061C	965106.63
YDL063C	310864.4
YDL064W	325381.48
YDL065C	501405.35
YDL066W	7856157
YDL067C	782150.91
YDL069C	178506.77
YDL070W	1219553.1
YDL072C	987939.96
YDL073W	316521.35
YDL074C	2289912.1
YDL075W	1256847.4
YDL076C	214757.31
YDL077C	334659.85
YDL078C	3115830.2
YDL079C	3967870.8
YDL080C	1492561.8
YDL081C	1164881
YDL082W	1311720.8
YDL083C	2387276.2
YDL084W	4692208.6
YDL085C-A	343224.25
YDL085W	2148302
YDL086W	2477767
YDL087C	203120.36
YDL088C	602267.22
YDL089W	286420.84
YDL090C	652665.54
YDL091C	651858.45
YDL092W	369991.36
YDL093W	562595.92
YDL095W	3062016
YDL097C	3403164.1
YDL098C	120295.34
YDL099W	552074.78
YDL100C	1769819.9
YDL101C	886095.2
YDL102W	1409323.4
YDL103C	891259.43
YDL104C	332273.49
YDL105W	171443.78
YDL106C	1127601.3
YDL107W	310515.81
YDL108W	368212.06
YDL109C	185702.19
YDL110C	1642329.3
YDL111C	337785.7
YDL112W	751456.48
YDL113C	516075.45
YDL114W	58546.156
YDL115C	596449.88
YDL116W	1589705.4
YDL117W	776647.93
YDL119C	175077.77
YDL120W	951578.46
YDL121C	733999.1
YDL122W	1593707.5
YDL123W	598218.53
YDL124W	523517.79
YDL125C	2259426.3
YDL126C	5909764.1
YDL127W	121077.24
YDL128W	1441176.8
YDL129W	225950.49
YDL130W	1473665.6
YDL130W-A	3286734.9
YDL131W	3666409.7
YDL132W	1959540.7
YDL133W	582877.93
YDL134C	1497168.2
YDL135C	1245228
YDL137W	1923500.9
YDL138W	1178766.2
YDL139C	234821.56
YDL140C	10246277
YDL141W	5075054.7
YDL142C	611729.12
YDL143W	3711695.7
YDL144C	595007.88
YDL145C	2277907.3
YDL146W	264113
YDL147W	2463031.4
YDL148C	170075.15
YDL149W	317267.2
YDL150W	211449.4
YDL153C	406164.36
YDL154W	528903
YDL155W	916414.16
YDL156W	223238.25
YDL157C	1685412.5
YDL159W	896588.17
YDL159W-A	42193.529
YDL160C	2055666.1
YDL160C-A	317798.09
YDL161W	517413.4
YDL164C	634559.79
YDL165W	524414.93
YDL166C	308085.76
YDL167C	208186.42
YDL168W	3755477.1
YDL169C	682489.54
YDL170W	998742.25
YDL171C	26076124
YDL173W	1265315.8
YDL174C	6250668.3
YDL175C	396197.46
YDL176W	264225.47
YDL177C	227401.63
YDL178W	1224761.8
YDL179W	484831.62
YDL180W	675223.6
YDL181W	4659788
YDL182W	6393043.7
YDL183C	352700.28
YDL185W	12924315
YDL186W	42453.327
YDL188C	972256.84
YDL189W	726968.27
YDL190C	3137678.2
YDL192W	1585962.1
YDL193W	250436.84
YDL194W	2163253.7
YDL195W	7868763.3
YDL197C	288387.12
YDL198C	5139849.8
YDL199C	219614.44
YDL200C	315155.55
YDL201W	204879.71
YDL202W	1434847.6
YDL203C	600787.95
YDL204W	662790.03
YDL205C	68989.067
YDL206W	450513.87
YDL207W	557998.18
YDL208W	676016.44
YDL209C	196553.69
YDL210W	446307.65
YDL211C	201712.28
YDL212W	2258352.4
YDL213C	488943.84
YDL214C	868065.62
YDL215C	6683352.6
YDL216C	381785.39
YDL217C	430520.33
YDL218W	52267.751
YDL219W	474093.97
YDL220C	391263.55
YDL222C	522097.52
YDL223C	377578.88
YDL224C	1334263.1
YDL225W	674820.41
YDL226C	630033.82
YDL227C	55042.029
YDL229W	3788741.6
YDL230W	573797.21
YDL231C	1835101.7
YDL232W	70123.806
YDL233W	343718.82
YDL234C	791357.11
YDL235C	283874.43
YDL236W	1133501.9
YDL237W	1041145.8
YDL238C	382861.06
YDL239C	208523.69
YDL240W	644830.76
YDL241W	106940.66
YDL243C	68146.142
YDL247W	76049.222
YDR001C	3828699.5
YDR002W	2210563.1
YDR003W	751735.25
YDR003W-A	403615.55
YDR004W	720382.26
YDR005C	651027.58
YDR006C	1354940.1
YDR009W	4288339.6
YDR011W	14488855
YDR012W	591519.08
YDR013W	249882.07
YDR014W	203224.63
YDR016C	155267.4
YDR017C	690729.17
YDR018C	228933.72
YDR019C	1649482.3
YDR020C	142626.58
YDR021W	126373.03
YDR022C	314507.52
YDR023W	4082438.7
YDR025W	1563896
YDR026C	462135.31
YDR027C	879612.75
YDR028C	908160.02
YDR030C	488525.42
YDR031W	547055.46
YDR032C	3018497
YDR033W	1408879.8
YDR034C	1556631.9
YDR034C-A	126141.61
YDR034W-B	1111802.9
YDR035W	2531274.3
YDR036C	69414.887
YDR037W	478094.85
YDR038C	35171.539
YDR041W	2533361.2
YDR042C	49420.319
YDR043C	452847.54
YDR044W	1061932.3
YDR045C	128327.31
YDR046C	104290.31
YDR047W	1220805
YDR049W	227878.44
YDR050C	5427822.7
YDR051C	895885.79
YDR052C	800029.68
YDR054C	586022.93
YDR055W	724115.88
YDR056C	1733407.9
YDR057W	354869.6
YDR058C	213410.99
YDR059C	404837.13
YDR060W	407373.82
YDR061W	1008869.5
YDR062W	2160005.7
YDR063W	1631318.5
YDR064W	2345577.6
YDR065W	152776.64
YDR066C	222137.14
YDR067C	466273.5
YDR068W	555586.85
YDR069C	1496566.3
YDR070C	894093.83
YDR071C	1530123.2
YDR072C	1163544.1
YDR073W	414273.57
YDR074W	4917651
YDR075W	354428.04
YDR076W	132032.76
YDR077W	5625957
YDR078C	522810.02
YDR079C-A	90278.446
YDR079W	689836.8
YDR080W	281219.52
YDR081C	612923.57
YDR082W	261916.83
YDR083W	231774.02
YDR084C	1193270.4
YDR085C	165279.82
YDR086C	415556.48
YDR087C	328067.68
YDR088C	236604.95
YDR089W	510898.47
YDR090C	1805071.6
YDR091C	1004913.4
YDR092W	892033.68
YDR093W	5283975.3
YDR096W	1691200.9
YDR097C	3251205.9
YDR098C	1267060.7
YDR099W	2737105.4
YDR100W	1064320.1
YDR101C	398160.91
YDR103W	354058.81
YDR104C	356001.8
YDR105C	1091330.6
YDR106W	81303.079
YDR107C	490514.36
YDR108W	417010.12
YDR109C	442329.51
YDR110W	379364
YDR111C	198646.51
YDR113C	552909.78
YDR115W	1328991.3
YDR116C	1684135.3
YDR117C	582945.58
YDR118W	499433.99
YDR119W	765813.61
YDR120C	1423443.2
YDR121W	236487.43
YDR122W	2399245.1
YDR123C	251833.77
YDR124W	107392.46
YDR125C	183509.54
YDR126W	348176.23
YDR127W	21924622
YDR128W	747722.74
YDR129C	2008370.8
YDR130C	286454.46
YDR131C	201731.78
YDR132C	403481.26
YDR135C	1331452.3
YDR137W	658311.68
YDR138W	227876.08
YDR139C	494001.3
YDR140W	526614.41
YDR141C	1042980.2
YDR142C	917784.3
YDR143C	584160.96
YDR144C	282795.81
YDR145W	987208.51
YDR146C	1675101.8
YDR147W	519038.21
YDR148C	4912639.3
YDR150W	3578241.5
YDR151C	450920.12
YDR152W	755560.09
YDR153C	894736.36
YDR155C	12485137
YDR156W	234628.76
YDR158W	6452839.7
YDR159W	462148.65
YDR160W	161684.66
YDR161W	357595.07
YDR162C	337551.47
YDR163W	173468.55
YDR164C	450643.24
YDR165W	329365.74
YDR166C	987461.3
YDR167W	633631.69
YDR168W	1459653.1
YDR169C	858839.17
YDR169C-A	51129.565
YDR170C	1527564.9
YDR171W	2312229.6
YDR172W	3634254.2
YDR173C	270567.09
YDR174W	2849912.9
YDR175C	1406037.2
YDR176W	801642.21
YDR177W	1454345.1
YDR178W	2733100.5
YDR179C	167528.74
YDR179W-A	301935.33
YDR180W	2232967.4
YDR181C	818276.77
YDR182W	1094519.1
YDR182W-A	78898.897
YDR183W	413877.31
YDR184C	116157.33
YDR185C	167417.68
YDR186C	1104582.6
YDR188W	3782612.4
YDR189W	784058.98
YDR190C	2295913.2
YDR191W	295642.27
YDR192C	170641.93
YDR194C	1525321.6
YDR194W-A	40153.813
YDR195W	605208.69
YDR196C	654696.98
YDR197W	391639.29
YDR198C	246869.92
YDR200C	376482.96
YDR201W	302076.89
YDR202C	851652.69
YDR204W	924091.32
YDR205W	699716.92
YDR206W	1701950
YDR207C	1411580.6
YDR208W	2788645.7
YDR210W	917587.12
YDR211W	1472022.6
YDR212W	2266829.9
YDR213W	148507.76
YDR214W	2204269.6
YDR216W	3401768.6
YDR217C	1095779
YDR218C	62953.776
YDR219C	432934.53
YDR221W	289273.14
YDR222W	83608.704
YDR223W	125257.15
YDR224C	1486114.2
YDR225W	1863896.6
YDR226W	2597707.9
YDR227W	2335336.8
YDR228C	307745.2
YDR229W	431106.41
YDR231C	1567542.3
YDR232W	5266003
YDR233C	4136142.5
YDR234W	3962867.3
YDR235W	326475.79
YDR236C	518309.67
YDR237W	1700446.1
YDR238C	1875567.7
YDR239C	443345.67
YDR240C	147397.51
YDR242W	614551.53
YDR243C	337899.04
YDR244W	760100.76
YDR245W	1307232.4
YDR246W	784204.96
YDR246W-A	101097.46
YDR247W	1143754
YDR248C	739937.2
YDR249C	234130.98
YDR251W	1260141.1
YDR252W	166247.28
YDR253C	87841.995
YDR254W	190292.09
YDR255C	427080.5
YDR256C	461063.43
YDR257C	196129.56
YDR258C	2420487.1
YDR259C	634706.52
YDR260C	96174.401
YDR261C	564921.89
YDR262W	1075221.5
YDR263C	189491.17
YDR264C	790778.91
YDR265W	659200.58
YDR266C	498047.58
YDR267C	513557.9
YDR268W	573699.24
YDR270W	7375077.2
YDR272W	600252.13
YDR273W	157475.5
YDR275W	1384258.6
YDR276C	4194055.6
YDR277C	1587012
YDR279W	256925.85
YDR280W	759245.83
YDR281C	115292.53
YDR282C	368874.49
YDR283C	2774575.3
YDR284C	1066974.1
YDR285W	187931.17
YDR286C	421842.99
YDR287W	452266.57
YDR288W	278914.19
YDR289C	204078.27
YDR291W	333910.53
YDR292C	1704501.8
YDR293C	1338322.9
YDR294C	2107540.3
YDR295C	520513.56
YDR296W	1598999.3
YDR297W	1078957.2
YDR298C	3048566.4
YDR299W	335120.97
YDR300C	797017.19
YDR301W	754411.84
YDR302W	368977.9
YDR303C	1602955.9
YDR304C	887097.53
YDR305C	769797.45
YDR306C	1051909.3
YDR307W	538665.44
YDR308C	528750.91
YDR309C	922893.23
YDR310C	3217301.1
YDR311W	731565.23
YDR312W	172970.34
YDR313C	710785.49
YDR314C	108306.16
YDR315C	186387.21
YDR316W	893727.7
YDR317W	62184.034
YDR318W	271601.72
YDR319C	593081.02
YDR320C	464701.79
YDR320C-A	266113.23
YDR321W	454698.51
YDR322C-A	4176985.4
YDR322W	1082798
YDR323C	200587.97
YDR324C	273813.89
YDR325W	892485.61
YDR326C	873844.51
YDR328C	853251.98
YDR329C	524002.81
YDR330W	558391.79
YDR331W	669187.04
YDR332W	215157.22
YDR333C	453094.64
YDR334W	2776906.3
YDR335W	3243205.9
YDR336W	268345.95
YDR337W	1098834.5
YDR338C	333951.28
YDR339C	656720.96
YDR341C	1565466.7
YDR345C	137083.13
YDR346C	287988.85
YDR347W	1020063.5
YDR348C	524557.88
YDR349C	584643.95
YDR350C	341550.36
YDR351W	554775.59
YDR352W	247493.88
YDR353W	2532710.9
YDR354W	1166063.9
YDR356W	503990.13
YDR357C	373291.14
YDR358W	448973.91
YDR359C	1223538.7
YDR361C	483200.97
YDR362C	625578.83
YDR363W	259976.95
YDR363W-A	318619.02
YDR364C	358607.47
YDR365C	103726.72
YDR366C	128062.93
YDR367W	997612.21
YDR368W	1541961.7
YDR369C	480616.65
YDR370C	260443.05
YDR371W	119311.31
YDR372C	676737.46
YDR373W	1268749.2
YDR374C	39504.685
YDR375C	1023011
YDR376W	542298.47
YDR377W	1003253.7
YDR378C	186522.3
YDR379C-A	1240343.5
YDR379W	896351.33
YDR380W	196459.13
YDR381C-A	841944.56
YDR381W	2627199.3
YDR382W	1654087.8
YDR383C	192963.88
YDR384C	335526.7
YDR386W	562753.56
YDR387C	613006.62
YDR388W	2300716.4
YDR389W	921849.81
YDR390C	657781.16
YDR391C	195569.43
YDR392W	511248.65
YDR393W	434938.04
YDR394W	2026658.5
YDR395W	776110.02
YDR397C	1466885.5
YDR398W	400751.96
YDR399W	1527697.8
YDR400W	776720.04
YDR402C	67982.188
YDR403W	98468.885
YDR404C	483010.5
YDR405W	1536812.9
YDR406W	810001.95
YDR407C	567099.89
YDR408C	1069454.5
YDR409W	461416.83
YDR410C	157445.91
YDR411C	877948.93
YDR412W	162360.44
YDR414C	396252.6
YDR415C	510634.88
YDR416W	501844.95
YDR418W	2324676.4
YDR419W	432119.1
YDR420W	1136892.2
YDR421W	238656.33
YDR422C	740578.06
YDR423C	810993.5
YDR424C	253432.76
YDR425W	414222.83
YDR427W	1780926.9
YDR428C	282463.33
YDR429C	1505839.4
YDR430C	566790.7
YDR432W	2151627.3
YDR434W	1507622.1
YDR435C	1138063
YDR436W	1211536.5
YDR437W	53327.257
YDR438W	216378.35
YDR439W	314127.91
YDR440W	423159.15
YDR441C	453956.38
YDR443C	570896.58
YDR444W	542432.73
YDR446W	47547.871
YDR447C	1527459.4
YDR448W	288906.6
YDR449C	168248.31
YDR450W	1612023.2
YDR451C	760687.47
YDR452W	2440385
YDR453C	126523.68
YDR454C	1601720.7
YDR456W	1080010.2
YDR457W	16771620
YDR458C	452580.2
YDR459C	361196.64
YDR460W	394662.98
YDR461W	11248.544
YDR462W	1606843.9
YDR463W	538838.68
YDR464W	616394.59
YDR465C	275956.46
YDR466W	1015652.1
YDR468C	414604.11
YDR469W	499482.55
YDR470C	561717.42
YDR471W	1079265.8
YDR472W	428562.54
YDR473C	397774.83
YDR475C	804026.41
YDR476C	1402734.9
YDR477W	2553529.6
YDR478W	423315.23
YDR479C	678912.43
YDR480W	315940.8
YDR481C	1968565
YDR482C	261262.9
YDR483W	1731109.3
YDR484W	389179.88
YDR485C	1209602.1
YDR486C	405759.12
YDR487C	1887165.9
YDR488C	320413.37
YDR489W	359239.72
YDR490C	583363.72
YDR492W	2310999.1
YDR493W	880854.73
YDR494W	1363453
YDR495C	256975.25
YDR496C	339497.53
YDR497C	9432331.2
YDR498C	466136.05
YDR499W	638666.31
YDR500C	1360178.2
YDR501W	202036.76
YDR502C	6784164.5
YDR503C	183035.31
YDR504C	1231181.6
YDR505C	1157743.1
YDR506C	246180.81
YDR507C	3830388.7
YDR508C	428737.23
YDR510W	635237.47
YDR511W	1445714.4
YDR512C	255085.65
YDR513W	3758711.9
YDR514C	194774.79
YDR515W	162842.7
YDR516C	1682302.5
YDR517W	1913135.7
YDR518W	622805.5
YDR519W	278689.98
YDR520C	179199.04
YDR522C	51835.14
YDR523C	67186.649
YDR524C	337385.23
YDR524C-B	6325791.5
YDR524W-C	72444.69
YDR525W-A	2484445.5
YDR527W	583563.09
YDR528W	190984.83
YDR529C	1917947.3
YDR530C	581168.48
YDR531W	1182431.4
YDR532C	190424.71
YDR533C	2335772
YDR534C	484884.99
YDR536W	1734455.5
YDR538W	295387.16
YDR539W	689881.81
YDR540C	126682
YDR541C	69658.2
YEL001C	1025066.8
YEL002C	2470609.8
YEL003W	167317.07
YEL004W	365952.2
YEL005C	578403.07
YEL006W	613881.66
YEL007W	1475973.2
YEL009C	5506431.3
YEL011W	5812885.9
YEL012W	1033818.5
YEL013W	1901509.2
YEL015W	1243026.6
YEL016C	261114.58
YEL017C-A	1926111.9
YEL017W	1198399.1
YEL018W	330691.78
YEL019C	84568.386
YEL020C	585854.36
YEL020W-A	1580287.8
YEL021W	744431.88
YEL022W	386560.86
YEL023C	155972.92
YEL024W	9004039.8
YEL025C	528530.24
YEL026W	741486.32
YEL027W	2268694.4
YEL029C	485644.13
YEL030W	139777.13
YEL031W	2567920.1
YEL032W	3560755.8
YEL034W	2529001.1
YEL035C	160935.5
YEL036C	1351795.3
YEL037C	1288297.6
YEL038W	623861.24
YEL039C	1614144.8
YEL040W	1602259.9
YEL041W	676687.34
YEL042W	2474559.3
YEL043W	817652.57
YEL044W	565372.3
YEL046C	1995563.6
YEL047C	480449.16
YEL048C	137219.64
YEL050C	1705443.5
YEL051W	1713379.6
YEL052W	1408400.4
YEL053C	361025.39
YEL054C	1328074.9
YEL055C	2026493.5
YEL056W	923354.99
YEL057C	1904524.2
YEL058W	1668328.6
YEL059C-A	501682.76
YEL060C	6641048.5
YEL061C	646150.51
YEL062W	561092.14
YEL063C	2238339.6
YEL064C	354609.11
YEL065W	7401551.5
YEL066W	1001418.2
YEL069C	637121.58
YEL071W	2016670.2
YEL072W	102731.06
YEL073C	525421.99
YER001W	4651999.8
YER002W	403735.78
YER003C	2518761.5
YER004W	1026307.3
YER005W	664795.72
YER006W	833251.23
YER007C-A	1547095.5
YER007W	184840.22
YER008C	1214086.9
YER009W	2791570.9
YER010C	919538.48
YER011W	174608.92
YER012W	1281938.9
YER013W	1749402.6
YER014C-A	48505.828
YER014W	726573.51
YER015W	2055216.2
YER016W	321004.49
YER017C	2792859.8
YER018C	770541.63
YER019C-A	613184.13
YER019W	1252066.4
YER020W	2910549.5
YER021W	2747917.9
YER023W	2400596.5
YER024W	4725254.1
YER025W	4103139.8
YER026C	2410571.1
YER027C	674587.17
YER028C	91320.658
YER029C	295730.21
YER030W	947079
YER031C	897328.38
YER032W	497186.16
YER033C	239922.6
YER034W	235820.87
YER035W	1136263.6
YER036C	2252724.7
YER037W	63999.939
YER038C	74413.745
YER039C	294823.27
YER039C-A	172857.63
YER040W	1256046.5
YER041W	223622.94
YER042W	402659.27
YER043C	7375641.7
YER044C	3784258.1
YER044C-A	43709.543
YER045C	1792568.6
YER046W	1091860.9
YER047C	311803.87
YER048C	1217423.7
YER048W-A	709954.73
YER049W	764827
YER050C	928755.41
YER051W	348667.68
YER052C	2275712.8
YER053C	2168216.8
YER053C-A	2275671.1
YER054C	144412.38
YER055C	2602774.9
YER056C	1164461.3
YER056C-A	951339.62
YER057C	2390368.3
YER058W	352410.73
YER059W	588123.97
YER060W	69612.368
YER060W-A	84109.735
YER061C	205907.57
YER062C	1021399.4
YER063W	1349408.5
YER064C	501895.45
YER065C	7657096.3
YER066W	359041.52
YER067W	3978286.2
YER068W	1477419.9
YER069W	5512976.4
YER070W	6914289.1
YER071C	278617.82
YER072W	1697710.8
YER073W	986101.22
YER074W	1721819.2
YER074W-A	840535.71
YER075C	2477762.5
YER076C	142261.17
YER077C	274966.84
YER078C	1579956.6
YER078W-A	81981.393
YER079W	1503213.3
YER080W	1348090.2
YER081W	1019946.3
YER082C	256176.69
YER083C	884179.31
YER085C	48732.905
YER086W	3437710.1
YER087C-B	419741.75
YER087W	1082538.1
YER088C	941344.56
YER089C	1559445.5
YER090W	3475567.2
YER091C	14516925
YER092W	186319.45
YER093C	286494.35
YER093C-A	405173.37
YER094C	1900938.9
YER095W	946162.64
YER096W	123223.84
YER098W	786308.6
YER099C	777865.81
YER100W	458348.6
YER101C	472340.43
YER102W	2656023.6
YER103W	854451.99
YER104W	269777.63
YER105C	1601678.3
YER106W	46034.069
YER107C	907655.76
YER109C	866401.62
YER110C	885714.72
YER111C	1041877.3
YER112W	446588.78
YER113C	213932.44
YER114C	840236.57
YER115C	462049.59
YER116C	203473.22
YER117W	2214465.2
YER118C	446241.43
YER119C	900934.12
YER120W	3647441.7
YER122C	1432544.2
YER123W	825422.04
YER124C	683121.57
YER125W	5104739.4
YER126C	732978.22
YER127W	231857.1
YER128W	319618.78
YER129W	1060071.7
YER130C	345106.52
YER131W	929441.21
YER132C	270312.39
YER133W	1852683.7
YER134C	707535.26
YER136W	1896975.2
YER137C	519600.09
YER139C	485621.82
YER140W	344211.07
YER141W	3678968.2
YER142C	308249.93
YER143W	528132.78
YER144C	1168713.2
YER145C	3741441.9
YER146W	395331.87
YER147C	703949.94
YER148W	1215663.6
YER149C	428854.09
YER150W	218577.06
YER151C	1407661.1
YER152C	1307038.3
YER153C	253533.92
YER154W	1557210.1
YER155C	904574.16
YER156C	1153567.1
YER157W	397811.43
YER158C	1431245.1
YER159C	1417493.8
YER161C	313997.16
YER162C	485691.79
YER163C	687426.49
YER164W	3930782.6
YER165W	3732791.7
YER166W	5826609.3
YER167W	1412156.4
YER168C	994474.03
YER169W	629252.44
YER170W	278683.31
YER171W	983852.26
YER172C	4649698.1
YER173W	574372.08
YER174C	1300391
YER175C	2742144
YER175W-A	41895.781
YER176W	552792.59
YER177W	3087385.8
YER178W	7739849
YER179W	70753.331
YER180C	338644.06
YER180C-A	75677.014
YER182W	859253.43
YER183C	473834.98
YER184C	174691.17
YER185W	98326.655
YER186C	559890.45
YER187W	55055.774
YER188C-A	80144.407
YFL001W	260784.06
YFL002C	340165.89
YFL003C	142945.53
YFL004W	1034292.9
YFL005W	1566166.4
YFL007W	6331261.2
YFL008W	1963544.8
YFL009W	1498411.6
YFL010C	431784.71
YFL010W-A	79968.511
YFL011W	83187.681
YFL012W	42858.361
YFL013C	1124968.1
YFL014W	665567.28
YFL016C	1711650
YFL017C	598373.7
YFL017W-A	194858.96
YFL018C	5679609
YFL020C	257758.7
YFL021W	1980704
YFL022C	1687065.8
YFL023W	202928.64
YFL024C	707592.97
YFL025C	1594502.8
YFL026W	300273.08
YFL027C	451836.49
YFL028C	1202151.5
YFL029C	277104.35
YFL030W	6188222.8
YFL031W	2942559.4
YFL033C	944938.04
YFL034C-A	567822.71
YFL034C-B	241802.72
YFL034W	244862.65
YFL036W	7826726.5
YFL037W	3932232.3
YFL038C	2307899.8
YFL039C	7998087
YFL040W	53641.532
YFL041W	1847679.9
YFL041W-A	231612.52
YFL042C	1497947
YFL044C	703109.27
YFL045C	1625722.2
YFL046W	510176.24
YFL047W	328906.01
YFL048C	655085.3
YFL049W	1128221.9
YFL050C	198363.06
YFL051C	144359.21
YFL052W	1037105
YFL053W	99681.677
YFL054C	541004.83
YFL055W	73952.109
YFL056C	80457.006
YFL067W	59836.711
YFL068W	91407.344
YFR001W	649979.79
YFR002W	2001761.6
YFR003C	469534.8
YFR004W	1309139
YFR005C	692033.02
YFR006W	1230963.7
YFR007W	758645.19
YFR008W	189160.36
YFR009W	1184473.4
YFR010W	2074445.8
YFR011C	2080282.5
YFR012W	47798.671
YFR012W-A	61675.569
YFR013W	294231.49
YFR014C	1233496.2
YFR015C	5340269.1
YFR016C	356234.23
YFR017C	762618.85
YFR018C	612928.82
YFR019W	5789612.9
YFR021W	338642.18
YFR022W	79987.723
YFR023W	48388.83
YFR024C-A	1415388.8
YFR025C	752335.83
YFR026C	113841.48
YFR027W	146985.05
YFR028C	1201574.5
YFR029W	568452.92
YFR030W	5311220.1
YFR031C	2103173.7
YFR031C-A	1220779.8
YFR032C	55454.997
YFR032C-A	674393.13
YFR032C-B	87045.343
YFR033C	1864969.2
YFR034C	886721.25
YFR035C	77661.773
YFR036W	92199.697
YFR037C	1185090.6
YFR038W	504078.19
YFR039C	507135.62
YFR040W	936817.1
YFR041C	421263.18
YFR042W	479309.57
YFR043C	623842.42
YFR044C	4658706.9
YFR045W	410676.56
YFR046C	246907.17
YFR047C	1105841.7
YFR048W	472290.98
YFR049W	2207483.9
YFR050C	2019917.4
YFR051C	1381155.6
YFR052W	1169409.4
YFR053C	7010561
YFR055W	85979.717
YFR057W	42051.166
YGL001C	2660601.4
YGL002W	516374.04
YGL003C	1136284.4
YGL004C	544943.86
YGL005C	396681.78
YGL006W	5574338.8
YGL006W-A	56650.101
YGL007C-A	84885.85
YGL008C	5909098.9
YGL009C	7000990.2
YGL010W	357153.27
YGL011C	1529877.9
YGL012W	3192429.9
YGL013C	1306544.1
YGL014W	1061247.5
YGL015C	58880.045
YGL016W	303075.58
YGL017W	508339.4
YGL018C	212501.12
YGL019W	1077368.7
YGL020C	743661.03
YGL021W	1044120.9
YGL022W	3359872.9
YGL023C	859247.48
YGL025C	498363.67
YGL026C	5351642.4
YGL027C	1063675.9
YGL028C	1363877.5
YGL029W	138724.77
YGL030W	2070599
YGL031C	2367855
YGL032C	110844.83
YGL033W	47415.963
YGL035C	365808.77
YGL036W	271942.07
YGL037C	1727714.2
YGL038C	1036663.7
YGL039W	513814.88
YGL040C	2723707.7
YGL041C-B	49469.539
YGL043W	588629.51
YGL044C	352338.18
YGL045W	1256361.9
YGL047W	322108.25
YGL048C	2275559.7
YGL049C	606613.04
YGL050W	409225.71
YGL051W	38580.339
YGL053W	226941.38
YGL054C	1516268
YGL055W	8716833.8
YGL056C	1166476.8
YGL057C	538535.62
YGL058W	296063.93
YGL059W	752375.33
YGL060W	372265.85
YGL061C	205606.47
YGL062W	18942179
YGL063W	263060.99
YGL064C	347603.69
YGL065C	703670.34
YGL066W	1068675.7
YGL067W	1014113.1
YGL068W	2117041.6
YGL070C	229564.81
YGL071W	868371.42
YGL073W	1723505.2
YGL075C	242512.18
YGL077C	3088477.3
YGL078C	396687.97
YGL079W	456934.77
YGL080W	1076735.1
YGL081W	100128.47
YGL082W	626330.07
YGL083W	383133.56
YGL084C	1147200
YGL085W	353424.26
YGL086W	734186.65
YGL087C	408108.51
YGL089C	64409.009
YGL090W	140793.51
YGL091C	576787.85
YGL092W	1669468.7
YGL093W	1231567.9
YGL094C	1750675.5
YGL095C	435808.1
YGL096W	828621.89
YGL097W	622192.48
YGL098W	173109.85
YGL099W	452641.14
YGL100W	882274.13
YGL101W	1165339
YGL103W	1731767.7
YGL104C	306414.06
YGL105W	1476003.9
YGL106W	1021826.3
YGL107C	1012016.4
YGL108C	397324.27
YGL110C	320009.44
YGL111W	462190.72
YGL112C	1434045.3
YGL113W	455109.54
YGL114W	617695.96
YGL115W	1515455.2
YGL116W	1309511
YGL117W	2641866.6
YGL119W	1054403.8
YGL120C	727746.27
YGL121C	620719.68
YGL122C	1327029.9
YGL123W	4223179
YGL124C	311039.39
YGL125W	3650746
YGL126W	587426.28
YGL127C	320400.82
YGL128C	291423.54
YGL129C	1503629
YGL130W	547416.3
YGL131C	413067.27
YGL133W	328162.01
YGL134W	1840293
YGL136C	570434.46
YGL137W	1619246.6
YGL138C	41626.27
YGL139W	848839.84
YGL140C	702679.74
YGL141W	1752561.4
YGL142C	603971.09
YGL143C	947034.81
YGL144C	244455.16
YGL145W	283673.11
YGL146C	417542.86
YGL147C	1622425.5
YGL148W	3358988.4
YGL150C	4096969.6
YGL151W	326965.42
YGL153W	906613.26
YGL154C	417726.2
YGL155W	328916.79
YGL156W	3121368.8
YGL157W	114438.13
YGL158W	48078.012
YGL159W	509069.51
YGL160W	770218.75
YGL161C	2190564.9
YGL162W	158080.89
YGL163C	1014719
YGL164C	352096.64
YGL166W	357824.45
YGL167C	3547273.1
YGL168W	70914.357
YGL169W	290704.79
YGL170C	77665.462
YGL171W	235572.3
YGL172W	1622398.3
YGL173C	7524871.2
YGL174W	176662.87
YGL175C	104343.91
YGL176C	262778.19
YGL178W	796203.66
YGL179C	139007.25
YGL180W	1623203.3
YGL181W	667092.76
YGL183C	49315.364
YGL184C	205801.68
YGL185C	144453.25
YGL186C	631800.93
YGL187C	2130759.1
YGL188C-A	38815.724
YGL189C	1051070
YGL190C	1489129.1
YGL191W	2292482.9
YGL192W	404938.03
YGL194C	129489.35
YGL195W	622714.3
YGL196W	1271067.3
YGL197W	1462713.2
YGL198W	1642550.4
YGL200C	2837943.6
YGL201C	1476338.2
YGL202W	5180618
YGL203C	926999.29
YGL205W	1353085.3
YGL206C	8054712
YGL207W	901393.92
YGL208W	658765.77
YGL209W	71162.776
YGL210W	511220.51
YGL211W	520333.99
YGL212W	210034.4
YGL213C	477288.57
YGL215W	1881403.8
YGL216W	462613.9
YGL219C	1952492.6
YGL220W	687923.11
YGL221C	1408240.4
YGL222C	138896.41
YGL223C	615447.1
YGL224C	413106.85
YGL225W	1730020.2
YGL226C-A	286965.82
YGL226W	451714.83
YGL227W	494066.12
YGL228W	988373.51
YGL229C	194052.52
YGL230C	58071.559
YGL231C	1154211.1
YGL232W	420440.02
YGL233W	824890.54
YGL234W	2351896.6
YGL235W	70368.193
YGL236C	1462611.2
YGL237C	824189.77
YGL238W	1156787.7
YGL240W	49090.795
YGL241W	387103.88
YGL242C	558411.63
YGL243W	303348.43
YGL244W	912548.1
YGL245W	8888525.8
YGL246C	242443.05
YGL247W	438524.73
YGL248W	759024.44
YGL249W	51502.846
YGL250W	582208.69
YGL251C	200304.55
YGL252C	1675748
YGL253W	3688905.1
YGL254W	314931.9
YGL255W	1336906
YGL256W	685749.63
YGL257C	556385.98
YGL258W	50434.772
YGL258W-A	95976.937
YGL259W	59571.704
YGL262W	162123.3
YGL263W	93207.656
YGR001C	1093477.8
YGR002C	634602.96
YGR003W	1017960.4
YGR004W	235708.97
YGR005C	666079.2
YGR006W	131661.36
YGR007W	1603159.4
YGR008C	1846055.4
YGR009C	1566751.3
YGR010W	571921.21
YGR012W	565477.11
YGR013W	344093.45
YGR014W	1624247.4
YGR015C	397292.14
YGR016W	203842.73
YGR017W	1019839.7
YGR019W	2295089
YGR020C	852383.37
YGR021W	548502.54
YGR023W	227037.68
YGR024C	1023544.2
YGR026W	1306258.4
YGR027C	1048338.5
YGR028W	803276.78
YGR029W	1540112.5
YGR030C	632016.39
YGR031W	1223331.9
YGR032W	22915710
YGR033C	986779.6
YGR034W	455717.69
YGR035C	107052.71
YGR035W-A	60622.103
YGR036C	203844.35
YGR037C	4636419.5
YGR038W	1418257.3
YGR040W	206083.1
YGR041W	954859.85
YGR042W	199146.55
YGR043C	93299.75
YGR044C	205276.9
YGR046W	802220.65
YGR047C	538504.36
YGR048W	500310.59
YGR049W	2356242.8
YGR052W	525766.99
YGR053C	205681.19
YGR054W	614327.49
YGR055W	126956.88
YGR056W	1956280.9
YGR057C	537673.19
YGR058W	427529.16
YGR059W	77073.044
YGR060W	4777754.9
YGR061C	12441729
YGR062C	391336.96
YGR063C	709139.66
YGR065C	6453544
YGR066C	87992.331
YGR067C	880309.01
YGR068C	239645.07
YGR070W	347440.11
YGR071C	314526.43
YGR072W	138611.97
YGR074W	165790.58
YGR075C	142021.16
YGR076C	814681.31
YGR077C	769488.65
YGR078C	578627.42
YGR079W	754698.95
YGR080W	766578.79
YGR081C	177034.59
YGR082W	1634524.8
YGR083C	1060753.6
YGR084C	1283144.7
YGR085C	2018117.4
YGR086C	6196202.2
YGR087C	292285.24
YGR088W	749804.83
YGR089W	333258.05
YGR090W	387728.49
YGR091W	498349.77
YGR092W	1069250.1
YGR093W	508739.7
YGR094W	8569916.6
YGR095C	282857.06
YGR096W	173770.28
YGR097W	552777.79
YGR098C	3593438
YGR099W	546097.58
YGR100W	461121.32
YGR101W	916086.48
YGR102C	1037859.8
YGR103W	402818.22
YGR104C	160866.99
YGR105W	924254.06
YGR106C	1682596.6
YGR108W	1069454.8
YGR109C	334347.3
YGR110W	1279809.1
YGR111W	632937.09
YGR112W	580732.84
YGR113W	467082.69
YGR116W	4121386.4
YGR117C	152991.42
YGR118W	1659727
YGR119C	744976.37
YGR120C	283394.9
YGR121C	1686037.6
YGR121W-A	58294.554
YGR122W	206012.13
YGR123C	404688.74
YGR124W	3620712.3
YGR125W	2131634.9
YGR126W	147938.56
YGR127W	481573.4
YGR128C	194266.91
YGR129W	155555.66
YGR130C	1724757.4
YGR131W	141389.12
YGR132C	2559739.5
YGR133W	97174.023
YGR134W	553789.39
YGR135W	1444539
YGR136W	872132.84
YGR138C	526771.31
YGR140W	983157.47
YGR141W	844630.01
YGR142W	283434.88
YGR143W	1899582.7
YGR144W	105353.77
YGR145W	334358.74
YGR146C	579815.39
YGR146C-A	54097.869
YGR147C	1346555.3
YGR148C	1146868.1
YGR149W	1141063.5
YGR150C	301943.62
YGR152C	509436.14
YGR153W	115652.39
YGR154C	131073.57
YGR155W	3432821.4
YGR156W	790290.03
YGR157W	9393128.8
YGR158C	240067.03
YGR159C	1031998.5
YGR161C	488818.82
YGR162W	1078626
YGR163W	657873.09
YGR165W	578385.6
YGR166W	271970.51
YGR167W	1283053.4
YGR168C	213405.78
YGR169C	182801.2
YGR169C-A	209205.53
YGR170W	946200.73
YGR171C	900824.27
YGR172C	949306.16
YGR173W	344126.66
YGR174C	593010.78
YGR174W-A	41375.887
YGR175C	5574132.8
YGR177C	145665.06
YGR178C	1556276.8
YGR179C	576177.3
YGR180C	3625781.3
YGR181W	1726385.6
YGR183C	651937.49
YGR184C	7073060.7
YGR185C	3061153.9
YGR186W	2263411
YGR187C	237356.01
YGR188C	541500.99
YGR189C	1972021.2
YGR191W	655472.72
YGR192C	9246263.1
YGR193C	1175759.3
YGR194C	2433446.6
YGR195W	610220.61
YGR196C	373331.63
YGR197C	1434265.3
YGR198W	1249066.8
YGR199W	1641828.4
YGR200C	1325853.1
YGR201C	166537.69
YGR202C	1232897.2
YGR203W	547466.99
YGR204C-A	54949.374
YGR204W	9727836.2
YGR205W	448870.31
YGR206W	116749.55
YGR207C	1183392.5
YGR208W	347161.96
YGR209C	686241.49
YGR210C	818669.35
YGR211W	846289.26
YGR212W	238816.19
YGR213C	63140.266
YGR214W	2927076.3
YGR215W	790922.58
YGR216C	620645.97
YGR217W	467975.62
YGR218W	3358250.3
YGR220C	1574679.6
YGR221C	441419.41
YGR222W	595240.28
YGR223C	422093.53
YGR224W	50644.912
YGR225W	94020.102
YGR227W	713925.08
YGR229C	486330.71
YGR230W	323603.92
YGR231C	2514882.6
YGR232W	870482.31
YGR233C	1794337.5
YGR234W	4826499.1
YGR235C	1896968.3
YGR236C	256652.7
YGR237C	554524.67
YGR238C	604103.5
YGR239C	515662
YGR240C	12028140
YGR240C-A	71705.539
YGR241C	748893.71
YGR243W	5030410
YGR244C	3815465.8
YGR245C	493906.14
YGR246C	723646.28
YGR247W	149631.2
YGR248W	189190.78
YGR249W	222424.76
YGR250C	876625.93
YGR251W	254821.08
YGR252W	840154.25
YGR253C	1357468.1
YGR254W	4776417
YGR255C	624641.24
YGR256W	393717.35
YGR257C	742377.44
YGR258C	758593.13
YGR260W	2215000.2
YGR261C	277557.39
YGR262C	458688.45
YGR263C	316133.65
YGR264C	3782551.5
YGR266W	562963.62
YGR267C	1508432.3
YGR268C	789836.21
YGR270W	959486.47
YGR271C-A	148330.92
YGR271W	3153755.4
YGR273C	47172.755
YGR274C	1914651.8
YGR275W	704652.9
YGR276C	325856.35
YGR277C	530463.99
YGR278W	240947.51
YGR279C	7798463.8
YGR280C	206971.9
YGR281W	1314308
YGR282C	5108388.5
YGR283C	126773.53
YGR284C	1129844.5
YGR285C	3517697.5
YGR286C	7395906.8
YGR287C	202880.88
YGR288W	462652.54
YGR289C	649289.75
YGR295C	55154.764
YHL001W	922270.82
YHL002W	1417310.8
YHL003C	1188231.7
YHL004W	1146059.2
YHL006C	147549.8
YHL007C	2989834.7
YHL008C	315247.41
YHL009C	235137.23
YHL010C	233844.48
YHL011C	1566988.1
YHL012W	45677.692
YHL013C	279224.68
YHL014C	313473.61
YHL015W	2110243.3
YHL015W-A	41336.246
YHL016C	637541.73
YHL017W	344325.18
YHL018W	108139.36
YHL019C	515468.31
YHL020C	1103366.2
YHL021C	1829569
YHL022C	53313.596
YHL023C	478081.52
YHL024W	1339422.4
YHL025W	1001897.2
YHL026C	472571.02
YHL027W	1208839.2
YHL028W	738195.12
YHL029C	830937.45
YHL030W	3100747
YHL031C	554965.58
YHL032C	9646760.3
YHL033C	3375722.8
YHL034C	2239179.5
YHL035C	634567.54
YHL036W	210445.79
YHL038C	416294.37
YHL039W	931523.78
YHL040C	6617682.8
YHL042W	62984.204
YHL043W	53949.763
YHL044W	49271.022
YHL047C	87024.08
YHL048C-A	49546.112
YHL048W	100219.63
YHR001W	832121.78
YHR001W-A	798176.07
YHR002W	519495.59
YHR003C	507713.96
YHR004C	555992.64
YHR005C	129017.45
YHR005C-A	3289678.9
YHR006W	1063928
YHR007C	6544245
YHR007C-A	66194.723
YHR008C	3517501
YHR009C	2321832
YHR010W	1161417.9
YHR011W	636448.69
YHR012W	771320.34
YHR013C	408331.1
YHR014W	61723.095
YHR015W	121715.49
YHR016C	687435.14
YHR017W	689835.54
YHR018C	7108591.8
YHR019C	6758807.8
YHR020W	2056441.5
YHR021C	1181350.6
YHR021W-A	42420.756
YHR022C	44643.242
YHR022C-A	50018.44
YHR023W	2857575.6
YHR024C	1635784.3
YHR025W	3061774.5
YHR026W	2376015.4
YHR027C	8312979.1
YHR028C	1140647.3
YHR029C	747711.93
YHR030C	721249.54
YHR031C	416423.98
YHR032W	607543.16
YHR033W	1084596.8
YHR034C	342728.39
YHR035W	135423.11
YHR036W	368464.74
YHR037W	3953043.2
YHR038W	355852.9
YHR039C	1515108.6
YHR039C-A	1013252.9
YHR040W	198966.38
YHR041C	989529.83
YHR042W	7319548.8
YHR043C	33620.235
YHR044C	55507.396
YHR045W	594508.88
YHR046C	185829.32
YHR047C	509691.84
YHR048W	100273.22
YHR049W	2634578.6
YHR050W	1848412.2
YHR050W-A	160808.66
YHR051W	2240561.2
YHR052W	532227.32
YHR057C	587635.72
YHR058C	341432.07
YHR059W	513308.28
YHR060W	414003.24
YHR061C	676402.65
YHR062C	259222.77
YHR063C	1362638.1
YHR064C	2498751.8
YHR065C	446143.48
YHR066W	96990.575
YHR067W	408276.19
YHR068W	638512.69
YHR069C	405819.52
YHR070W	222933.29
YHR071W	1047906.6
YHR072W	3103325.7
YHR072W-A	177330.51
YHR073W	771130.82
YHR074W	2761612.6
YHR075C	191050.62
YHR076W	962759.1
YHR077C	2248427.6
YHR078W	518607.56
YHR079C	1859206.3
YHR079C-A	36287.262
YHR080C	761724.67
YHR081W	289912.77
YHR082C	1908449.5
YHR083W	816025.39
YHR084W	799006.53
YHR085W	219984.28
YHR086W	1113195.4
YHR086W-A	52648.341
YHR087W	659779.54
YHR088W	445986.62
YHR089C	792582.32
YHR090C	296216.75
YHR091C	803721.26
YHR092C	150824.11
YHR094C	86666.665
YHR096C	1706530.4
YHR097C	447829.76
YHR098C	1269211.3
YHR099W	20189583
YHR100C	632628.46
YHR101C	388823.4
YHR102W	855794.17
YHR103W	667237.52
YHR104W	2299591.2
YHR105W	123707.12
YHR106W	1189826
YHR107C	887705.98
YHR108W	948260.25
YHR109W	274287.48
YHR110W	1069522.2
YHR111W	515049.61
YHR112C	1115790.1
YHR113W	1555126.5
YHR114W	498780.66
YHR115C	701231.2
YHR116W	233819.73
YHR117W	845532.94
YHR118C	247183.08
YHR119W	1634139.6
YHR120W	293081.63
YHR121W	1375462
YHR122W	1058823.1
YHR123W	607405.28
YHR124W	144870.79
YHR126C	47969.457
YHR127W	263577.84
YHR128W	222471.71
YHR129C	263719.77
YHR131C	508482.7
YHR132C	2234894.7
YHR132W-A	1483621.1
YHR133C	607018.58
YHR134W	143790.52
YHR135C	1044184
YHR136C	68323.014
YHR137W	91622.795
YHR138C	693465.71
YHR139C	92165.99
YHR140W	412939.38
YHR142W	808947.93
YHR143W	1124692.8
YHR143W-A	184847.03
YHR144C	244900.91
YHR146W	852285.6
YHR147C	983612.95
YHR148W	291033.16
YHR149C	645331.33
YHR150W	509930.51
YHR151C	409139.43
YHR152W	266750.36
YHR153C	156791.2
YHR154W	260628.38
YHR155W	633895.29
YHR156C	204500.06
YHR157W	109597.95
YHR158C	761307.36
YHR159W	193634.07
YHR160C	68793.47
YHR161C	913929.48
YHR162W	6443324.3
YHR163W	1483971.5
YHR164C	2310100.3
YHR165C	7780608.5
YHR166C	523009.97
YHR167W	265539.46
YHR168W	267996.53
YHR169W	262019.2
YHR170W	817054.82
YHR171W	880368.61
YHR172W	346499.26
YHR174W	6747031.3
YHR175W	1237910
YHR175W-A	611601.1
YHR176W	506146.45
YHR177W	111723.56
YHR178W	523242.97
YHR179W	2497793.8
YHR181W	968896.01
YHR182W	278187.65
YHR183W	7132409.7
YHR184W	86824.815
YHR185C	45001.586
YHR186C	953384.77
YHR187W	353227.17
YHR188C	1066284.6
YHR189W	192422.82
YHR190W	4145136.9
YHR191C	86604.739
YHR192W	648309.97
YHR193C	4392069.5
YHR194W	385689.85
YHR195W	553244.65
YHR196W	345878.46
YHR197W	216768.02
YHR198C	1026404.1
YHR199C	1348500.6
YHR199C-A	146926.94
YHR200W	1570327.9
YHR201C	651948.48
YHR202W	844235.42
YHR204W	473903.92
YHR205W	900296.01
YHR206W	1022613.2
YHR207C	486738.63
YHR208W	15232900
YHR209W	692898.26
YHR210C	134328.01
YHR212W-A	64051.509
YHR213W	43777.195
YHR213W-A	91116.141
YHR214C-D	64624.865
YHR214C-E	59235.474
YIL001W	410140.04
YIL002C	585048.1
YIL002W-A	563537.66
YIL003W	367878.46
YIL004C	210411.55
YIL005W	1600457.7
YIL006W	586883.81
YIL007C	559456.33
YIL008W	183146.31
YIL009C-A	210815.41
YIL009W	1679199.6
YIL010W	528138.92
YIL011W	251642.48
YIL013C	257198.56
YIL014C-A	639987.74
YIL014W	959487.23
YIL015W	106927.49
YIL016W	227388.73
YIL017C	502987.07
YIL018W	2622486.6
YIL019W	197786.7
YIL020C	259063.9
YIL021W	822876.42
YIL022W	1541185.8
YIL023C	756720.61
YIL024C	396347.21
YIL026C	2993622.2
YIL027C	1495571.9
YIL029C	45819.26
YIL030C	5569897.7
YIL031W	1361310.6
YIL033C	1395463.3
YIL034C	929086.41
YIL035C	607028.19
YIL036W	819493.88
YIL037C	52946.838
YIL038C	1606426
YIL039W	1355396.6
YIL040W	832153.45
YIL041W	2048985.4
YIL042C	1042523.4
YIL043C	1892283.4
YIL044C	546373.49
YIL045W	222581.57
YIL046W	2226219.8
YIL046W-A	59724.966
YIL047C	2476625.8
YIL048W	4235461.9
YIL049W	254760.98
YIL050W	937250.2
YIL051C	3325454
YIL052C	1256768.6
YIL053W	933235.82
YIL055C	614474.56
YIL056W	1022617.1
YIL057C	5152698.6
YIL060W	71438.255
YIL061C	216173.34
YIL062C	1506866
YIL063C	480993.55
YIL064W	583281.41
YIL065C	1776180.7
YIL066C	890720.83
YIL067C	516398.02
YIL068C	914895.48
YIL069C	1529826.5
YIL070C	2269027.8
YIL071C	98384.423
YIL072W	86141.158
YIL073C	70885.682
YIL074C	690803.09
YIL075C	3277323.3
YIL076W	1140913.8
YIL077C	1046930.6
YIL078W	5342394.8
YIL079C	164499.53
YIL083C	2483003.2
YIL084C	136380.32
YIL085C	1380365.9
YIL087C	1039131.5
YIL088C	1486252.8
YIL089W	136573.07
YIL090W	929855.71
YIL091C	249600.04
YIL092W	216582.8
YIL093C	1017237.4
YIL094C	3388827.8
YIL095W	301079.64
YIL096C	140701.95
YIL097W	491318.31
YIL098C	665040.92
YIL099W	173084.54
YIL101C	190838.51
YIL102C	46780.468
YIL103W	359772.04
YIL104C	121725.06
YIL105C	970349.94
YIL106W	868784.21
YIL107C	1620934.1
YIL108W	924471.34
YIL109C	4375332
YIL110W	448188.37
YIL111W	100321.02
YIL112W	334057.15
YIL113W	323283.46
YIL114C	362688.51
YIL115C	1355564.9
YIL116W	2926480
YIL117C	80911.365
YIL118W	772049.1
YIL119C	1161743.6
YIL120W	158954.97
YIL121W	871111.01
YIL122W	226310.36
YIL123W	2206710.2
YIL124W	1456720.9
YIL125W	10150218
YIL126W	3812325.1
YIL127C	214995.04
YIL128W	694299.41
YIL129C	1275069.2
YIL130W	564217.96
YIL131C	254013.1
YIL132C	171542.03
YIL133C	3060802.6
YIL134C-A	43921.85
YIL134W	310309.73
YIL135C	464615.03
YIL136W	1844512.2
YIL137C	577483.8
YIL138C	829447.78
YIL139C	127678.29
YIL140W	546377.33
YIL142W	1920719.4
YIL143C	1340734.6
YIL144W	675422.17
YIL145C	613075.37
YIL146C	748869.24
YIL147C	2547177.4
YIL148W	1646463.4
YIL149C	3391360.6
YIL150C	230170.99
YIL151C	395347.54
YIL152W	381208.03
YIL153W	892770.27
YIL154C	514626.11
YIL155C	5984287.4
YIL156W	1377948.3
YIL157C	1265285.5
YIL158W	873643.54
YIL159W	149692.46
YIL160C	471660.19
YIL161W	367032.47
YIL162W	3029028.6
YIL164C	1205612.2
YIL165C	1815312
YIL166C	319605.62
YIL169C	297122.32
YIR001C	536201.19
YIR002C	1446697.5
YIR003W	886493.44
YIR004W	499688.6
YIR005W	273505.27
YIR006C	1462359.7
YIR007W	382089.58
YIR008C	522836.44
YIR009W	174665.11
YIR010W	859616.18
YIR011C	3122828.3
YIR012W	398698.33
YIR013C	73574.662
YIR014W	374086.02
YIR015W	97355.259
YIR016W	2241983.9
YIR017C	471943.96
YIR018C-A	126182.13
YIR018W	339075.04
YIR019C	20567893
YIR021W	635923.19
YIR021W-A	44493.897
YIR022W	460620.7
YIR023W	554363.32
YIR024C	464894.96
YIR025W	254062.81
YIR026C	225443.85
YIR027C	2718304.6
YIR028W	2231210.5
YIR029W	1012719
YIR030C	125562.05
YIR031C	1362416.9
YIR032C	1210330.9
YIR033W	1325442.6
YIR034C	2383257.8
YIR035C	802406.57
YIR036C	709954.56
YIR037W	925542.39
YIR038C	1474846
YIR039C	309557.66
YIR042C	352710.86
YJL001W	1961710.3
YJL002C	1799040.3
YJL003W	597501.42
YJL004C	1112345.9
YJL005W	4509884.5
YJL006C	325184.64
YJL008C	2491119.9
YJL010C	206039.84
YJL011C	189197.83
YJL012C	1062724.5
YJL013C	575600.57
YJL014W	1755243.3
YJL016W	903479.47
YJL019W	329789.98
YJL020C	1189054.9
YJL023C	226798.48
YJL024C	452744.6
YJL025W	144955.83
YJL026W	3440454.3
YJL027C	50085.452
YJL029C	517573.35
YJL030W	299343.04
YJL031C	302193.81
YJL033W	326517.11
YJL034W	7218417.6
YJL035C	276376.11
YJL036W	371429.21
YJL037W	84494.519
YJL038C	44452.944
YJL039C	5233854
YJL041W	1478964.1
YJL042W	2230644.6
YJL043W	60825.947
YJL044C	470619.52
YJL045W	161909.44
YJL046W	565393.17
YJL047C	324157.2
YJL047C-A	136829.58
YJL048C	2508181.4
YJL049W	275875.78
YJL050W	1172698.5
YJL051W	717128.58
YJL052C-A	56948.661
YJL052W	3052940
YJL053W	1075995.9
YJL054W	677330.6
YJL055W	2989072.3
YJL056C	513492.56
YJL057C	446181.01
YJL058C	165067.55
YJL059W	387707.01
YJL060W	1081917.3
YJL061W	328056.71
YJL062W	563438.19
YJL062W-A	2160478.7
YJL063C	2110378.2
YJL065C	867891.71
YJL066C	1450947.5
YJL068C	1049512.9
YJL069C	233696.5
YJL070C	431593.57
YJL071W	805900.55
YJL072C	259775.01
YJL073W	540734.71
YJL074C	3093429.2
YJL076W	4820927.1
YJL077C	71635.501
YJL077W-B	228070.32
YJL078C	879110.75
YJL079C	2977360.4
YJL080C	1313280.6
YJL081C	1004791.2
YJL082W	908388.46
YJL083W	649469.91
YJL084C	511230.97
YJL085W	284371.58
YJL087C	619828.66
YJL088W	1782230
YJL089W	697912.25
YJL090C	1271181.9
YJL091C	756494.68
YJL092W	2041961
YJL093C	1515257
YJL094C	855346.91
YJL095W	2025093.4
YJL096W	1349308.4
YJL097W	894043.06
YJL098W	408232.86
YJL099W	128893.64
YJL100W	1330543
YJL101C	2441225.4
YJL102W	1680611.2
YJL103C	797549.79
YJL104W	618368.97
YJL105W	70882.515
YJL106W	273245.9
YJL107C	99795.199
YJL108C	184515.52
YJL109C	712869.26
YJL110C	480313.01
YJL111W	2330100.6
YJL112W	566012.65
YJL115W	349724.69
YJL116C	445547.38
YJL117W	1264496.2
YJL118W	410024.09
YJL121C	1314905.3
YJL122W	413779.14
YJL123C	729434.51
YJL124C	384577.95
YJL125C	436070.28
YJL126W	230061.44
YJL127C	243183.28
YJL127C-B	825765.68
YJL128C	1052775.9
YJL129C	685233.57
YJL130C	28684890
YJL131C	400386.04
YJL132W	219957.52
YJL133C-A	6103015.1
YJL133W	467079.1
YJL134W	767347.4
YJL136C	1184151.9
YJL136W-A	74055.814
YJL137C	604904.05
YJL139C	323845.1
YJL140W	1028797.8
YJL141C	2622411.1
YJL143W	2837378.5
YJL144W	279172.95
YJL145W	380341.43
YJL146W	947761.29
YJL147C	355001.22
YJL148W	301894.81
YJL149W	477413.09
YJL151C	2214461.6
YJL153C	7998138.8
YJL154C	370181.1
YJL155C	1225593.3
YJL156C	443847.88
YJL157C	135439.23
YJL158C	4009155.1
YJL159W	4959260.2
YJL160C	111368.59
YJL161W	257664.56
YJL162C	142054.13
YJL163C	520964.78
YJL164C	1712222
YJL165C	837538.24
YJL166W	907263.42
YJL167W	6239385.5
YJL168C	671216.82
YJL170C	78933.424
YJL171C	1651509.2
YJL172W	4561876.9
YJL173C	1125973
YJL174W	2019999.3
YJL176C	1251410
YJL177W	1911505.1
YJL178C	930768.47
YJL179W	77296.071
YJL180C	1547002.8
YJL181W	640939.95
YJL183W	1843029.7
YJL184W	737786.42
YJL185C	514393.49
YJL186W	1093749.7
YJL187C	1186578.5
YJL189W	291718.39
YJL190C	742380.53
YJL191W	1518018.5
YJL192C	922581.03
YJL193W	184655.18
YJL194W	461924.7
YJL196C	1640132.1
YJL197W	2744479.7
YJL198W	1063014.2
YJL200C	3951802.4
YJL201W	393508.5
YJL203W	229593.12
YJL204C	307907.05
YJL205C	553493.95
YJL206C	234843.35
YJL207C	749182.45
YJL208C	1019303.4
YJL209W	139306.98
YJL210W	442099.4
YJL212C	217804.03
YJL213W	104462.38
YJL214W	422109.75
YJL216C	235677.27
YJL217W	4665807.7
YJL218W	732667.32
YJL219W	77251.164
YJR001W	1245923.7
YJR002W	431741.87
YJR003C	172990.42
YJR004C	448793.9
YJR005C-A	56098.115
YJR005W	1018510.4
YJR006W	590059.28
YJR007W	1403907.4
YJR008W	2124828.9
YJR010C-A	107369.54
YJR010W	1039133.4
YJR011C	253543.86
YJR013W	597417.6
YJR014W	1181853.5
YJR015W	431354.28
YJR016C	9750243
YJR017C	593985.3
YJR019C	928990.78
YJR021C	423439.73
YJR022W	50914.062
YJR024C	700375.21
YJR025C	951918.2
YJR030C	406309.93
YJR031C	521781.26
YJR032W	482967.6
YJR033C	457745.72
YJR034W	844193
YJR035W	763886.29
YJR036C	863990.38
YJR039W	316655.76
YJR040W	1163563.3
YJR041C	274595.06
YJR042W	833845.85
YJR043C	249239.28
YJR044C	1296201.4
YJR045C	8840787.8
YJR046W	584821.83
YJR047C	42658.845
YJR048W	6201846.4
YJR049C	897528.42
YJR050W	227638.13
YJR051W	566501.39
YJR052W	335635.27
YJR053W	211901.6
YJR054W	305411.69
YJR055W	154210.62
YJR056C	294730.84
YJR057W	302048.16
YJR058C	475880.41
YJR059W	1238439.3
YJR060W	295414.08
YJR061W	602445.2
YJR062C	289737.49
YJR063W	95930.893
YJR064W	3202357
YJR065C	2289655.9
YJR066W	9665251.5
YJR067C	320311.9
YJR068W	743434.84
YJR069C	345928.6
YJR070C	936497.05
YJR072C	344539.65
YJR073C	3867387.8
YJR074W	1032480.6
YJR075W	724643.65
YJR076C	882744.38
YJR077C	5366234.7
YJR078W	478816.79
YJR079W	76380.049
YJR080C	1377830.1
YJR082C	173366.05
YJR083C	266827.63
YJR084W	607145.45
YJR085C	3404774.3
YJR086W	21019.266
YJR088C	928253.27
YJR089W	336964.23
YJR090C	4045204.5
YJR091C	1832847.7
YJR092W	1410055.3
YJR093C	433208.97
YJR094C	166376.35
YJR094W-A	1182774.4
YJR095W	3704554.7
YJR096W	331570.82
YJR097W	107364.09
YJR098C	208709.1
YJR099W	282024.11
YJR100C	884171.19
YJR101W	1133450
YJR102C	206322.01
YJR103W	1541178.7
YJR104C	2878539.8
YJR105W	3187883.4
YJR106W	195571.89
YJR107W	485329.74
YJR108W	80309.106
YJR109C	10005728
YJR110W	411376.56
YJR111C	483743.4
YJR112W	454999.74
YJR112W-A	303522.27
YJR113C	1305685.2
YJR115W	77885.066
YJR116W	503086.67
YJR117W	1586626.2
YJR118C	616532.42
YJR119C	237289.63
YJR120W	76212.328
YJR121W	11630619
YJR122W	828938.99
YJR123W	3698617.7
YJR124C	238520.3
YJR125C	1312170.1
YJR126C	621434.59
YJR127C	2004264
YJR129C	411338.41
YJR130C	1797691.8
YJR131W	560019.31
YJR132W	443066.05
YJR133W	2674247.3
YJR134C	439512.78
YJR135C	226130.35
YJR135W-A	560371.88
YJR136C	397331.97
YJR137C	12689397
YJR138W	398410.57
YJR139C	3508679.3
YJR140C	407154.48
YJR141W	346819.72
YJR142W	647204.67
YJR143C	2903330
YJR144W	1010749.1
YJR147W	287965.54
YJR148W	1987810.9
YJR149W	606876.17
YJR150C	65940.844
YJR151C	258217.25
YJR151W-A	52882.123
YJR152W	3168097
YJR153W	50328.977
YJR154W	596891.33
YJR155W	1352987
YKL001C	330402.59
YKL002W	730194.48
YKL003C	1077282.4
YKL004W	1974316.6
YKL005C	442500.14
YKL006C-A	217106.33
YKL006W	1720845.8
YKL007W	1278347.1
YKL008C	1824405.7
YKL009W	638816.71
YKL010C	5271148.4
YKL011C	254392.48
YKL012W	957691.83
YKL013C	784479.41
YKL014C	387266.15
YKL015W	1192293.5
YKL016C	3004503.1
YKL017C	402265.4
YKL018C-A	472258.22
YKL018W	405900.88
YKL019W	825151.46
YKL020C	1363669
YKL021C	186349.93
YKL022C	1400263.4
YKL023W	549172.75
YKL024C	291563
YKL025C	682588.17
YKL026C	152290.71
YKL027W	239687.08
YKL028W	759967.62
YKL029C	1812699.5
YKL032C	1884676.1
YKL033W	355312.09
YKL033W-A	2132389.4
YKL034W	1040398.7
YKL035W	5443980.2
YKL037W	72079.697
YKL038W	1229071.3
YKL039W	1345421.1
YKL040C	230623.08
YKL041W	260666.85
YKL042W	368816.95
YKL043W	4874806.3
YKL045W	1454916.6
YKL046C	1510199.3
YKL047W	207929.05
YKL048C	881252.03
YKL049C	386468.63
YKL050C	160042.21
YKL051W	251582.38
YKL052C	438223
YKL053C-A	960917.33
YKL054C	2827692.9
YKL055C	152678.29
YKL056C	6851769.4
YKL057C	768506.55
YKL058W	384449.66
YKL059C	317715.01
YKL060C	7486308.9
YKL061W	152215.7
YKL062W	2994440.4
YKL063C	357556.96
YKL064W	959112.95
YKL065C	1177588.4
YKL067W	1343757.6
YKL068W	524214.53
YKL068W-A	52538.087
YKL069W	1414467
YKL070W	54649.157
YKL071W	71171.31
YKL072W	111552.3
YKL073W	840012.6
YKL074C	400898.3
YKL075C	300466.09
YKL077W	1814990.5
YKL078W	109493.82
YKL079W	351816.11
YKL080W	2424836.9
YKL081W	2277082.4
YKL082C	310338.79
YKL084W	561309.42
YKL085W	5672920.2
YKL086W	94916.32
YKL087C	417319.3
YKL088W	673649.17
YKL089W	528476.09
YKL090W	213998.85
YKL091C	553161.56
YKL092C	694085.31
YKL093W	1400310.9
YKL094W	3007949.5
YKL095W	139571.68
YKL096C-B	40022.738
YKL096W	382181.31
YKL096W-A	5095745.5
YKL098W	442105.86
YKL099C	214641.82
YKL100C	882291.58
YKL101W	4382576.2
YKL103C	2123034.6
YKL104C	2260471.8
YKL105C	842067.28
YKL106C-A	49007.983
YKL106W	486112.51
YKL107W	51273.061
YKL108W	190588.73
YKL109W	2329366.1
YKL110C	428716.82
YKL112W	1925824.1
YKL113C	464425.21
YKL114C	455991.88
YKL116C	459267.9
YKL117W	2556929
YKL119C	569411.29
YKL120W	571926.25
YKL121W	574988.47
YKL122C	767097.48
YKL124W	589635.34
YKL125W	387143.4
YKL126W	2155705.5
YKL127W	1364364.4
YKL128C	515357.01
YKL129C	948656.52
YKL130C	298268.77
YKL132C	75386.306
YKL133C	206141.1
YKL134C	869279.1
YKL135C	1109427.1
YKL137W	785390.86
YKL138C	1845300.3
YKL138C-A	58836.473
YKL139W	463538.48
YKL140W	1430321.7
YKL141W	2145054
YKL142W	3152862.4
YKL143W	193941.03
YKL144C	315201.2
YKL145W	3640661.3
YKL146W	2083917.5
YKL148C	10577190
YKL149C	258440.53
YKL150W	4438066.4
YKL151C	1094773.5
YKL152C	4563175.3
YKL154W	223639.51
YKL155C	162110.65
YKL156W	1045581.5
YKL157W	6837480.1
YKL159C	416306.87
YKL160W	2050812.1
YKL161C	604033.18
YKL162C	404468.54
YKL163W	147700.33
YKL164C	3438869.1
YKL165C	1761532.3
YKL166C	347036.2
YKL167C	1050627.4
YKL168C	694818.91
YKL170W	1924285
YKL171W	849820.41
YKL172W	374339.35
YKL173W	1186596
YKL174C	457166.82
YKL175W	1687186.7
YKL176C	1220938.9
YKL178C	87567.989
YKL179C	1079700.4
YKL180W	2527218.8
YKL181W	1748494
YKL182W	37431804
YKL183C-A	45687.639
YKL183W	346706.56
YKL184W	1425187.3
YKL185W	2423807.2
YKL186C	511491.09
YKL187C	260012.07
YKL188C	302030.66
YKL189W	390211.89
YKL190W	717200.26
YKL191W	891976.71
YKL192C	1344216.8
YKL193C	959842.8
YKL194C	702624.8
YKL195W	1845109.3
YKL196C	1191315.8
YKL197C	1048793.1
YKL198C	521058.12
YKL201C	1301047.7
YKL203C	6794553
YKL204W	1022344.3
YKL205W	1770099.1
YKL206C	619312.32
YKL207W	1520851.9
YKL208W	548297.72
YKL209C	149435.29
YKL210W	7315826
YKL211C	2186369.6
YKL212W	781464.04
YKL213C	3311035.4
YKL214C	1228828.5
YKL215C	2482838.4
YKL216W	890394.16
YKL217W	6261816.8
YKL218C	341938.05
YKL219W	167001.15
YKL220C	755674.12
YKL221W	50872.367
YKL222C	194500.39
YKR001C	1785012.1
YKR002W	1243608.1
YKR003W	658694.68
YKR004C	317733.52
YKR005C	109915.56
YKR006C	1266753.8
YKR007W	977686.47
YKR008W	1041985.8
YKR009C	1271827.1
YKR010C	367547.22
YKR011C	749473.2
YKR013W	2725854.3
YKR014C	891715.69
YKR015C	44405.977
YKR016W	1635723.7
YKR017C	322128.12
YKR018C	1693346.1
YKR019C	227876.13
YKR020W	168950.59
YKR021W	740588.41
YKR022C	180624.78
YKR023W	136040.86
YKR024C	193919.09
YKR025W	471977.21
YKR026C	410235.83
YKR027W	329282.82
YKR028W	899732.51
YKR029C	243792.76
YKR030W	898728.49
YKR031C	6358775.2
YKR034W	346278.32
YKR035W-A	600412.84
YKR036C	259362.5
YKR037C	425062.79
YKR038C	1502699.9
YKR039W	4608270.1
YKR041W	80012.121
YKR042W	5150994.5
YKR043C	625253.72
YKR044W	191541.44
YKR045C	367088.05
YKR046C	5502910.7
YKR048C	1997081.3
YKR049C	996004.2
YKR050W	256959.21
YKR051W	603985.45
YKR052C	679941.47
YKR053C	262275.9
YKR054C	14322829
YKR055W	420649.23
YKR056W	630061.21
YKR057W	912004.64
YKR058W	461280.4
YKR060W	183401.82
YKR061W	131264.97
YKR062W	734816.33
YKR063C	296619.02
YKR064W	535241.07
YKR065C	1778857.6
YKR066C	3059409.2
YKR067W	2492212.5
YKR068C	1099698.1
YKR069W	352012.6
YKR070W	698492.06
YKR071C	499979.97
YKR072C	892932.15
YKR074W	1166162.2
YKR075C	886802.94
YKR076W	898799.86
YKR077W	453750.71
YKR078W	216174.83
YKR079C	560327.29
YKR080W	618812.74
YKR081C	545733.27
YKR082W	1002256.6
YKR083C	65243.307
YKR084C	1156153.3
YKR085C	1203044.1
YKR086W	938443.08
YKR087C	783134.07
YKR088C	1188175.1
YKR089C	841130.85
YKR090W	438407.38
YKR091W	437639.12
YKR092C	389032.42
YKR093W	1281997.6
YKR094C	907537.95
YKR095W	2962592.1
YKR095W-A	409584.18
YKR096W	1141108.9
YKR097W	1431859.9
YKR098C	924778.07
YKR099W	1844835.1
YKR100C	760441.01
YKR101W	662975.8
YKR102W	203053.21
YKR103W	104051.44
YKR104W	244252.85
YLL001W	2789853.3
YLL002W	433419.13
YLL003W	415361.06
YLL004W	685117.48
YLL005C	67605.916
YLL006W	519550.04
YLL006W-A	48443.115
YLL007C	416533.53
YLL008W	509847.62
YLL009C	237338.07
YLL010C	718884.39
YLL011W	388044.27
YLL012W	1242559.4
YLL013C	131619.27
YLL014W	1381238.7
YLL015W	1923982.9
YLL018C	6484763.9
YLL018C-A	520170
YLL019C	2280518.4
YLL021W	695377.31
YLL022C	509699.38
YLL023C	1434638.4
YLL024C	5093432.1
YLL025W	777756.67
YLL026W	1658666.7
YLL027W	1407635
YLL028W	3508419.9
YLL029W	4672167
YLL031C	3048387.4
YLL032C	266840.87
YLL033W	168580.65
YLL034C	248678.59
YLL035W	124377.23
YLL036C	616771.31
YLL038C	221607.96
YLL039C	3279087.2
YLL040C	1651371.5
YLL041C	3834884.5
YLL042C	147373.29
YLL043W	1937083.4
YLL045C	2789852.4
YLL046C	46927.657
YLL048C	1996751.2
YLL049W	192331.39
YLL050C	2464995.8
YLL051C	1667991.6
YLL052C	671630.8
YLL053C	1653896
YLL054C	225497.98
YLL055W	320657.54
YLL056C	567657.12
YLL057C	103425.61
YLL058W	220964.54
YLL060C	145349.87
YLL061W	211656
YLL062C	295374.21
YLL063C	132927.56
YLL066W-B	70223.465
YLR001C	885996.58
YLR002C	390845.32
YLR003C	421733.2
YLR004C	3117258.2
YLR005W	1500931.6
YLR006C	1326056.5
YLR007W	530436.06
YLR008C	334662.64
YLR009W	431069.36
YLR010C	99215.501
YLR011W	464396.24
YLR012C	57612.044
YLR013W	43744.018
YLR014C	142088.5
YLR015W	144433.47
YLR016C	177606.2
YLR017W	704759.2
YLR018C	408584.09
YLR019W	1016096
YLR020C	383577.63
YLR021W	307136.76
YLR022C	258706.96
YLR023C	2475106.2
YLR024C	336187.5
YLR025W	454971.7
YLR026C	246934.23
YLR027C	5300549.3
YLR028C	3171025.2
YLR029C	2212411.4
YLR030W	49306.957
YLR031W	39134.179
YLR032W	533567.29
YLR033W	619082.41
YLR034C	1392717.3
YLR035C	144294.69
YLR036C	205939.25
YLR037C	1027899.4
YLR038C	1533573.6
YLR039C	332536.86
YLR040C	49065.877
YLR042C	53216.25
YLR043C	1006172.6
YLR044C	9612050.6
YLR045C	597930.44
YLR046C	845126.03
YLR047C	256395.2
YLR048W	3168783.6
YLR049C	713296.68
YLR050C	867841.52
YLR051C	268094.35
YLR052W	390883.12
YLR053C	394658.32
YLR054C	54540.703
YLR055C	873003.36
YLR056W	3679033.9
YLR057W	235467.06
YLR058C	5526557.2
YLR059C	1239362.4
YLR060W	4032167
YLR061W	1438245.2
YLR063W	138072.05
YLR064W	528991.4
YLR065C	1005323.6
YLR066W	468965.93
YLR067C	363364.54
YLR068W	206918.76
YLR069C	5351800.2
YLR070C	340653.11
YLR071C	758991.87
YLR072W	312320.13
YLR073C	147939.81
YLR074C	505809.08
YLR075W	5031333.1
YLR077W	873080.85
YLR078C	492986.89
YLR079W	629086.17
YLR080W	201950.59
YLR081W	14391098
YLR082C	118940.87
YLR083C	772841.75
YLR084C	574543.97
YLR085C	667122.57
YLR086W	1753455.1
YLR087C	789677.63
YLR088W	1273008.2
YLR089C	8790598.5
YLR090W	929596.71
YLR091W	155178.36
YLR092W	372987.44
YLR093C	1054636.1
YLR094C	765461.97
YLR095C	630315.67
YLR096W	735426.86
YLR097C	705657.8
YLR098C	509931.24
YLR099C	959560.53
YLR099W-A	589771.07
YLR100W	1913615.5
YLR102C	227160.86
YLR103C	692348.93
YLR104W	422258.93
YLR105C	202061.03
YLR106C	1624853.1
YLR107W	369268.87
YLR108C	259394.28
YLR109W	3002385.2
YLR110C	8731020.9
YLR113W	2218665.7
YLR114C	234508.18
YLR115W	507206.91
YLR116W	742353.65
YLR117C	559317.44
YLR118C	495709.2
YLR119W	129053.63
YLR120C	1279663.8
YLR121C	89677.011
YLR125W	91546.535
YLR126C	692685.21
YLR127C	644161.29
YLR128W	179498.71
YLR129W	292857.02
YLR130C	544407.99
YLR131C	2606233.9
YLR132C	222970.23
YLR133W	2587564.5
YLR134W	1150806.7
YLR135W	244583.84
YLR136C	2422298
YLR137W	252552.65
YLR138W	479786.4
YLR139C	329181.34
YLR141W	285135.86
YLR142W	3364821.8
YLR143W	180069.06
YLR144C	435947.85
YLR145W	288146.19
YLR146C	451382.49
YLR147C	126676.66
YLR148W	175692.43
YLR149C	854047.92
YLR150W	4354226.8
YLR151C	149394.77
YLR152C	2364549
YLR153C	11223459
YLR154C	501925.59
YLR157W-E	35739.669
YLR162W	57429.197
YLR162W-A	38185.77
YLR163C	1543060.7
YLR164W	428773.35
YLR165C	291303.1
YLR166C	442562.65
YLR167W	2661504
YLR168C	1976274.6
YLR170C	879815.3
YLR172C	1218447.6
YLR173W	316602.44
YLR174W	3742460.5
YLR175W	1560882.7
YLR176C	931611.92
YLR177W	1609620
YLR178C	1710933.6
YLR179C	2337232
YLR180W	1963417
YLR181C	514353.41
YLR182W	1108110.9
YLR183C	679358.75
YLR185W	997068.13
YLR186W	679280.04
YLR187W	1692898.5
YLR188W	1433523.7
YLR189C	2664835.6
YLR190W	1328592.4
YLR191W	423955.26
YLR192C	1212242.4
YLR193C	2315431.5
YLR194C	821942.73
YLR195C	1209192.7
YLR196W	417281.52
YLR197W	1172726.2
YLR199C	407346.77
YLR200W	102527.9
YLR201C	960582.98
YLR203C	2050565.7
YLR204W	1443705.1
YLR205C	2723116.5
YLR206W	1260094
YLR207W	1206905.5
YLR208W	1508118.3
YLR209C	1059768.8
YLR210W	460759.87
YLR211C	268746.81
YLR212C	836730.24
YLR213C	72328.431
YLR214W	274679.03
YLR215C	299584.42
YLR216C	1860966.1
YLR218C	356482.07
YLR219W	1130564.9
YLR220W	1311091.9
YLR221C	237796.52
YLR222C	274967.06
YLR223C	398840.82
YLR224W	510578.22
YLR225C	303615.53
YLR226W	294649.54
YLR227C	202087.28
YLR228C	683141.58
YLR229C	1288183
YLR231C	771634.08
YLR233C	773468.17
YLR234W	311358.61
YLR237W	1510886.4
YLR238W	119204.15
YLR239C	397998.22
YLR240W	2942534.8
YLR241W	1396106.6
YLR242C	246225.26
YLR243W	301542.03
YLR244C	868123.62
YLR245C	135021.53
YLR246W	1008572
YLR247C	705777.28
YLR248W	2132622.6
YLR249W	16946103
YLR250W	970772.18
YLR251W	403843.42
YLR253W	889611.45
YLR254C	591211.04
YLR256W	8655433.2
YLR257W	1016771
YLR258W	4944831.6
YLR259C	11668861
YLR260W	752419.51
YLR262C	413436.57
YLR262C-A	799580.46
YLR263W	440332.13
YLR264C-A	429245.11
YLR264W	923212.52
YLR265C	64209.04
YLR266C	334060.98
YLR267W	296904.77
YLR268W	616563.17
YLR270W	1248239.7
YLR271W	242313.38
YLR272C	1608455.5
YLR273C	198927.29
YLR274W	1120813.1
YLR275W	111414.12
YLR276C	1101942.5
YLR277C	459803.29
YLR278C	698260.08
YLR281C	273116.01
YLR283W	685467.23
YLR284C	340035.74
YLR285C-A	133769.98
YLR285W	579528.29
YLR286C	3890804.8
YLR287C	169237.17
YLR288C	451253.36
YLR289W	563033.62
YLR290C	1119429.8
YLR291C	1037628.3
YLR292C	319193.46
YLR293C	2632954.7
YLR295C	1665452.7
YLR297W	584581.3
YLR298C	308448.02
YLR299W	2216648.8
YLR300W	4676271.5
YLR301W	1158946
YLR303W	7107705.6
YLR304C	12048362
YLR305C	6023304.2
YLR306W	138753.48
YLR307C-A	1347604.4
YLR307W	52840.496
YLR308W	56420.249
YLR309C	686395.08
YLR310C	1424916.8
YLR312C	600755.54
YLR312W-A	605839.32
YLR313C	149987.36
YLR314C	920756.52
YLR315W	250465.51
YLR316C	199147.57
YLR318W	316548.98
YLR319C	492333.21
YLR320W	305365.99
YLR321C	537966.01
YLR323C	136742.4
YLR324W	486948.28
YLR325C	874788.95
YLR326W	460986.96
YLR327C	6232804.9
YLR328W	648747.58
YLR329W	43912.039
YLR330W	830230.31
YLR332W	882018.51
YLR333C	685855.95
YLR335W	1459164.7
YLR336C	259453.78
YLR337C	797090.56
YLR340W	6057450.4
YLR341W	54026.854
YLR342W	3905533.5
YLR342W-A	110853.7
YLR343W	75756.124
YLR344W	974975.17
YLR345W	1318115.8
YLR346C	710108.35
YLR347C	1692186.2
YLR348C	1757087.3
YLR350W	1326147.9
YLR351C	1849191.3
YLR352W	927677.94
YLR353W	847627.34
YLR354C	5170210.4
YLR355C	7055301.6
YLR356W	942230.8
YLR357W	2296386.7
YLR359W	3726473.3
YLR360W	331770.64
YLR361C	428333.08
YLR361C-A	392121.7
YLR362W	752426.9
YLR363C	217513.17
YLR363W-A	220093.58
YLR364W	289133.46
YLR367W	1043936.2
YLR368W	246508.92
YLR369W	444600.94
YLR370C	961213.58
YLR371W	1179768.4
YLR372W	1735089
YLR373C	1117332.5
YLR375W	1323655.5
YLR376C	80250.968
YLR377C	920933.59
YLR378C	2884457
YLR380W	742056.98
YLR381W	378953.44
YLR382C	1819709.9
YLR383W	712082.21
YLR384C	3829772.1
YLR385C	28159.782
YLR386W	368276.09
YLR387C	997884.02
YLR388W	538966.46
YLR389C	2360182.8
YLR390W	755018.71
YLR390W-A	3961719.7
YLR392C	445062.2
YLR393W	178352.78
YLR394W	501913.55
YLR395C	985563.23
YLR396C	456592.99
YLR397C	281025.48
YLR398C	4988130.1
YLR399C	5348719.2
YLR401C	325075.18
YLR403W	1256736.8
YLR404W	419751.4
YLR405W	334152.74
YLR406C	781507.88
YLR406C-A	45295.646
YLR407W	394631.05
YLR408C	153192.73
YLR409C	169763.16
YLR410W	858119.57
YLR411W	498825.64
YLR412C-A	54140.303
YLR412W	660059.96
YLR413W	85461.782
YLR414C	1642085.1
YLR415C	107900.16
YLR417W	926572.05
YLR418C	817887.25
YLR419W	707287.42
YLR420W	1035967.8
YLR421C	337228.48
YLR422W	1047934.3
YLR423C	195382.24
YLR424W	361726.89
YLR425W	691939.99
YLR426W	296593.27
YLR427W	491852.83
YLR429W	1100812
YLR430W	402934.91
YLR431C	164899.54
YLR432W	1302478.3
YLR433C	334438.1
YLR435W	263393.74
YLR436C	509886.72
YLR437C	803375.12
YLR438C-A	317785.61
YLR438W	3691603.7
YLR439W	928262.27
YLR440C	405245.09
YLR441C	2107529.9
YLR442C	960025.39
YLR443W	334584.8
YLR445W	47358.952
YLR446W	286261.83
YLR447C	1452645.9
YLR448W	2624973.2
YLR449W	451913.5
YLR450W	4338364.3
YLR451W	1285387.6
YLR452C	169132.42
YLR453C	141284.45
YLR454W	1598293.3
YLR455W	1038729.3
YLR456W	267022.73
YLR457C	165451.33
YLR459W	514991.14
YLR460C	221108.16
YLR466C-B	38967.855
YML001W	1739197.8
YML002W	248264.9
YML003W	93420.282
YML004C	1303622.4
YML005W	298178.29
YML006C	611139.41
YML007C-A	104378.07
YML007W	2339227
YML008C	4035545.8
YML009C	2434614.9
YML010W	734721.05
YML011C	378478.48
YML012W	2592540.6
YML013W	1320139.8
YML014W	456516.9
YML015C	596524.07
YML016C	1153346.7
YML017W	143676.74
YML018C	181503.33
YML019W	647581.94
YML020W	387868.88
YML021C	312144.91
YML022W	633234.17
YML023C	358857.98
YML024W	2041742.3
YML025C	897869.63
YML026C	1988260.1
YML027W	1150475.9
YML028W	3920878.7
YML029W	799555.3
YML030W	1745827.7
YML031W	1039573.9
YML032C	565791.72
YML034W	1005777.7
YML035C	2309438.5
YML036W	360062.08
YML037C	98478.667
YML038C	1054484.1
YML041C	318766.98
YML042W	7696097.7
YML043C	132407.23
YML046W	654666.35
YML047C	45832.462
YML048W	1562932.3
YML049C	1770221.7
YML050W	281944.77
YML051W	2133993.7
YML052W	1630952.2
YML053C	1066946.1
YML054C	7583199
YML054C-A	48619.207
YML055W	351566.27
YML056C	410542.11
YML057W	1830273.4
YML058W	3324078.7
YML058W-A	72101.957
YML059C	693443.59
YML060W	248799.26
YML061C	511605.53
YML062C	327334.99
YML063W	2381127.8
YML064C	303827.46
YML065W	1173373.1
YML066C	51971.546
YML067C	1300544.4
YML068W	370837.35
YML069W	2439880.2
YML070W	2317748.4
YML071C	335606.19
YML072C	3421023.7
YML073C	2925980.9
YML074C	1639326.6
YML075C	13766898
YML076C	1001171.9
YML077W	453931.94
YML078W	2015826.7
YML079W	1206681
YML080W	293893.69
YML081C-A	580232.89
YML081W	1140444.6
YML082W	352422.24
YML083C	52316.778
YML085C	4833579.1
YML086C	2618341.7
YML087C	841963.36
YML088W	257456.39
YML091C	7301302.6
YML092C	1792811.9
YML093W	287236.42
YML094W	257232.92
YML095C	98371.069
YML096W	314949.06
YML097C	351060.57
YML098W	435866.86
YML099C	503332.04
YML100W	9166947.7
YML100W-A	53722.246
YML101C	881902.77
YML102W	690722.84
YML103C	4383669.5
YML104C	539994.73
YML105C	466509.8
YML106W	2093868.6
YML107C	530103.21
YML108W	215605.1
YML109W	626902.5
YML110C	2037757.6
YML111W	299433.9
YML112W	428247.32
YML113W	269149.23
YML114C	706806.59
YML115C	825987.78
YML116W	793508.16
YML117W	1144915.4
YML118W	291757.91
YML119W	529183.52
YML120C	5949913.5
YML121W	831171.91
YML123C	95543.172
YML124C	1036285.9
YML125C	280864.99
YML126C	7768997.7
YML127W	1043145.9
YML128C	1264981.9
YML129C	925701.45
YML130C	442293.08
YML131W	428051.89
YMR001C	2292028.5
YMR001C-A	171021.22
YMR002W	4208457.8
YMR003W	1059491.7
YMR004W	708712.86
YMR005W	661304.84
YMR006C	4840582.9
YMR008C	4627331.6
YMR009W	1119246.2
YMR010W	692228.95
YMR011W	200094.56
YMR012W	3271733.9
YMR013C	537728.32
YMR014W	127640.18
YMR015C	6561156.9
YMR016C	998502.49
YMR017W	101090.45
YMR018W	58463.279
YMR019W	1127005.2
YMR020W	514253.02
YMR021C	524109.67
YMR022W	727180.59
YMR023C	462815.33
YMR024W	1462737.1
YMR025W	142938.23
YMR026C	871916.82
YMR027W	2064787.8
YMR028W	239695.94
YMR029C	735884.73
YMR030W	395500.32
YMR030W-A	243793.22
YMR031C	1240426.1
YMR032W	581904.65
YMR033W	841453.98
YMR034C	260583.92
YMR035W	664162.33
YMR036C	534092.66
YMR037C	2097634.5
YMR038C	3789853.7
YMR039C	331873.6
YMR040W	233212.46
YMR041C	588599.02
YMR042W	138832.34
YMR043W	619077.74
YMR044W	343370.8
YMR047C	3358431.1
YMR048W	234652.92
YMR049C	344448.91
YMR052W	219688.59
YMR053C	316768.68
YMR054W	3997031.7
YMR055C	270241.93
YMR056C	1017634.7
YMR058W	8500447.2
YMR059W	136790.15
YMR060C	603148.18
YMR061W	306145.88
YMR062C	3676362.9
YMR063W	246061.61
YMR064W	1010789.1
YMR065W	241692.92
YMR066W	129577.54
YMR067C	571851.56
YMR068W	255330.29
YMR069W	72880.087
YMR070W	509858.37
YMR071C	1462462.9
YMR072W	1453568.5
YMR073C	595433.19
YMR074C	584722.43
YMR075W	166647.69
YMR076C	2588006.6
YMR077C	210088.2
YMR078C	484572.62
YMR079W	1397331.4
YMR080C	3003368.3
YMR081C	1122581
YMR083W	5292529.1
YMR084W	111048.26
YMR085W	238971.73
YMR086W	1077187.9
YMR087W	361773.61
YMR088C	2732960.1
YMR089C	3371226.4
YMR090W	656266.66
YMR091C	697222.87
YMR092C	1243513.2
YMR093W	576576.67
YMR094W	185208.65
YMR095C	1461138.8
YMR096W	5522127.2
YMR097C	538756.02
YMR098C	857456.81
YMR099C	2701354.1
YMR100W	581069.16
YMR101C	47795.273
YMR102C	413999.39
YMR104C	1266117
YMR105C	8057197.6
YMR105W-A	57029.413
YMR106C	462065.68
YMR107W	664451.86
YMR108W	10913051
YMR109W	1248713.4
YMR110C	2876341.1
YMR111C	210064.47
YMR112C	521488.66
YMR113W	391989.24
YMR114C	301886.62
YMR115W	601986.28
YMR116C	6298445
YMR117C	87341.119
YMR118C	67753.714
YMR119W	634254.74
YMR120C	4661614.4
YMR121C	329317.12
YMR122W-A	2196546
YMR123W	988503.04
YMR124W	489960.94
YMR125W	1883706.1
YMR126C	594218.42
YMR127C	249808.69
YMR128W	224026.68
YMR129W	1293754.5
YMR130W	383602.03
YMR131C	759510.19
YMR132C	162107.9
YMR133W	63184.058
YMR134W	691465.88
YMR135C	626025.54
YMR136W	2374752.8
YMR137C	231074.72
YMR138W	161752.4
YMR139W	2111754.6
YMR140W	712946.74
YMR142C	2738381.8
YMR143W	1493697
YMR144W	446438.48
YMR145C	7454553.1
YMR146C	2844289.6
YMR147W	161590.44
YMR148W	546973
YMR149W	1379852.5
YMR150C	1154008.2
YMR152W	1863308.2
YMR153W	714414.3
YMR154C	300734.36
YMR155W	449200.64
YMR156C	187754.53
YMR157C	1140706
YMR158C-A	163522.07
YMR158W	1184014.1
YMR159C	33667.098
YMR160W	738390.94
YMR161W	295270.71
YMR162C	2193683.7
YMR163C	407002.02
YMR164C	242887.91
YMR165C	628631.74
YMR166C	652826.82
YMR167W	719831.83
YMR168C	594373.26
YMR169C	135021.52
YMR170C	382645.74
YMR171C	1032226
YMR172W	263025.56
YMR173W	1013832.8
YMR174C	157628.94
YMR175W	1005671
YMR175W-A	58573.855
YMR176W	793644.85
YMR177W	257469.04
YMR178W	881247.47
YMR179W	294279.68
YMR180C	208629.11
YMR181C	2238891.1
YMR182C	70539.286
YMR182W-A	46918.179
YMR183C	667958.91
YMR184W	774034.56
YMR185W	507459.54
YMR186W	8260442
YMR187C	258900.86
YMR188C	1045442.1
YMR189W	6012965.4
YMR190C	2063097
YMR191W	1221933.7
YMR192W	155375.46
YMR193W	713240.92
YMR194C-B	1156969.1
YMR194W	871704.76
YMR195W	1916662.3
YMR196W	884683.03
YMR197C	702608.2
YMR198W	261803.12
YMR199W	1535335.2
YMR200W	1002910.6
YMR201C	432988.1
YMR202W	3104791.7
YMR203W	1900758.6
YMR204C	437850.77
YMR205C	12628677
YMR206W	1417712
YMR207C	613084.6
YMR208W	1673895.8
YMR209C	239956.88
YMR210W	605391.22
YMR211W	387620.31
YMR212C	467519.08
YMR213W	572753.33
YMR214W	683777.45
YMR215W	1157818.6
YMR216C	2552838.4
YMR217W	4015526.8
YMR218C	298222.25
YMR219W	783107.4
YMR220W	2200156.2
YMR221C	1029297.6
YMR222C	558823.61
YMR223W	239064.74
YMR224C	586585.33
YMR225C	929485.09
YMR226C	3088582
YMR227C	512263.17
YMR228W	791678.96
YMR229C	1024264.7
YMR230W	672903.1
YMR230W-A	57484.193
YMR231W	490193.51
YMR232W	78064.031
YMR233W	253920.92
YMR234W	168432.51
YMR235C	1183963.2
YMR236W	510985.04
YMR237W	983768.59
YMR238W	1812085.7
YMR239C	301960.66
YMR240C	440714.25
YMR241W	4063417.1
YMR242C	1093374
YMR242W-A	51079.745
YMR243C	844049.67
YMR244C-A	1093551.3
YMR244W	73524.538
YMR246W	6725705.8
YMR247C	819765.06
YMR247W-A	40398.673
YMR250W	509988.4
YMR251W	487422.78
YMR251W-A	5395695.5
YMR252C	468798.23
YMR253C	218391.45
YMR255W	583261.56
YMR256C	843269.64
YMR257C	603824.41
YMR258C	960984.26
YMR259C	415043.2
YMR260C	797081.1
YMR261C	3188208.4
YMR262W	298344.35
YMR263W	320137.68
YMR264W	694061.73
YMR265C	210758.44
YMR266W	1051566
YMR267W	531394.03
YMR268C	128299.24
YMR269W	117948.32
YMR270C	305083.27
YMR271C	366828.73
YMR272C	3157392.8
YMR272W-B	48649.542
YMR273C	520960.9
YMR274C	270257.39
YMR275C	454218.52
YMR276W	2049765.7
YMR277W	893486.52
YMR278W	522550.64
YMR279C	196639.54
YMR280C	4478654.5
YMR281W	374892.31
YMR282C	649411.04
YMR283C	783315.76
YMR284W	405178.23
YMR285C	536586.68
YMR286W	1529401.9
YMR287C	345166.72
YMR288W	409305.43
YMR289W	322377.28
YMR290C	502459.82
YMR291W	1143498.1
YMR292W	975330.61
YMR293C	659874.77
YMR294W	205029.05
YMR295C	3211697.1
YMR296C	1469875.4
YMR297W	3996671.5
YMR298W	1254908.4
YMR299C	196200.17
YMR300C	927887.57
YMR301C	1010103
YMR302C	1133803.4
YMR303C	412811.31
YMR304W	2790330.5
YMR305C	3213175.7
YMR306W	582350.97
YMR307W	4586027.2
YMR308C	1520985.3
YMR309C	3214123.1
YMR310C	230421.46
YMR311C	1399471
YMR312W	392362.75
YMR313C	821039.21
YMR314W	1114831
YMR315W	1547647.6
YMR315W-A	53065.254
YMR316W	286812.12
YMR317W	52526.138
YMR318C	3106409
YMR319C	50600.018
YNL001W	451144.68
YNL002C	651362.56
YNL003C	660666.93
YNL004W	1042230.1
YNL005C	1353386.7
YNL006W	912020.09
YNL007C	1940417.1
YNL008C	966872.06
YNL009W	332012.07
YNL010W	1998537.4
YNL011C	485096.57
YNL012W	124884.15
YNL014W	897172.54
YNL015W	3711593.9
YNL016W	2321480.1
YNL018C	41338.195
YNL020C	257884.38
YNL021W	778909.54
YNL022C	474766.88
YNL023C	391548.22
YNL024C	70673.148
YNL024C-A	704246.76
YNL025C	252280.97
YNL026W	587005.61
YNL027W	578002.08
YNL029C	503557.08
YNL031C	1638742.1
YNL032W	646356.3
YNL034W	143856.62
YNL035C	185838.98
YNL036W	3434599.9
YNL037C	2811222.2
YNL038W	281411.8
YNL039W	313398.54
YNL040W	802046.49
YNL041C	430679.58
YNL042W	191555.47
YNL042W-B	51167.273
YNL044W	2023037.2
YNL045W	3162153.9
YNL046W	478738.68
YNL047C	499279.13
YNL048W	1457720.3
YNL049C	631416.03
YNL050C	226882.6
YNL051W	452236.78
YNL052W	2817851.6
YNL053W	890049.14
YNL054W	482932.38
YNL055C	7204875
YNL056W	776817.3
YNL058C	568260.84
YNL059C	745715.67
YNL061W	896451.26
YNL062C	543352.39
YNL063W	468105.19
YNL064C	3486600.7
YNL065W	153844.41
YNL066W	2137163.5
YNL067W	1224151.7
YNL067W-B	47364.254
YNL068C	348356.49
YNL069C	2747861.6
YNL070W	1958689.3
YNL071W	7554072.2
YNL072W	348175.33
YNL073W	2435651.2
YNL074C	1135864.9
YNL075W	318878.29
YNL076W	376117.39
YNL077W	435644.23
YNL078W	198690.08
YNL079C	2174209.2
YNL080C	931953.26
YNL081C	445163.43
YNL082W	277625.23
YNL083W	489281.41
YNL084C	712460.7
YNL085W	929035.77
YNL086W	166356.03
YNL087W	733451.56
YNL088W	2959663.2
YNL090W	449986.6
YNL091W	1344768.5
YNL092W	232064.55
YNL093W	119616.65
YNL094W	569929.05
YNL095C	207782.27
YNL096C	2577404
YNL097C	521889.13
YNL097C-B	65285.126
YNL098C	2170549.6
YNL099C	1088397.3
YNL100W	2819434.6
YNL101W	1783346.3
YNL102W	2444204.7
YNL103W	427699.37
YNL104C	12351174
YNL106C	938610.16
YNL107W	249385.91
YNL108C	210890.21
YNL110C	533771.84
YNL111C	2859870.4
YNL112W	822384.14
YNL113W	290171.72
YNL115C	1211341.9
YNL116W	2131835.5
YNL117W	10911490
YNL118C	2039672.5
YNL119W	854325.52
YNL121C	2502538.6
YNL122C	603005.23
YNL123W	493053.43
YNL124W	435832.46
YNL125C	789698.39
YNL126W	328009.35
YNL127W	534417.87
YNL128W	90214.957
YNL129W	438468.7
YNL130C	2062302.4
YNL130C-A	46020.835
YNL131W	1542690.2
YNL132W	344109.27
YNL133C	385738.18
YNL134C	4867943.1
YNL135C	2089203.2
YNL136W	381998.51
YNL137C	1599272
YNL138W	1779799.6
YNL138W-A	166552.96
YNL139C	4581875.7
YNL141W	515433.38
YNL142W	4393121.2
YNL144C	464776.3
YNL145W	34308.232
YNL146C-A	74141.62
YNL146W	102203.77
YNL147W	156230.28
YNL148C	317403.12
YNL149C	828904.79
YNL151C	399488.31
YNL152W	418479.6
YNL153C	170815.96
YNL154C	1656442.9
YNL155W	367436.27
YNL156C	2346587.1
YNL157W	1964190.1
YNL158W	416034.22
YNL159C	505380.75
YNL160W	2582035.6
YNL161W	998799.76
YNL162W-A	70796.961
YNL163C	1256614.9
YNL164C	310545.04
YNL165W	355337.85
YNL166C	505833.9
YNL167C	1603248.1
YNL168C	970084.53
YNL169C	3118831.9
YNL172W	2163086.9
YNL173C	778040.06
YNL175C	274879.85
YNL176C	1628361.4
YNL177C	719480.41
YNL178W	4805103.4
YNL180C	1011661.7
YNL181W	634633.58
YNL182C	114877.19
YNL183C	2729414.1
YNL185C	1017644.1
YNL186W	3451760.2
YNL187W	174373.92
YNL188W	144726.13
YNL189W	1862592.2
YNL190W	4611916
YNL191W	129041.46
YNL192W	3063371.7
YNL193W	276150.8
YNL194C	448969.96
YNL195C	753708.9
YNL196C	51314.165
YNL197C	1081672
YNL199C	441950.11
YNL200C	895607.9
YNL201C	498087.41
YNL202W	146105.79
YNL204C	112058.94
YNL206C	344555.04
YNL207W	332760.79
YNL208W	5380689
YNL209W	4713338.4
YNL210W	59365.6
YNL211C	162733.36
YNL212W	840751.8
YNL213C	502146.51
YNL214W	234852.84
YNL215W	477977.73
YNL216W	2495314.7
YNL217W	428964.38
YNL218W	286450.05
YNL219C	2043512.9
YNL220W	3927962.1
YNL221C	915892.25
YNL222W	601063.96
YNL223W	330860.38
YNL224C	210520.26
YNL225C	521872.85
YNL227C	345317.8
YNL229C	897329.44
YNL230C	216826.17
YNL231C	902114.81
YNL232W	501060.35
YNL233W	519555.82
YNL234W	141261.61
YNL236W	608229.83
YNL237W	1579338.5
YNL238W	1099386
YNL239W	4233039
YNL240C	875325.36
YNL241C	4947365.8
YNL242W	766334.07
YNL243W	2139150.1
YNL244C	758705.13
YNL245C	236245.61
YNL246W	641055.66
YNL247W	990167.57
YNL248C	296691.63
YNL249C	167150.65
YNL250W	923639.28
YNL251C	1007912.1
YNL252C	894720.89
YNL253W	1042878.3
YNL254C	191323.57
YNL255C	1102050.2
YNL256W	1093600.7
YNL257C	883778.63
YNL258C	655216.59
YNL259C	1635377.2
YNL260C	123439.38
YNL261W	222675.74
YNL262W	4860351.7
YNL263C	961829.86
YNL264C	278713.27
YNL265C	466651.88
YNL267W	2409049.1
YNL268W	2320656.7
YNL269W	54627.437
YNL270C	133033.79
YNL271C	6148240
YNL272C	342515.08
YNL273W	933222.41
YNL274C	1520338.6
YNL275W	361498.83
YNL277W	233564.51
YNL277W-A	55578.831
YNL278W	2926526.8
YNL279W	58175.604
YNL280C	2154790.3
YNL281W	1866888.9
YNL282W	163219.25
YNL283C	1536547.7
YNL284C	2684169.4
YNL286W	189043.98
YNL287W	1451974.2
YNL288W	502321.56
YNL289W	983875.84
YNL290W	725977.21
YNL291C	266170.89
YNL292W	392058.84
YNL293W	467353.85
YNL294C	469861.25
YNL295W	414200.67
YNL297C	661079.05
YNL298W	779413.56
YNL299W	389212.87
YNL300W	3618997.9
YNL301C	690615.95
YNL302C	1138290
YNL304W	304085.46
YNL305C	1894427.6
YNL306W	1806709.5
YNL307C	1923615.6
YNL308C	553369.29
YNL309W	133794.33
YNL310C	547849.79
YNL311C	568584.28
YNL312W	661660.79
YNL313C	393204.95
YNL314W	515622.21
YNL315C	1852410.6
YNL316C	209775.63
YNL317W	544882.03
YNL318C	45785.81
YNL320W	546639.03
YNL321W	1184935.8
YNL322C	2118933
YNL323W	1130117.1
YNL325C	342055.18
YNL326C	360247.05
YNL327W	2888607.2
YNL328C	97980.55
YNL329C	1582261.2
YNL330C	1964296.8
YNL331C	249710.47
YNR001C	8989294.8
YNR002C	2571712.7
YNR003C	310950.01
YNR004W	88462.398
YNR006W	1799495.7
YNR007C	491043.19
YNR008W	954499.47
YNR009W	593882.1
YNR010W	255720.84
YNR011C	445184.99
YNR012W	614476.1
YNR013C	409008.25
YNR014W	110367.63
YNR015W	364351.13
YNR016C	40299543
YNR017W	1852299.5
YNR018W	2552757.2
YNR019W	1747346.7
YNR020C	695377.03
YNR021W	2102714
YNR022C	739885.58
YNR023W	692135.36
YNR024W	110288.93
YNR026C	236603.75
YNR027W	340550.94
YNR028W	339774.64
YNR029C	303956.68
YNR030W	528417.47
YNR031C	5826502.6
YNR032C-A	57512.785
YNR032W	382768.94
YNR033W	1470760.6
YNR034W	514335.57
YNR034W-A	2761453.2
YNR035C	819560.42
YNR036C	2759747.8
YNR037C	1265223
YNR038W	313308.87
YNR039C	478412.27
YNR040W	625584.02
YNR041C	2281304.5
YNR043W	3189466.2
YNR044W	105335.79
YNR045W	944849.26
YNR046W	930225.62
YNR047W	1447290.2
YNR048W	302213.75
YNR049C	301399.42
YNR050C	6721835.9
YNR051C	274015.93
YNR052C	1261545.5
YNR053C	772147.08
YNR054C	118196.11
YNR055C	844298.42
YNR056C	5159118
YNR057C	2780502.7
YNR058W	8190306.7
YNR059W	161174.9
YNR060W	79510.053
YNR061C	448020.58
YNR062C	52872.215
YNR063W	96772.445
YNR064C	62859.517
YNR065C	306290.66
YNR066C	102200.84
YNR067C	1073978.8
YNR068C	1103831.9
YNR069C	326968.63
YNR070W	69990.802
YNR071C	1581339.3
YNR074C	49721.697
YNR075C-A	61100.512
YNR075W	45217.414
YOL001W	700914.86
YOL002C	550670.05
YOL003C	526733.65
YOL004W	8875116.9
YOL005C	308802.17
YOL006C	805872.24
YOL007C	602282.87
YOL008W	423005.07
YOL009C	348525.32
YOL010W	235521.27
YOL011W	1230559.6
YOL012C	585592.48
YOL013C	1193550.5
YOL014W	144424.28
YOL015W	62965.273
YOL016C	804084.88
YOL017W	405638.84
YOL018C	298198.28
YOL019W	1039041.4
YOL019W-A	48292.471
YOL020W	913401.33
YOL021C	2692296.5
YOL022C	324235.71
YOL023W	681171.06
YOL024W	135295.01
YOL025W	407804.84
YOL026C	645241.24
YOL027C	973075.53
YOL028C	218257.03
YOL029C	527068.85
YOL030W	1110942.7
YOL031C	314572.72
YOL032W	577221.93
YOL033W	614648.35
YOL034W	515367.34
YOL036W	1654075.4
YOL038C-A	101410.94
YOL038W	1983418.3
YOL039W	1137951.3
YOL040C	2366826.9
YOL041C	356842.64
YOL042W	551360.7
YOL043C	443601.02
YOL044W	784663.46
YOL045W	256357.28
YOL047C	66273.575
YOL048C	131298.35
YOL049W	1876888.4
YOL051W	1875291.7
YOL052C	539978.51
YOL052C-A	2080196.6
YOL053W	563456.18
YOL054W	373254.56
YOL055C	4064772.6
YOL056W	220697.2
YOL057W	268015.78
YOL058W	4701269.6
YOL059W	176408.25
YOL060C	1300327.9
YOL061W	1583707.7
YOL062C	820894.41
YOL063C	605781.02
YOL064C	644615.87
YOL065C	533910.84
YOL066C	308314.77
YOL067C	172126.9
YOL068C	3143145.8
YOL069W	398839.9
YOL070C	540878.66
YOL071W	1369282.9
YOL072W	681906.02
YOL073C	491333.64
YOL075C	498689.98
YOL076W	207338.42
YOL077C	936249.44
YOL077W-A	282441.08
YOL078W	332736.9
YOL080C	131318.13
YOL081W	2877750.9
YOL082W	282747.33
YOL083W	616732.86
YOL084W	257024.91
YOL086C	6898645.9
YOL086W-A	504141.47
YOL087C	818694.97
YOL088C	831362.63
YOL089C	342342.74
YOL090W	1081660.2
YOL091W	103944.49
YOL092W	1147830.4
YOL093W	295837.96
YOL094C	294400.26
YOL095C	161205.32
YOL096C	571983.67
YOL097C	1038834.9
YOL097W-A	80214.285
YOL098C	825184.82
YOL100W	555753.83
YOL101C	358875.27
YOL102C	407365.01
YOL103W	1601217.4
YOL104C	40911.643
YOL105C	1170032.1
YOL107W	192775.82
YOL108C	206542.71
YOL109W	4793156.5
YOL110W	632776.62
YOL111C	1299256.7
YOL112W	378833.95
YOL113W	558581.56
YOL114C	95809.08
YOL115W	457314.88
YOL116W	435669.26
YOL117W	359174.65
YOL119C	1568365.5
YOL120C	2114738.5
YOL121C	656405.97
YOL122C	685702.67
YOL123W	996558.01
YOL124C	190738.75
YOL125W	178416.59
YOL126C	1201872.7
YOL127W	2518206.8
YOL128C	212962.96
YOL129W	1877533.8
YOL130W	488716.44
YOL131W	40422.067
YOL132W	61801.523
YOL133W	238167.31
YOL135C	361325.93
YOL136C	127437.78
YOL137W	284678.6
YOL138C	781299.85
YOL139C	2220217.2
YOL140W	3806459.9
YOL141W	93383.682
YOL142W	501145.18
YOL143C	859225.46
YOL144W	136828.89
YOL145C	288251
YOL146W	218758.98
YOL147C	1803418.8
YOL148C	634431.82
YOL149W	354440.07
YOL151W	231161.44
YOL152W	125648.02
YOL154W	292451.92
YOL155C	7080535
YOL155W-A	66879.026
YOL156W	72827.805
YOL158C	4572416.2
YOL159C	679898.48
YOL159C-A	460455.31
YOL162W	72340.957
YOL163W	76194.405
YOL164W	108443.76
YOL164W-A	41883.671
YOL166W-A	33585.014
YOR001W	759351.86
YOR002W	1803827.1
YOR003W	352334.89
YOR004W	372090.32
YOR005C	742540.42
YOR006C	298413.04
YOR007C	1784106.7
YOR008C	1169842.6
YOR008C-A	38497.039
YOR009W	181456.28
YOR010C	405514.8
YOR011W	443954.07
YOR011W-A	37117.64
YOR012W	152104.33
YOR014W	2341948.4
YOR016C	951102.04
YOR017W	444394.54
YOR018W	314067.28
YOR019W	158528.56
YOR020C	1648664.5
YOR020W-A	1148639.6
YOR021C	1144764.9
YOR022C	317988.21
YOR023C	1900647.4
YOR025W	570886.02
YOR026W	628612.87
YOR027W	6232876.3
YOR028C	1162084.3
YOR030W	293494.81
YOR031W	1748589.9
YOR032C	447658.44
YOR032W-A	62556.774
YOR033C	772495.33
YOR034C	343179.6
YOR034C-A	395293.71
YOR035C	567444.85
YOR036W	678814.99
YOR037W	487067.31
YOR038C	737870.63
YOR039W	1115131.7
YOR040W	112760.08
YOR042W	1312992.8
YOR043W	638397.62
YOR044W	655196.71
YOR045W	4077248.7
YOR046C	1223634
YOR047C	214442.7
YOR048C	1949285.7
YOR049C	395341.98
YOR051C	592750.83
YOR052C	1751062.1
YOR054C	597085.82
YOR056C	679294.66
YOR057W	538497.33
YOR058C	604079.04
YOR059C	624592.99
YOR060C	165390
YOR061W	1190921.7
YOR062C	309042.28
YOR063W	7114639.7
YOR064C	681026.03
YOR065W	4131799.1
YOR066W	400945.05
YOR067C	1183560.7
YOR068C	50315.892
YOR069W	300410.34
YOR070C	640435.15
YOR071C	150314.45
YOR072W-B	46590.915
YOR073W	682358.48
YOR074C	508657.12
YOR075W	842270.26
YOR076C	667710.71
YOR077W	52747.478
YOR078W	339357.26
YOR079C	473388.4
YOR080W	293332.2
YOR081C	488458.25
YOR083W	481532.22
YOR084W	1567878.8
YOR085W	1333562.3
YOR086C	1473634.4
YOR087W	782410.44
YOR089C	416893.97
YOR090C	497883.68
YOR091W	343589.92
YOR092W	542604.41
YOR093C	535891.27
YOR094W	299737.49
YOR095C	2173058.7
YOR096W	3235176.4
YOR097C	533173.66
YOR098C	516440.22
YOR099W	2815935.3
YOR100C	3514304.2
YOR101W	427066.43
YOR103C	437376.64
YOR104W	368286.42
YOR106W	267606
YOR107W	241091.45
YOR108W	829316.43
YOR109W	2084690.4
YOR110W	330106.6
YOR111W	317630.31
YOR112W	391845.23
YOR113W	819284.73
YOR114W	318365.38
YOR115C	455832.09
YOR116C	3969556.8
YOR117W	1781280
YOR118W	504045.11
YOR119C	720730.69
YOR120W	5382092
YOR122C	1197446.4
YOR123C	719321.75
YOR124C	2836660.6
YOR125C	552348.84
YOR126C	757265.46
YOR127W	569888.58
YOR128C	2886953.7
YOR129C	474881.89
YOR130C	659433.32
YOR131C	1393418.1
YOR132W	1075890.5
YOR134W	48731.441
YOR136W	4992390.7
YOR137C	329951.78
YOR138C	763095.48
YOR140W	669315.43
YOR141C	2021651.2
YOR142W	3539229.3
YOR143C	626051.28
YOR144C	878652.53
YOR145C	628499.5
YOR147W	1193449.3
YOR148C	434005.53
YOR149C	502950.91
YOR150W	1049131.7
YOR151C	7912151.4
YOR152C	594311.2
YOR153W	5304582.5
YOR154W	328372.11
YOR155C	654913.04
YOR156C	239276.36
YOR157C	1362637
YOR158W	1299758.6
YOR159C	656892.57
YOR160W	438637.11
YOR161C	658954.38
YOR161C-C	62251.581
YOR162C	355741.96
YOR163W	419889.03
YOR164C	618675.58
YOR165W	1031434.9
YOR166C	129129.93
YOR167C	1462466.2
YOR168W	1970308.5
YOR171C	1097897.5
YOR172W	497283.71
YOR173W	1173052.4
YOR174W	646614.36
YOR175C	1986185.6
YOR176W	945528.76
YOR177C	57464.656
YOR178C	1284489
YOR179C	369329.03
YOR180C	143107.96
YOR181W	340718.03
YOR183W	47359.974
YOR184W	3438270.5
YOR185C	1004698.2
YOR186W	334916.81
YOR187W	6393489.7
YOR188W	767919.15
YOR189W	122905.45
YOR190W	97128.882
YOR191W	654014.23
YOR192C	131734.89
YOR192C-C	515294.15
YOR193W	170679.67
YOR194C	652871.56
YOR195W	336721.53
YOR196C	814869.12
YOR197W	1679324.8
YOR198C	2314952.6
YOR201C	771114.86
YOR202W	1228345.2
YOR204W	4678624.9
YOR205C	519728.44
YOR206W	455372.16
YOR207C	3011071.5
YOR208W	907304.03
YOR209C	1364586.3
YOR210W	198432.49
YOR211C	903678.19
YOR212W	229361.22
YOR213C	335688.48
YOR214C	60233.061
YOR215C	1778171.4
YOR216C	265843.58
YOR217W	625778.1
YOR219C	691932.74
YOR220W	1562766
YOR221C	1310175.7
YOR222W	1858598.8
YOR223W	486433.22
YOR224C	792436.24
YOR226C	411617.01
YOR227W	758151.87
YOR228C	1407360.7
YOR229W	432222.77
YOR230W	2855634.1
YOR231W	640329.33
YOR232W	873133.59
YOR233W	626783.89
YOR234C	1421851.4
YOR236W	276419.6
YOR237W	41284.135
YOR238W	593761.04
YOR239W	790710.2
YOR241W	1166660.4
YOR242C	67251.499
YOR243C	489410.39
YOR244W	1043639.8
YOR245C	979688.01
YOR246C	1019480.5
YOR247W	5612259.1
YOR249C	302586.58
YOR250C	433944.31
YOR251C	614523.26
YOR252W	322295.72
YOR253W	431305.8
YOR254C	1883289.7
YOR255W	50229.554
YOR256C	913046.82
YOR257W	709589.86
YOR258W	183993
YOR259C	1882340.1
YOR260W	1022302.9
YOR261C	1678532.2
YOR262W	442126.68
YOR264W	489905.85
YOR265W	662396.98
YOR266W	299583.09
YOR267C	1833567.2
YOR268C	53562.548
YOR269W	227628
YOR270C	7654430.6
YOR271C	1044418.7
YOR272W	423959.3
YOR273C	1476100.3
YOR274W	378371.59
YOR275C	414862.2
YOR276W	989837.61
YOR278W	517765.82
YOR279C	190706.66
YOR280C	617356.53
YOR281C	540018.04
YOR283W	1009888.1
YOR284W	263596.91
YOR285W	5258056
YOR286W	2390051.8
YOR287C	108487.73
YOR288C	529299.62
YOR289W	765217.95
YOR290C	7423679.1
YOR291W	644798.14
YOR292C	327846.36
YOR293C-A	58973.338
YOR293W	2070866.1
YOR294W	328908.22
YOR295W	261261.46
YOR296W	417240.46
YOR297C	951674.01
YOR298C-A	3529432.6
YOR298W	82565.707
YOR299W	677132.16
YOR301W	348159.92
YOR302W	4560636.1
YOR303W	6090421.2
YOR304C-A	216775.92
YOR304W	1026802.2
YOR305W	758085.44
YOR306C	276056.25
YOR307C	676408.92
YOR308C	256022.01
YOR310C	1725921
YOR311C	1295431.3
YOR312C	1605920.2
YOR313C	208706.32
YOR315W	702657.79
YOR316C	1305187.3
YOR316C-A	90847.029
YOR317W	4395988.3
YOR319W	605542.85
YOR320C	1186888.4
YOR321W	1047645.1
YOR322C	698849.69
YOR323C	2382431.2
YOR324C	345610.65
YOR326W	1218267.8
YOR327C	501154.45
YOR328W	679062.54
YOR329C	664027.35
YOR330C	2292945.8
YOR332W	2219552.9
YOR334W	238499.87
YOR335C	8612312.1
YOR336W	2434631.9
YOR337W	333915.36
YOR338W	132431.38
YOR339C	27088.277
YOR340C	213410.69
YOR341W	5415974.4
YOR342C	702439.57
YOR344C	281493.65
YOR346W	335693.14
YOR347C	1109646.4
YOR348C	1650867
YOR349W	128172.92
YOR350C	350958.93
YOR351C	72633.846
YOR352W	553796.74
YOR353C	396251.28
YOR354C	2182556
YOR355W	1254538.7
YOR356W	2052707
YOR357C	1244403.9
YOR358W	693868.98
YOR359W	376770.34
YOR360C	1745162.6
YOR361C	3962853.8
YOR362C	2044982.2
YOR363C	678501.67
YOR365C	66137.879
YOR367W	635344.4
YOR368W	377194.94
YOR369C	2637505.3
YOR370C	1916535.9
YOR371C	586276.07
YOR372C	443659.51
YOR373W	392523.92
YOR374W	7991087.1
YOR375C	9907779.6
YOR376W-A	63647.791
YOR377W	788345.56
YOR378W	477295.67
YOR380W	539260.75
YOR381W	290631.67
YOR381W-A	44325.964
YOR382W	6571899.6
YOR383C	8787968.3
YOR384W	2087306.2
YOR385W	169339.65
YOR386W	700195.91
YOR387C	70157.56
YOR388C	57995.048
YOR389W	131797.75
YOR394C-A	66385.032
YPL001W	270042.69
YPL002C	282042.68
YPL003W	357741.95
YPL004C	2049970.2
YPL005W	338540.81
YPL006W	1910055.6
YPL007C	270898.03
YPL008W	1476043.8
YPL009C	397008.57
YPL010W	1111464.1
YPL011C	430353.59
YPL012W	701412.98
YPL013C	2151322.8
YPL014W	471505.58
YPL015C	394145.49
YPL016W	6076323
YPL017C	174429.25
YPL018W	144326.55
YPL019C	700746.93
YPL020C	788463.33
YPL021W	53295.354
YPL022W	2266666.8
YPL023C	2366110.6
YPL024W	782214.02
YPL026C	1833876.4
YPL027W	50483.548
YPL028W	4125294.3
YPL029W	540373.43
YPL030W	311943.07
YPL031C	1570407.3
YPL032C	993257.06
YPL033C	61566.512
YPL034W	174837.12
YPL036W	697116.94
YPL037C	3968604.8
YPL038W	262967.57
YPL038W-A	120281.88
YPL039W	469409.92
YPL040C	1781744.8
YPL041C	192563.63
YPL042C	773909.65
YPL043W	360187.24
YPL045W	348904.27
YPL046C	106877.31
YPL047W	76193.706
YPL048W	2699461.9
YPL049C	602239.36
YPL050C	1040505.4
YPL051W	130712.49
YPL052W	514233.09
YPL053C	1197047.1
YPL054W	487238.71
YPL055C	158939.19
YPL056C	211417.03
YPL057C	1740025.7
YPL058C	3201982
YPL059W	732006.77
YPL060W	216511.91
YPL061W	8352802.5
YPL063W	992794.04
YPL064C	166020.75
YPL065W	335099.09
YPL066W	1853407.9
YPL067C	765873.5
YPL068C	229953.88
YPL069C	136589.46
YPL070W	339067.61
YPL071C	394580.27
YPL072W	387299.23
YPL074W	497760.62
YPL075W	473901.44
YPL076W	123895.95
YPL077C	204744.08
YPL078C	1986163.9
YPL079W	2461810.8
YPL081W	792062.34
YPL082C	786595.77
YPL083C	348599.46
YPL084W	501019.19
YPL085W	863972.55
YPL086C	1094759.9
YPL087W	2384128.9
YPL088W	1136270.4
YPL089C	1158298.9
YPL091W	2810078.4
YPL092W	1259938.2
YPL093W	830937.42
YPL094C	999703.77
YPL095C	430622.04
YPL096C-A	166763.23
YPL096W	716016.23
YPL097W	1089517.5
YPL098C	2511123.5
YPL099C	720254.15
YPL100W	813316.77
YPL101W	1221871.5
YPL103C	1008712.6
YPL104W	1138219.8
YPL105C	882594.72
YPL106C	3590949
YPL107W	630404.04
YPL108W	190855.05
YPL109C	806998.15
YPL110C	441508.97
YPL111W	2018011.6
YPL112C	1330269.9
YPL113C	714992.64
YPL115C	954195.38
YPL116W	1474422.6
YPL117C	2588470.6
YPL118W	1500617
YPL119C	744794.77
YPL119C-A	227432.9
YPL120W	867382.68
YPL121C	39159.978
YPL122C	760240.76
YPL123C	720772.44
YPL124W	278960.24
YPL125W	763920.26
YPL126W	381370.08
YPL127C	1509097.7
YPL128C	407929.73
YPL129W	862985.47
YPL130W	44197.374
YPL131W	5259526.4
YPL132W	659233.08
YPL133C	352670.29
YPL134C	2425809.2
YPL135W	3635253.3
YPL137C	753213.72
YPL138C	509266.42
YPL139C	405355.12
YPL140C	421398.85
YPL141C	501274.65
YPL143W	1703566.6
YPL144W	252109.96
YPL145C	1169309.3
YPL146C	211013.31
YPL147W	367700.38
YPL148C	322626.87
YPL149W	530059.01
YPL150W	566924.05
YPL151C	517048.63
YPL152W	641025.17
YPL152W-A	64045.915
YPL153C	455109
YPL154C	6088000.1
YPL155C	466863.35
YPL156C	559317.54
YPL157W	187189.32
YPL158C	998633.05
YPL159C	827129.91
YPL160W	5318770.3
YPL161C	459796.82
YPL162C	494181.49
YPL163C	2111053.5
YPL164C	646810.06
YPL165C	57938.577
YPL166W	155042.63
YPL167C	1022268.8
YPL168W	280525.81
YPL169C	1185102.2
YPL170W	1548694
YPL171C	259061
YPL172C	908044.28
YPL173W	979519.38
YPL174C	140851.09
YPL175W	342542.67
YPL176C	698166.49
YPL177C	1724866.8
YPL178W	491369.61
YPL179W	4344470.3
YPL180W	709253.69
YPL181W	1517979.4
YPL183C	196647.1
YPL183W-A	736769.11
YPL184C	722792.63
YPL186C	582354.4
YPL187W	103598.45
YPL188W	841502.83
YPL189C-A	1999707.7
YPL189W	94671.924
YPL190C	1204691.9
YPL191C	264004.03
YPL192C	131767.6
YPL193W	164023.91
YPL194W	454269.28
YPL195W	623423.32
YPL196W	789627.93
YPL199C	1359045.3
YPL200W	127190.58
YPL201C	927737.44
YPL202C	189578.75
YPL203W	1432540.1
YPL204W	1484706.8
YPL206C	1255185
YPL207W	594500.16
YPL208W	406108.15
YPL209C	146780.13
YPL210C	1689435
YPL211W	810966.45
YPL212C	755514.71
YPL213W	293039.12
YPL214C	2646158.1
YPL215W	843589.7
YPL216W	105597.68
YPL217C	456825.01
YPL218W	2176825.9
YPL219W	614004.72
YPL221W	1188423.4
YPL222W	1012628.4
YPL223C	116691.04
YPL224C	576400.16
YPL225W	998727.31
YPL226W	5534706.1
YPL227C	453391.17
YPL228W	1146997.3
YPL229W	570511.06
YPL230W	938438.06
YPL231W	38333663
YPL232W	1375605.7
YPL233W	124598.47
YPL234C	1165293.4
YPL235W	1044247.5
YPL236C	681787.43
YPL237W	1762016.9
YPL239W	603222.38
YPL240C	4520988.3
YPL241C	410461.59
YPL242C	942748.73
YPL243W	1564432.4
YPL244C	349712.9
YPL245W	161457.43
YPL246C	1217164.3
YPL247C	474654.67
YPL249C	399997.57
YPL249C-A	1109073
YPL250C	680269.24
YPL252C	3367380.7
YPL253C	242058.69
YPL254W	370114.76
YPL255W	314444.04
YPL256C	948521.16
YPL257W	96930.796
YPL258C	689838.39
YPL259C	1015422.4
YPL260W	1388820.6
YPL262W	8786846.5
YPL263C	343400.46
YPL264C	459232.69
YPL265W	3967650.8
YPL266W	221445.61
YPL267W	354831.16
YPL268W	767137.7
YPL269W	557649.57
YPL270W	1420302.7
YPL271W	832147.26
YPL272C	173675.81
YPL273W	290526.12
YPL274W	1311114
YPL277C	38561.313
YPL279C	211146.93
YPR001W	1529050.7
YPR002W	6767936
YPR003C	240491.09
YPR004C	2607838.8
YPR005C	536439.3
YPR006C	1695796
YPR007C	146482.96
YPR008W	844580.17
YPR009W	486801.63
YPR010C	3161998.6
YPR011C	423355.7
YPR013C	1586559.3
YPR015C	66864.171
YPR016C	1207096.3
YPR017C	219520.49
YPR018W	226040.42
YPR019W	2205733.1
YPR020W	1266857.1
YPR021C	1012119.1
YPR022C	965972.63
YPR023C	1753636.1
YPR024W	3573442.9
YPR025C	506611.69
YPR026W	1336189.7
YPR027C	53201.785
YPR028W	2609566.3
YPR029C	533238.37
YPR030W	2416238.6
YPR031W	660067.36
YPR032W	302122.89
YPR033C	3624960.6
YPR034W	657978.43
YPR035W	4037488.5
YPR036W	4308411.3
YPR036W-A	5675091.5
YPR037C	696824.77
YPR040W	842904.83
YPR041W	407630.88
YPR042C	721979.37
YPR043W	1430644.7
YPR045C	203959.44
YPR046W	212131.97
YPR047W	731236.52
YPR048W	181254.38
YPR049C	2971812.7
YPR051W	249643.56
YPR052C	2314908.7
YPR054W	80031.138
YPR055W	437580.12
YPR056W	552052.39
YPR057W	472254.4
YPR058W	2524727.9
YPR060C	269150.9
YPR061C	841428.77
YPR062W	955590.78
YPR063C	1728895.6
YPR065W	2801362.3
YPR066W	172414.99
YPR067W	906562.68
YPR068C	198962.44
YPR069C	1046237.4
YPR070W	438344.59
YPR071W	197207.24
YPR072W	1227028.8
YPR073C	409410.07
YPR074C	13207722
YPR075C	663467.73
YPR078C	73752.28
YPR079W	327704.83
YPR081C	1071030.8
YPR082C	561396.69
YPR083W	613109.84
YPR084W	430638.53
YPR085C	164157.46
YPR086W	998933.35
YPR088C	3530025.8
YPR089W	824311.32
YPR091C	576108.16
YPR093C	237747.47
YPR094W	131790.81
YPR095C	494665.4
YPR097W	641420.05
YPR098C	1723202.9
YPR100W	1609674.7
YPR101W	628981.05
YPR102C	1187997.3
YPR103W	1637148.9
YPR104C	408250.01
YPR105C	628044.45
YPR106W	750742.48
YPR107C	410322.43
YPR108W	2106209.6
YPR108W-A	100414.88
YPR109W	691555.94
YPR110C	499126.08
YPR111W	988208.99
YPR112C	176789.07
YPR113W	979915.99
YPR114W	1116527.4
YPR115W	1231155.1
YPR116W	64338.284
YPR117W	1233484.7
YPR118W	321996.26
YPR119W	731352.99
YPR120C	525705.46
YPR121W	226375.71
YPR122W	132083.58
YPR124W	262187.52
YPR125W	822969.53
YPR127W	246280.93
YPR128C	1283596
YPR129W	1095633.7
YPR131C	188772.29
YPR132W	1714044.1
YPR133C	976682.67
YPR133W-A	1392838.1
YPR134W	329425.15
YPR135W	998882.36
YPR137W	286071.84
YPR138C	1711711.9
YPR139C	412427.09
YPR140W	766346.92
YPR141C	1172176.5
YPR143W	423533.04
YPR144C	327261.23
YPR145W	3838911.8
YPR147C	490451.53
YPR148C	1656683.4
YPR149W	5349904.4
YPR151C	1599813.8
YPR152C	224514.78
YPR153W	106412.92
YPR154W	843568.5
YPR155C	1274142.1
YPR156C	146078.94
YPR157W	118711.64
YPR158W	179250.84
YPR159C-A	65017.659
YPR159W	1580914.8
YPR160W	5723415.7
YPR161C	428893.15
YPR162C	441922.6
YPR163C	1650732.6
YPR164W	259661.03
YPR165W	2680573.6
YPR166C	1326505.7
YPR167C	139912.91
YPR168W	68533.983
YPR169W	350851.41
YPR171W	447963.39
YPR172W	356157.86
YPR173C	887673.42
YPR174C	651838.01
YPR175W	930592.61
YPR176C	676502.09
YPR178W	488577.41
YPR179C	156478.17
YPR180W	546335.5
YPR181C	4883179.5
YPR182W	260186.02
YPR183W	1399814.1
YPR184W	9502081.8
YPR185W	1195745.5
YPR186C	101524.16
YPR187W	661994.07
YPR188C	430687.53
YPR189W	2415059.6
YPR190C	553419.67
YPR191W	5295878.4
YPR192W	59270.549
YPR193C	855026.66
YPR194C	1159158.5
YPR196W	267090.91
YPR198W	257773.24
YPR199C	500351.04
YPR200C	42187.705
YPR201W	47816.692
