b3241	NotMapped		62
b3240	NotMapped		16
b3243	NotMapped		203
b3242	NotMapped		28
b2836	K05939		188
b0885	K00684		151
b1338	NotMapped		9
b1337	NotMapped		5
b1339	K14057		27
b1336	NotMapped		0
b0715	NotMapped		13
b0185	K01962		10155
b3255	K02160		34495
b3256	K01961		13890
b2316	K01963		8774
b4015	K01637		1483
b4014	K01638		591
b0114	K00163		66813
b0115	K00627		60155
b4016	K00906		9
b2296	K00925		35607
b1276	K01681		238
b0118	K01682		7764
b0404	K08682		190
b1094	K02078		357865
b2563	K00997		372
b3475	K06133		474
b0463	K03585		3861
b0462	NotMapped		2074
b2470	NotMapped		56
b3265	K03585		5
b3266	NotMapped		5
b0464	K03577		240
b4069	K01895		150
b4067	NotMapped		15
b2213	K10778		21
b1623	K01488		724
b3665	K01486		738
b1241	K04072		3485
b1478	K13953		20
b4117	K01584		5
b4115	NotMapped		3
b4116	K03755		37
b0474	K00939		20646
b0385	NotMapped		6
adrB	NotMapped		0
b2468	NotMapped		13
b3072	K03776		10
b0476	K01066		35
b0262	K02010		11
b3138	K10984		7
b3139	K10985		1
b3140	K10986		1
b3141	K02080		13
b3131	K02081		629
b3136	K02082		11
b3133	K02745		36
b1002	K01085		86
b0605	K03386		92449
b0606	NotMapped		5698
b4187	NotMapped		19
b2252	NotMapped		112
alaA	NotMapped		2267
alaC	NotMapped		1203
b2697	K01872		8493
b1415	K07248		555
b3588	K00138		1
b2068	K01247		32
b2212	K03919		22
b0505	K01483		14
b0512	K01466		9
b0516	K02083		9
b0517	K00073		2
b0506	K10973		1771
b0504	K10972		1
b2624	K07733		31
b4053	K01775		586
b4087	K10551		0
b4088	K10549		81
b4086	K10550		1
b4085	K17195		23
b4084	K00881		12
b3088	NotMapped		342
b2435	K01448		676
b4169	K01448		343
b2817	K01448		410
b0867	K11066		141
b1982	K01241		521
b4150	K01467		587
b0110	NotMapped		269
b0111	NotMapped		129
b0433	K08218		259
b0376	NotMapped		460
b0451	NotMapped		5
b1927	K01176		16
b1640	K09001		217
b1767	K01424		1699
b2957	K01424		75
b1453	NotMapped		285
b0050	NotMapped		113
b0049	K01525		453
b2214	NotMapped		191
b4055	K03788		274
b0980	K01093		16
b0979	K00426		10
b0978	K00425		12
b0564	K07780		86
b0469	K00759		15434
b0875	K06188		63
b0062	K01804		19
b0063	K00853		2
b0064	K02099		105
b0061	K01786		9
b2841	K02100		25
b1901	K10537		4
b1900	K10539		2
b4460	K10538		10
b0396	K08156		41
b4401	K07773		8000
b3210	K07648		226
b2818	K00619		28
b3959	K00930		125
b3958	K00145		57
b3359	K00821		637
b3957	K01438		372
b0273	K00611		209
b3172	K01940		1296
b3960	K01755		337
b4254	K00611		63
b2918	K07588		0
b2923	NotMapped		419
b2916	K05596		789
b3237	K03402		3610
b1876	K01887		4901
b2310	K10013		427
b1166	NotMapped		49
b2255	K10011		74
b2253	K07806		105
b2254	K10012		61
b2256	K13014		7
b4544	K12962		1
b2258	K12963		3
b2257	K07264		4
b0908	K00800		1248
b3389	K01735		770
b2329	K01736		1258
b1693	K03785		572
b3281	K00014		1144
b2601	K01626		361
b0754	K01626		4959
b1704	K01626		1341
b3390	K00891		12633
b0388	K00891		386
b0390	NotMapped		306
b0112	NotMapped		832
b4017	NotMapped		5
arrD	NotMapped		11
arrQ	NotMapped		3
b3502	NotMapped		48
b3503	K00537		287
b3501	K03892		82
b0863	K09997		3323
b0860	K09996		544
b0861	K09998		484
b0864	K10000		1392
b0862	K09999		512
b2716	K01223		71
b2715	K02752		0
b2714	K03487		219
b3433	K00133		7060
b3801	K01130		7
b3800	NotMapped		5
b2064	NotMapped		138
b3744	K01914		5147
b0674	K01953		1811
b3743	K03718		694
b0930	K01893		17436
b4139	K01744		1119
b0928	K00813		4498
b1866	K01876		8307
b1597	NotMapped		62
b1747	K00673		0
b1745	K01484		1
b1748	K00840		6
b1746	K06447		2
b1744	K05526		1
b2222	K01035		0
b2224	K00626		2
b2220	K07714		42
b2221	K01034		0
b2223	K02106		0
b2219	K07710		5
b3734	K02111		30696
b3738	K02108		10508
b3731	K02114		12695
b3732	K02112		30603
b3737	K02110		112959
b3736	K02109		17866
b3733	K02115		9832
b3735	K02113		9335
b3739	K02116		151
b3572	K00835		1923
B1412	NotMapped		1521
azuC	NotMapped		7848
b3057	K06153		1735
b2079	K07664		555
b2078	K07642		26
b0177	NotMapped		3904
b2512	NotMapped		3080
b2477	NotMapped		2653
b2595	NotMapped		6620
bamE	NotMapped		5689
b2786	K07678		141
b4113	K07771		663
b4112	K07643		238
b3570	NotMapped		717
b2480	K03564		9932
b2182	K07552		235
b3533	K00694		10
b3532	NotMapped		91
b3530	NotMapped		39
b3536	NotMapped		332
b3537	NotMapped		217
b3538	NotMapped		290
b3531	K01179		39
b1481	NotMapped		19
b0311	K00108		131
b0312	K00130		335
b0313	K02167		59
b0314	NotMapped		82
b3337	NotMapped		327
b3336	eco_b3336		192
b2901	K01223		2950
b3721	K01223		6
b3722	K02755		0
b3723	K03488		0
b3720	NotMapped		2
b4366	NotMapped		0
b2132	K05349		769
b1112	NotMapped		2282
b0774	K00833		1958
b0775	K01012		4948
b0777	K02169		551
b0778	K01935		2362
b0776	K00652		818
b3412	K02170		661
b3973	K03524		515
b3551	K08351		241
b4149	NotMapped		28
b4409	NotMapped		828
b0435	NotMapped		1945
b0557	NotMapped		20983
b0401	NotMapped		3561
b4189	NotMapped		144
b0836	NotMapped		0
b1060	NotMapped		148
b3966	NotMapped		2295
b1711	K06073		81
b1709	K06074		112
b1710	K00432		383
b0158	K06858		141
b1270	K00798		257
b4131	K01582		0
b4132	NotMapped		0
b4133	K03765		45
b0039	K08297		47
b0038	K08298		29
b0037	K02182		35
b0036	K08299		15
b0035	NotMapped		8
b0034	K08277		62
b0040	NotMapped		0
b0126	K01673		8138
b0032	K01956		456
b0033	K01955		530
b2760	NotMapped		3
b2759	NotMapped		11
b2758	NotMapped		18
b2757	NotMapped		10
b2756	NotMapped		9
b1987	K13635		6
b1000	K05516		508
b0999	NotMapped		477
b3690	NotMapped		9
b3716	NotMapped		32
b3717	NotMapped		57
b3056	K00974		258
b2201	K02193		34
b2200	K02194		25
b2199	K02195		171
b2198	K02196		211
b2197	NotMapped		159
b2196	NotMapped		48
b2195	K02199		73
b2194	NotMapped		83
b0162	K02647		9
b2143	K01489		313
b3918	K01521		527
b0175	K00981		735
b1731	NotMapped		663
b1661	K00574		1049
b1216	NotMapped		432
b1217	NotMapped		81
b1218	NotMapped		19
b1736	K02759		99
b1738	K02760		264
b1737	K02761		14
b1734	K01222		20
b1733	NotMapped		33
b1735	K03490		15
b1888	K03407		20
b1883	K03412		1
b1884	K00575		0
b1887	K03408		89
b1882	K03413		66
b1881	K03414		41
b3338	K13381		97
b0681	NotMapped		3
chiQ	NotMapped		2
b1741	K05984		110
b4225	NotMapped		111
b4224	NotMapped		421
b2155	NotMapped		79
b0618	K01910		0
b0617	K01646		0
b0616	K01644		0
b0615	K01643		1
b0613	K05966		0
b0612	K09477		2
b0614	K05964		0
b0155	NotMapped		137
b1592	NotMapped		35
b2027	K05789		6206
b0882	K03694		989
b2592	K03695		3312
b0437	K01358		6334
b0881	NotMapped		514
b0438	K03544		5857
b1249	K06131		336
b0910	K00945		1997
b1870	NotMapped		1571
b1871	NotMapped		1115
b2933	K02799		0
b2934	K02798		0
b1625	NotMapped		1001
b3974	K00867		1020
b3634	K00954		1201
b0103	K00859		283
b1120	K12410		827
b0638	K02226		45
b1992	K02233		382
b1991	K00768		186
b1993	K02231		102
b0337	K01485		1426
b0336	NotMapped		587
b0446	K11938		48
cohE	NotMapped		697
b0484	K01533		117
b3816	NotMapped		1650
b3032	NotMapped		394
b4213	K01119		479
b2049	K00971		3
b2048	K01840		10
b3911	K07640		328
b4484	NotMapped		279
b3912	K07662		2893
b0624	NotMapped		798
b4397	NotMapped		1423
b4398	K07663		149
b4399	K07641		35
b4400	NotMapped		3
b0240	K11926		8827
croE	NotMapped		3
b3357	K10914		9767
b2417	K02777		32738
b2810	K01766		307
b2811	NotMapped		813
b2812	NotMapped		1467
b1042	K04334		108
b1041	K04335		0
b1043	K04336		0
b1040	K04333		14
b1039	K04337		4
b1038	K04338		5
b1037	K06214		11
b2659	NotMapped		1
b2535	NotMapped		25
b2664	NotMapped		26
b3556	K03704		43957
b1557	K03704		119
b1823	K03704		106172
b0880	K03704		743
b0623	K03704		186416
b1558	K03704		44
b0990	K03704		162
b0989	K03704		19
b1552	K03704		4
b2696	K03563		18982
b3252	NotMapped		71
b0598	NotMapped		126
b0123	NotMapped		610
b0487	K11923		449
b0575	K07787		3
b0574	K07798		4
b0572	K07796		0
b0573	K07810		48
b0571	K07665		176
b0570	K07644		62
b4137	NotMapped		156
b1874	NotMapped		470
b2313	NotMapped		429
b1191	NotMapped		66
b3806	K05851		372
b3807	NotMapped		4479
b1418	NotMapped		1775
b4208	NotMapped		1356
b0733	K00425		1969
b0734	K00426		1735
b0886	K06148		367
b0887	K06148		467
b0338	K11921		152
b0340	K01725		96
b0339	K01673		24
b0341	K03449		3
b0432	K02297		15769
b0431	K02298		14005
b0430	K02299		14872
b0429	K02300		16777
b0428	K02301		4102
b2422	K02045		36
b1275	K13634		1291
b2750	K00860		8
b2752	K00957		10
b3607	K00640		817
b3368	K02302		429
b2762	K00390		29
b2763	K00381		43
b2764	K00380		34
b2414	K01738		2486
b2421	K12339		473
b2751	K00956		16
b2425	K02048		24
b4214	K01082		902
b0526	K01883		4958
b2424	K02046		4
b2423	K02047		4
b2413	NotMapped		828
b3934	K05499		290
b0632	K07258		4143
b3182	K07259		441
b0839	K07258		740
b2010	K07258		29
b1189	K00285		1586
b1190	K01775		744
b3387	K06223		340
b3388	NotMapped		4024
b2478	K01714		4514
b0031	K00215		2156
b0166	K00674		15404
b2472	K01439		1286
b3809	K01778		756
b1343	K05591		258
b2065	K01494		1102
b1961	K00558		298
b1538	K01284		1114
b3472	NotMapped		5984
b3528	K11103		459
b3507	NotMapped		2
b4138	NotMapped		1831
b4123	K07792		3
b0621	NotMapped		4
b3227	NotMapped		0
b4124	K07703		296
b4125	K07701		79
b1919	K05396		618
b0381	K01921		4072
b0092	K01921		844
b1487	K02035		4
b1486	K02033		0
b1485	K02034		0
b1484	K02031		2
b1483	K02032		1
b1488	K08641		0
b3162	K05592		9221
b2317	NotMapped		767
b2314	NotMapped		937
B3287	NotMapped		3887
b0161	K04771		2139
b3234	K04772		528
b3235	K04691		406
b4382	K00758		349
b4383	K01839		2087
b4381	K01619		1596
b4384	K03784		13272
b0840	K11534		347
b2511	NotMapped		3289
B3639	NotMapped		1126
b4042	K00901		1701
b4477	K01631		8
b4478	K01684		26
b3693	K00883		10
b4479	NotMapped		417
b3691	K08194		1
b1594	NotMapped		124
b0160	K01129		95
b1200	K05878		165
b1199	K05879		285
b1198	K05881		415
b1201	K05880		39
b3149	K12961		479
b1570	NotMapped		653
b1575	NotMapped		10
b1569	NotMapped		78
b0231	K02346		47
b3645	NotMapped		76
b4044	NotMapped		154
b0799	K03722		61
b1061	NotMapped		2164
b0226	NotMapped		782
b4613	NotMapped		17
b0055	K05801		762
b0646	NotMapped		0
b0649	NotMapped		3
b3012	K06221		72
b0207	K06222		607
b0145	K06204		21225
b2133	K03777		603
dmlA	NotMapped		46
dmlR	NotMapped		53
b0894	K07306		28
b0895	K07307		32
b0896	K07308		31
b1591	NotMapped		663
b3702	K02313		840
b4052	K02314		694
b4361	K02315		505
b0184	K02337		328
b3066	K02316		356
b0015	K03686		5688
b0014	K04043		44581
b3701	K02338		1764
b0215	K02342		988
b4362	K02317		605
dnaX	NotMapped		196
b1490	K13069		10
b1489	K13243		3
b0620	K07702		229
b0619	K07700		4
b3544	K12368		2460
b3543	K12369		356
b3542	K12370		391
b3541	K12371		501
b3540	K12372		552
b0812	K04047		2131
b3860	K03673		11119
b1185	K03611		2221
b2893	K03981		2167
dsbD	NotMapped		456
b0604	K03805		543
b2366	K01753		474
b2364	K13636		135
b2365	NotMapped		12
b1952	NotMapped		2003
b3887	NotMapped		1311
dtpA	NotMapped		4722
b3496	NotMapped		105
b0709	NotMapped		48
b4049	K05539		1337
b3260	K05540		352
b2140	K05541		196
b3640	K01520		6571
b0173	K00099		773
b0420	K01662		752
b1533	NotMapped		79
b2578	NotMapped		16
b3076	K12111		3
b3077	K12112		12
b3075	K12113		240
b4410	NotMapped		461
b4411	NotMapped		1128
b2209	NotMapped		2128
b0140	NotMapped		2
b1850	K01625		11006
b1851	K01690		148
b1019	NotMapped		135
b1018	NotMapped		895
b4147	K02356		41819
b2267	NotMapped		462
b2266	NotMapped		738
b2269	NotMapped		5
b3209	NotMapped		2434
elfA	NotMapped		44
elfC	NotMapped		0
elfD	NotMapped		0
elfG	NotMapped		17
b2685	NotMapped		770
b2686	K03446		181
b3673	K08154		439
b0543	NotMapped		510
b2368	K07797		7
b2367	K07786		3
b1193	K08308		1942
b2945	K01150		163
b2779	K01689		54222
b0596	K00216		36
b0595	K01252		59
b0593	K02361		44
b0583	K02362		3
b0594	K02363		32
b0586	K02364		24
b0597	NotMapped		28
b0591	K08225		62
b3613	NotMapped		258
b3264	NotMapped		1
b0566	K11920		2
b3404	K07638		159
b2927	K03472		645
b4114	K03760		332
b3546	K12975		93
b2566	NotMapped		2832
b1990	NotMapped		71
b0156	NotMapped		17438
b0554	NotMapped		16
b1556	NotMapped		0
b0981	NotMapped		71
b0982	K01104		44
b2451	K04019		0
b2441	K03735		175
b2440	K03736		151
b2458	K04020		1
b2455	K04021		2
b2453	K04022		1
b2452	NotMapped		1
b2454	NotMapped		0
b2438	NotMapped		63
b2439	NotMapped		244
b2457	NotMapped		115
b2456	NotMapped		0
b2461	NotMapped		0
b2460	NotMapped		8
b2437	K04033		19
b2462	NotMapped		0
b2459	K04032		2
b2369	K07690		478
b2370	K07679		35
b3006	NotMapped		1995
b3005	NotMapped		941
b1844	K10857		377
b3094	NotMapped		691
b3093	K08191		11
b0954	K01716		22820
b2323	K00647		18626
b1092	K00645		14340
b1095	K09458		15814
b1093	K00059		21408
b1091	K00648		7355
b1288	K00208		41315
b3963	NotMapped		713
b0180	K02372		19275
b3845	K00632		19
b3846	K01825		15
b1805	K01897		682
b0221	K06445		24
b3081	K00219		9
b2342	K00632		24
b2341	K01782		19
b1701	K12507		3
b2344	NotMapped		6912
b0443	K12500		6
b1187	K03603		1840
b2925	K01624		26609
b2097	K01623		95
b4232	K03841		5367
b2052	K02377		2
b3895	NotMapped		652
b3891	NotMapped		2005
b4079	K00123		3
b1474	K08348		2
b1475	K08349		2
b1476	K08350		2
b3894	K00123		219
b3893	K00124		209
b3892	K00127		221
b0518	NotMapped		0
b2525	NotMapped		6027
b1385	K00146		12
b1384	K14063		11
b4291	NotMapped		51
b4290	K02016		71
b4289	K02015		20
b4288	K02015		19
b4287	K02013		99
b4293	K03088		115
b4292	NotMapped		74
b3408	NotMapped		289
b3409	NotMapped		346
b3410	NotMapped		128
b0584	NotMapped		69
b0592	K02016		179
b0588	K02013		68
b0590	K02015		30
b0587	NotMapped		2
b0589	K02015		14
b0585	NotMapped		7
b2610	K03106		4211
b2731	NotMapped		30
b0150	NotMapped		1208
b0153	K02015		68
b0151	K02013		158
b0152	K02016		101
b1102	NotMapped		20
b4367	NotMapped		319
b3361	K04095		28
b3915	NotMapped		387
b4314	K07345		14269
b4312	NotMapped		422
b4316	K07346		149
b4317	K07347		17
b4313	NotMapped		87
b4318	K07348		16
b4319	K07349		21
b4320	K07350		29
b4315	K07351		42
b0535	K07688		5
b3261	K03557		72580
b0805	NotMapped		136
b0041	NotMapped		15
b0042	NotMapped		20
b0043	NotMapped		3
b0044	NotMapped		15
b4207	K03773		10247
b3347	K03772		11791
b0028	K03774		1155
b0684	K03839		14243
b2895	NotMapped		2236
b1072	K02386		30
b1073	K02387		78
b1074	K02388		83
b1075	K02389		80
b1076	K02390		138
b1077	K02391		44
b1078	K02392		80
b1079	K02393		13
b1080	K02394		13
b1081	K02395		6
b1082	K02396		15
b1083	K02397		39
b1071	K02398		136
b1070	K02399		52
b1879	K02400		7
b1880	K02401		2
b1891	K02402		230
b1892	K02403		317
b1878	K03516		6
b1922	K02405		40
b1923	K02406		75
b1924	K02407		3
b1937	K02408		67
b1938	K02409		15
b1939	K02410		17
b1940	K02411		11
b1941	K02412		4
b1942	K02413		5
b1943	K02414		6
b1944	K02415		60
b1945	K02416		32
b1946	K02417		50
b1947	K02418		2
b1948	K02419		6
b1949	K02420		2
b1950	K02421		2
b1925	K02422		20
b1926	K02423		5
b1920	K02424		1242
b1921	K02425		15
b2321	NotMapped		285
b2000	K12687		122
b1566	NotMapped		26
b3288	K00604		2766
b1334	K01420		6551
b0904	NotMapped		446
b2492	NotMapped		2
b0048	K00287		2515
b3058	K01633		1008
b2315	K11754		1458
b0529	K01491		4317
b2153	K01495		4658
b0142	K00950		269
b1606	K13938		210
b3177	K00796		1139
b2303	K07589		4838
b3924	K00528		674
b2374	K07749		16
b4154	K00244		420
b4153	K00245		404
b4152	K00246		267
b4151	K00247		411
b3844	K05368		2512
b3370	NotMapped		0
b3371	K10708		66
b4474	NotMapped		14
b3374	K10710		5
b3375	K10711		346
b0356	K00121		4204
b0355	K01070		1299
b0357	NotMapped		1170
b0172	K02838		23316
b0239	NotMapped		791
b2167	K02769		359
b2169	K02768		395
b2168	K00882		356
b0080	K03435		987
b3900	K11201		6
b3899	K11202		2
b3897	NotMapped		0
b3898	NotMapped		10
b3950	K11202		26
b3949	K11203		2
b3953	K11202		3
b2383	K08483		6
b2387	K11202		0
b2386	K11203		0
b0825	K08313		103
b3946	K08314		28
b0479	K08223		151
b1905	K02217		6077
b1902	NotMapped		333
b0094	K03590		984
b2748	K05589		487
b3463	K09812		967
b3178	K03798		4550
b0084	K03587		349
b0890	K03466		508
b0083	K03586		416
b3933	K03591		871
b3017	NotMapped		905
b0093	K03589		336
b0089	K03588		293
b3462	K09811		838
b3464	K03110		2069
b0095	K03531		6750
b2800	K01628		10
b2802	K01818		81
b2803	K00879		17
b2799	K00048		22
b2801	K02429		0
b2805	K02430		129
b2804	K02431		558
b1612	K01676		2461
b4122	K01676		140
b1611	K01679		498
b0683	K03711		6426
b3340	K02355		84151
b4140	NotMapped		621
b2661	K00135		55
b2663	NotMapped		2
b2662	K07250		49
b1492	NotMapped		3
b3512	NotMapped		5
b3515	NotMapped		107
b3516	NotMapped		67
b0759	K01784		1734
b2042	K00963		5078
b0757	K00849		313
b0756	K01785		1675
b2943	K08137		368
b2837	K02529		243
b2151	K02529		3
b0758	K00965		335
b1236	K00963		10550
b1779	K00134		105852
b3128	K01708		29
b3124	K00865		32
b3126	K01630		16
b3127	K12299		0
b3125	K00042		127
b2094	K02773		1261
b2093	K02774		868
b2092	K02775		1319
b2091	K00094		643
b2096	K08302		5521
b2095	K00917		3240
b0124	K00117		582
b0507	K01608		15
gcp	NotMapped		1968
b2808	K03566		287
b2904	K02437		2321
b2903	K00281		397
b2479	K03567		583
b2905	K00605		475
b1761	K00262		373
b0987	NotMapped		163
b0986	NotMapped		1
b0985	NotMapped		12
b0984	NotMapped		12
b0983	NotMapped		74
b3447	K00681		27
b1033	K12972		561
b3553	K00090		2255
b2975	NotMapped		3
b2976	K01638		214
b2980	K11474		79
b2979	K00104		1
b4468	K11472		2
b4467	K11473		1
b2977	NotMapped		168
b3945	K00005		91
b2036	K01854		3076
B3429	NotMapped		168
b3432	K00700		117
b3430	K00975		257
b3428	K00688		178
b3049	NotMapped		231
b3431	K02438		47
b2388	K00845		979
b3176	K03431		5713
b3729	K00820		7232
b3730	K04042		3249
b3870	K01915		2480
b2553	K04751		5206
b0167	K00990		188
b3053	K00982		212
b3868	K07712		137
b0811	K10036		627
b0450	NotMapped		0
b3869	K07708		54
b0810	K10037		149
b0809	K10038		246
b0680	K01886		8204
b1651	K01759		5210
b0212	K01069		390
b2241	K00111		2
b2242	K00112		4
b2243	K00113		8
b3426	K00111		127
b3425	K02439		934
b3927	K02440		30
b3424	NotMapped		744
b3926	K00864		377
b2239	K01126		56
b3423	K02444		1057
b2240	K02445		49
B3925	NotMapped		1029
b2556	K07711		46
b2554	K07715		118
b0720	K01647		2408
b3212	K00265		1079
b3213	K00266		1275
b3214	NotMapped		488
b0655	K10001		1254
b0654	K10003		160
b0653	K10002		173
b0652	K10004		665
b4077	NotMapped		2118
b3653	NotMapped		365
b2400	K01885		13429
b0514	K00865		52
b0509	K00042		16
b2551	K00600		13787
b3560	K01878		12365
b3559	K01879		12974
b2053	K01711		13
b0200	K03273		1350
b3648	K00942		4423
b2051	K03207		0
b1285	K14051		36
b2029	K00033		27814
b4517	NotMapped		6667
b1550	NotMapped		4708
b3437	K00851		134
b4321	NotMapped		60
b3438	K06145		592
b3415	NotMapped		66
b4476	NotMapped		31
b3413	NotMapped		8
b3500	K00383		3255
b3385	K01091		1316
b0755	K01834		29287
b3612	K01834		5931
b3779	K01524		286
gpr	NotMapped		83
b3608	K00057		1471
b0238	K00769		16116
b3181	NotMapped		9172
b3406	NotMapped		439
b4143	K04077		52165
b4142	K04078		59001
b2614	K03687		23174
b0849	K03674		1247
b1064	K03675		936
b3610	K03676		7668
b1654	K07390		20731
b2688	K01919		1300
b2947	K01920		2739
b0829	K13892		41
b0830	K13889		71
b0831	K13890		20
b0832	K13891		28
b0477	K00892		1792
b3323	K02450		0
b3322	K02451		4
b3324	K02452		5
b3325	K02453		3
b3326	K02454		1
b3327	K02455		0
b3328	K02456		2
b3329	K02457		0
b3330	K02458		0
b3331	K02459		0
b3332	K02460		0
b3333	K02461		1
b3334	K02462		1
b3335	K02464		2
gss	NotMapped		1111
b1635	K00799		706
gtrA	NotMapped		705
gtrB	NotMapped		1260
gtrS	NotMapped		385
b2507	K01951		21887
b2508	K00088		25233
b0104	K00364		2831
b2883	K01487		41
b2787	K01706		119
b2789	K03535		0
b2788	NotMapped		1
b2706	NotMapped		18
b2708	NotMapped		596
b2231	K02469		5219
b3699	K02470		5582
b2541	K05711		7
b2540	K05710		13
b2542	K00529		22
b2538	K05708		4
b2539	K05709		2
b2537	K05817		33
b2536	K05820		116
b1967	eco_b1967		335
b0873	K05601		4
b0872	K11933		18
b2496	K10763		188
b3510	eco_b3510		714
b3509	eco_b3509		191
b3511	NotMapped		88
b4480	NotMapped		297
b1619	K00076		864
b0962	K03658		251
b1210	K02492		231
b0369	K01698		3626
b3805	K01749		1131
b3804	K01719		136
b3997	K01599		2118
b2436	K00228		221
b3850	K00230		863
b0475	K01772		476
b0154	K01845		4631
b3867	K02495		873
b3803	K02496		1016
b3802	NotMapped		798
b4175	K04087		4009
b1132	NotMapped		763
b4174	K04088		3846
b4173	NotMapped		684
b4172	K03666		27919
b0460	NotMapped		2927
b4532	NotMapped		14
b1438	NotMapped		280
b3082	NotMapped		315
b3083	NotMapped		31
b1103	NotMapped		3872
b1507	NotMapped		134
b1508	NotMapped		175
b2024	K01814		872
b2022	K01089		1672
b2021	K00817		1377
b2020	K00013		1430
b2025	K02500		1002
b2019	K00765		2848
b2023	K02501		1131
b2026	K11755		2356
b2309	K10014		1763
b2018	NotMapped		913
b2307	K10015		79
b2306	K10017		241
b2308	K10016		88
b2514	K01892		3774
hiuH	NotMapped		52
b1182	K11139		4
b2552	K05916		984
b1237	K03746		86090
b0107	K02504		1
b0106	K02505		3
b3395	K12288		17
b3394	K12289		5
b3393	K12290		2
b3392	K12291		0
b3391	K02507		2
b4455	NotMapped		7
b4428	NotMapped		13
b4412	NotMapped		0
b1562	NotMapped		18
b4415	NotMapped		2
b0640	K02340		140
b1099	K02341		218
b4259	K02339		266
b4372	K02344		338
b1842	K02345		1204
b3203	eco_b3203		1006
b0125	K00760		7860
b1413	K03578		602
b0148	K03579		134
b2526	K04044		2256
b2527	K04082		1461
b0650	K04045		5
b4349	K03427		2090
b4350	K01153		404
b4348	K01154		552
b1379	NotMapped		1675
b3401	K04083		6405
b3400	K04762		676
b3931	K03667		9329
b3932	K01419		6354
b0966	NotMapped		830
b3754	NotMapped		10
b0473	K04079		12381
b1829	K03799		4504
b0139	NotMapped		0
b4000	K05787		86734
b0440	K03530		74002
b0972	K06282		1
b0973	K06281		1
b0974	NotMapped		0
b0975	K03605		1
b0976	NotMapped		1
b0977	NotMapped		1
b2996	NotMapped		114
b2995	NotMapped		46
b2994	K06281		273
b2993	K08567		133
b2992	NotMapped		116
b2991	NotMapped		47
b2990	NotMapped		194
b2997	K06282		191
b2725	NotMapped		0
b2724	NotMapped		4
b2723	NotMapped		1
b2722	NotMapped		4
b2721	K00540		10
b2720	NotMapped		14
b2719	NotMapped		21
b2718	K00540		28
b2717	K08315		191
b2713	NotMapped		3
b2481	K12136		0
b2482	K12137		0
b2483	K12138		0
b2484	K12139		0
b2485	K12140		0
b2486	K12141		0
b2487	K12142		4
b2488	NotMapped		5
b2489	K12144		2
b2490	K12145		3
b2491	K12146		0
b0508	K01816		4
b2726	NotMapped		1
b2727	NotMapped		164
b2728	NotMapped		56
b2729	NotMapped		82
B2730	NotMapped		72
b2712	NotMapped		38
b2873	K01464		1
b0828	K13051		74
b4328	K01305		1637
b2753	K09612		99
b3687	K04080		2834
b3686	K04081		620
ibsA	NotMapped		0
ibsB	NotMapped		0
ibsC	NotMapped		0
ibsD	NotMapped		0
ibsE	NotMapped		5
b1136	K00031		29482
b4018	K13641		519
b2889	K01823		110
b4267	K00098		8
b4268	K00851		29
b4266	K00046		50
b4264	K06146		84
b4265	NotMapped		4
b1712	K04764		11148
b0912	K05788		15238
b0026	K01870		6143
b3772	K01754		346
b3671	K01652		1207
b3774	K00053		865
b3771	K01687		579
b3770	K00826		2072
b0078	K01653		146
b0077	K01652		115
b3766	NotMapped		3985
b3769	K11258		59
b3670	K01653		897
ilvX	NotMapped		102
b3773	K02521		100
b2237	NotMapped		369
b0884	K02518		30461
b3168	K02519		13806
b1718	K02520		22624
insA	NotMapped		2
insB	NotMapped		2
insC	NotMapped		8
b1578	NotMapped		1
insE	NotMapped		6
insF	NotMapped		1
b4278	NotMapped		195
insH	NotMapped		21
insI	NotMapped		6
b3557	NotMapped		41
b3558	NotMapped		26
insL	NotMapped		11
insQ	NotMapped		47
b2622	NotMapped		286
b0537	NotMapped		17
b1140	NotMapped		8
b0281	NotMapped		651
b1345	NotMapped		11
b2349	NotMapped		264
b2442	NotMapped		54
b4326	NotMapped		7
b1160	NotMapped		14
b0382	NotMapped		350
b2528	NotMapped		5912
b2531	K13643		5551
b2530	K04487		13340
b2529	NotMapped		13785
b2524	NotMapped		4185
b0421	K00795		950
b3187	K02523		2699
b2747	K00991		485
b1208	K00919		513
b2746	K01770		1249
b2515	K03526		1678
b0029	K03527		1585
b0174	K00806		830
b3672	NotMapped		614
b0220	eco_b0220		1324
b1732	K03781		26
b3942	K03782		2814
b3137	K08302		7
b3132	K00917		12
b3617	K00639		3729
b1250	NotMapped		120
b3526	K00874		2326
b1827	NotMapped		2240
b3909	NotMapped		3
b0698	K01546		1
b0697	K01547		3
b0696	K01548		9
b0695	K07646		68
b0694	K07667		127
b4513	K01545		0
b1215	K01627		6456
b0918	K00979		3374
b3198	K03270		997
b3197	K06041		751
b2842	K00065		177
b2843	K01815		95
b0465	NotMapped		744
b3350	NotMapped		32
b0047	NotMapped		58
b0046	NotMapped		101
b3351	NotMapped		69
b2587	K03761		4544
b1352	NotMapped		2
b4331	K07559		8
b3747	NotMapped		404
b0342	K00633		17
b0345	NotMapped		265
b0343	K02532		3
b0344	K01190		31
b4036	NotMapped		100
b1192	K01297		380
b0186	K01582		17
b1380	K03778		2583
b4421	NotMapped		0
b4453	NotMapped		14
b2569	NotMapped		5939
b2568	K03100		1315
b0074	K01649		337
b0073	K00052		662
b0072	K01703		780
b0071	K01704		1031
b1798	NotMapped		324
b0075	NotMapped		1783
b0076	K05798		11
b0642	K01869		8069
b4043	K01356		2752
b2828	K13292		1509
b2660	NotMapped		0
b1653	K03724		5
b2411	K01972		2004
b3647	K01972		4
b0147	NotMapped		94
b0628	K03644		11920
b0630	K03801		980
b1139	NotMapped		84
b3454	K01996		331
b3455	K01995		215
b3457	K01997		221
b3460	K01999		1694
b3458	K01999		845
b3456	K01998		176
b3605	K00101		445
b3603	NotMapped		44
b3604	K14348		61
b0657	K03820		442
b0891	NotMapped		1198
b1209	NotMapped		1417
b1116	K09808		346
b1117	K09810		817
b1118	K09808		321
b0439	K01338		5477
b0222	K03271		4159
b0116	K00382		44872
b4386	K03800		488
b2835	K08227		100
b1677	NotMapped		1191641
b3200	NotMapped		1666
b3201	K06861		1481
b3199	NotMapped		519
b0054	NotMapped		2267
b0641	NotMapped		1403
b4261	K07091		946
b4262	K11720		775
b0181	K00677		2545
b0182	K00748		398
b0096	K02535		5806
b0179	K02536		4225
b0524	K03269		214
b0915	K00912		264
b1054	K02517		938
b1855	K02560		787
b2378	K12974		27
b2174	NotMapped		777
b2289	NotMapped		962
b0889	K03719		4901
b0027	K03101		1182
b1513	K10558		0
b1516	K10555		8
b1514	K10556		0
b1515	K10557		0
b1517	K08321		20
b1518	NotMapped		22
b1511	K11216		5
b1512	K11531		83
b0870	K01620		684
b2687	K07173		9963
b2838	K01586		1317
b4024	K00928		397
b2156	NotMapped		2365
b2839	NotMapped		82
b2890	K04567		15890
b4129	K04567		1644
b3580	K00880		1
b0459	K00661		336
b0878	NotMapped		224
b0879	K05685		96
b1479	K00027		1331
b2463	K00029		1216
b0394	K00847		458
b4034	K10108		652
b4033	K10109		25
b4032	K10110		42
b1620	NotMapped		102
b4035	K10111		31
b4037	eco_b4037		131
b3417	K00688		744
b3416	K00705		222
b3571	K01176		12
b3418	K03556		377
b1621	K02790		61
b1622	K14155		179
b0403	K01187		90
b1613	K01809		1879
b1817	K02793		2425
b1818	K02795		2694
b1819	K02796		2624
B0168	NotMapped		9464
b1531	K13632		1160
b1532	NotMapped		266
b1529	NotMapped		156
b1530	K03712		88
b0294	NotMapped		4
b0293	NotMapped		174
matC	NotMapped		5
b0956	NotMapped		601
mazE	NotMapped		853
mazF	NotMapped		253
b2781	K02428		566
b0806	NotMapped		6
b1450	K13654		7
b1159	NotMapped		100
b4346	NotMapped		334
b4345	NotMapped		41
b3028	NotMapped		2863
mdfA	NotMapped		291
b3236	K00024		9529
b0448	K06147		75
b0449	K06148		70
b2074	K07799		93
b2075	K07788		39
b2076	K07789		24
b2077	NotMapped		10
b3513	NotMapped		7
b3514	NotMapped		3
b1053	K08161		20
b1065	K08162		8
b1599	NotMapped		104
b1600	NotMapped		96
b1663	NotMapped		670
b3710	K08163		55
b4337	NotMapped		23
mdtN	NotMapped		0
mdtO	NotMapped		0
mdtP	NotMapped		0
b4119	K07406		14
b4120	NotMapped		3
b4118	NotMapped		16
b3930	K02548		935
b2262	K01661		3887
b2261	K02549		593
b2264	K02551		166
b2260	K01911		192
b2265	K02552		165
b2263	K08680		49
b2328	K07261		625
b4013	K00651		318
b3939	K01739		183
b3008	K01760		596
b3829	K00549		571
b3941	K00297		192
b2114	K01874		6555
b4019	K00548		559
b0198	K02072		1092
b3938	K03764		6612
b2942	K00789		22856
b3940	K12525		972
b0199	K02071		2315
b0197	K02073		7841
b3828	K03576		292
b1114	K03723		588
b2149	K10542		52
b2150	K10540		289
b2148	K10541		76
b1826	NotMapped		941
b0963	K01734		3468
b4242	K01531		286
mgtL	NotMapped		3365
b0347	K05712		0
b0348	K05713		1
b0349	K05714		15
b0350	K02554		6
b0352	K01666		15
b0351	K04073		14
b0346	K05818		191
b0353	K05819		3
b4171	K00791		470
b0661	NotMapped		5163
b1176	K03610		857
b1175	K03609		5358
b1174	K03608		3597
b3742	NotMapped		2094
b1782	NotMapped		20925
b2346	NotMapped		3213
b3191	NotMapped		1630
b3192	NotMapped		5249
b3193	K02067		2239
b3194	K02066		864
b3195	K02065		1079
b1639	NotMapped		95
b2127	NotMapped		1
b2813	K08304		901
b2701	K08305		926
b2963	K08306		392
b0211	K08307		761
b2558	NotMapped		70
b0261	K00547		101
b0260	NotMapped		39
b0731	K11198		0
b0732	K01191		18
b0730	K11922		292
b1133	K00566		2192
b2324	NotMapped		227
b3706	NotMapped		1049
b3741	K03495		2316
b2392	NotMapped		136
b0817	K11924		637
b0781	K03639		268
b0782	NotMapped		1348
b0783	K03637		1266
b0784	K03636		1029
b0785	K03635		897
b3857	NotMapped		115
b3856	NotMapped		156
b2877	NotMapped		30
b0763	K02020		769
b0764	K02018		56
b0765	K02017		57
b0761	K02019		653
b0760	K05776		123
b0827	NotMapped		1323
b0826	K11996		325
b0009	K03831		2026
b1420	NotMapped		4
b0018	NotMapped		0
b1890	K02556		1
b1889	K02557		2
b1326	NotMapped		109
b4233	K02558		2560
b1329	K02035		461
b2684	K03712		14109
b2210	K00116		1554
b3021	K13655		448
b3022	NotMapped		50
b0087	K01000		885
b0081	NotMapped		203
b3396	K05366		554
b0149	K05365		521
b0635	K05515		324
b0634	K05837		435
b3251	K03569		11304
b3250	K03570		738
b3249	K03571		367
b2113	K03593		5277
b4351	NotMapped		426
b0914	K11085		1044
b3291	NotMapped		2802
mscM	NotMapped		357
b2924	NotMapped		4271
b4219	K07304		482
b1778	K07305		3069
b1051	NotMapped		402
b1976	NotMapped		151
b3208	K03814		47
b3599	K02798		419
b3600	K00009		851
b3601	K02562		232
b0159	K01243		6313
b3161	NotMapped		66
b3068	K03649		455
b0924	K03632		1215
b0923	K03804		995
b0922	K03633		633
b3189	K00790		4855
b3972	K00075		909
b0091	K01924		1242
b0088	K01925		885
b0085	K01928		1147
b0086	K01929		911
b0090	K02563		518
b3967	K01776		989
b1069	K03980		674
b2429	K11191		29
b2428	K07106		286
b2427	NotMapped		54
b2831	K03573		119
b4170	K03572		160
b3635	K10563		684
b2733	K03555		1049
b0099	K03574		623
b2961	K03575		501
b3096	NotMapped		468
b1988	NotMapped		0
b0750	K03517		4511
b2574	K00278		2317
b0109	K00767		1072
b0639	K00969		318
B1740	NotMapped		3352
b2615	K00858		218
b4390	K06211		416
b0677	K01443		487
b0678	K02564		1391
b0676	K02565		505
b0675	NotMapped		2085
b0679	K02802		1222
b1119	K00884		177
b1107	K01207		873
b3225	K01639		319
b4311	NotMapped		0
b3223	K01788		93
b3222	K00885		43
b4310	NotMapped		53
b3226	NotMapped		498
b4309	NotMapped		13
b3224	K03290		3
b2206	K02567		165
b2203	K02568		168
b2202	K02569		74
b2207	K02570		28
b2208	K02572		10
b2205	K02573		22
b2204	K02574		20
b1224	K00370		3
b1225	K00371		8
b1227	K00374		20
b1226	K00373		5
b1223	K02575		1
b1221	K07684		1667
b2193	K07685		1731
b2469	K07674		38
b1469	K02575		0
b1465	K08347		7
b1466	K08361		1
b1222	K07673		64
b1467	K08346		3
b1468	K08345		4
b1109	K03885		13264
b2518	K00940		44876
b0714	K05522		248
b1650	K10680		514
b1649	NotMapped		90
b3662	K03445		168
b3998	K05982		169
b2159	K01151		1041
b0568	NotMapped		50
b0569	NotMapped		6
b0851	K10678		1916
b0578	K10679		6231
b3414	K07400		15911
b0019	K03313		1046
b1186	K03314		1060
b0020	K03717		141
b1463	K00675		53
b3476	K02035		30
b3477	K02033		6
b3478	K02034		14
b3479	K02031		15
b3480	K02032		13
b3481	K07722		758
b0548	NotMapped		0
b3365	K00362		17
b3367	NotMapped		116
b3366	K00363		23
b3661	K02073		272
b1708	K13695		495
b2742	NotMapped		1349
b0192	NotMapped		484
b3163	NotMapped		389
nohD	NotMapped		6
b2709	K12266		88
b2710	NotMapped		0
b2711	NotMapped		2
b3206	K08485		389
b2234	K00525		6667
b2235	K00526		4414
b4238	K00527		256
b2675	K00525		62
b2676	K00526		88
b4237	K04068		25
b2673	NotMapped		735
b2674	NotMapped		63
b0413	K07738		802
b4070	K03385		6
b4071	K04013		1
b4072	K04014		1
b4073	K04015		1
b4074	K04016		0
b4075	K04017		0
b4076	K04018		0
b4178	K13771		426
b1633	K10773		542
b1865	K08310		288
b3996	K03426		593
b3397	K08312		1130
b3034	K01515		704
b1759	K08320		381
b2251	K12944		196
b1134	K12152		380
b2467	K12945		326
b1813	NotMapped		110
b2288	K00330		3084
b2287	K00331		4225
b2286	K13378		3010
b2285	K00334		3963
b2284	K00335		2470
b2283	K00336		2657
b2282	K00337		1631
b2281	K00338		2352
b2280	K00339		1336
b2279	K00340		1352
b2278	K00341		1634
b2277	K00342		2158
b2276	K00343		2545
b2393	NotMapped		2588
b2964	K03289		230
b2161	NotMapped		0
b3169	NotMapped		10864
b0416	NotMapped		6870
b3982	NotMapped		18635
b3183	NotMapped		4571
b2082	NotMapped		1104
b1335	K00567		163
b0957	eco_b0957		207618
b2215	K09475		163538
b0929	K09476		88988
b1319	NotMapped		0
b3875	NotMapped		1
b1377	NotMapped		4
b3405	K07659		2248
b0565	K01355		40237
b1256	NotMapped		331
b0814	NotMapped		125295
opgB	NotMapped		450
opgC	NotMapped		257
opgD	NotMapped		596
opgG	NotMapped		4229
opgH	NotMapped		1234
b1243	K02035		21419
b1244	K02033		2694
b1245	K02034		2612
b1246	K02031		3522
b1247	K02032		3935
b4162	NotMapped		3846
b1283	NotMapped		1297
b1482	eco_b1482		431
b1739	K04064		1466
b2131	K05845		19
b4376	eco_b4376		864
b1896	K00697		43
b1897	K01087		4
b2373	K01577		8
b3961	K04761		1867
b1388	K02609		2
b1389	K02610		4
b1390	K02611		1
b1391	K02612		1
b1392	K02613		7
b1393	K01692		2
b1394	K01692		5
b1395	K00074		2
b1396	K02614		5
b1397	K02615		6
b1398	K01912		8
b1399	K02616		177
b1400	NotMapped		222
paaZ	NotMapped		4
b3360	K01664		380
b1812	K01665		363
b1096	K02619		82
b0622	K12973		16
b0741	NotMapped		64020
b0134	K00606		7878
b0133	K01918		3635
B0131	NotMapped		15147
B0425	NotMapped		589
b3258	NotMapped		382
paoA	NotMapped		0
paoB	NotMapped		1
paoC	NotMapped		1
paoD	NotMapped		1
b3019	K02621		1554
b3030	K02622		2414
patA	NotMapped		8
b2519	K05367		18
b2134	K07262		1005
b3403	K01610		7029
b2743	K00573		556
b0143	K00970		1518
b0113	K05799		2126
b0052	K00097		275
b2320	K03473		1893
b1638	K00275		1180
B2564	NotMapped		1846
b2418	K00868		1273
b1636	K00868		853
b4260	K01255		2548
b2523	K07751		2611
b0237	K01270		7408
b4021	K05995		236
b0932	K01256		3051
b2908	K01262		1224
b3847	K01271		2511
b1127	K01258		244
b0254	NotMapped		10
b3916	K00850		4667
b1723	K00850		807
b0902	K04069		2129
b0903	K00656		10029
b3952	K04069		2
b3951	K00656		12
b1024	NotMapped		1
b1023	NotMapped		1
b1022	NotMapped		4
b1021	NotMapped		12
b4025	K01810		9385
b2926	K00927		25539
b0767	K07404		2592
b0688	K01835		3596
b0418	K01095		443
b1278	K01096		80
b1912	K00995		736
b2599	K14170		1783
b2598	NotMapped		365
b1715	NotMapped		379
b0576	NotMapped		720
b1714	K01889		8935
b1713	K01890		8573
b4106	K02041		0
b4105	K02044		1
b4102	K02043		0
b4101	K06166		0
b4100	K06165		3
b4099	K06164		1
b4098	K06163		0
b4097	K05781		2
b4096	K05780		1
b4095	K06162		0
b4094	K05774		2
b4093	K09994		79
b4092	K06167		27
b0383	K01077		89
b0399	K07657		212
b0241	NotMapped		62
b1020	NotMapped		20
b1130	K07660		1508
b1129	K07637		130
b0400	K07636		69
b3724	NotMapped		1185
b3379	NotMapped		0
b0708	K01669		21
b1158	NotMapped		14
b3493	NotMapped		3649
b2987	NotMapped		14
b3821	K01058		1175
b3825	K01048		130
pliG	NotMapped		761
b4041	K00631		1896
b3018	K00655		862
b1090	K03621		204
plsY	NotMapped		200
b4235	K03592		2444
b2259	NotMapped		258
b1768	K08281		1341
b0931	K00763		2424
b3164	K00962		11905
b1603	K00324		1896
b1602	K00325		1164
b0751	NotMapped		1384
b3863	K02335		2028
b0060	K02336		32
b1126	K11072		3596
b1125	K11071		1319
b1124	K11070		1173
b1123	K11069		9151
b0692	NotMapped		5
b0854	K11073		257
b0855	K11076		75
b0856	K11075		28
b0857	K11074		20
b0871	K00156		40
b4226	K01507		66605
b3956	K01595		2530
b2826	K02679		1
b2825	K02680		4
b2823	K02681		10
b0108	K02682		0
b1838	K07313		8
b2734	K07314		15
b3363	K03767		4423
b0525	K03768		25909
b3775	K03769		9133
b0441	K03770		3717
b2501	K00937		257
b2972	K02654		179
b1702	K01007		2730
b1703	NotMapped		453
b1461	K01821		323
B2502	NotMapped		415
b0950	NotMapped		143
b0951	NotMapped		439
b1494	K07263		48
b1830	K03797		1482
b1211	K02835		1059
b2891	K02836		10031
b4375	K02837		7808
b3935	K04066		105
b4201	K02686		1148
b0467	K04067		161
b3355	K00855		190
b3498	K01414		3082
b3259	K02687		3883
b2330	K07320		1886
b1212	K02493		188
b0243	K00147		2289
b0242	K00931		2048
b0386	K00286		1913
b4111	K03762		465
b1831	NotMapped		13828
b0194	K01881		12156
b2677	K02000		83
b2678	K02001		91
b2679	K02002		170
b0402	NotMapped		1294
b0331	K03417		0
b0333	K01659		0
b0334	K01720		1
b0335	K01908		0
b0330	K02688		0
prr	NotMapped		40
b1207	K00948		19750
b4160	K01613		1980
b4030	NotMapped		8
b0384	NotMapped		17
b1304	NotMapped		1652
b1305	NotMapped		341
b1306	K03973		300
b1307	NotMapped		100
b1308	NotMapped		1557
b1303	K03974		121
b4050	NotMapped		124
b2585	K00998		1855
b3726	K02038		467
b3725	K02036		1847
b3727	K02037		452
b3728	K02040		1011
psuG	NotMapped		14
psuK	NotMapped		2
psuT	NotMapped		0
b2297	K13788		13861
b1204	K01056		1966
b2821	K01407		227
b1845	K01354		86
b3947	K08483		4
b1101	K02778		15389
b2415	K02784		54232
b2416	K08483		15068
b3204	K02806		1827
b2829	K08484		401
b4177	K01939		11727
b1131	K01756		7380
b2476	K01923		2986
b4005	K01945		1072
b0523	K01588		1068
b2312	K00764		1339
b4006	K00602		1919
b0522	K01589		655
b2557	K01952		1132
b2499	K01933		1596
b2500	K11175		753
purP	NotMapped		2980
b1658	K03604		4198
b1849	K08289		671
b1232	K01433		5277
B1014	NotMapped		222
b1015	NotMapped		1637
b1297	K09470		109
b1301	K09471		31
b1300	K09472		24
b1298	K09473		84
b1302	K00823		14
b1296	NotMapped		13
b1299	K14056		246
b1854	K00873		2749
b1676	K00873		12968
b4245	K00609		1359
b1062	K01465		4309
b0945	K00226		1798
b3642	K00762		823
b1281	K01591		3128
b2780	K01937		14494
b0171	K09903		8703
b4244	K00610		1082
b4246	NotMapped		1097
b0489	NotMapped		178
qorA	NotMapped		217
qorB	NotMapped		201
b3025	K07666		138
b3026	K07645		94
qseD	NotMapped		58
b0405	K07568		1361
b0444	K06920		1975
b2765	K01737		2724
b2794	K06879		1522
quuD	NotMapped		6
quuQ	NotMapped		19
b1351	NotMapped		9
b1356	NotMapped		267
b4389	K04485		428
b2597	NotMapped		3606
ralR	NotMapped		28
rapA	NotMapped		5109
b0892	NotMapped		309
b3819	NotMapped		331
b3746	NotMapped		140
b3486	NotMapped		180
b3167	NotMapped		6180
b2268	K00784		468
b3749	K10441		263
b3751	K10439		1714
b3750	K10440		324
b3748	K06726		585
b3752	K00852		816
b3753	K02529		93
b2106	NotMapped		48
b2105	NotMapped		287
b1951	K07781		14
b2217	K07687		5968
b2218	K07677		102
b2216	K07676		287
b0196	K06080		3116
b2954	K01516		1397
b0393	K03554		2964
b3859	NotMapped		407
b2699	K03553		10377
b2820	K03582		93
b2822	K03583		118
b2819	K03581		113
b1350	NotMapped		15
b3700	K03629		149
b3652	K03655		112
b2892	K07462		504
b2616	K03631		407
b2565	K03584		85
b3822	K03654		155
b0472	K06187		1342
b1349	K07455		28
b2698	NotMapped		71
b2784	K00951		356
b1564	NotMapped		2831
b1563	NotMapped		377
b1561	NotMapped		4
b3778	K03656		453
b3628	K02840		261
b3621	K02841		403
b3619	K03274		8651
b3052	K03272		2803
b3620	K02843		772
b3631	K02844		374
b3842	K05785		596
b3627	K03275		236
b3626	K03279		461
b3622	K02847		451
b3630	K02848		272
b3632	K02849		454
b3629	K12986		219
b3625	K02850		427
b3624	K12981		279
b2039	K00973		3760
b2041	K01710		5290
b2038	K01790		1965
b2040	K00067		2876
b2037	NotMapped		614
b2035	K13008		377
b3784	K02851		1448
b3791	K02805		969
b3790	NotMapped		143
b3787	K02472		1074
b3786	K01791		1326
b3788	K01710		868
b3789	K00973		528
b3794	K02852		590
b4481	K12582		324
b3903	K01813		4
b3904	K00848		0
B3902	NotMapped		29
b3901	K03534		9
b3906	K02854		2
b3905	K02855		4
b3907	NotMapped		1
b3780	K03732		3459
b0797	K11927		815
rhmA	NotMapped		78
rhmD	NotMapped		1
rhmR	NotMapped		0
rhmT	NotMapped		0
b3783	K03628		17921
b3593	NotMapped		0
b3482	NotMapped		1
b0700	NotMapped		0
b0497	NotMapped		2
b0813	NotMapped		132
b3824	NotMapped		84
b3823	NotMapped		225
b1277	K01497		2328
b3041	K02858		3124
b1662	K00793		2279
b0414	K11752		617
b0415	K00794		10923
b0025	K11753		720
b0651	K01250		516
b2162	K10213		0
b0030	K12700		612
b4373	K03789		625
b1066	K03790		362
b0852	NotMapped		101
b1427	K03817		174
b2608	NotMapped		6216
b3282	NotMapped		2394
b0835	NotMapped		4329
b3170	NotMapped		6151
rlmA	NotMapped		1014
b4180	K03218		2258
b3179	K02427		1629
b0807	K06970		928
b3084	K11391		1106
b0636	NotMapped		1099
b0967	K06969		3062
b0948	K12297		1759
b2806	NotMapped		2057
b2517	K06941		3887
b0633	NotMapped		1308
b0058	K06177		585
b1269	K06178		6949
b1086	K06179		2439
b2594	K06180		2383
b1135	K06181		364
b4022	K06182		519
b0953	eco_b0953		256
b3832	NotMapped		62
b0611	K01169		1489
b1286	K01147		4732
b2567	K03685		3393
b1804	K03684		785
b1084	K08300		2729
b3247	NotMapped		440
b0214	K03469		804
b0183	K03470		604
b0610	K06140		3754
b2630	NotMapped		565
b3704	K03536		1940
b4179	K12573		1121
b1652	NotMapped		1089
b4396	K05804		1593
b2516	eco_b2516		1309
b0189	NotMapped		1158
b3386	K01783		2199
b3643	K00989		5342
b2914	K01807		8526
b4090	K01808		84
b4089	NotMapped		328
b3984	K02863		143769
b3317	K02886		126480
b3320	K02906		118352
b3319	K02926		131359
b3308	K02931		111791
b3305	K02933		117546
b4203	K02939		139354
b3985	K02864		138126
b3983	K02867		153601
b3986	K02935		472965
b3231	K02871		119510
b3310	K02874		118153
b3301	K02876		117266
b3313	K02878		131270
b3294	K02879		154167
b3304	K02881		109512
b2606	K02884		155640
b1716	K02887		114460
b3186	K02888		147570
b3315	K02890		133394
b3318	K02892		103687
b3309	K02895		79197
b2185	K02897		137338
b3185	K02899		139118
b3637	K02902		177562
b3312	K02904		122129
b3302	K02907		110113
b3936	K02909		181267
b1089	K02911		196317
b3636	K02913		153443
b3703	K02914		195605
b1717	K02916		161842
b3299	K02919		118492
b3295	K03040		47625
b3987	K03043		16156
b3988	K03046		17553
b3067	K03086		11809
b2573	K03088		532
b3461	K03089		3424
b3202	K03092		459
b2741	K03087		2254
b3649	K03060		29488
b2830	K08311		626
b0911	K02945		126181
b0169	K02967		143643
b3314	K02982		114735
b3296	K02986		158063
b3303	K02988		114899
b4200	K02990		170065
b3341	K02992		151573
b3306	K02994		110023
b3230	K02996		175324
b3321	K02946		159240
b3297	K02948		136478
b3342	K02950		138745
b3298	K02952		118618
b3307	K02954		135510
b3165	K02956		155015
b2609	K02959		162221
b3311	K02961		118366
b4202	K02963		153647
b3316	K02965		120180
b0023	K02968		169651
b3065	K02970		197851
b3929	NotMapped		3341
b4255	eco_b4255		10698
b3995	NotMapped		314
b2572	NotMapped		1136
b2571	NotMapped		493
b2570	NotMapped		244
b0176	K11749		392
b4161	K06949		1289
rsmA	NotMapped		3312
b3289	K03500		1406
b4371	K00564		2214
b3465	K08316		745
b2946	K09761		1010
b1835	K11392		447
b3740	K03501		2210
b0082	K03438		976
b3146	NotMapped		953
b1581	NotMapped		13
b1580	K08322		20
b1234	NotMapped		256
b1235	K02485		170
b1608	K07661		389
b1609	K07639		101
b2183	K06183		2485
b1627	NotMapped		444
b1628	NotMapped		466
b1629	NotMapped		469
b1630	NotMapped		357
b1632	NotMapped		393
b1631	NotMapped		392
b4475	K01974		32
b3421	NotMapped		67
b3422	NotMapped		8
b2176	NotMapped		41
rumA	NotMapped		503
rumB	NotMapped		259
b0550	K01160		0
b1012	K09018		0
b1011	K09020		0
b1010	K09021		0
b1009	K09023		0
b1008	K09019		0
b1007	K09024		9
b1006	NotMapped		2
b1013	K09017		201
b1861	K03550		657
b1860	K03551		452
b1863	K01159		462
rzoQ	NotMapped		0
b0556	K01423		12
b1573	NotMapped		1
b1525	K08324		202
safA	NotMapped		0
b2144	NotMapped		128
b1294	K02035		363
b1293	K02033		180
b1292	K02034		181
b1291	K02031		245
b1290	K02032		257
b2011	K01141		401
b0397	K03546		135
b0398	K03547		245
b0377	NotMapped		76
b2009	NotMapped		81
b3917	K02048		7
b2917	K01847		0
b2919	K11264		37
b2920	NotMapped		1
b1814	K01752		2133
b2797	K01752		8533
b2796	NotMapped		15068
b0723	K00239		3611
b0724	K00240		4850
b0721	K00241		3179
b0722	K00242		2341
b1916	K07782		434
b0098	K03070		3987
b3609	K03071		21205
b0408	K03072		2699
b3981	K03073		10472
b0409	K03074		2927
b3175	K03075		12154
b0097	K13301		560
b3300	K03076		9848
b3591	K01042		644
b3590	NotMapped		1083
b1764	K01008		2740
selU	NotMapped		266
b0687	K03645		4435
b2913	K00058		5109
b4388	K01079		790
b0907	K00831		3643
b0893	K01875		11805
b0070	K03291		56
b2170	K03291		7
b3659	K03291		5
b0530	K07352		7
b0531	K07353		0
b0532	K07354		0
b0534	K07355		6
b0533	K07356		3
b0146	NotMapped		349
b3188	K07724		171
b4302	K02773		94
b4565	K02774		10
b4304	K02775		3
b4301	NotMapped		29
b4303	NotMapped		36
b4300	NotMapped		14
b4305	NotMapped		0
b0069	K11925		236
sgrT	NotMapped		0
b1981	K08172		163
shoB	NotMapped		17
b1353	NotMapped		29
b3470	K04085		2167
b2340	K08296		1246
skp	NotMapped		20120
b3641	K05501		2323
b3506	NotMapped		69
b4392	K08309		270
b1642	K06075		1287
b1641	NotMapped		18522
b3349	K03775		38169
b3348	NotMapped		2618
b4473	NotMapped		20
b3284	NotMapped		216
b2620	NotMapped		4934
b0921	NotMapped		323
b3908	K04564		50220
b1656	K04564		33494
b1646	K04565		28
b3129	NotMapped		470
b1272	K04774		1334
b1059	K02846		1014
b4063	K13639		206
b4062	K13631		1395
b2938	K01585		9452
b2937	K01480		11961
b2965	K01581		684
b0120	K01611		6346
b0121	K00797		4911
b0693	K01581		0
b1584	K00657		2235
b3650	K01139		472
b1766	K04773		547
b2175	K13694		3931
b1743	NotMapped		309
b1480	K02972		396
b2702	K02783		12
b2704	K02781		83
b2705	K00068		139
b2703	K02782		11
b2707	K02468		210
b2576	K05590		2324
b4059	K03111		14444
b2521	K01011		858
b2522	NotMapped		1466
b2879	NotMapped		0
b3229	K03599		12135
b3228	NotMapped		2957
b3089	NotMapped		1712
b0936	K02051		5
b0933	K02049		7
b0934	K02050		3
b0935	K04091		11
b0937	K00299		2
stfP	NotMapped		3
stfQ	NotMapped		0
b1372	NotMapped		0
b3962	K00322		845
b2669	K11685		28631
b0726	K00164		3431
b0727	K00658		10970
b0728	K01903		5335
b0729	K01902		6091
b1684	NotMapped		146
b1683	NotMapped		75
b1682	K09013		117
b1681	NotMapped		82
b1679	NotMapped		76
b1680	K11717		63
b4148	NotMapped		167
b2533	K01092		11711
b0958	K13053		334
b0053	K03771		3872
b2744	K03787		439
b0959	NotMapped		33
b2793	NotMapped		982
b4347	NotMapped		184
b4252	NotMapped		1052
b2559	K11991		699
b3549	K01246		285
b2464	K00616		86
b0008	K00616		19464
b1519	K00598		40
b1885	K05877		0
b1886	K05875		1
b2834	NotMapped		882
b3836	K03116		6336
b3838	K03117		1068
b3839	K03118		1148
b4483	NotMapped		254
b0627	K03425		3465
b0365	K02051		3
b0366	K02049		0
b0367	K02050		0
b0368	K03119		7
b3118	K07592		6
b3117	K01754		5
b3116	NotMapped		83
b3115	K00932		30
b3114	K00656		88
b3113	NotMapped		99
b4471	K01752		18
b3119	NotMapped		0
b3616	K00060		4448
b1238	K00857		1249
b1429	NotMapped		111
b1430	NotMapped		1103
b0494	K10804		400
b0452	K10805		850
b1156	NotMapped		5
tfaP	NotMapped		13
tgt 	NotMapped		8185
thiB	NotMapped		193
b3994	K03147		15
b2103	K00941		31
b3993	K00788		6
b3992	K03148		5
b3991	K03149		15
b3990	K03150		11
b0423	K03151		3830
b1106	K07251		35
b0417	K00946		492
b2104	K00878		39
b0067	K02063		34
b0066	K02062		95
b4407	K03154		3
b0002	K12524		3789
b0003	K00872		1981
b0004	K01733		4879
b0001	NotMapped		11221
b1719	K01868		12096
b2827	K00560		3089
b0436	K03545		69639
b0188	K04075		490
b4618	NotMapped		19
b2935	K00615		13819
b2465	K00615		64
b3244	K03568		1635
b2474	NotMapped		53
b1098	K00943		940
b3708	K01667		18
b3709	NotMapped		0
b3707	NotMapped		1
b0739	NotMapped		476
b0740	NotMapped		6049
b3035	K12340		8768
b0737	K03562		1667
b0738	NotMapped		864
b0461	NotMapped		22
b1252	NotMapped		647
b1274	K03168		2792
b1763	K03169		419
b0997	K07811		2
b0996	K03532		0
b0998	K03533		0
b4501	NotMapped		62
b0995	K07772		254
b0993	K07647		3
b0994	NotMapped		13
b1873	NotMapped		0
b1872	K07812		16
b3919	K01803		11959
b1229	NotMapped		0
b1324	K11065		47473
b1601	NotMapped		26
b1197	K01194		24
b4240	K02818		66
b4239	K01226		79
b3519	K01194		27
b4241	K03485		237
b1421	K05876		1
b3290	NotMapped		563
b1363	NotMapped		60
b3849	NotMapped		234
b3965	K00557		1907
b2607	K00554		1778
b3651	K00556		605
b2960	K03439		4353
b2532	K02533		3417
trmL	NotMapped		934
b1260	K01695		544
b1261	K01696		550
b1262	K13498		113
b1263	K13497		74
b1264	K01657		121
b1265	NotMapped		166
b4393	K03720		924
b3384	K01867		7805
B2318	NotMapped		895
b3166	K03177		1527
b2791	K06175		553
b2745	K06176		1009
b3781	K03671		34622
b0888	K00384		8599
b2582	K03672		1704
b0170	K02357		95122
b3364	K06141		587
b4355	K05874		17
b0411	NotMapped		14911
b1344	NotMapped		4772
b3061	K03779		0
b3062	K03780		1
b3060	NotMapped		2
b3063	NotMapped		0
b1610	K10748		234
b1386	K00276		3
b3871	NotMapped		17233
b2600	K14187		610
b4054	K00832		1417
b1907	NotMapped		391
b1323	K03721		1018
b1637	K01866		7986
b4040	K03179		1121
b3835	K03688		202
b4039	K03181		359
b3843	K03182		1216
b3833	K03183		3618
b0662	K03184		777
b2232	K00568		2047
b2907	K03185		295
b2311	K03186		268
b2426	NotMapped		820
b2066	K00876		3151
b3831	K00757		2761
b2028	K00012		26
b3452	K05814		10
b3453	K05813		52
b3450	K05816		69
b3451	K05815		8
b3449	K01126		530
b3669	K07686		194
b3668	K07675		32
b3667	K07783		32
b3666	K07784		2
b1617	K01195		9
b1616	NotMapped		0
b1615	NotMapped		0
b1618	NotMapped		302
b4193	K03475		2
b4194	K02822		71
b4195	K02821		27
B4196	NotMapped		62
B4197	NotMapped		18
b4198	K03077		22
b4192	K03476		210
b4191	K03477		411
b1184	K03502		30
b1183	K03503		72
b2580	K03648		1058
b4637	NotMapped		275
b2498	K00761		18345
b2497	NotMapped		1679
b2319	K00133		2191
b0480	K11751		484
b3495	K06149		12675
b3494	NotMapped		66
b1895	NotMapped		52
b3923	NotMapped		661
b1333	NotMapped		542
b1376	eco_b1376		189
b0607	NotMapped		980
b0949	NotMapped		1482
b4058	K03701		621
b0779	K03702		370
b1913	K03703		269
b3813	K03657		551
b1914	K07689		880
b3091	K01685		53
b1521	K00041		20
b3092	K01812		162
b4322	K01686		595
b4323	K00040		364
b4324	K13637		472
b4258	K01873		8921
b1742	NotMapped		0
b3745	NotMapped		38
b2906	NotMapped		556
b1960	K07458		79
b3633	K02527		593
b3623	K03277		322
b2034	NotMapped		2792
b2033	K08280		1018
b2032	NotMapped		773
b2059	NotMapped		0
b2058	K03819		0
b2057	K13684		0
b2056	NotMapped		0
b2055	K13683		0
b2054	K03818		0
b2050	NotMapped		0
b2047	NotMapped		0
b2045	NotMapped		17
b2044	K01043		6
b2043	NotMapped		5
b3561	NotMapped		32
b1004	eco_b1004		286
b2062	NotMapped		0
b2061	K01104		0
b2060	NotMapped		0
b2046	NotMapped		1
b3792	NotMapped		120
b3793	K02853		135
b3785	NotMapped		997
b3654	NotMapped		532
b2882	NotMapped		1
b2407	K03815		2
b2406	K11537		1
b2405	NotMapped		23
b2866	K00087		4
b2867	K13479		12
b2868	K13480		22
b2881	K12528		11
b3811	K03733		393
b2894	K04763		199
b1141	NotMapped		6
b2509	K03601		559
b0422	K03602		1871
b1749	K01142		3914
b3565	K01805		20
b3564	K00854		67
b4031	K08138		0
b3566	K10543		1
b3567	K10545		0
b3568	K10544		5
b3569	K02529		138
b0006	NotMapped		1335
b0010	NotMapped		1461
b0013	NotMapped		5
b0007	NotMapped		13
b0045	K08368		0
b0011	NotMapped		30
b0005	NotMapped		121
b0024	NotMapped		0
b0065	NotMapped		101
b0122	NotMapped		421
b0102	NotMapped		1983
b0101	NotMapped		3248
b0117	NotMapped		0
b0119	NotMapped		1628
b0144	eco_b0144		116
b0135	NotMapped		5
b0132	NotMapped		19
b0130	NotMapped		63
b0127	K09687		724
b0128	K09686		631
b0129	K02821		26
b0136	NotMapped		1
b0137	NotMapped		7
b0138	NotMapped		6
b0141	NotMapped		9
b0157	NotMapped		183
b0195	NotMapped		430
b0193	NotMapped		1
b0163	eco_b0163		1093
b0164	NotMapped		0
b0191	NotMapped		73
b4406	NotMapped		828
b0190	NotMapped		570
b0187	NotMapped		330
b0208	NotMapped		316
b0209	NotMapped		221
b0210	NotMapped		5
b0223	NotMapped		341
b0224	NotMapped		2380
b0227	NotMapped		5
b0228	NotMapped		84
b0232	NotMapped		311
b0233	NotMapped		63
b0234	K03830		80
b0225	NotMapped		136
b0213	NotMapped		73
b0217	NotMapped		82
b0219	K01506		113
b0246	NotMapped		1
b0248	NotMapped		2
b0251	NotMapped		36
b0252	NotMapped		18
b0267	NotMapped		0
b0268	K01714		141
b0269	K01687		72
b0270	NotMapped		17
b0271	K01198		60
b0272	NotMapped		101
b0277	NotMapped		37
b0278	NotMapped		32
b0279	NotMapped		11
b0280	NotMapped		1993
b0287	NotMapped		1665
yagV	NotMapped		14
yagW	NotMapped		8
yagX	NotMapped		0
b0315	K13244		242
b0316	NotMapped		27
b0317	NotMapped		8
b0318	NotMapped		21
b0319	NotMapped		0
b0320	NotMapped		5
b0321	NotMapped		5
b0323	K00926		5
b0324	NotMapped		145
b0325	K13979		154
b0326	NotMapped		1
b0327	NotMapped		3
b0328	NotMapped		18
b0329	eco_b0329		164
b0389	NotMapped		129
b0391	NotMapped		2065
b0387	NotMapped		464
b0354	NotMapped		1059
b0358	NotMapped		3
b0363	NotMapped		9
b0364	NotMapped		25
b0375	NotMapped		0
b0378	NotMapped		305
b0379	NotMapped		7
b0380	NotMapped		248
b0407	K03210		26903
b0410	NotMapped		665
b0434	NotMapped		7238
b0412	NotMapped		45
b0424	K03152		1096
b0419	NotMapped		246
b0426	eco_b0426		14080
b0427	NotMapped		146
b0456	NotMapped		1
b0471	NotMapped		19500
b0445	NotMapped		11
b0481	NotMapped		1532
b0478	NotMapped		341
b0466	NotMapped		670
b0468	NotMapped		196
b0447	K05800		243
b0482	NotMapped		64
b0483	NotMapped		943
b0485	K01425		13
b0486	NotMapped		5
b0442	K02237		41
b0453	NotMapped		559
ybaZ	NotMapped		116
b0495	NotMapped		65
b0498	NotMapped		60
b0488	NotMapped		89
b0490	K02068		285
b0491	K02069		110
b0492	K05838		5221
b0493	K00540		450
b0496	NotMapped		37
b0511	NotMapped		0
b0513	NotMapped		4
b0521	K00926		7
b0567	NotMapped		117
b0527	NotMapped		6
b0528	NotMapped		3974
b0544	NotMapped		12
b0545	NotMapped		20
b0546	NotMapped		24
b0547	NotMapped		0
b0549	NotMapped		0
b0558	NotMapped		2
b0559	NotMapped		62
b4512	NotMapped		147
b0579	NotMapped		163
b0599	K08317		113
b0580	NotMapped		714
b0581	NotMapped		12
b0600	K14287		105
b0601	NotMapped		79
b0602	NotMapped		3
b0603	NotMapped		5
b0608	NotMapped		4
b4511	NotMapped		27
b0637	NotMapped		4975
b0631	NotMapped		8919
b0629	NotMapped		21
b0643	NotMapped		463
b0644	NotMapped		1
b0645	NotMapped		0
b0647	NotMapped		4
b0648	NotMapped		4
b0658	NotMapped		1280
b0659	NotMapped		1611
b0660	NotMapped		2115
b0699	NotMapped		1314
b0702	NotMapped		1
b0704	NotMapped		22
b0685	NotMapped		960
b0686	NotMapped		679
b4590	NotMapped		0
b0689	NotMapped		19
b0707	NotMapped		11
b0736	NotMapped		790
b0719	NotMapped		2
b0735	NotMapped		520
b0742	NotMapped		5262
b0710	NotMapped		1665
b0711	NotMapped		269
b0712	NotMapped		308
b0713	NotMapped		142
b0716	NotMapped		0
b0717	NotMapped		3
b0718	NotMapped		0
b0753	NotMapped		34
b4515	NotMapped		4293
b0766	NotMapped		1680
b0773	NotMapped		672
b0772	K01051		4039
b0768	NotMapped		1
b0794	K01990		50
b0795	NotMapped		148
b0769	NotMapped		0
b0770	NotMapped		0
b0771	K01681		26
b0780	NotMapped		166
b0786	NotMapped		1216
b0787	NotMapped		16
b0788	NotMapped		1
b0789	K06132		3
b0790	NotMapped		8
b0791	NotMapped		257
b0792	K09686		30
b0793	K09686		33
b0762	NotMapped		7148
b0798	NotMapped		35
b0800	NotMapped		817
b0801	K13574		914
b0796	NotMapped		69
b0803	NotMapped		4
b0802	NotMapped		609
b0808	NotMapped		2
b0815	NotMapped		250
b0818	NotMapped		112
b0819	NotMapped		4910
b0820	NotMapped		3239
b0821	NotMapped		169
b0822	K07757		486
b0823	K00656		2
b0804	K07336		20
b0824	K04069		0
b0850	NotMapped		46
b0876	NotMapped		183
b0874	NotMapped		287
b0841	K06153		623
b0843	NotMapped		28
b0844	NotMapped		291
b0845	NotMapped		167
b0846	NotMapped		73
b0847	NotMapped		406
b0848	NotMapped		12
b0853	NotMapped		1365
b0858	NotMapped		79
b0865	NotMapped		885
b0866	NotMapped		853
b0868	NotMapped		404
b0869	NotMapped		60
b0877	NotMapped		2797
b0897	eco_b0897		6
b0898	K08219		291
b0913	K02238		2
b0901	NotMapped		154
b0909	K07387		52
b0899	NotMapped		14
b0900	NotMapped		23
b0905	NotMapped		4641
b0906	NotMapped		2
b0916	NotMapped		4
b0917	NotMapped		6875
b0925	NotMapped		81
b0920	NotMapped		112
b0944	NotMapped		2
b0919	NotMapped		16
b0926	NotMapped		1862
b0927	NotMapped		1759
b0942	NotMapped		10
b0943	NotMapped		9
b0946	NotMapped		155
b0947	NotMapped		649
b0955	K04770		700
b0970	NotMapped		8269
b4592	NotMapped		70
b1001	NotMapped		5
b0961	NotMapped		802
b1003	NotMapped		168
b0969	K11179		1378
b0992	NotMapped		4
b0960	NotMapped		247
b0964	NotMapped		1
b0965	NotMapped		1919
b0968	K01512		192
b1025	NotMapped		11
b1029	NotMapped		0
b1034	NotMapped		922
b1035	NotMapped		2564
b1036	NotMapped		205
b1055	NotMapped		3422
b1063	NotMapped		572
b1088	NotMapped		5980
b1087	NotMapped		720
b1097	NotMapped		312
b1067	NotMapped		813
b1056	NotMapped		587
b1057	NotMapped		16
b1050	NotMapped		62
b1068	NotMapped		154
b1058	NotMapped		9
b1085	NotMapped		0
b1128	NotMapped		1969
b1100	NotMapped		1428
b1110	NotMapped		30
b1104	NotMapped		141
b1105	NotMapped		1490
b1108	NotMapped		1741
b1111	NotMapped		227
b1113	NotMapped		461
b1115	NotMapped		0
b1121	NotMapped		13
b1188	NotMapped		5
b1162	NotMapped		198
b1163	NotMapped		11
b1168	NotMapped		0
b1177	NotMapped		461
b1179	NotMapped		2328
b1180	NotMapped		304
b1181	NotMapped		714
b1194	NotMapped		3
b1202	NotMapped		2
b1161	NotMapped		64
b1196	NotMapped		9
b1164	NotMapped		232
b1214	NotMapped		361
b1242	NotMapped		188
b1203	NotMapped		11634
b1205	NotMapped		100
b1233	NotMapped		836
b1206	NotMapped		321
b1219	NotMapped		2551
b1220	NotMapped		26
b1213	NotMapped		48
b1253	K10806		2781
b1254	NotMapped		1148
b1255	NotMapped		1029
b1257	NotMapped		24
b1258	NotMapped		3
b1259	NotMapped		2
b1282	K03113		1768
b1251	NotMapped		1251
b1271	NotMapped		479
b1280	NotMapped		147
b1273	NotMapped		5534
b1267	NotMapped		1415
b1268	NotMapped		5
b1279	NotMapped		702
b1284	NotMapped		1461
b1248	NotMapped		1564
yciV	NotMapped		104
b1287	NotMapped		10
yciX	NotMapped		744
b4595	NotMapped		3200
b4596	NotMapped		198
b1289	NotMapped		4
b1322	NotMapped		284
b1325	NotMapped		96
b1309	K00690		1
b1310	K02027		0
b1311	K02025		0
b1312	K02026		2
b1313	NotMapped		13
b1314	NotMapped		6
b1315	NotMapped		1
b1316	K04844		1
b1317	K01838		0
b1320	NotMapped		88
b1321	NotMapped		254
b1327	NotMapped		25
b1328	NotMapped		107
b1347	NotMapped		11
b4526	NotMapped		0
b4527	NotMapped		25
b1355	NotMapped		55
b1340	NotMapped		341
b1341	NotMapped		7
b1342	NotMapped		243
b1346	NotMapped		0
b1357	NotMapped		16
b1358	NotMapped		24
b1359	NotMapped		6
b1360	NotMapped		3
b1406	NotMapped		60
b1407	NotMapped		1
b1381	NotMapped		90
b4529	NotMapped		1254
b1378	K03737		924
b1383	NotMapped		190
b1419	NotMapped		83
b1460	NotMapped		0
b1457	NotMapped		9
b1414	NotMapped		485
b1426	NotMapped		67
b1422	NotMapped		458
b1423	NotMapped		1
b1428	NotMapped		3
b1431	NotMapped		540
b1434	NotMapped		58
b1433	NotMapped		8
b1435	K08303		810
b1439	NotMapped		213
b1440	K02055		11
b1441	K02052		2
b1442	K02054		1
b1443	K02053		1
b1445	NotMapped		383
b1446	NotMapped		5960
b1447	NotMapped		28
b1496	K02471		7
b1495	NotMapped		19
b1464	NotMapped		234
b1473	NotMapped		138
b1462	NotMapped		3
b1470	NotMapped		0
b1477	NotMapped		252
b1491	NotMapped		282
b1528	K08159		202
b1534	NotMapped		43
b1535	NotMapped		6
b1536	NotMapped		34
b1537	NotMapped		13
b1497	NotMapped		0
b1498	NotMapped		24
b1499	NotMapped		8
b1501	K00123		22
b1502	NotMapped		7
b1503	NotMapped		2
b1504	NotMapped		1
b1571	NotMapped		48
b1572	NotMapped		42
ydfC	NotMapped		83
b1576	NotMapped		7
b1539	K00540		3930
b1540	NotMapped		519
b1542	NotMapped		43
b1549	NotMapped		27
b1555	NotMapped		6
b1560	NotMapped		3
b1565	NotMapped		0
b1541	NotMapped		265
b1614	NotMapped		1875
b1607	NotMapped		152
b1598	K04775		103
b1604	NotMapped		4472
b1605	NotMapped		275
b1624	NotMapped		344
b1626	NotMapped		425
b4601	NotMapped		0
b1659	NotMapped		114
b1660	NotMapped		785
b1647	NotMapped		897
b1643	NotMapped		237
b1644	NotMapped		196
b1645	NotMapped		33
b1648	NotMapped		9
b1655	NotMapped		265
b1657	K08156		130
b1664	NotMapped		1192
b1667	NotMapped		2211
b1668	NotMapped		7
b1669	NotMapped		0
b1670	K08354		1
b1673	NotMapped		0
b1672	NotMapped		1
b1671	NotMapped		2
b1674	NotMapped		1
b1675	NotMapped		1033
b1692	K05887		12
b1705	NotMapped		189
b1694	NotMapped		14
b1685	NotMapped		609
b1686	NotMapped		646
b1687	NotMapped		728
b1688	NotMapped		789
b1689	NotMapped		0
b1690	NotMapped		0
b1691	NotMapped		0
b1695	NotMapped		32
b1696	NotMapped		25
b1697	NotMapped		5
b1698	NotMapped		13
b1699	NotMapped		1
b1700	NotMapped		5
b1706	NotMapped		205
b1707	NotMapped		22
b1722	NotMapped		5888
b1724	NotMapped		104
b1765	NotMapped		2089
b1769	K08369		5
b1770	NotMapped		304
b1771	NotMapped		31
b1772	NotMapped		3
b1773	NotMapped		19
b1774	NotMapped		7
b1775	K08369		0
b1776	NotMapped		17
b1728	NotMapped		79
b1729	NotMapped		220
b1730	NotMapped		0
b1750	NotMapped		8
b1751	NotMapped		19
b1752	NotMapped		11
b1777	NotMapped		2446
b1780	K01792		1320
b1781	NotMapped		117
b1783	NotMapped		9
b1784	NotMapped		1
b1785	NotMapped		0
b1786	NotMapped		68
b1787	NotMapped		747
b1789	NotMapped		127
b1790	NotMapped		70
b1791	K03449		36
b1792	NotMapped		270
b1794	K13069		191
b1795	NotMapped		1309
b1797	NotMapped		8
b1801	NotMapped		0
b1802	K00517		4
b1803	NotMapped		7
b1806	NotMapped		676
b1807	NotMapped		1862
b1856	NotMapped		341
b1862	NotMapped		3
b1864	NotMapped		13702
b1846	NotMapped		115
b1847	NotMapped		196
b1848	NotMapped		2308
b1853	NotMapped		338
b1821	NotMapped		185
b1825	NotMapped		2186
b1828	K08169		13
b1832	NotMapped		2144
b1833	NotMapped		47
b1834	NotMapped		126
b1836	eco_b1836		29
b1837	NotMapped		77
b1839	NotMapped		2349
b1840	NotMapped		211
b1908	NotMapped		566
b1917	K10010		379
b1867	NotMapped		463
b1868	NotMapped		75
b1915	NotMapped		6793
b1906	NotMapped		49
b4537	NotMapped		3696
b1875	NotMapped		438
b1869	NotMapped		218
b1904	NotMapped		31
b1918	K10009		317
b1877	NotMapped		14
b1959	NotMapped		14
b1928	NotMapped		5007
b1929	NotMapped		2440
b1930	NotMapped		2982
b1958	NotMapped		267
b1962	NotMapped		94
b1931	NotMapped		15
b1932	K03829		25
b1955	K07026		24
b1956	NotMapped		41
b1963	NotMapped		509
b1968	K02484		54
b1969	K02483		166
b1971	NotMapped		23
b1972	NotMapped		15
b2008	NotMapped		108
b2012	NotMapped		477
b2013	NotMapped		19
b2014	NotMapped		18110
b1978	NotMapped		3
b1983	NotMapped		3544
b1985	NotMapped		15
b2001	NotMapped		3
b2002	NotMapped		0
b2003	NotMapped		4
b2004	NotMapped		0
b2005	NotMapped		4
b2007	NotMapped		13270
b2015	NotMapped		4
b2016	NotMapped		904
b2017	NotMapped		990
b2069	K04046		321
b2067	NotMapped		12
b2063	NotMapped		301
b2070	NotMapped		2
b2071	NotMapped		14
b2072	NotMapped		0
b2073	NotMapped		3
b2080	NotMapped		40
b2081	K08303		3663
b2085	NotMapped		30
b2086	NotMapped		18
b2098	NotMapped		19
b2099	K05521		146
b2100	NotMapped		45
b2101	NotMapped		188
b2102	NotMapped		2
b2108	NotMapped		2
b2109	NotMapped		0
b2110	NotMapped		0
b2111	NotMapped		15
b2112	NotMapped		57
b2118	NotMapped		2
b4541	NotMapped		0
b2119	NotMapped		5
b2120	NotMapped		0
b2121	NotMapped		1
b2123	NotMapped		38
b2124	NotMapped		946
b2125	K02477		152
b2126	K02478		59
b2128	K05846		3
b2129	K05847		7
b2130	K05846		3
b2147	K17723		23
b2152	NotMapped		32
b2157	NotMapped		237
b2154	K01070		489
b2158	NotMapped		168
b2160	NotMapped		42
b2163	NotMapped		3
b2171	K02356		8692
b2172	NotMapped		177
b2173	NotMapped		442
b2145	NotMapped		371
b2146	K17722		30
b4502	NotMapped		12
b2177	K13893		51
b2178	K13894		18
b2179	K13895		33
b2180	K13896		29
b2181	NotMapped		1879
b2184	NotMapped		113
b2186	NotMapped		2214
b2187	NotMapped		7207
b2188	NotMapped		201
b2230	NotMapped		3
b2244	NotMapped		133
b2236	NotMapped		814
b2233	NotMapped		3
b2225	NotMapped		1
b2226	NotMapped		0
b2229	NotMapped		0
b2249	NotMapped		653
b2250	NotMapped		3657
b2270	NotMapped		1
b2271	NotMapped		3
b2272	NotMapped		13
b2273	NotMapped		2
b2274	NotMapped		9
b2275	NotMapped		16
b2291	K08722		616
b2292	NotMapped		21
b2293	K01112		488
b2294	NotMapped		2882
b2295	NotMapped		806
b2327	NotMapped		190
b2298	NotMapped		8
b2299	NotMapped		3558
b2300	NotMapped		1823
b2301	NotMapped		70
b2302	K00799		6
b2304	NotMapped		307
b2305	NotMapped		47
b2322	NotMapped		133
b2325	NotMapped		2775
b2326	NotMapped		238
b2331	NotMapped		784
b2332	NotMapped		92
b2333	NotMapped		1
b2334	NotMapped		1
b2335	NotMapped		1
b2336	NotMapped		0
b2339	NotMapped		9
b2343	NotMapped		8490
b2347	NotMapped		12
b2371	NotMapped		9
b2345	NotMapped		11
b2354	NotMapped		27
b2357	NotMapped		0
b2359	NotMapped		4
b2360	NotMapped		90
b2361	NotMapped		0
b2362	NotMapped		5
b2363	NotMapped		4
b2372	NotMapped		1
b2375	NotMapped		24
b2377	NotMapped		169
b2395	NotMapped		90
b2398	NotMapped		75
b2399	NotMapped		247
b2410	NotMapped		407
b2419	NotMapped		21
b2408	NotMapped		2
b2389	NotMapped		12
b2409	NotMapped		95
b2420	NotMapped		10
b2430	NotMapped		26
b2431	NotMapped		3527
b2432	NotMapped		350
b2433	NotMapped		153
b2471	NotMapped		2070
b2443	NotMapped		126
b2444	NotMapped		0
b2445	NotMapped		3
b2446	NotMapped		27
b2447	NotMapped		22
b2448	NotMapped		5
b2449	NotMapped		255
b2450	NotMapped		777
b2494	NotMapped		181
b2495	K00537		5293
b2503	NotMapped		0
b2504	NotMapped		991
b2505	NotMapped		11
b2506	NotMapped		12
b2510	NotMapped		1438
b2513	NotMapped		2852
b2493	NotMapped		287
b2560	NotMapped		218
b2555	NotMapped		143
b2561	NotMapped		145
b2562	NotMapped		773
b2520	NotMapped		99
b2534	NotMapped		2
b2605	NotMapped		285
b2575	NotMapped		255
b2579	K06866		7560
b2577	NotMapped		111
b2581	K03214		3949
b2593	NotMapped		546
b2602	NotMapped		10
b2586	NotMapped		17
b2604	NotMapped		27
b2583	NotMapped		478
b2584	NotMapped		20
b2603	NotMapped		35
b4461	NotMapped		246
b2618	NotMapped		1937
b2619	NotMapped		2719
b2623	NotMapped		74
b2625	NotMapped		7
b2626	NotMapped		10
b2627	NotMapped		40
b2628	NotMapped		40
b2629	NotMapped		3
b2631	NotMapped		122
b2632	NotMapped		20
b2633	NotMapped		30
b2634	NotMapped		0
b2636	NotMapped		41
b2637	NotMapped		35
b2642	NotMapped		16
b2643	NotMapped		0
b2644	NotMapped		0
b2645	NotMapped		7
b2671	NotMapped		173
b2700	NotMapped		795
b2683	NotMapped		231
b2672	NotMapped		114
b2668	NotMapped		199
b2665	eco_b2665		418
b2667	NotMapped		143
b2670	NotMapped		80
b2682	NotMapped		314
b2732	NotMapped		49
b2749	NotMapped		83
ygbF	NotMapped		19
b2735	NotMapped		207
b2736	K08319		18
b2737	NotMapped		7
b2738	NotMapped		6
b2739	NotMapped		21
b2740	NotMapped		5
ygbT	NotMapped		5
ygcB	NotMapped		2
b2776	NotMapped		10
b2777	K10026		1119
b2778	NotMapped		7
b2766	NotMapped		2
b2767	NotMapped		7
b2768	NotMapped		16
b2769	NotMapped		8
b2770	NotMapped		6
b2771	NotMapped		0
b4463	NotMapped		4
b2774	NotMapped		3
b2824	NotMapped		1
b2807	NotMapped		1834
b2798	NotMapped		160
b2795	NotMapped		850
b2809	NotMapped		386
b2832	NotMapped		613
b2833	NotMapped		569
b2840	NotMapped		226
b2851	NotMapped		0
b2852	NotMapped		0
b2853	NotMapped		0
b2865	NotMapped		298
b2869	NotMapped		11
b2870	NotMapped		0
b2871	K01751		4
b2872	NotMapped		33
b2912	NotMapped		144
b2909	NotMapped		2535
b2902	NotMapped		28
b2921	NotMapped		15
b2878	K12527		0
b2880	K12529		11
b4464	K06901		17
b2886	NotMapped		12
b2887	NotMapped		0
b2888	NotMapped		0
b2896	NotMapped		218
b2897	NotMapped		2794
b2898	NotMapped		5476
b2928	NotMapped		103
b2929	NotMapped		70
b2922	NotMapped		2830
b2930	NotMapped		3
b2936	K07387		1094
b2944	NotMapped		174
b2959	NotMapped		6699
b2956	NotMapped		3
b2958	NotMapped		1158
b4465	NotMapped		7
b2950	K02669		12
b2951	NotMapped		1053
b2952	K02221		1551
b2953	NotMapped		320
b2955	K02495		310
b2962	NotMapped		7132
b3003	K00540		2
b3009	NotMapped		315
b2968	K02462		45
b2971	NotMapped		830
b4466	NotMapped		1830
b2983	NotMapped		0
b2984	NotMapped		0
b2985	NotMapped		6
b2986	NotMapped		3
b2989	NotMapped		319
b2998	NotMapped		61
b3037	NotMapped		3023
b3038	NotMapped		1056
b3039	NotMapped		31
b3054	NotMapped		1003
b3043	NotMapped		140
ygiM	NotMapped		662
b3029	NotMapped		4429
b4469	NotMapped		1176
b3020	K02035		108
b3023	K07471		33
b3024	NotMapped		2395
b3027	NotMapped		0
b3074	NotMapped		101
b3078	NotMapped		0
b3079	NotMapped		0
b3080	NotMapped		2
b3085	NotMapped		258
b3086	NotMapped		6
b3087	NotMapped		208
b3090	NotMapped		40
b3120	NotMapped		0
b3121	NotMapped		2
b3103	NotMapped		1327
b3104	NotMapped		34
b3105	NotMapped		534
b3106	NotMapped		46
b3107	NotMapped		921
b4470	NotMapped		2100
b3110	NotMapped		24
b3130	NotMapped		246
b3184	NotMapped		201
b3205	NotMapped		1332
b3153	K05520		4
b3154	NotMapped		90
b3155	NotMapped		64
b3156	K03824		1192
b3157	NotMapped		1113
b3158	K08303		12
b3159	NotMapped		19
b3160	NotMapped		384
b3173	NotMapped		9
b3180	NotMapped		17221
b3215	NotMapped		7
b3233	NotMapped		3651
b3211	NotMapped		4
b3216	NotMapped		2
b3219	NotMapped		77
b3220	NotMapped		6
b3221	NotMapped		128
b3232	NotMapped		255
b3238	NotMapped		1846
b3239	NotMapped		31
b3248	NotMapped		699
b3253	NotMapped		756
b3262	K07319		6
b4550	NotMapped		948
b3293	NotMapped		93
b4472	NotMapped		65
b3257	NotMapped		799
b3263	NotMapped		247
b3267	NotMapped		176
b3269	K09970		0
b3270	K09971		0
b3271	K09972		29
b3343	K07237		351
b3344	K07236		302
b3345	K07235		365
b3346	NotMapped		676
b3352	NotMapped		855
b3353	NotMapped		253
b3354	NotMapped		524
b4551	NotMapped		658
b3356	NotMapped		1623
b3362	NotMapped		73
b3358	NotMapped		92
b3369	NotMapped		128
b3376	NotMapped		4
b3377	NotMapped		1
b3378	NotMapped		12
b3380	NotMapped		0
b3381	NotMapped		0
b3382	NotMapped		53
b3383	NotMapped		142
b3411	NotMapped		63
b3402	NotMapped		41
b3407	NotMapped		3198
b3434	NotMapped		669
b3448	NotMapped		96
b3483	NotMapped		17
b3485	K09686		155
b3459	NotMapped		1131
b3466	NotMapped		678
b3467	NotMapped		362
b3468	NotMapped		328
b3471	NotMapped		373
b3473	NotMapped		109
b3474	NotMapped		14
b3439	NotMapped		371
b3440	NotMapped		1001
b3441	K03825		167
b3442	NotMapped		0
b3508	NotMapped		1
b3487	NotMapped		413
b3488	NotMapped		4
b3491	NotMapped		16
b3492	NotMapped		451
b3497	NotMapped		532
b3499	NotMapped		1230
b3518	K00428		9
b3520	NotMapped		59
b3521	NotMapped		64
b3522	NotMapped		176
b3523	NotMapped		149
b3524	NotMapped		3
b3525	NotMapped		1
b3527	NotMapped		702
b3529	NotMapped		181
b3535	NotMapped		439
b3539	NotMapped		402
b3547	K08177		3
b3548	NotMapped		25
b3562	NotMapped		2
b3563	NotMapped		0
b3550	K03826		41
b3552	NotMapped		4423
b3554	NotMapped		5946
b3555	K07726		92
b3574	NotMapped		248
b3575	K08092		8
b3576	NotMapped		2
b3577	NotMapped		0
b3578	NotMapped		0
b3579	NotMapped		1
yiaQ	NotMapped		33
yiaR	NotMapped		26
yiaS	NotMapped		24
b3584	NotMapped		32
b3585	NotMapped		31
b3586	NotMapped		11
b3587	NotMapped		15
b3589	K13954		0
b3594	NotMapped		57
yibB	NotMapped		654
b3615	NotMapped		7
b3592	NotMapped		326
b3596	NotMapped		8
b3597	NotMapped		9
b3598	NotMapped		6
b3602	NotMapped		4692
b3611	NotMapped		8459
b3614	NotMapped		292
b4554	NotMapped		1536
b3644	NotMapped		3069
b3646	NotMapped		93
b3655	NotMapped		187
b3656	NotMapped		17
b3657	NotMapped		0
b3660	NotMapped		180
b3663	NotMapped		106
b3664	K06901		0
b3638	NotMapped		20
b4555	NotMapped		13
b3697	NotMapped		1745
b3698	NotMapped		916
b3705	K03217		8807
b4557	NotMapped		469
b3685	NotMapped		94
b3674	NotMapped		9
b3675	NotMapped		15
b3676	NotMapped		57
b3677	NotMapped		39
b3678	NotMapped		6
b3679	NotMapped		0
b3680	NotMapped		10
b3684	K03482		4
b3688	NotMapped		432
b3689	NotMapped		221
b3696	NotMapped		12
b3711	NotMapped		84
b3712	NotMapped		93
b3713	NotMapped		702
b3715	NotMapped		178
b3718	NotMapped		84
b3719	NotMapped		16
b3755	NotMapped		1032
b3765	NotMapped		2
b3764	NotMapped		43279
b3795	NotMapped		2254
b4558	NotMapped		6820
b3810	NotMapped		529
b3812	NotMapped		712
b4482	NotMapped		26
b3817	NotMapped		116
b3818	NotMapped		2
b3820	NotMapped		1631
b3826	NotMapped		789
b3827	NotMapped		355
b3834	NotMapped		932
b3848	NotMapped		207
b3865	NotMapped		3813
b3858	NotMapped		5102
b3861	NotMapped		10
b3862	NotMapped		234
b3866	NotMapped		7289
b3872	NotMapped		104
b3873	NotMapped		106
b3874	NotMapped		22
b3876	NotMapped		0
b3877	NotMapped		5
b3878	K15922		10
b3879	NotMapped		4
b3880	NotMapped		15
b3881	NotMapped		13
b3882	K08318		1
b3883	NotMapped		10
b3884	NotMapped		522
b3885	NotMapped		441
b3886	NotMapped		84
b3888	NotMapped		484
b3889	NotMapped		11
b3890	NotMapped		41
b3896	NotMapped		28
b3910	NotMapped		722
b3920	NotMapped		200
b3921	NotMapped		319
b3922	NotMapped		750
b3937	NotMapped		25
b3964	NotMapped		1941
b3943	NotMapped		38
b3944	NotMapped		1
b3954	NotMapped		56
b3955	NotMapped		1678
b4011	NotMapped		72
b4012	K03827		152
b3999	NotMapped		1825
b4001	NotMapped		82
b3989	NotMapped		22
b4020	NotMapped		192
yjbD	NotMapped		471
b4026	NotMapped		43
b4027	NotMapped		1
b4028	NotMapped		2
b4029	NotMapped		1
b4045	NotMapped		238
b4047	NotMapped		0
b4048	NotMapped		2
b4056	NotMapped		164
b4057	NotMapped		532
b4621	NotMapped		1
b4620	NotMapped		1
b4060	NotMapped		299
b4061	NotMapped		13
b4064	K06901		2302
b4065	NotMapped		308
b4066	NotMapped		0
b4068	NotMapped		9
b4078	NotMapped		131
b4083	NotMapped		2
b4110	NotMapped		4
b4109	NotMapped		27
b4135	NotMapped		457
b4121	NotMapped		104
b4126	NotMapped		43
b4127	NotMapped		120
b4128	NotMapped		14
b4130	NotMapped		3
b4108	K06193		5011
b4107	NotMapped		0
b4559	NotMapped		0
b4487	NotMapped		23
yjeA	NotMapped		1139
b4168	NotMapped		900
b4167	NotMapped		96
b4141	NotMapped		41
b4144	NotMapped		3172
b4145	NotMapped		45
b4146	NotMapped		777
b4156	NotMapped		93
b4157	NotMapped		2
b4158	NotMapped		14
b4159	NotMapped		146
b4166	NotMapped		108
b4176	NotMapped		518
yjeV	NotMapped		44
b4186	NotMapped		0
b4231	K02057		3
b4181	NotMapped		3
b4182	NotMapped		11
b4183	NotMapped		0
b4184	NotMapped		0
b4185	NotMapped		1
b4188	NotMapped		26
b4190	NotMapped		174
b4199	NotMapped		0
b4204	NotMapped		71
b4234	NotMapped		3950
b4269	K12957		101
b4243	eco_b4243		18166
b4248	NotMapped		80
b4249	NotMapped		67
b4251	NotMapped		544
b4253	NotMapped		7
b4256	K03828		1096
b4257	NotMapped		11
b4263	NotMapped		78
b4277	NotMapped		0
b4279	NotMapped		17
b4280	NotMapped		161
b4296	NotMapped		6
b4297	K01687		25
b4298	K01714		33
b4299	NotMapped		2
b4306	NotMapped		58
b4307	NotMapped		63
b4295	NotMapped		694
b4566	NotMapped		15
b4352	NotMapped		787
b4325	NotMapped		6
b4329	NotMapped		7
b4330	NotMapped		5
b4332	NotMapped		1
b4333	NotMapped		40
b4334	NotMapped		0
b4335	NotMapped		8
b4336	NotMapped		28
b4340	NotMapped		41
b4341	NotMapped		14
b4353	NotMapped		567
b4354	NotMapped		7006
b4360	NotMapped		1607
b4363	NotMapped		17
b4374	K08723		763
b4380	NotMapped		40
b4385	NotMapped		157
b4391	NotMapped		9191
b4356	NotMapped		1
b4357	NotMapped		15
b4358	NotMapped		3
b4364	NotMapped		33
b4365	NotMapped		0
b4377	NotMapped		143
b4378	NotMapped		67
b4379	NotMapped		4
b4394	NotMapped		955
b4402	NotMapped		0
b4567	NotMapped		25
b4403	K02533		630
b0253	NotMapped		26
b0250	NotMapped		114
b0249	NotMapped		4
b0247	NotMapped		4
b4504	NotMapped		0
b0245	NotMapped		1
b4586	NotMapped		0
b0301	NotMapped		25
b0304	NotMapped		8
b0305	NotMapped		15
b0306	NotMapped		27
b0307	NotMapped		37
b0308	NotMapped		45
b0310	NotMapped		11
b0303	NotMapped		61
b0288	NotMapped		318
b0295	NotMapped		6
b0296	K02909		487
b4506	K02919		493
ykgR	NotMapped		5
b0457	NotMapped		23
b0458	NotMapped		957
ylbA	NotMapped		266
b0520	NotMapped		0
b4509	NotMapped		0
b4588	NotMapped		2
b4589	NotMapped		2
b0833	NotMapped		141
b0834	NotMapped		316
b0837	NotMapped		1
b0838	NotMapped		1359
yliL	NotMapped		0
b0952	NotMapped		612
b0991	NotMapped		15
b1044	NotMapped		26
b1045	NotMapped		141
b1046	NotMapped		25
b4518	NotMapped		149
b1122	NotMapped		21
b1137	NotMapped		42
b1138	NotMapped		34
b1143	NotMapped		416
b1144	NotMapped		64
b1147	NotMapped		10
b1148	NotMapped		2
b1153	NotMapped		0
b1150	NotMapped		4
b1165	NotMapped		48
b1167	NotMapped		26
b1171	NotMapped		934
b1195	NotMapped		8
b4520	NotMapped		379
b1172	NotMapped		724
b4593	NotMapped		0
b4594	NotMapped		1
ymiA	NotMapped		1077
ymiB	NotMapped		12
b1295	NotMapped		435
b1330	NotMapped		214
b1332	NotMapped		7207
b1365	NotMapped		10
b1408	NotMapped		0
b1409	K00981		0
b1410	NotMapped		2
b1411	NotMapped		4
b1382	NotMapped		270
ynbG	NotMapped		0
b1448	K03823		272
b1449	NotMapped		77
b1451	NotMapped		353
b1452	NotMapped		2047
b1454	NotMapped		1
b1455	NotMapped		0
b1436	NotMapped		55
b4598	NotMapped		137
b1520	NotMapped		106
b1522	NotMapped		5
b1523	NotMapped		263
b1524	K01425		442
b1526	NotMapped		107
b1527	NotMapped		0
b4599	NotMapped		310
b1582	NotMapped		241
b1583	NotMapped		2432
b1585	NotMapped		146
b1586	NotMapped		699
b1587	K07309		1
b1588	K07310		34
b1589	NotMapped		22
b1590	NotMapped		20
b1593	K01935		42
b1595	NotMapped		60
b1596	K08224		38
b1551	NotMapped		0
b4533	NotMapped		7
b4602	NotMapped		5442
b1678	NotMapped		101
b1725	NotMapped		10
b1726	NotMapped		466
b1727	K01112		1568
b4535	NotMapped		86
b1753	NotMapped		35
b1754	K05777		92
b1755	K05778		5
b1756	K05779		17
b1757	K01011		215
b1758	NotMapped		161
b1760	NotMapped		16
b1762	NotMapped		11
b1808	K01529		53
b1809	NotMapped		6542
b1810	NotMapped		425
b1816	NotMapped		397
b1793	NotMapped		911
b1796	NotMapped		18
b1811	NotMapped		1416
b1788	NotMapped		0
yoaJ	NotMapped		3122
yoaK	NotMapped		277
b1841	NotMapped		3045
b1843	NotMapped		49
b1820	NotMapped		146
b1824	NotMapped		588
b4536	NotMapped		574
yobI	NotMapped		0
b1974	NotMapped		19
b1957	NotMapped		28
b1953	NotMapped		18
b4539	NotMapped		175
yoeI	NotMapped		16072
b2135	NotMapped		2
b2136	NotMapped		53
b2137	K00540		2
b2141	NotMapped		56
b2142	NotMapped		56
b2107	NotMapped		1270
b4542	NotMapped		1508
yohP	NotMapped		170
b2211	K06159		332
b4604	NotMapped		0
ypaA	NotMapped		188
b2380	K02478		59
b2381	K02477		148
b2382	NotMapped		12
b2384	NotMapped		3
b2385	K08326		0
b2376	NotMapped		4
ypdK	NotMapped		2017
b2434	NotMapped		530
b4546	NotMapped		349
b2390	NotMapped		78
b2466	NotMapped		7
b2473	NotMapped		367
b2475	NotMapped		672
b4606	NotMapped		4679
b4547	NotMapped		1164
b2543	NotMapped		50
b2544	NotMapped		15
b2545	NotMapped		62
b2546	K02057		2
b2547	K02056		0
b2548	K02058		2
b2549	NotMapped		1
b2550	NotMapped		23
b2647	NotMapped		2
b2611	NotMapped		494
b2646	NotMapped		21
b4548	NotMapped		1
b2635	NotMapped		23
b2689	NotMapped		36
b2690	NotMapped		569
b2666	NotMapped		2604
b2790	NotMapped		1078
b2792	NotMapped		1419
b2775	NotMapped		0
yqcG	NotMapped		0
b2874	K00926		20
b2875	NotMapped		7
b2876	NotMapped		0
b2844	K00626		226
b2845	NotMapped		865
b2846	NotMapped		14
b2847	NotMapped		31
b2848	NotMapped		7
b2849	NotMapped		0
yqeL	NotMapped		0
b2899	K11068		53
b2900	NotMapped		2046
yqfG	NotMapped		0
b2966	NotMapped		60
b2939	NotMapped		2591
b2940	NotMapped		0
b2948	K07735		1393
b2949	NotMapped		517
b3002	NotMapped		2503
b3010	NotMapped		217
b3011	K08325		783
b3013	NotMapped		1
b3014	NotMapped		13
b3031	NotMapped		346
b3033	NotMapped		300
b3042	NotMapped		7002
b3047	NotMapped		4
b3048	NotMapped		10
b3050	NotMapped		3
b3051	NotMapped		7
b3095	NotMapped		736
b3097	NotMapped		2020
b3098	eco_b3098		5239
b3099	NotMapped		443
b3101	NotMapped		84
b3102	NotMapped		147
b3070	NotMapped		456
b3071	NotMapped		1053
b3100	NotMapped		214
b3142	NotMapped		49
b3143	NotMapped		1
b3144	K07347		0
b3145	NotMapped		6
b3147	NotMapped		513
b3148	NotMapped		31
b3150	NotMapped		1303
b3151	NotMapped		647
b3152	NotMapped		231
b3190	NotMapped		5904
b3196	NotMapped		73
b3207	NotMapped		589
yrbN	NotMapped		708
b3279	NotMapped		1051
b3280	NotMapped		814
b3283	NotMapped		347
b3398	NotMapped		220
b3399	NotMapped		876
b3446	NotMapped		32
b4612	NotMapped		0
b3573	NotMapped		11
b4553	NotMapped		13
b3830	K01061		224
yshB	NotMapped		11228
b4622	NotMapped		0
b4206	NotMapped		540
b4209	NotMapped		70
b4210	NotMapped		33
b4212	NotMapped		183
b4215	NotMapped		2
b4216	NotMapped		339
b4217	NotMapped		1900
b4218	NotMapped		364
b4220	NotMapped		195
b4221	NotMapped		127
b4222	NotMapped		2214
b4227	K02058		38
b4485	K02056		1
b4230	K02057		2
b4655	NotMapped		4
b4568	NotMapped		590
b4387	NotMapped		119
b4395	K01834		2056
b2910	K09888		2275
b3928	K09892		34197
b1973	NotMapped		360
b2412	K03528		2128
b0752	NotMapped		84
b3469	K01534		342
b3292	K13638		382
b1857	K09815		3453
b1859	K09816		252
b1858	K09817		332
b4002	K07803		18
b4004	K07713		98
b4003	K07709		8
b3040	NotMapped		407
b4046	K09823		333
b1852	K00036		5185
