17196	248571.43
69187	3914285.7
12954	994897.96
14077	939849.62
12961	302857.14
12889	61714.286
12955	1234285.7
380684	26238.532
226180	71428.571
18039	237569.06
17189	388571.43
12960	43142.857
110187	30000
20617	177857.14
18823	17511.714
12962	109142.86
19194	874285.71
G3UXD0	1037142.9
12373	38571.429
21956	105647.84
70350	110571.43
22349	2007255.1
218038	17492.711
21954	118957.35
66473	8060836.5
19752	9194630.9
11723	53142857
21924	245962.73
68416	788571.43
16204	620312.5
19660	1331428.6
22003	113732.39
22072	3963414.6
282619	18932.857
12716	2055023.9
19293	58000
17906	728915.66
12409	184836.07
227120	33428.571
56727	10358.246
109901	4511278.2
12613	5776293.8
12307	151428.57
12308	157714.29
12970	32571.429
22227	8392.5081
59006	1160.0286
109697	8663484.5
55948	3020161.3
215384	905714.29
13706	1542435.4
26950	28571.429
16618	1395.9004
18378	10955.714
12797	16000000
12957	90000
22287	32857.143
16612	1597701.1
14120	793510.32
17897	352450.98
22074	4314285.7
29818	364497.04
107753	12384615
140781	71834.625
22004	33591549
12652	162000
69117	243428.57
21345	68571429
76703	12457143
18040	113561.32
17888	70175.439
14580	286046.51
233335	864830.24
18946	4059196.6
20259	56503.497
17901	569148.94
23795	10342857
56370	80857.143
11847	141525.42
17287	1068.6881
69191	24857685
66284	15371429
17907	627218.93
106393	229714.29
18645	140000
53318	1148571.4
22003	1.2253521e+08
11770	4128787.9
69060	5763440.9
59290	19224
68738	322580.65
20215	3176.5714
20618	226000
17896	37250.259
99709	5343.1429
21953	137912.09
11636	1948453.6
17075	349206.35
16855	1288343.6
67041	1059615.4
67931	3885714.3
66283	16428571
20199	35428.571
12346	1904214.6
12180	1075.5714
76722	59665.871
103968	30367.505
12865	221250
380683	18526.857
12709	11994751
12036	1198473.3
18951	139837.4
16765	616778.52
67868	42750.929
19701	10750
11475	68169761
59011	12609.429
19285	7028571.4
11754	151633.99
236539	1587242
17756	29376.368
11472	32438.479
20200	3542857.1
22004	30140845
12722	814895.95
17762	27694.407
13807	304147.47
18600	233283.8
77337	5817.4286
17882	288571.43
22223	609865.47
54200	17746.154
67373	4400000
75600	17820.286
17957	21690.286
24131	128857.14
14264	23844.681
12389	3000000
17868	3823.3071
69824	42571.429
13346	12793177
12958	40000
81600	32980.973
18479	32844.037
19695	5250.2857
223809	17019.429
17880	63894523
259300	1554327.8
11459	45092.838
20964	320000
16832	3413173.7
14778	685840.71
53322	628571.43
21925	29186.25
104069	144000
12715	2183727
69983	38714.938
233799	56000
14598	82746.479
329251	664959.02
12353	18417.035
12925	1160000
20203	106571.43
216188	661971.83
74551	454687.5
20404	377840.91
66824	715025.91
15277	53980.371
13823	72766.416
13070	9372.2433
27357	96396.396
27053	1750445.6
20910	608571.43
14725	1158.8627
12557	43168.077
67092	468085.11
56012	116600.79
13628	49460.043
13808	169124.42
14199	3485714.3
13007	29326425
16763	62571.429
109042	368571.43
218138	3091397.8
19132	347368.42
19058	324117.65
224796	120717.13
56421	408163.27
68794	524578.14
17922	15664.931
107993	5816.5865
16777	324748.04
21916	64902.507
50876	178062.68
216350	1185714.3
109272	32285.714
18295	2224832.2
21648	89142.857
18073	175100.4
15507	4612440.2
66695	3109919.6
12512	35520.588
72088	7451.7143
12323	9778.9668
67399	640000
12372	103714.29
18746	6949152.5
20198	221428.57
104183	61142.857
27273	8694.4175
64661	524.62857
69787	154571.43
330440	68285.714
12971	42857.143
17929	18129.143
14660	126706.23
12799	197142.86
433470	178571.43
17035	114571.43
16664	37396.694
226519	864965.77
16854	1723484.8
19283	30285.714
75572	166037.74
20195	1685714.3
16775	164647.58
226041	3314285.7
67326	66285.714
18489	8646
118449	1454285.7
12349	22730769
76293	420000
17885	5885.3898
17879	196189.5
67971	3685714.3
270097	186571.43
11674	6565934.1
66734	109090.91
107272	743243.24
13602	64285.714
17022	6538461.5
14457	6227.7143
171580	16157.429
11450	310931.17
11811	14247.768
107029	288786.48
26558	1262.4571
22240	702857.14
232714	14808
232400	50857.143
17930	10999.714
18483	66285.714
13179	2923497.3
23969	49142.857
11983	1205714.3
17118	1300970.9
69051	180625
14467	668571.43
56185	69688.385
16852	3540740.7
72948	153428.57
11676	178236.91
21985	2425714.3
12933	702857.14
20965	104000
16890	1412.6482
20194	4742857.1
21753	342857.14
19340	84474.886
229731	337142.86
17988	640000
73723	814285.71
13405	75040.783
12721	635574.84
13184	8180.2857
216739	7687.231
14583	3185078.9
13010	265000
16985	8933.7143
11997	344936.71
15275	524640.66
22352	15836910
107684	94857.143
18611	169142.86
19652	100000
71960	735000
381204	771.30201
16952	3885714.3
11820	37402.597
12306	11142857
14381	384466.02
18074	129009.27
66395	30285714
12362	43532.338
56356	57714.286
74340	86949.429
11808	1028571.4
109857	790613.72
13821	88395.904
17760	19536.424
56078	12787.697
109934	121142.86
12406	2376498.8
83397	238571.43
67103	7568389.1
216810	14129.714
217124	32285.714
12934	888111.89
67865	125142.86
20324	920000
29877	141714.29
380698	1283.6571
11766	40857.143
26556	27445.714
16776	28778.913
12332	963068.18
269713	18720.153
24014	12334.558
192176	6724593.9
65969	16562
21346	7828571.4
109264	6196.6887
66355	40869.565
208943	89714.286
20963	21939.587
76281	117428.57
12313	2181208.1
23917	29961.089
18476	43534.483
66222	9445910.3
20708	26499.714
16779	177320.73
102502	3171428.6
14590	438485.8
58194	445698.17
66098	8549.7143
66144	152941.18
16019	70000
76932	134285.71
67443	116000
30948	325714.29
12696	14786.047
22138	11899.015
67834	1379781.4
11717	23759.791
19038	542452.83
67861	166857.14
16403	58386.801
68028	2024590.2
26430	4134.2621
72269	1950.411
12140	9782.5758
74145	107513.66
14571	718019.26
56205	82857.143
12653	440000
12798	102000
17755	72646.104
18799	60052.91
13017	82921.348
56526	13813.714
16560	37581.121
234267	5469.4286
50706	2971428.6
229603	3418.6905
19895	163036.3
P01864	6503.4286
11544	86740.331
66251	307839.39
21804	291428.57
23999	137822.35
11677	3164557
229593	255714.29
68196	129428.57
22271	151446.95
14432	50571.429
97165	1733333.3
22152	190222.22
19309	159144.89
66471	160285.71
114584	5228215.8
14079	1280303
74103	18012
72042	1562857.1
15929	536895.67
73442	50857.143
59046	24743.143
11486	480113.64
22323	605333.33
66849	170000
11641	199142.86
12554	48459.384
98878	451016.64
270685	46980.553
114663	145862.07
16541	675.58473
17904	53841060
212307	892638.04
11857	479500
227737	119428.57
20692	24813.429
19055	107677.54
11745	3657142.9
19339	199090.91
14086	38285.714
16594	17696.16
20193	174571.43
67980	96376.812
15163	161522.63
13476	1285714.3
68106	136857.14
71733	81714.286
219072	29714.286
11973	1061946.9
17254	585551.33
13860	66000
98932	33662791
54609	23824.451
64933	757.46411
170718	1360000
16678	115070.64
13132	62402.089
107589	2617207.6
11518	288571.43
11775	1793.9002
19231	1445714.3
20719	3121693.1
432516	153403.64
16906	3231292.5
18537	863436.12
75974	16713.714
74325	628820.96
93686	29714.286
227620	55621.302
15129	13877551
326618	4758064.5
11964	364667.75
15122	5428571.4
12908	107188.5
53416	159172.66
110935	23824.857
75608	781250
12325	37807.183
26611	266571.43
56360	668571.43
20362	204000
353170	14400.857
18754	3669.6065
56195	28450.286
22003	922535.21
16592	3274074.1
66111	33428.571
12550	248868.78
104001	42285.714
69654	1373134.3
11465	690666.67
71780	100000
320707	5804.8571
110078	876631.08
223601	101428.57
232748	25830.857
68631	142946.71
15444	27615.143
107975	24764.286
209378	28442.857
68420	15612
19264	15491.867
14960	120703.12
16149	23818.28
23825	848571.43
14007	39763.78
230972	52571.429
18582	59128.667
14936	22899.729
213539	1942857.1
654795	52000
22142	214855.88
381694	19001.227
73212	6005.7143
14593	39000
170930	834736.84
67068	405208.33
57915	29428.571
94181	3285714.3
68519	522857.14
11722	2248.9237
15512	423380.73
17524	126285.71
59069	28873239
14688	1094117.6
22637	25080.906
12945	23069.544
16593	148798.52
19672	242857.14
67803	971.14286
17219	26552.984
11966	324853.23
14245	377142.86
26364	6382.8851
73112	905714.29
71148	2156.3714
18751	83010.432
52589	110285.71
101314	65142.857
11931	2592105.3
22629	3800813
18717	10583.51
20970	33031.674
13589	1899253.7
12491	118855.93
56327	89130.435
18033	5268.2801
227541	4359.4805
14269	242000
18597	1302564.1
18739	3124.2857
56702	54708.52
17161	243346.01
74091	48750
68263	1785515.3
69772	26899.184
11891	195475.11
216197	655652.17
18536	3350
234779	7718.8142
14026	20499.714
12759	3085714.3
16170	2908
73834	83400.81
228359	597142.86
380711	25840.857
380686	32000
432467	5240.8571
51793	8390.1754
380928	388571.43
66128	428571.43
P01867-2	180000
21987	239428.57
229877	244857.14
22631	17346939
66310	7829.7143
66645	30000
18797	77066.451
235627	963.45714
20202	25740.286
59069	408450.7
21825	8803.4188
239217	74000
109552	130000
12419	581151.83
73086	1163.4994
108911	119714.29
66128	166857.14
320183	37428.571
13016	73469.388
72157	738709.68
12417	759562.84
216963	25844.156
27360	522857.14
18642	82179.487
319713	730.80645
72108	10227.143
170750	181380.42
65106	802857.14
12412	442162.16
14225	4138888.9
227700	210750
20111	331491.71
12402	9674.0416
17831	4888.0597
105298	2760.7143
12322	182635.98
15193	97428.571
17220	45201.669
53598	193548.39
11429	4256410.3
16181	30377.528
100900	11312.393
12816	43269.231
52398	1108571.4
17698	2894280.8
29812	48571.429
18220	600000
68614	7217.7143
26417	381578.95
66204	393939.39
18195	674731.18
53378	51142.857
12183	26626.641
192662	5441176.5
27984	345714.29
108058	74907.749
20201	20666.286
65972	373790.32
244373	974285.71
233908	478764.48
54391	1200000
63986	47714.286
12757	434042.55
17967	53542.601
382643	517142.86
15382	2015625
116847	1105820.1
56086	2903114.2
18753	142581.6
22343	351428.57
66469	9550.5714
29875	633675.32
14904	14065.429
14857	15381166
76626	253142.86
668218	60285.714
26370	88953.488
16400	8583.0959
15469	646900.27
12858	4465753.4
11852	31304.592
108671	4955.2124
114886	195142.86
11733	383.31901
227960	8094.5714
14784	566820.28
234353	1845.9981
214459	24329.714
407785	406034.48
74325	646288.21
100732	1711743.8
17215	31527.094
26949	1034482.8
22375	1827442.8
54120	266285.71
76497	47714.286
76820	39142.857
14156	117724.87
75901	8193.8538
11957	525925.93
63913	522857.14
108664	141407.87
53605	588235.29
57752	685.9443
59069	1686619.7
17931	1020408.2
269774	11783.107
20742	1303427.8
20024	380000
232201	2656.9429
72096	8160.8571
19088	107692.31
29817	102571.43
66514	34355.828
17955	618666.67
329910	5402.0202
545030	221.40286
20739	1941.0766
50926	289701
80890	10734.409
56426	284000
68598	513833.99
208194	6160.8696
18738	1140000
30059	280285.71
22151	235955.06
16773	45074.05
54401	4552845.5
69071	19851.429
93730	107428.57
14555	1200573.1
329154	13815.714
12340	947552.45
193740	1887675.5
18750	51339.286
12041	62378.641
54403	5864.2261
171210	153200.88
12826	7010.1857
17996	5912
22630	5714285.7
22350	4488054.6
14923	240404.04
50492	302765.65
13138	210526.32
22628	6275303.6
68732	55142.857
11484	43910.256
12631	15662651
223255	262180.97
11657	41714286
19291	80000
67199	577868.85
56409	5077.6786
235661	500956.02
94184	1665714.3
18538	305363.98
54673	25375.068
67469	1757.037
13855	19495.798
66905	451428.57
117150	66270.784
26413	594972.07
229709	226415.09
109711	4450672.6
20741	8599.6241
23988	166666.67
71889	11264.151
19156	1132854.6
67860	110857.14
11308	209428.57
18624	102231.24
72565	23980.571
66125	205813.95
67689	275.10684
224650	1687.6286
57258	11796.857
65962	79821.958
13822	190283.4
22329	3610.5548
20650	125142.86
13169	85142.857
319162	86923.077
77579	108805.67
54130	1305714.3
64383	61182.519
14976	608661.42
22221	4634.2593
109624	47714286
12336	1040892.2
22330	6238273.9
18637	274675.32
19046	357798.17
235442	64251.208
76895	41714.286
53602	192285.71
51886	239631.34
16905	8030075.2
12974	965517.24
103850	1137.2727
57376	79318.735
93739	153846.15
77134	626229.51
268656	30021.142
66335	162827.23
98366	65677.966
58231	79069.767
20588	9420.2899
99889	551428.57
59041	40845.07
74134	148702.59
67808	20866.286
224105	314885.5
67881	45142.857
58233	75062.972
66540	132857.14
23943	545714.29
76551	128784.65
64899	12904.857
17919	9680.9681
19385	1380000
235380	6765.1429
20383	400000
83965	17553.143
110651	229729.73
66290	594915.25
27205	10191.849
18798	24609.714
231148	4427.1242
52700	58285.714
228998	285024.15
58193	3231.5152
20163	2197142.9
227613	7640449.4
11474	1916.3333
17876	34571.429
22154	371621.62
69151	87714.286
67581	7358.2857
56737	69397.59
70974	18518.519
68942	226760.56
234663	296747.97
54132	1208571.4
17993	1537142.9
56398	44285.714
108123	308571.43
67530	9729729.7
16790	159420.29
21961	1362857.1
53424	129428.57
69083	4054054.1
30056	46571.429
50927	121086.68
12111	691056.91
18002	338271.6
22153	1759009
11603	4788.9231
17149	760273.97
235339	858255.45
20740	2010517.8
73833	16763.714
22388	3600000
67902	4088.5714
232975	239881.54
12912	62756.598
56431	24969697
72900	689516.13
14544	148678.41
56330	90571.429
13877	208857.14
230872	23919.143
213012	21046.465
12017	166478.87
22196	561392.41
18475	231004.37
66365	194285.71
404634	12603.495
71766	123142.86
18671	14576.803
66094	107714.29
63985	174857.14
56459	141142.86
67628	156857.14
13427	289215.69
216190	422857.14
109689	277511.96
16691	50000000
106628	68988.391
18046	37014.925
68205	14063.366
234852	152551.02
226977	209428.57
13660	610486.89
56440	440000
192196	290816.33
68539	78285.714
65964	362857.14
66999	5703.4286
12757	110212.77
70314	47714.286
52551	174285.71
27402	196207.58
56297	11814.516
12695	944.87459
20411	32403.101
56212	60209.424
15463	116571.43
13014	14932.286
18293	88758.553
53331	1913.0268
78330	97115.385
13191	1205714.3
380752	42571.429
52163	151871.66
55980	1191335.7
83409	29714.286
72931	74000
66385	351428.57
76088	15873.143
52009	44857.143
108903	85428.571
59013	797327.39
14105	37229.771
105559	26650.286
56456	147552.45
76737	91428.571
14678	549295.77
15381	1031948.9
68183	119111.11
107513	958041.96
12400	19306.571
66054	1442105.3
67673	1864406.8
21923	130805.69
16331	1059.4458
67870	133073.93
76959	270319.63
386649	781081.08
66498	11029.412
67488	11017.429
192292	21308.411
433759	286307.05
51797	136000
21881	5292740
232807	468571.43
94186	145142.86
14693	797058.82
21351	4866468.8
20168	457142.86
22627	17019608
21835	4058.8571
245688	249411.76
22334	1213559.3
20947	177428.57
67938	517441.86
12333	199158.49
17216	27765.487
18000	982857.14
20411	247286.82
170719	156000
50773	605000
110208	3043478.3
12859	1164062.5
110854	258285.71
12331	6371428.6
56692	697580.65
110809	1479838.7
104015	4723.5705
50875	647727.27
68202	1982758.6
54473	92700.73
54126	38979.118
67299	70000
21849	514388.49
227624	27066.286
19047	315789.47
94176	18107.221
66201	187378.64
66373	260439.56
16907	833892.62
110119	71631.206
68097	1303370.8
70225	11683.851
78830	457142.86
18104	3583941.6
216873	11507.143
68051	229142.86
20723	262000
23964	391428.57
14567	888571.43
20382	701357.47
12380	600000
14030	230534.35
16563	12240.993
30949	154285.71
66070	72052.402
13486	42000
320165	11694.703
225027	87265.918
110323	4441860.5
101739	150571.43
69499	4698.5714
74192	611764.71
67475	265524.63
12928	121710.53
22192	510382.51
52822	35142.857
13043	959706.96
55992	11444.489
71978	393736.02
70620	820689.66
57319	68764.045
210126	854285.71
56726	41142.857
66892	17908.857
234069	31142.857
319965	51428.571
16688	61032.028
27756	1063157.9
21917	811428.57
14164	2853.0968
56376	762857.14
75739	70285.714
11972	438746.44
268980	74285.714
53610	1572938.7
66226	30000
53607	106620.21
18952	120000
68969	7144.9558
12655	2191.3714
20911	122285.71
60365	548275.86
D3YV37	402857.14
17217	66589.327
15159	5066.9118
14866	1366071.4
72993	1930.5516
14751	4659498.2
14957	1904977.4
20630	167924.53
66420	76190.476
68240	55450.413
18971	2770.7692
18472	834146.34
14272	173209.55
17685	15508.021
69207	21388.571
54394	1777.4286
225887	156603.77
60409	43714.286
66231	51428.571
68094	74443.528
12401	119428.57
52639	7814.8571
15204	2522.7461
19663	84857.143
216001	156000
235072	1222857.1
19070	1479.8571
12488	351648.35
20222	45684.211
108121	104602.51
19155	354347.83
11777	143523.32
26941	785714.29
21873	202227.93
P01868	20232.286
19646	282352.94
18451	23595.506
59079	15691.869
18643	15785714
66531	8300.5714
20218	347629.8
595136	2141509.4
218460	903.71429
56362	1595317.7
18569	391428.57
11984	194193.55
56612	275324.68
12343	1681818.2
83997	3257142.9
67465	285714.29
67771	2000000
140546	35714.286
23970	562857.14
56217	4455.5556
269593	56571.429
56372	51428.571
66624	818584.07
110082	10512.571
98053	10925.394
338367	168986.08
270110	102000
108160	30678.466
16569	6272.0214
229279	10000000
12283	434017.6
15387	2786177.1
13001	61395.349
59008	12209.865
22333	3479729.7
75734	20128.571
216527	15452.857
94284	84934.087
73341	15434.501
83431	28857.143
72590	158549.22
93765	1631578.9
18641	91794.872
18148	3106164.4
56150	20604.39
66601	1865714.3
23837	91142.857
116733	14267.048
20021	17944
22327	100857.14
16573	734164.07
12321	2822857.1
208618	47428.571
68971	18897.143
21887	8002
71810	91714.286
59020	93714.286
15384	1638596.5
54196	382857.14
320795	6527.167
621893	170000
57342	1115591.4
74246	23455.331
66075	614285.71
170760	300000
12833	552195.12
70650	56699.577
57230	20002
21807	48857.143
12835	5342857.1
22319	1165048.5
231887	697142.86
212531	120571.43
67951	188814.32
68816	29048.795
75454	1411290.3
68833	79428.571
52563	19597.99
68342	1920454.5
56358	250285.71
20826	271875
19143	16842.105
18221	1028571.4
237823	16529.544
17079	36913.767
72404	36285.714
22384	497142.86
109006	40000
107260	830258.3
81877	1128571.4
75530	11153.429
68349	1034220.5
12540	942408.38
66101	49692.553
50995	260188.09
14187	2898734.2
16202	750000
98238	811428.57
56031	21674.751
72567	85418.934
105348	660000
432508	64571.429
19326	3059633
216131	17732
68705	97991.968
19826	152786.89
66314	258000
53379	8828571.4
76614	3114285.7
69878	7173.6047
20405	85869.565
100986	77428.571
269113	31176.471
14489	565714.29
52428	88571.429
17472	5171.4286
18141	26609.442
17975	2574257.4
69091	109428.57
74355	15155.143
192174	25083.143
433904	33428.571
12834	180851.06
67010	44150.943
55988	342857.14
100034361	62285.714
229542	35428.571
66377	13326.316
100336	44444.444
19052	44983.819
217837	13533.89
67397	961832.06
14682	281337.05
236732	12795.699
217517	7334.2857
29806	143142.86
66585	65363.128
18034	2659.2881
13009	81958.763
60321	41809.672
321022	178857.14
18826	1565714.3
108014	45945.946
16414	13618.677
16416	7759.4663
11991	949295.77
20174	209935.21
11746	5742857.1
12334	995714.29
19889	15391.143
11938	398467.43
22218	441584.16
56309	189714.29
80877	126857.14
67851	28857.143
67474	195000
11928	964809.38
69957	59193.548
228836	50571.429
66437	620000
94242	152285.71
18226	111596.96
228983	7596.8571
16796	417142.86
15388	1117747.4
69459	15993.714
69024	6231.4286
19703	4003.7209
68693	894285.71
20318	158285.71
15161	173428.57
72552	9961.4286
223696	69714.286
70572	788571.43
67781	140000
13063	7104761.9
230596	60897.436
242687	55331.992
71844	18398.637
14082	40606.829
230649	6662.2857
17991	1565656.6
56697	5876.8571
67877	38028.652
53817	1151869.2
110639	26261.635
66588	7551020.4
98758	2939759
69875	612056.74
70316	332051.28
67130	2412213.7
66118	119428.57
21399	362857.14
84094	91142.857
14672	68523.677
64136	114571.43
67890	3235294.1
16976	1042857.1
72313	25164.571
56399	55714.286
102566	86857.143
66091	1500000
19053	3705.5016
268373	42012195
68219	86857.143
74125	8213.4286
71514	656652.36
106344	25742.582
66912	83142.857
18795	17516.447
54683	4437500
68724	82795.699
67273	1383098.6
12537	58035.714
21787	882857.14
11735	16879.143
56350	389010.99
17448	7692307.7
56637	33571.429
17218	36016.371
23827	1198051.9
20833	97881.356
66368	46448.087
19358	54820.937
11853	321243.52
12867	1777777.8
21968	30857.143
51792	1867572.2
67959	133510.64
18854	96610.169
55936	8681.7406
68682	3662
15368	5676.1246
55990	62616.822
20657	110756.97
67186	19304348
59005	51714.286
67955	738095.24
18747	210541.31
66642	75843.694
29876	2351778.7
54214	140571.43
12857	10769231
17884	13563.693
19707	7657.4286
19290	1054285.7
76055	28571.429
103967	22363.847
21672	2378787.9
76137	24543.143
56324	28871.893
68585	362857.14
20409	348571.43
76302	18477.143
217030	8036.2857
109232	41142.857
66899	2169.1143
14790	6348
224111	18553.143
70470	105428.57
269061	16727.429
16568	5513.4094
57317	1601227
27054	700130.38
107701	105896.23
72333	2602857.1
23971	129807.69
67923	1330357.1
330662	109919.57
213760	12621.143
193116	8958.6325
72542	71428.571
56699	14254.857
70296	181714.29
101706	600000
320024	33088.235
27374	29513.344
72170	35714.286
23790	1545714.3
76614	3277.4286
11975	11570.083
17758	606222.22
19317	36571.429
109331	10688.592
224903	102857.14
56378	2258427
236573	153142.86
16426	141714.29
319186	18809524
96979	164062.5
67886	2702.6571
240028	33756.098
17128	16453.358
104457	10325.429
12237	50613.497
216705	908571.43
68607	34000
76709	3400000
11487	20160.214
76936	263374.49
28000	275793.65
56495	376436.78
192170	559610.71
22594	21711.569
103466	30857.143
23980	1500000
12345	2657039.7
217864	21383.648
57435	140285.71
104009	20454.545
68926	18452
12369	695.67657
381308	36285.714
26431	11446.893
109676	134285.71
69150	76000
29857	6794.5504
76899	32571.429
93760	780.15769
19384	6712963
66911	8058.2857
54353	6197.4286
72183	3514285.7
19357	29291.339
22668	132006.13
67973	4498.2857
74117	302857.14
21894	1341991.3
12321	291428.57
64704	4936.6812
68375	1540697.7
22169	38031.32
252870	133272.89
67963	198657.72
19229	16253.717
21915	117452.83
54195	53548.387
20810	582661.29
22099	137714.29
66629	422857.14
26395	549618.32
22070	3485714.3
13002	51515.152
225131	3218
226251	49709.64
14011	12284.124
216156	31142.857
13033	1224390.2
108099	49116.608
16801	14130.435
11840	889502.76
19414	18590.857
72349	832432.43
72205	171428.57
11844	872222.22
67285	7208.742
66218	1150838
665113	5901.5117
73288	20006.857
22680	88571.429
331026	50555.556
67899	25147.429
74255	77777.778
75062	177245.51
68278	103981.26
21681	443137.25
230908	685714.29
66914	158371.04
338350	28571.429
20587	27012.987
13859	214571.43
11416	4008.5455
67145	20203.429
108124	528571.43
234023	245756.46
109154	1068571.4
11947	9697542.5
66043	357738.1
76884	83000.798
22612	29759.704
22608	1304347.8
18810	637390.75
215951	23876.571
75710	36000
15182	27254.098
66044	157428.57
20226	1447265.6
66827	29714.286
78618	30259.74
19655	312020.46
57750	54857.143
12995	498721.23
15568	340490.8
20616	83142.857
11491	2915.2358
66521	172000
108989	1268571.4
52440	52571.429
19084	362204.72
107182	3155.1429
16649	125714.29
20384	397769.52
50884	137411.35
269966	30571.429
18693	8913.1429
16549	124732.62
19303	85448.393
53893	249082.57
15530	39384.947
319322	808571.43
53413	60114.778
67838	1486033.5
67003	1732891.8
104759	7123.4286
75619	4019.1429
17920	188932.81
78920	341409.69
19744	170652.17
56307	248953.97
67043	437142.86
26921	897.64801
103468	14470.842
70248	61428.571
75914	27526.857
53375	331428.57
76425	47714.286
107686	1347457.6
14873	17750000
56758	206571.43
227197	881705.64
11632	78000
245847	15474.817
14390	9928.6344
74105	9315.0912
207565	2162.585
67675	23911.714
66411	175142.86
56044	85436.893
230753	225026.29
12568	122602.74
12866	3204819.3
69639	24583.696
19246	142361.11
15289	7906976.7
102595	5137.1429
66235	1145833.3
66414	301379.31
70052	24760.077
78651	60418.75
56215	27354.26
74383	158000
17938	1737142.9
66416	1415929.2
114741	179142.86
69305	132248.52
235041	677142.86
20196	388571.43
19027	146000
11651	122916.67
18607	8607.6923
66700	147321.43
66713	1288571.4
21402	699386.5
228061	39379.845
11843	633333.33
67684	128571.43
66663	250620.35
56748	17077.143
269966	40857.143
11867	1346774.2
338467	3577.7143
27366	34571.429
66055	80857.143
56505	178289.47
353172	679012.35
68045	602857.14
66050	3135.7143
19387	100339.56
233405	21690.286
76561	83714.286
71268	165142.86
66694	2390510.9
27222	24127.907
18604	24570.025
20918	3238938.1
18521	544198.9
22185	305263.16
66046	515343.92
66679	9276.087
12387	220230.47
54645	114857.14
109181	127142.86
20639	120444.44
22122	953271.03
12562	6930.3571
233802	139714.29
18648	4173228.3
20658	78285.714
231386	16464
98845	207142.86
233204	5865.1429
68581	851428.57
15191	1665714.3
26394	204329
56045	602857.14
16993	1530278.2
71544	3015.4286
68845	18180
70047	71889.401
68988	40881.764
330474	619.25714
69736	54294.479
71943	70000
56430	185478.07
269338	6748
105445	2617.8857
319565	110857.14
223527	961386.14
66492	44375.377
67996	305714.29
23806	16881.081
14696	20253.824
23880	1453.7714
78388	4285714.3
386612	30791.789
19360	11966.463
74840	4114285.7
11625	264285.71
56274	32193.159
21922	31142.857
19353	635416.67
232314	40285.714
19063	656862.75
224902	3913.7143
68033	13458.571
78808	7201.0417
60595	4594298.2
17222	635.75103
233824	77142.857
107652	649425.29
75597	74571.429
56040	4263157.9
66481	9325301.2
80838	6118.3099
19230	1054285.7
22166	9904761.9
27643	37428.571
100041953	196857.14
67211	38000
67604	50571.429
74167	92000
234797	96571.429
232791	15978.695
74764	126817.45
15170	81176.471
12539	1216358.8
228769	67158.672
224904	152857.14
14679	522598.87
20133	37500
170625	34571.429
21810	694285.71
54139	34689.507
12818	37006.121
22200	37878.788
18949	143448.28
67988	73464.912
15452	1096330.3
12370	148541.67
270192	253846.15
104444	514285.71
72772	10349.143
110380	5663.7143
68304	77428.571
78294	23076923
56480	10599.177
16418	10790.204
66656	3879003.6
11363	2009302.3
215615	543076.92
76707	52285.714
77963	74857.143
11744	397142.86
14265	17351.143
76938	13718.025
217342	13198.758
329877	57142.857
109778	549152.54
77573	54857.143
276846	25765.766
13806	15000000
109711	106950.67
16653	433333.33
67898	31142.857
30057	11412.286
102058	52571.429
319939	46857.143
68991	38571.429
68089	934523.81
56749	3131.1392
56433	265142.86
16785	3491525.4
68981	278431.37
22145	812500
71268	85142.857
23950	43287.671
56282	414285.71
80743	20435.714
51796	46934.461
21371	374285.71
105675	1266990.3
20916	2142548.6
320473	21057.714
12351	4840.6557
66530	49095.023
26891	642857.14
71169	48000
66658	40285.714
104130	715231.79
16151	54126.214
26895	6796.9697
70153	186857.14
15369	102857.14
23881	454285.71
17913	398871.12
56174	94169.096
59042	765714.29
68505	28857.143
70497	47142.857
110355	10347.75
52064	58409.786
19041	8319.0883
234699	6854.0541
66317	154098.36
59021	1306603.8
106039	52440.945
71678	112571.43
55949	11377778
107476	69509.595
216344	178828.83
99412	235428.57
66072	6554
56334	1325714.3
13430	318390.8
20832	2808139.5
17969	2410.6286
74781	3349.4286
212999	60857.143
110052	80571.429
14782	340000
22042	5781.3893
239667	58857.143
17120	8530.6834
22273	977083.33
16434	611111.11
12301	886462.88
50770	22493.682
109785	232472.32
54451	10983.714
16709	207714.29
19286	64427.083
67282	25369.714
26754	205688.62
11992	500000
76742	29714.286
19069	3729.3493
21917	9028.5714
77305	173428.57
266692	72000
19821	14313.393
20022	22602.564
19359	439903.85
51786	40000
226591	117714.29
105245	2565947.2
70439	174285.71
15354	112500
13430	11211.149
56812	12841.155
26893	160802.47
20844	72080.292
52348	16852.141
27965	4414.5714
54709	1236923.1
67458	337142.86
67078	75077.882
276770	6883116.9
12632	3337349.4
218490	394285.71
67726	153714.29
22134	44571.429
66200	46285.714
53323	60500
12368	369565.22
100206	49189.189
56744	53948.571
217473	28571.429
66495	1500000
230721	1705714.3
210376	33142.857
21372	44971.537
69976	114628.82
223754	19796.571
13382	1984282.9
621156	98000
18570	511428.57
269682	250285.71
234671	1540000
11739	4731543.6
215999	657142.86
71919	34857.143
18718	8642.716
66399	188271.6
226407	52000
22195	3103896.1
170791	571698.11
53421	386554.62
238024	189142.86
110829	340000
13006	199671.32
19656	60000
11747	5600000
71732	22852.286
77407	70149.254
98386	53428.571
234865	23203.463
17184	211583.92
54127	5318840.6
66861	156368.22
286940	1464258.3
223723	100857.14
54170	117428.57
83796	41431.262
212111	53428.571
26922	434316.35
56748	13329.714
72124	58611.111
12729	8241.1017
16456	29185.333
65970	580000
16545	157.76353
277360	1123.9394
18120	45428.571
68251	7216.2857
19205	990512.33
108030	6129.7143
20624	176107.11
59035	31743.421
11566	714912.28
14674	68169.761
94232	2334.2282
101943	81265.407
13854	76521.739
105504	53142.857
23983	432584.27
11564	336776.86
319154	35868.382
23789	245142.86
229524	3451.4286
381760	235526.32
19878	65489.914
54198	368571.43
71881	331428.57
11927	402857.14
73699	46422.629
93684	420000
26384	158131.49
99683	23772.857
232341	4543.5423
67300	1904477.6
223453	411428.57
70430	7768.2857
68059	238571.43
12467	12162.9
17319	100000
69710	2119.5592
12388	319829.42
226144	57428.571
14667	54404.145
83701	275714.29
233977	50857.143
100226	212408.76
219135	5102.4311
212880	31395.349
17995	508620.69
238123	188000
320267	35428.571
50709	216438.36
108083	32451.923
11821	42203.889
19045	109090.91
73046	65446.711
71955	340000
13040	636.26471
20637	537946.43
14300	60465.116
14860	7657657.7
66552	5012
665775	1564.9429
214952	998.96774
230861	278657.38
11639	56950.673
208263	3795.4286
19324	6878048.8
227446	91428.571
73473	28571.429
17992	1780487.8
66616	354285.71
22276	17693.208
216363	10100.286
110253	48285.714
268470	10682.865
215449	1690217.4
18415	52386.635
56275	12516.293
107702	2277142.9
140858	18563.429
11737	1085714.3
12988	52222.222
26450	451428.57
69276	30904.523
76192	19617.839
78798	50000
232087	273417.72
21885	115142.86
18706	44194.757
15239	84903.226
215114	44412.051
52469	43142.857
16658	83591.331
27041	311428.57
14433	16906907
75624	25585.233
192231	3624.5714
103136	55142.857
13631	24723.757
79560	54088.05
100043714	27840.286
21872	65902.579
226646	349892.01
28018	9959.7143
67542	153428.57
19134	16583.913
245828	9934.2857
72692	114043.99
70564	131714.29
229543	11719.5
22245	4137.5451
78655	765714.29
27967	9822.5427
108155	31739.962
22378	62000
320938	58571.429
28006	42285.714
23945	169636.96
67040	298461.54
70297	380000
19718	11996.562
13424	441429.8
59015	7631.9544
228994	44571.429
213827	3514285.7
19192	289763.78
54128	2409090.9
66922	29310.784
19383	46153.846
66449	6194.8571
52432	45916.115
72754	2995.7143
72047	37244.349
56443	170000
11771	60491.3
16480	255033.56
66998	142857.14
52502	130285.71
13684	1078341
22088	96675.192
102339	48571.429
57320	8359788.4
18102	1000000
225028	3149.4407
66108	297082.23
192289	12924.703
27058	895348.84
26383	12262
207352	252857.14
103573	251167.13
11364	1218527.3
319192	5685714.3
14194	1199211
15212	46828.358
28295	585714.29
20042	9318181.8
50933	513043.48
66164	48857.143
66085	26908.033
68303	262285.71
54138	230857.14
72201	62000
14084	188857.14
69368	5569.1429
66073	1435294.1
231380	66096.866
217325	58519.961
216724	639.66292
68556	8961.6788
19247	579564.49
69697	32571.429
19201	9614
15458	239142.86
19035	28842593
12929	135313.53
224014	42000
14083	31651.376
53380	52813.853
69719	202616.28
195018	22327.429
56258	14611.136
20924	264000
76563	4284
233871	184000
60596	20694.645
66609	18589.08
76688	56218.905
69456	49428.571
16978	297142.86
226539	10970.138
269614	1467.561
20130	747706.42
20656	6486486.5
211488	3508.4375
23972	1626409
20684	5859.1429
67939	46000
14469	154000
224727	26162.286
66646	87280.702
107271	1210227.3
67437	794594.59
70231	219142.86
67500	557142.86
14104	694888.18
51810	621250
333433	985754.99
73910	49142.857
75612	16863.051
70616	3359.8756
72198	80096.154
170720	38000
329777	15322.532
67039	112529.83
26936	74285.714
232989	20332.286
68194	682945.74
217449	9705.4286
29816	342857.14
56418	221717.17
50911	21578.311
269951	5376106.2
54189	6811.3689
226432	55428.571
225341	213714.29
233765	65428.571
19342	12498.592
70160	87564.767
76987	156571.43
12566	43063.584
66592	417142.86
71853	6568181.8
56361	13052.955
17425	17802.503
99045	59714.286
52715	3482
20336	27692.308
17970	9352.7619
245945	46285.714
20115	6855670.1
11370	1048780.5
58240	141428.57
27369	119855.6
14768	76571.429
83493	127428.57
71177	13386
235315	7324.2857
20901	831818.18
66383	87428.571
56085	176975.95
228866	12275.714
12261	748571.43
625249	363241.11
238831	31578.947
75705	363338.79
20430	34078.212
74326	246571.43
107526	54285.714
14828	30839695
257633	65428.571
13680	434285.71
97387	32571.429
66916	34603.65
22601	891428.57
17436	2307692.3
68299	70571.429
68337	1577142.9
433702	44936.709
209086	28857.143
13204	274213.84
54367	40689.655
56070	72272.727
69225	340000
28106	588571.43
75553	2286.4571
223650	168571.43
20479	371621.62
100019	23784.857
338337	130857.14
13722	780000
72515	20246
213541	9166.2857
18102	23026316
68653	234285.71
76457	17548.571
69713	54857.143
104112	717690.19
56194	27177.335
50917	2186.5385
21991	10468227
73830	325714.29
107047	49621.212
70549	55157.895
75415	19001.714
27784	48285.714
67144	13504.571
17164	12463.212
105787	54919.499
53310	11735.143
232679	4935.1429
21429	121176.47
67897	45806.452
68135	1014204.5
93692	599065.42
64652	70857.143
66053	10083.301
234912	8749.7143
68197	1133333.3
110920	102123.14
20648	4016.5714
74245	4835.2459
52635	48571.429
101568	3706.6225
71994	391428.57
66921	1220.8856
17257	168801.65
56354	70242.915
28169	5548.4043
67074	51714.286
67332	164285.71
11806	2507575.8
18518	185428.57
14208	122140.22
67184	156944.44
54161	2637142.9
15254	1294285.7
76824	34571.429
20817	12818.943
16412	169172.93
17330	14680.665
20843	15840.78
66245	9742.8571
110379	388198.76
19223	9413.9721
12028	92708.333
98732	71428.571
105446	21615.23
12842	874.26015
14359	93428.571
71770	458911.42
12848	246049.66
78885	11760.857
233900	4616.3836
84092	1044.3519
66580	4116
70527	9852.5943
17096	78515.625
16329	74242.424
56447	868571.43
20641	591596.64
225010	15175.266
66978	32000
67028	13827.143
76332	19456.571
68275	7047.1753
22201	1975425.3
69064	63142.857
75956	6030.3367
213464	9628.8571
19087	1281795.5
56494	4069.717
75751	32857.143
69634	477142.86
100383	98000
13830	16503.429
73137	147142.86
16650	88571.429
223658	2991.1429
216134	862179.49
14694	7971428.6
17939	373493.98
80911	18000
231086	1995789.5
12215	473007.71
12282	2122122.1
52653	25990
22687	72857.143
24010	82764.811
66660	35142.857
69940	109428.57
170762	46657.081
70356	991913.75
23992	50857.143
76308	731343.28
11750	594285.71
74467	9894.8571
234729	83714.286
11792	104731.86
70349	2531428.6
19653	24042.936
21745	184.35527
233870	2809734.5
217232	1773.9394
11757	1307393
51788	2937500
27883	8168.8571
18708	12457.32
56292	459574.47
12385	1158940.4
108147	923986.49
211446	39337.748
210711	11674.571
228410	24795.143
19271	1282.391
66171	463035.02
67943	354285.71
17973	87267.905
68126	92000
11774	130316.74
26894	59272.727
27979	484433.37
69019	1571428.6
22225	416083.92
66866	215428.57
108645	151197.6
23989	7097.4286
218503	64857.143
81489	62058.824
380840	40285.714
56369	242738.59
66446	37457.045
230027	66216.216
64009	26438.857
74375	23555.714
26357	2238.3562
277250	9154.9296
58184	28527.09
12764	488425.93
78232	30000
22214	165027.32
110750	948571.43
18103	4125000
71805	70818.071
69367	12183.333
22365	13535.614
328417	40285.714
69232	3036.8571
15211	12903.409
70223	635062.61
230393	20479.143
66525	106857.14
11946	8987341.8
50527	123060.34
104184	294505.49
11736	148571.43
107829	7669.5461
69641	17357.714
15525	1438763.4
66181	112123.44
102103	34571.429
18100	57714.286
231580	29042.146
77862	67142.857
66898	294285.71
15481	17337461
65114	705714.29
50797	3000000
11565	21603.72
66508	24989.429
104721	429729.73
271457	21065.116
71974	16645.677
16410	9430.9387
30930	428571.43
17754	28710.375
232533	13023.06
70369	29306.488
100041230	11114286
225896	76285.714
100088	38242.28
68736	5463.7143
81702	49142.857
55946	41148.325
22083	21237.143
216551	25611.143
22335	604240.28
50783	446715.33
67264	170430.11
234730	31428.571
231874	39428.571
76303	302857.14
20874	68450.933
68178	25464.571
64697	32285.714
64657	71428.571
18571	920598.39
20333	453953.49
68499	9254.2857
13809	21481.481
14297	58285.714
230257	176000
238988	54285.714
76479	73949.58
66834	594285.71
19060	149298.6
20224	1141414.1
26419	3430.2083
105513	5857.1429
13383	223204.42
234594	13052.632
67804	548571.43
67972	245714.29
69146	145142.86
83768	28260.87
16978	211714.29
20866	270857.14
15519	9358799.5
59047	10382.95
19079	152962.96
12211	7927.0791
16211	391552.51
108737	134345.35
56294	14918.887
14569	9428571.4
234683	2193.9714
217149	77428.571
20020	5583.7563
211948	56285.714
72946	90000
66362	19770.803
227715	29446.758
26557	27084.286
114641	904000
271564	32000
239719	2942.5714
15115	844793.71
73744	6490.3754
11958	12014085
227377	1767.7934
66676	66000
21770	49428.571
53317	4264.7173
231872	148857.14
13205	787009.06
67857	193114.75
70533	377142.86
20227	4198.0149
56445	881067.96
108067	149428.57
19711	18454
380773	45428.571
210766	35738.832
109658	118571.43
19345	392592.59
19659	1302857.1
29807	171193.42
66142	24431.25
71521	32432.432
69780	42523.364
218210	47142.857
227800	79428.571
66917	428571.43
110959	27312.885
20926	6141.3673
28084	359090.91
76608	12659.698
209318	102547.77
76130	4432.2857
12367	246570.4
75547	4545.4286
13681	2709359.6
66902	614840.99
11886	421319.8
74098	134285.71
54563	8483.5631
11848	922279.79
76501	8941.7143
108841	18029.042
74776	596969.7
20085	5255172.4
70699	12290
68796	204285.71
28088	1437142.9
238799	282571.43
67914	98857.143
22596	33333.333
12461	1962616.8
20403	16561.714
226757	40571.429
56438	220370.37
217869	421911.42
22288	854285.71
74558	757.17143
16430	66382.979
13026	94277.929
66354	28917.91
74108	14914.583
216238	211906.45
17999	106200.68
57261	237.69286
233726	397142.86
67128	110588.24
17886	5816326.5
98221	728571.43
234664	150000
74143	940000
17274	240096.62
320191	103714.29
72322	11129.568
67106	54000
16341	759550.56
319801	62285.714
232910	183098.59
26425	4438.2857
19386	33737.308
66840	24346.857
21843	97704.082
217715	127920.23
19325	745000
67510	8191.1429
72508	9180.1905
24061	64963.504
20335	1445588.2
235567	67142.857
66246	30746.269
68564	22719.143
16201	91648.107
26442	1331950.2
13665	1507936.5
11764	355249.2
14827	17306931
245638	47714.286
19697	33515.483
22215	36836.158
13211	271014.49
56041	1408571.4
20716	35428.571
23968	6494.2857
66482	69714.286
26897	144152.74
66302	108285.71
67154	51142.857
18114	7886.2857
320632	247142.86
229589	66519.824
15078	8382352.9
56207	136778.12
224020	89714.286
23996	287081.34
20499	4466.759
16330	7188.2175
21822	18138.286
72141	63306.452
20014	784469.1
76952	49821.429
76983	360000
211673	131142.86
12361	63066.955
109093	7154.3253
66143	288571.43
102098	27672.286
67059	954285.71
67511	437142.86
60315	89714.286
11933	73381.295
66847	56285.714
223691	1014285.7
69702	119142.86
269252	9688.4945
11800	147142.86
72117	221714.29
234366	5046.8571
59026	10920.722
208440	59714.286
13682	3980344
229096	90000
212627	43142.857
23918	289883.27
11949	6342281.9
75686	78461.538
16783	87684.729
217707	56092.437
226849	77160.494
66199	82857.143
433771	16838.286
19244	26634.731
12317	27403846
28114	193142.86
11765	104257.91
224794	11273.143
11776	51042.535
16834	38857.143
76582	13321.714
103694	402857.14
53382	542857.14
52245	88857.143
106504	86236.559
76299	1288571.4
216766	4385.7523
13858	88740.245
77032	13824.286
229707	7297.7143
20501	103245.44
107767	38857.143
226791	32571.429
53895	386029.41
50907	86570.743
69082	80000
71772	3717.7143
20701	1389830.5
27681	318992.25
229363	101443
78891	72952.854
66155	3562874.3
83945	66458.333
13207	869706.84
71653	261142.86
30960	815261.04
104303	784530.39
30926	1085714.3
74351	57142.857
13209	293995.86
68512	100285.71
66659	98803.828
20852	12425.329
101869	199428.57
67160	2608695.7
68292	36938.032
170789	23770.625
14854	244725.74
53356	556250
13000	165428.57
66445	1840000
50497	23033.714
56088	9757.4394
56403	765650.08
70834	86000
19349	2193236.7
20725	38857.143
212986	91714.286
68055	13361.714
237459	19311.663
26572	262411.35
107650	5025.2451
217057	182872.93
20846	55540.721
30795	1227678.6
66945	2620481.9
20103	485784.31
72008	7990.2857
234673	241428.57
68953	247747.75
105732	25822.571
225115	59447.005
16646	22886.286
13046	312757.2
11837	9842271.3
66615	21702.799
73942	19094.857
26900	79483.283
19173	140151.52
68473	37428.571
98766	11310.024
81898	680981.6
53333	43490.305
68038	69142.857
66401	80952.381
217207	2313.6656
58810	2323076.9
246782	37428.571
59025	212981.74
225363	1105263.2
94044	48857.143
20466	1184.7724
24136	416.14815
56347	767288.69
13120	2379.2564
12465	1624768.9
238505	2531.9234
72029	72000
105501	2964.0351
26414	8339.0086
20867	2412523
71877	13411.714
68018	44551.282
231655	47945.205
71984	193.4749
27277	29428.571
74022	187142.86
101592	102040.82
107932	23133.159
13185	19047.714
16004	7772.8554
20586	4155.7967
30058	46857.143
26443	1101626
14852	272012.58
12870	40245.052
432572	2861.1429
57312	82285.714
56351	414285.71
234388	159714.29
109905	319565.22
67097	1133333.3
20340	3157.1064
64655	168857.14
14270	2847.4067
70791	20198.02
67563	3486.5714
66074	25726.286
69608	674285.71
52036	145428.57
243819	1066.4857
14113	311428.57
67345	25070.956
57294	1690476.2
207728	58078.603
12462	768807.34
74252	92000
66687	136571.43
83814	29482.072
268449	5320512.8
211347	10408.649
101513	47142.857
67014	9631.1429
100273	24638
26398	94206.549
21817	1329446.1
71679	6180124.2
18453	44204322
26444	1830645.2
320011	385557.7
19089	1550863.7
26396	170822.94
11426	255142.86
19025	175527.43
14149	45951.417
71902	1562857.1
109620	247311.83
19039	104857.14
67894	58000
230233	22805.701
114863	717142.86
100763	4265.4663
59029	396774.19
75221	330623.31
71648	22446.571
107338	158285.71
69527	77714.286
73192	12980.27
52665	142000
68090	64285.714
50493	334420.88
384309	9103.1335
75786	97142.857
15107	5191082.8
218343	224571.43
65102	87714.286
72026	11979.856
26940	24827.586
26416	94722.222
224139	374285.71
67958	63142.857
74237	5724.5714
27375	17569.061
67680	3070922
19166	1867521.4
269261	1066666.7
69601	29142.857
21454	977011.49
320528	270857.14
20823	303614.46
67204	981873.11
15505	312354.31
19766	15396.341
14479	97961.264
229663	462857.14
210998	114571.43
54160	305714.29
20316	46000
26408	2218.0435
320727	3887.7143
218035	65714.286
226982	147203.95
12469	1952554.7
353242	25300.286
217737	394285.71
97541	468571.43
56529	222905.03
12466	2033898.3
68215	241714.29
64656	51142.857
66691	20815.429
240832	33428.571
54122	22732
19344	44093.953
102436	8744.6785
235542	147046.84
13629	7435897.4
100683	934.42495
330260	607344.63
13669	818452.38
14228	2041484.7
71941	6531.9419
67201	825714.29
D3YUM8	5230.8571
68276	3968.6888
68606	23451.327
15951	537.25714
59040	9273.3756
59007	14906.912
15516	5732044.2
20702	3713592.2
80888	73979.592
22027	11059850
A6X940	2814285.7
13511	38057.041
69134	10230.857
73825	16170.286
15528	16470588
18674	531428.57
18703	34500.649
19185	63031.915
66375	185798.82
67615	16063.445
51798	385321.1
227648	122285.71
100038882	8996.2733
100043461	2860
20068	10666667
30055	291428.57
226101	357142.86
19941	1400000
27393	15039.429
14375	88157.895
14229	48464.912
237542	4358
109079	54336.735
67776	110857.14
94061	84000
320806	11007.702
66165	19978.286
72662	20459.29
20351	577.75
13030	1581120.9
56491	554285.71
19186	2477911.6
66366	103714.29
321006	796.61355
69923	79572.447
67035	403560.83
20815	37500
109674	21052.632
18438	3649.2268
85305	927731.09
66661	1485714.3
19182	880090.5
14319	2043956
225160	4973.9726
18813	2942857.1
71985	91714.286
104831	12825.059
56717	8160.0628
104458	857575.76
67166	60752.688
77582	6264.0592
11977	908.38364
56715	32857.143
19346	31457.212
67439	1780.8187
77065	398.13665
110175	31514.894
19170	1920833.3
108077	47428.571
338355	102285.71
218885	25515.143
56284	10818.857
18673	1605714.3
56530	78000
74778	9504.5714
230598	33850.129
218811	251714.29
12330	1912013.5
20286	17539.143
53872	2362857.1
19141	167356.32
12091	171561.05
16423	91089.109
81018	19298.857
23923	25647.059
107976	18068.93
73078	48670.757
69178	622857.14
231889	7014.2857
12822	925.08455
68095	207714.29
69162	651219.51
106821	8414.8571
64685	288571.43
12607	4530.5714
26445	83582.09
22193	10942.029
53312	14259.429
22284	20711.215
17713	797235.02
20185	22613.143
14450	78514.851
219249	17138
26399	13961.377
52443	10396
18786	143576.83
71517	36285.714
26441	1919540.2
19188	435146.44
235606	241803.28
67429	73142.857
56551	182530.12
68537	1663.5955
93762	29495.718
235587	24797.143
11431	346202.53
12464	866419.29
26440	866920.15
14387	1673.872
17827	86285.714
18655	8393285.4
231279	27054
66388	18053.714
109880	11944.279
19983	6902356.9
68117	140571.43
20044	2708609.3
80280	110571.43
77219	407407.41
26905	762711.86
26932	68950.749
75669	4741.5317
269523	2481389.6
73024	41714.286
66082	21048.512
170752	710.88346
19072	512676.06
243743	5758.056
16150	7830.9115
11749	8714285.7
110279	1034.8819
97212	2542595
72459	34478.203
192169	320000
56486	169230.77
68995	328571.43
103963	2779605.3
12304	10062696
227331	48857.143
59125	84105.96
20088	2458646.6
20005	3843750
72145	507.34286
68365	786046.51
67826	58353.511
100037258	1343254
67179	221142.86
20054	9517241.4
267019	2761538.5
114893	170000
67427	3647058.8
11545	46100.691
110821	1058011
56295	21985.143
13194	113157.89
67490	277714.29
19298	182943.14
19946	6252173.9
56436	107428.57
53319	21359.223
54723	8714.5585
67367	5946.0196
17449	9880239.5
63958	4919.8636
20091	7992424.2
22041	27719.714
13200	1195011.3
30934	206857.14
19877	27252.585
67398	149842.77
109652	143872.55
75805	109659.09
15461	45185.714
18041	110199.56
14886	27955.912
12010	810084.03
211548	122857.14
213988	8285.7143
16828	14698795
16648	238285.71
214498	2228.7429
55944	403284.67
140570	17372.421
66701	69714.286
74080	24519.592
78893	7310.2151
20912	163428.57
15526	5360824.7
228026	27549.195
67707	18125.429
20084	3539473.7
66121	16089.714
14227	5278571.4
14735	7856.912
80509	1360.0286
68188	16510.903
69893	2125.9714
21856	267428.57
27404	532.69136
77604	2374.4857
65019	1042857.1
329908	7107.3749
76577	264857.14
20397	69190.141
13167	2103.6782
218506	113428.57
12651	8772.335
20338	5719.1139
215476	8032.5714
320714	4202
54638	40000
233489	250000
93747	2465517.2
216440	51041.667
65111	133142.86
69077	1225118.5
231659	528571.43
67151	594594.59
73724	279213.48
74153	13244.571
20619	218571.43
73178	68263.473
26446	765853.66
12408	5451263.5
59027	299389
67382	32782.369
107733	54000
68734	32857.143
11658	110120.07
381314	107707.51
104662	18270.286
19184	793103.45
67873	23873.442
27050	4156378.6
75617	2480000
22258	98440.748
66361	1840.4
66882	625714.29
76051	5058.3519
75717	95256.41
70737	105793.45
72461	83299.389
67089	431876.61
67512	59712.23
94062	51142.857
67840	32571.429
57296	126912.18
11767	226004.73
19177	215884.48
69617	505714.29
75964	42571.429
16913	76449.275
13690	84105.96
67460	1217910.4
18567	15154
101994	8130.5714
29810	92374.35
11303	109685.98
68636	29142.857
23997	595744.68
26554	117708.33
11652	22453.222
213326	107428.57
56524	76000
13480	178846.15
72562	402205.88
76795	14759.429
75646	49714.286
14251	45093.458
52690	81714.286
19042	41623.037
50887	115714.29
107227	116571.43
56451	491329.48
98193	26057.53
18704	31791.222
17463	454828.66
67025	8764044.9
111173	73714.286
20932	371428.57
70186	331428.57
56463	7457142.9
67738	1272973
18107	538306.45
12238	23110.286
56462	12568.857
59022	328571.43
109700	84478.372
69694	82285.714
105083	34857.143
65246	113428.57
66248	68827.16
229285	26596
67311	90725.806
75909	22038.857
225913	169896.19
109333	14954.222
14933	95885.51
11605	1600.3819
114301	29142.857
78428	32673.399
67036	33428.571
50932	840.06116
19082	203939.39
18432	36011.905
228003	42904.29
66413	1187660.7
14453	29142.857
16443	14070
20416	2986.1831
18412	2742.3077
230249	199142.86
72479	147428.57
66881	615841.58
106326	11322
18458	2059748.4
226043	14212.857
66307	862857.14
20813	927272.73
230163	645604.4
3338890	70857.143
105372	2166.6571
100710	5081.4661
77040	159428.57
68879	6869.0755
72416	1345714.3
18108	62381.853
74996	28343.023
13167	8712643.7
109359	60571.429
19167	925490.2
667370	11430.857
28030	84553.928
19211	8230.5211
55983	1748571.4
12972	243202.42
68346	11550
246703	183714.29
110611	10228571
64658	8551.1429
13039	11619.461
56389	60563.38
27061	1089795.9
269587	29836.83
71795	19127.714
114664	394285.71
12468	818014.71
18563	446519.52
13437	338266.38
19896	2248847.9
70110	14839.429
70767	197657.39
223254	36571.429
20480	64401.773
108100	52523.364
67308	16270.286
76826	6226.0188
69008	110979.23
66865	128053.44
223978	48857.143
234889	4992.2857
269823	228813.56
217830	188857.14
13627	26623377
54131	98090.692
12847	980392.16
12864	5131578.9
241062	18004.338
68514	67714.286
17356	7582.4176
70925	3493.4286
19181	681293.3
227095	859740.26
74370	5815.8052
19704	75444.84
13495	47428.571
66878	3829.2871
109136	27228.916
207425	28857.143
69116	10077.22
66904	362292.05
74617	135176.99
28126	13492.857
105522	18961.429
11740	4966443
15288	38504.155
19106	20194.175
68626	3221.6606
110173	30489.192
11950	4023437.5
21762	437224.67
11409	400485.44
21405	2389.0127
68611	66000
71361	20553.714
74600	63142.857
67727	19473.422
68195	100000
11772	151385.93
69863	48571.429
15510	7050610.8
13177	1494809.7
24015	811428.57
66419	22121.143
23874	607809.85
103080	12652.571
68767	53142.857
71702	79551.122
19951	1200000
107358	33714.286
18534	38102.894
667846	1982857.1
54447	534.21958
24070	53036.437
28080	1845070.4
53381	264963.5
217666	40948.276
70207	73714.286
66407	27133.714
230866	103142.86
20851	11861.578
193813	285428.57
13506	11862.528
68493	26578.286
23942	19311.377
110842	6285714.3
20848	64675.325
16774	545.84458
19934	1210937.5
209354	68524.59
235439	3394.5714
66427	264571.43
66997	1129386
66397	200000
70675	3827.8689
223593	19093.429
94282	61428.571
66590	297244.09
56200	174285.71
67863	125142.86
26914	760752.69
105148	358161.65
66857	86857.143
22321	372921.62
69089	4805.0808
18222	11571.516
73139	98857.143
360013	57560.976
71745	84429.53
140483	98644.068
109168	195714.29
58875	814925.37
99371	85142.857
208718	9099.1429
22230	111074.92
18803	4075.192
72361	774285.71
217365	100164.47
67054	501176.47
107045	201188.46
53315	1888571.4
219189	405714.29
170728	64571.429
228140	92000
19942	2066176.5
56280	69428.571
15925	212953.88
224897	4629.5824
217337	491200
99237	42571.429
67941	8166666.7
52040	3676.5714
71586	8358.5366
11640	7719.1429
76890	96571.429
13358	50857.143
27267	411552.35
70247	205666.32
27407	325714.29
17719	2006.7974
230709	98526.316
330177	74721.604
56384	817142.86
192159	22098.501
66711	102285.71
21780	327572.02
69956	79714.286
217866	308571.43
98828	31142.857
81910	1981308.4
14376	280720.34
665155	1120000
107732	7967.7143
27419	4505.7143
22320	289108.91
20751	750957.85
381045	142285.71
224742	224857.14
234407	10104.376
67441	14201.429
108654	14839.714
17159	24679.171
13367	26772.908
66384	25164.583
224045	41143.654
245474	52259.332
22139	2428571.4
55989	257714.29
192187	5442
20055	3643835.6
18777	634782.61
12896	1056231
629974	30285.714
71472	2642.8676
73158	640000
338359	10258.571
235406	7536
12628	8027.2285
69597	59351.621
66841	801948.05
192136	4754.2857
66736	38000
11769	26701.899
68015	555240.79
19212	206000
232536	60285.714
18139	4730.2857
110826	4342857.1
56043	112956.81
20334	37254.902
69202	762857.14
66942	17272.727
22224	72095.96
257635	4491.7143
217615	272857.14
225326	1491.8828
50529	84285.714
15441	18071.429
67871	143893.13
27395	34857.143
66890	382681.56
20818	8698884.8
11881	1823.4831
225791	157714.29
56187	62610.229
14635	112787.72
27207	5006329.1
66885	328703.7
223267	5289.7143
69632	10823.072
18950	737024.22
67006	58000
14268	71861.122
93687	80118.694
11855	8461.026
226562	31142.857
14252	36214.953
331401	6712.6725
67994	4121.4286
19330	161165.05
56305	380000
78523	13849.143
207304	7257.4484
69955	14628.16
76187	41935.484
228961	101526.72
67713	58898.276
13384	991.37143
74142	505795.57
229900	2837.3143
229211	262400
66821	35714.286
66948	133171.91
100705	63714.286
11845	252571.43
67163	468571.43
66475	607692.31
74769	1064.0977
78913	45714.286
14870	12714286
13088	2022
110446	3349056.6
20917	1942263.3
226139	12749.637
239528	22906.977
77721	30857.143
94064	25430.857
20717	85714.286
70829	111714.29
26462	72519.084
72039	354253.84
67075	25972.857
69562	216.63137
11905	589247.31
13884	418772.56
22325	429.75806
64143	152912.62
72722	143714.29
13113	78727.634
328099	360000
12034	862857.14
97998	98000
72535	789980.73
66052	291124.26
66753	76190.476
3338902	2556.6286
66071	117142.86
664994	145714.29
229317	374285.71
28200	408602.15
70646	5838.4615
117586	9197.4286
65973	127800.27
11637	2142259.4
21974	16315.136
74838	166473.99
231801	12629.714
110198	174114.44
14057	880000
20102	5323193.9
68147	26912.121
56248	2568281.9
57344	141223.4
110135	169022.87
68133	163428.57
75456	203428.57
75778	15094.286
18816	60081.466
76740	3644
68052	1132450.3
68585	1587.0286
22235	1926977.7
107375	1777.8286
13885	3443262.4
110157	16820.988
107508	601190.48
24071	27896
67812	52285.714
140630	49714.286
14962	7825.887
71602	37217.706
27370	298260.87
216136	37714.286
212974	5082
20655	3831168.8
20239	65428.571
71701	52873.563
16564	16925.837
22247	128066.53
28185	229428.57
226414	760479.04
13494	67714.286
26965	24484.536
17777	720000
69219	104912.28
72584	86907.216
67636	14666
56428	314285.71
26926	844771.24
232078	78571.429
78903	10509.143
11287	851428.57
15160	5293.5146
19179	493181.82
67414	6257.4286
20649	147714.29
17281	76000
52637	1491428.6
71336	63467.492
67976	26341.143
27373	16503.365
15108	720306.51
229900	24057.714
78781	16701.143
56298	63428.571
230073	28185.745
52815	30785.124
320560	1460.0571
11818	43428.571
14466	33009.709
319876	144000
68917	128000
192156	37905.237
20714	183714.29
19043	95128.205
66488	15194.286
57874	6531.4286
216443	42239.468
78038	374777.98
16337	889.8688
266645	785
11773	129885.06
72502	386.42857
70361	367504.84
14132	10525.429
108888	279428.57
67841	99681.529
11980	1264.752
80898	164516.13
26912	687500
22019	90332.805
80708	11117.429
13036	348348.35
14972	47967.48
67763	20148.857
110006	34722.222
213027	5752
71973	24356
75599	7932.8571
217069	88801.262
16784	131807.23
67895	4221453.3
103742	24277.143
68193	40148.408
338366	748571.43
19933	280625
223722	5695.2756
77038	93269.231
70568	334285.71
77697	9174.2616
212442	345714.29
26397	11376.657
67451	12036.857
104776	1450467.3
59054	11547.143
218629	23588
66477	104000
56422	21301.429
106564	34083.601
13052	13573.699
107734	4087.1429
27377	4625.3147
14712	6016.6667
233016	407281.55
12258	52380.952
67993	200000
209200	26737.968
231327	36857.143
21969	64537.158
22123	311320.75
110265	557939.91
54381	25134.571
27425	3029126.2
622402	317142.86
19044	13367.296
19981	108191.3
20872	1910.9508
16424	134285.71
233016	69417.476
18477	16030151
56348	76923.077
77987	31255.687
15502	692695.21
319625	447368.42
12038	47761.194
218236	477142.86
433256	103367.5
18115	346224.68
140740	55131.579
11758	5803571.4
22017	160000
218865	241610.74
103554	3099.5117
13667	20038.168
209131	3614
70257	151714.29
76238	300000
102866	597142.86
97112	9867.1968
15953	37142.857
16548	392617.45
16554	275714.29
232906	5400.8571
12499	112412.18
56535	561.58602
78689	14739.429
16865	39714.286
270106	369668.25
66154	6158.2857
71147	19237.691
50798	322714.68
18405	64857.143
208846	10027.855
14161	322857.14
113868	55424.528
53328	172285.71
56357	1391509.4
12319	11153.952
67809	175714.29
74244	27077.364
19989	154074.07
226856	5581.8919
230935	13096.601
70152	24038.571
14863	17293578
71775	5024.2857
16987	8025.9209
268566	196857.14
77300	4300.8571
20847	205850.49
59010	984444.44
68472	188.59429
14248	38000
27367	1642679.9
272589	37428.571
20116	1254807.7
98999	5082.2857
57440	77009.346
208643	325000
14232	42039.801
13171	970954.36
19684	797598.63
11826	47583.643
67732	85428.571
319195	733695.65
57279	117714.29
20104	1923694.8
70435	6062.5714
15139	447
50880	209259.26
15926	1869565.2
19305	2789.8279
106581	35142.857
53415	124857.14
72162	12270.857
18815	57389.163
18984	466076.7
69656	190857.14
17961	6104.9769
14872	446721.31
75475	7253.1056
54342	1027173.9
56752	1255060.7
270166	86908.517
214579	42638.623
66813	64285.714
76846	3025773.2
20341	2162857.1
27045	16044.582
70456	94857.143
14718	953995.16
26451	1027027
67979	30571.429
78894	94047.619
234734	373966.94
67844	1565.426
66461	21527.979
217980	25720.571
12492	53556.485
74616	80382.775
68021	454285.71
243168	557142.86
19921	160714.29
99571	46100.917
69550	13845.349
14630	456204.38
110954	314018.69
66536	155714.29
26961	273929.96
63828	15340.777
13195	87291.667
15199	144571.43
74148	190571.43
27376	182229.97
70120	633.53814
243385	1790.4857
232449	45597.484
67115	86175.115
67426	34263.566
11433	7215.5963
68817	50877.193
12039	186199.1
381038	1576.6313
22436	113857.68
17850	248663.1
76429	124444.44
27176	364285.71
23986	86956.522
223646	6249.7143
239570	152857.14
26363	12369.038
22275	29427.793
226105	83026.585
72748	54571.429
11816	261093.25
110960	632963.99
75735	4086.3139
71743	26465.364
16971	18305.831
14865	5468.8571
14431	707627.12
15439	1420.1714
433375	38285.714
107146	81418.919
80285	22634.857
13482	36973.684
14719	3302325.6
234309	100847.46
27384	839009.29
22121	605911.33
269180	14589.989
15473	163714.29
14651	812297.73
17155	20610.687
170460	23401.714
104923	55245.251
19159	31714.286
15356	858461.54
83490	198.96424
14325	385714.29
16427	297142.86
76491	1290476.2
67891	453460.62
52705	1226.7714
66988	1117533.7
11428	440944.88
66480	200000
18605	7693.1567
108079	16182.79
319876	7060.2857
227399	10894.597
14081	386266.09
11306	33111.702
99375	59947.299
83946	522.74574
13361	223529.41
109801	2000000
13107	3202.6477
52633	117028.99
432502	322857.14
109754	1561461.8
230161	2220.9429
77371	15596.33
230857	7968.5306
18770	275261.32
20249	5822.8169
66234	2004.0614
56382	23852.736
238055	25892.857
19899	202659.57
64385	1424.2176
246221	235353.54
26378	4917.1233
319277	14354.571
12846	358490.57
11699	93428.571
100163	10265.897
65967	722857.14
52538	2083123.4
110391	1232365.1
13121	10927.038
235386	4590.2857
110460	186857.14
319263	1406.7714
15446	171003.72
102093	15115.207
17912	16169.828
13180	2942307.7
12268	5512.0253
211389	234432.23
94175	33142.857
80907	91142.857
100039707	5348.8571
20778	299.13556
76282	28830.645
18242	389521.64
74735	2588.6364
17025	121515.15
12894	87710.22
14151	150238.1
69834	241904.76
26377	3484.75
69104	1607.7338
56690	44715.447
14864	870535.71
50790	3512.5176
52585	332268.37
14775	681592.04
94279	3927.7143
20280	250000
17855	4104.0506
103711	288122.61
108037	360000
216558	1748031.5
13872	7223.7548
109672	1854285.7
17252	26460.759
56615	160000
15488	193197.28
66681	950000
67247	250285.71
211006	21626.984
212647	464412.81
27361	27235.714
12266	223692.12
100198	28010.139
16889	48110.831
14661	2598566.3
89867	3743.7143
70335	32571.429
14137	2795.6731
17533	12431.319
102022	36285.714
68671	194306.93
14121	414201.18
15944	16832.286
71911	967930.03
14645	297587.13
111175	171287.13
20743	40000
16859	24522.946
71382	443.84735
17158	34434.783
67856	150000
235582	3470.3633
12040	130512.82
69574	231836.73
14430	644.6438
67432	9002
380660	1746.1877
223776	87428.571
76267	1049.1946
110213	12358.286
12892	60496.614
68347	25228.286
11670	534216.34
68436	167521.37
11520	2953.4286
13897	37366.548
60525	56490.728
11669	4046242.8
14473	320000
68646	64857.143
67880	99590.164
432720	190000
68312	218807.34
268860	139600
68267	9692.5714
G3UYJ7	125714.29
544963	289523.81
74147	52785.515
26358	1901544.4
75731	3824.5714
73132	1157.9429
11532	965240.64
20853	11019.429
18194	34254.144
56738	28773.585
20216	30344.828
67442	4190.9688
14862	9357798.2
100727	325714.29
12350	2638461.5
19299	128679.82
19125	2017.8631
26458	21451.613
13849	415384.62
110196	1399433.4
13112	2562.8968
104158	1730973.5
72599	696324.95
14261	14415.977
21743	378787.88
19733	20288.286
108156	1133689.8
20322	1969187.7
434437	66501.241
74114	69444.444
14073	45142.857
74185	62678.063
76263	408849.56
19090	668.99225
74156	532.6259
13850	333935.02
235674	306603.77
16922	18259.763
19193	3805.3846
69981	26494.286
110695	369202.23
18082	140571.43
17117	18849.606
50799	238571.43
75578	16438.286
71755	165165.17
14629	97802.198
264895	411428.57
104174	14536.585
105387	514285.71
74159	16197.429
11720	452020.2
17842	7432.2857
67307	385714.29
12007	12801.714
217328	61142.857
14085	108591.89
18105	38891.775
234564	460000
70266	71226.415
22238	5945.6604
212933	41749.503
229905	138461.54
99586	11121.951
103140	239142.86
394432	348399.25
20425	341004.18
17454	9184
12359	436432.64
230696	26611.429
319554	854625.55
14080	3204724.4
64705	132.6975
14867	30341.284
11534	1783933.5
74754	14534.884
17836	210857.14
11668	2694610.8
102632	73142.857
108682	14003.065
209692	918.22857
30956	37149.028
20768	91814.159
270076	121917.81
28199	2911.1111
208715	144038.46
68371	78000
320940	447.45793
66887	10205.634
15360	381889.76
11430	358547.66
56018	130285.71
394436	16745.047
246277	66937.12
102294	2016.7619
68591	749.97143
100039008	414285.71
266744	11912
12411	65418.895
67528	2149.4857
11898	2475728.2
22117	1996633
11671	359504.13
67815	15535.714
103655	9604.2857
60440	3015.1429
15233	11859.551
269378	6296296.3
227231	586000
14871	1258333.3
107869	437185.93
20887	69072.165
14874	504629.63
192166	121871.6
15445	34096.692
109900	286637.93
76279	4378.8
12623	12293.714
107747	474501.11
77559	120571.43
237320	2151.5714
67375	4200.3344
18478	210596.03
71761	1872.3474
107766	41608.392
98256	339.39457
83702	79876.161
74129	13808.976
56794	33562.823
14711	464163.82
15494	26548
11522	1725333.3
381110	32285.714
11846	319742.49
14618	32000
208665	2724.0308
117147	2465.2705
76974	32000
216456	2762.2924
110095	79529.412
56720	260.49261
240549	2596.3714
67758	36180.905
12116	151351.35
109731	467307.69
71664	2715.2571
18416	170903.95
56189	3350.4386
104086	1320.3002
22262	333333.33
15486	4641.9948
14859	1257918.6
54150	976.8
15109	2473.0594
15483	10275.342
18979	15000.845
104457	5983.4286
66185	1880.0857
66193	19897.429
66874	7935.7143
75541	401.8
66274	13111.429
112419	51142.857
72275	9004.8571
78354	311428.57
70415	15670
214764	13488.286
71425	611428.57
240185	54857.143
232345	6084.1472
333424	168000
69684	46285.714
56321	14762.286
239273	5646
11666	556.52174
329165	5546.6368
66610	3492.8571
76507	1938.482
233099	5532.8571
57426	33142.857
11421	2819.5884
94180	26028.571
74205	10189.444
60595	1056.4035
56444	12585.714
11496	1758.3143
23792	225.28347
231821	48285.714
72113	718.64762
11519	4787.7143
11529	229144.39
11568	18958.857
101351	29142.857
216549	19628.286
11596	748571.43
68262	3882.2751
74340	12782.382
382643	8158.8571
230806	654.77143
11648	33094.812
105349	472.32198
67605	10166
69748	6380.5714
19378	447876.45
56847	848.20312
621603	14084.571
69113	56293.706
268420	4551.4286
11687	42383.107
11689	6416.9139
76768	29714.286
99152	756.63082
52206	18215.613
109676	8174.5714
11735	752.83019
70797	3406.2673
71782	7538.5714
245886	1018.9143
225187	222.10857
237615	1606.9143
105722	1000.1714
26359	2460000
11768	100709.22
11783	3105.044
319924	106.1
11789	1573.1459
11804	2064.0736
11814	52409.091
11815	2434.2857
11834	1586.0905
215821	7826.2857
78514	269.60905
71302	5634.5714
544817	25946.571
11856	6797.1429
213498	2875.7143
16800	39428.571
73341	485.55123
77044	3666.2857
54208	7211.7143
76813	3903.7143
211914	16805.846
75452	2780.2
73991	4652.5714
11920	1089.5956
170759	17580.571
98660	4925.6863
53313	77938.343
381290	35714.286
11944	5346.4666
11945	11899.013
21871	5230.7243
54670	2656.3549
22589	1063.6914
110616	17941.69
382423	12854
11567	228327.23
78937	32000
27215	1608.6667
93961	1888.474
14422	4956.2745
14595	15469.424
107831	22629.583
71492	47142.857
319845	1319.1429
57278	19292.605
12032	697.62174
29815	4550.5714
76960	73714.286
12035	1946.9948
12048	19703.433
56208	2769.8661
12068	119491.53
12075	386.17339
140780	532.94376
224630	39693.86
66162	62857.143
228801	19906.857
72399	2623.0118
14312	22055.138
67832	13662
94192	23349.311
59048	20535.759
320827	31428.571
217310	9816
71934	82442.748
12293	36808.704
12297	1773.1198
320405	2543.8571
12326	22174.84
235604	1109.043
67088	1284.7429
76025	18367.494
67252	297142.86
381122	19849.624
12337	14434.375
12339	2128.2903
170725	4137.6956
12345	5188.4477
80733	16561.111
192160	3513.0372
12364	4066.1098
12390	534567.9
212139	13487.714
216618	754285.71
67433	3469.4286
434446	55428.571
545428	3799.4286
207607	21895.143
216613	238285.71
108686	628.4
215707	41714.286
12443	5779.322
67974	19797.429
235505	866.29681
12476	434782.61
17470	12130.576
69165	1246153.8
12520	14141.525
17064	1921.7391
673094	42545.714
171486	21537.143
66440	12867.059
226751	9471.4286
104445	1124.9714
268663	8357.4286
52858	81220.657
12534	14485.429
18647	3212.7932
18555	4028.629
18557	6308.4257
12571	22072.393
12572	8102.8902
107951	21422.043
12576	2038.8832
214932	2722.2
234669	26750.857
11537	25740.927
106143	34000
68567	102571.43
68044	15720.286
14004	13873.143
12648	158.59147
50883	2941.0256
12662	11348.857
21771	8041.7143
56492	2189393.9
209195	17281.879
94040	12402
56457	19282.857
218335	12672.286
65945	1579.5429
94220	12910.286
338349	128285.71
12808	4241.1429
97484	31142.857
12814	1048.2816
12835	6405.1429
68553	7413.4286
665033	53428.571
245026	1779.7792
12850	19954.839
235431	7110
12856	37857.143
18117	42285.714
232680	676258.99
12874	17792.302
12876	114495.8
12890	280000
225644	248000
54188	4335.4286
12905	7428
382056	2601.3143
74343	1522857.1
70425	2705.1887
121021	7606.3601
67337	1936.2286
108062	96571.429
227292	8838.3142
30785	13147.143
80281	19639.429
13047	2096.1716
16433	41428.571
231293	1647.2286
72017	8297.7049
74256	674.32773
77951	49783.55
72303	317142.86
52846	1772
13143	16488.649
13144	31696.429
56320	36571.429
83703	39714.286
13175	15873.016
67665	55888.651
59288	44761.538
102323	4544.2857
76863	2894.5714
53975	1015.103
52513	464.72527
72121	8505.1429
105841	5330.8571
13139	2847.3973
54004	6345.4463
23856	3514
64451	2654.3429
213550	723.2
23859	89142.857
13385	181.29834
13400	29793.978
240283	33428.571
83945	4520.625
99349	5396
13419	38380.282
13429	10058.131
238130	3953.7143
68813	16096.286
70028	37428.571
13479	2362.3902
19708	51662.404
13483	5040.8571
74388	27466.368
26757	6476.5714
65254	26241.135
93838	2855.8571
66556	32285.714
13518	210.08256
68082	3058.4091
110350	35531.816
56455	176404.49
104394	2754.1463
66967	4282.4919
67484	2620.0571
216616	2085.0571
13663	10839.706
27103	1882.6456
26987	12264.082
15571	95640.327
140580	21320.495
140579	2499.8286
54325	97132.616
58523	2610.9507
77766	9020.8531
170757	21244.926
13723	468571.43
13800	66458.853
71946	8841.1178
18606	493.07425
209558	2131.0069
12495	997.52941
12497	13807.143
13821	21160.41
13823	994.29494
77781	13177.143
99662	32857.143
28042	5937.1859
77767	1232.4286
26918	5338.09
69524	4146.9543
207920	11300.286
23871	515909.09
14027	1020.2948
74190	6462.5714
107371	22180.286
66583	13084.615
50912	1938.8952
432940	9718.2857
211922	3103.1429
72543	3024.511
84652	4713.4286
213056	2496.5143
71721	4957.7143
68936	1862.7143
68675	16516
70967	135714.29
73385	29714.286
192173	22346
218850	10834
52793	139142.86
18300	62285.714
76886	137714.29
68099	5386.5714
67420	10096.893
230904	7583.165
71865	2349.1957
14158	7376.7922
631797	8711.1429
241639	34571.429
108101	4608
14190	6219.7143
14198	24336.667
14200	3579.3907
58249	6175.7143
78749	311428.57
14230	4328.3993
14226	8596.7593
14231	9773.3945
57778	2266.6
71409	1668.9714
319448	1705.1429
110606	6159.9542
66511	5013.7143
71665	71681.416
72018	8106.2857
73068	2277.9141
14344	5446.9741
11936	678.24286
14420	2768.8596
14423	1539.839
108148	30526.316
14425	19589.258
14426	30276.817
207839	37299.035
108150	49771.689
80909	3620
14526	6565
72077	20947.368
102371	12181.429
14545	35428.571
66569	27160.857
276919	10502.286
260302	540.48747
58991	496581.2
14603	103714.29
78833	6379.1667
67903	5289.4286
235533	2290.3714
68888	1794285.7
12091	1069.9845
170823	796
320302	13106.571
79554	10560.286
68077	564.65714
D3YU46	9662.5714
100504232	1945.1714
381059	7274
P06328	9102.5714
66589	267346.94
228715	4192.2857
14683	2780.6708
14687	3695.7746
14697	14758.481
66066	48582.192
14708	5151.1765
53334	54800
67133	19434.571
93695	13699.143
67298	12965.429
232431	2024.691
14776	196315.79
76758	728571.43
270328	8548.5714
606496	7316.7347
14869	8590.4762
83602	17483.862
23894	2326.9949
71752	653.6
98488	3404.2857
14958	55670.103
209462	2087.4587
15135	13407.143
68576	8184.2857
15185	206.94517
69692	4082.2857
76987	23465.143
217026	1704.8571
56016	9067.1429
15203	4207.0009
64209	1184.578
67044	16793.429
360198	372794.12
20585	2828
14950	38095.238
219150	4358
66867	6499.1429
170638	3750.8571
54486	3732.4121
15484	1472.0207
14979	27867.954
15499	2941.7143
72630	11882.857
243912	5815.1852
15194	125.89933
108837	2245.1714
15893	21568
55978	8373.4286
319765	9575.1429
16010	216.83143
F6TLU3	22821.429
16061	4496.8571
16069	4148.5714
72058	9622.1622
67444	10902.857
76614	7502
16210	4760.5714
242291	29428.571
19062	1728.6111
16332	9228.3214
72656	922.15075
27399	2832.1016
245666	200.69012
16396	35416.667
16404	3240.6277
241226	641.43126
381924	612.32877
192897	2460.066
16419	3440.9774
16429	16258.571
16432	2454.0571
16438	11058.567
16440	34644.195
16451	3284.2151
16452	364.969
59091	20315.143
545156	287.68219
107351	130857.14
74187	2373.7143
72320	6068
16498	12708.719
233529	9280
233107	10276.286
99982	1698.007
104263	15873.016
22289	3032.2627
50868	3440.0641
13992	13612
219094	2461.8
100317	1573.1429
66132	605.14286
16561	1663.9317
16562	4873.4545
16574	3847.5941
232943	3105.1181
234825	5506
16615	1600.0383
208628	154.26824
16647	7891.7143
268482	889.05544
66059	6689.7143
16728	17301.587
16818	5898
16822	1365.8537
100017	7549.6753
16858	17677.206
56839	23080.571
16881	1853.1802
16882	4753.4975
77569	4762.5714
16886	741.58307
214895	11384.726
30937	27193.429
380928	13010.857
93689	845714.29
67774	3003.1429
270084	7518.0147
64898	3607.1429
107321	175.41714
216011	2134.4571
67207	26552.632
67070	19755.429
17068	5875.1429
17076	439.74463
11426	22468.571
94275	3302.3226
14924	1716.4514
99470	510.54878
67920	3020.8571
240354	493.01683
270058	1035.3546
26407	6386.9756
26415	43169.399
218975	15804
30957	948.99028
26420	58156.028
13728	5133.1186
17188	4750.8571
84004	62808.642
230125	3296
328949	5946
17207	3877.1429
17225	11729.918
17227	64857.143
19014	1295.3429
94112	6646.2857
234959	5826
20933	4476.8571
70208	1739.4857
17268	3541.4286
17536	4748.8571
17283	11372
17299	11455.97
56335	3848.2759
170731	11839.429
17308	2245.1902
217664	18171.267
269181	3993.8318
67569	32217.573
216864	13830.571
17345	2758.8
17346	3174.9415
68393	22512.571
17475	8272.5061
50997	3699.1429
67568	9918.2857
66448	2492.6286
216767	14252.571
66845	5642
66163	7434.2857
69163	14076.571
66493	4256
68735	4176.2857
79044	28857.143
121022	10083.429
69902	36000
17686	258.63428
17688	4719.8822
17768	58857.143
53332	2237.8176
54384	3578.7879
67440	2667.8
17063	3528.2857
17833	1391428.6
17833	3650.5714
353328	694285.71
17844	1115.4857
66175	89142.857
68753	85142.857
105689	253.13097
544791	4787.1429
17901	5223.883
216459	1603.43
17898	3032.6857
217328	1979.6571
217328	287.11429
17918	3455.5316
17925	2358.2781
242702	1989.8571
58916	83.491429
333789	31428.571
67111	4456.3536
192950	851.91429
192185	16010.478
78914	4769.5172
17940	665.78047
98956	11188.286
26422	2974.8571
269198	2002.3714
68298	1197.5575
78658	269.85392
215387	5595.3488
52683	13895.552
233038	881.6
26562	1287.3143
17974	15131.842
103425	22096.571
20602	56.399676
17996	80.177143
74103	9001.1429
66208	10205.143
18007	598.08439
18008	1318.7768
68810	90571.429
18015	138.49349
18045	19635.266
53972	2814.2254
212114	3534.5714
71175	215.43245
216856	314.25837
268973	3942.0898
101613	43714.286
79059	83431.953
66454	1031.8596
100608	4785.1429
68979	2440.5714
67134	27733.429
18125	5834.6396
230899	4193.1579
20320	92857.143
18164	4646
18176	25896.825
223649	15718.236
60345	4823.3333
18186	532.8494
74455	4818
319638	3320.2857
209586	23128
66387	9834.7619
101706	12365.714
18223	5268.0464
69912	12438.947
445007	2235.5183
18230	13186
246730	917.3297
108689	16761.143
18249	20394.286
628991	645714.29
18260	12687.332
270086	12054.571
330908	209142.86
94190	1411.2286
67749	11808
230751	758.37143
66357	92571.429
12659	1583
18452	3510.6145
54624	6945.7143
72333	32857.143
212503	14041.906
214627	2171.3143
18789	35428.571
230577	1255.2421
114774	53714.286
66923	1994.1248
18515	37441.86
229534	29714.286
74737	3172.5714
18548	18061.089
240334	12466
18573	519.48673
18574	14008.972
83679	5727.4286
242202	77225.434
236900	60240.964
381511	9400.1859
319518	21867.143
68070	271.04571
100048644	4253.1429
109054	9151.1429
56698	3017.6623
219131	1082.2857
68479	64550
18679	641.29734
102693	14202.286
208177	7351.4286
237928	1824.8689
70911	1550.4
18693	79714.286
433931	3607.4286
224938	460.56577
18772	14148.352
56460	17620.286
227937	22488.286
18778	6598.6301
18783	86764.706
232889	15099.143
271844	25522
27226	510.25
224860	1435.6857
239318	2981.4286
27260	2835.0857
83436	15371.429
109135	13138
240753	52571.429
71801	11216.857
67759	94857.143
26433	4676.1134
18947	320512.82
667034	11234.857
50767	1476.9429
69693	160000
140484	4462.0865
80294	13763.17
224143	3979.8469
18970	8883.8806
18972	7949.467
73826	12374.571
59001	37222.069
20019	547.39662
20018	7869.1729
231329	8603.0664
245841	28010
218832	25987.714
327814	11022
76787	3714.8571
319468	14110.331
225849	6531.1429
26931	4500.9542
56420	23454.072
70351	8136.8571
320717	2910
22264	1108.0571
19075	2605.036
108097	33202.952
18759	6804.0336
18762	1223.4459
101540	1418.5143
27372	56000
328110	2409.6241
217138	34857.143
22073	202285.71
76943	5440.0383
19224	15902.99
19249	13187.143
15170	11368.739
19276	951.88811
19280	298.36917
80912	39714.286
80913	7140.2857
52118	5628.2857
110816	5119.4286
69675	5441.1429
218699	2381.4
209027	391585.76
236312	4215.1429
227638	34104.046
75767	3101.5504
215445	656.37058
19328	28492.181
68328	17805.941
19334	13898.454
19335	36594.937
53868	95305.164
80718	313761.47
76338	11081.019
69908	41395.89
67295	17157.269
14470	30571.429
29809	5946
67286	44328.108
19354	13908.333
19765	5607.4074
56784	3909.7143
241694	1981.3143
240614	532.17143
110351	180000
74012	21126.776
218397	10955.429
215653	23686.857
19647	1530.6
229700	9650.8571
66810	3531.9048
225432	405.33962
56190	11675.143
19654	9903.1429
56878	14389.429
19692	965714.29
19693	12799.429
67830	14856
57264	1074.6
69263	24643.258
72151	13716.224
24012	987.02857
101489	3407.1429
78757	7435.5972
67045	468.117
66084	2077.7714
629974	6261.1429
24018	1833.6683
19894	1418.3143
225283	2787.6286
20112	13267.394
68441	34000
52187	687.37143
27966	14435.714
233532	16297.429
76246	8084.8571
104001	14450.286
12309	51428.571
78935	5214.8571
50720	57428.571
233033	3281.1429
60406	2380
212439	22491.143
243272	140857.14
72193	3675.4286
56807	25196.571
64929	180000
20254	36857.143
20255	7490.5714
214189	119714.29
52892	6324.8571
56367	10887.429
105782	10409.429
69938	105797.1
64706	3923.1429
20971	14610.101
66286	1343750
74136	12545.143
114679	18948
71599	12700.905
54204	2564.0984
24050	2958
66870	23261.179
217847	3788
71869	1164.7714
20724	394666.67
228071	22764
73251	47267.76
67788	15532.286
20377	16388.217
231769	7680.2857
67158	2234.2857
94280	12106.286
24051	13689.688
24052	131141.87
73094	2575.7714
105835	46857.143
20400	626.10317
72281	14662.571
20401	2279.8286
58234	988.28571
70661	1521.8
66641	13994.203
20469	704.02122
64383	2466.7866
75387	3171.1712
20496	84647.303
56643	21297.602
72961	3310.5357
20512	8737.1429
71998	17352.571
171429	4206.2857
20527	517.52535
20528	11951.67
210148	4306.8571
66500	15870
227059	40857.143
72401	654.85816
215113	1031.162
20534	8783.7143
229706	18707.015
50934	1429.4727
20544	12195.122
105243	1404.2857
83997	127142.86
13990	3729.7143
20587	2528.1558
14211	2178.0017
70099	3929.3157
229512	690.30482
20598	3769.4511
58994	12950.534
77626	267.69137
20603	19126.503
29856	2411428.6
226830	2357.7367
232187	9570
20614	18443.689
20615	11813.429
20623	5278.877
20646	14226.571
74718	391428.57
231834	6952
20652	17248.148
81840	208285.71
20661	26545.455
20662	1848.0667
20682	11337.673
20683	8891.0714
26942	7312.5714
67198	123142.86
67629	2989.8507
104799	6808.2857
74392	11291.143
234847	6765.685
20773	17821.25
20775	2197.9021
20779	36968.577
56013	8787.1429
20446	8726.8571
20842	1774.4833
76630	6302.2936
106766	7395.7143
116873	21834
20744	7604.6131
56424	62828.947
56216	11719.444
71954	9338.2857
77053	32285.714
64051	284.02965
64176	78770.132
27204	42571.429
104027	22990.286
20977	31428.571
171180	4176.5714
20980	5133.7143
20979	49142.857
83671	68571.429
66513	6480.8765
24075	4585.367
21343	3666.0767
272396	2540.2532
68449	5094
67249	30857.143
81004	11663.813
213773	12287.143
331532	19688.286
27224	8377.1429
21414	7037.9475
21452	4150.5714
21453	9446.8571
100121	7240.8571
106529	136363.64
57816	72857.143
224481	3716
59016	3089.1429
67026	7396.5714
223626	5687.7143
210757	4877.7143
73666	5772.3647
14911	7810.5714
21838	475925.93
21859	1972.2286
26944	1618.7714
21877	9243.3476
142980	16243.094
67366	268285.71
72341	2561.0286
66271	8321.1429
74122	67714.286
66146	3335.7143
208795	3492.5714
74868	14019.143
72477	1616.6571
232286	14327.143
19240	43714.286
237500	12311.714
72736	36000
66958	16156
106869	83428.571
21955	4249.6183
21960	1374.1532
21976	13573.086
21985	17008
22003	81690.141
22003	222535.21
22017	2233.2917
17229	2079.7101
71609	53548.387
76510	9485.7143
94092	3585.7914
21848	766.31779
22670	5384.9541
72169	354.97445
224762	936.27219
69807	948.70229
217333	13726.677
338364	11169.157
14897	481.98025
73681	5024.5714
328162	4540.6897
20822	27695.167
27223	1687.7714
209456	11904.857
22084	502.05072
14605	7451.7143
52588	9569.1429
72795	9114
74407	144000
67515	4370.2857
230603	52285.714
76260	656.05714
53857	10847.216
73710	24719.101
259279	4595.7143
98258	15923.714
232223	3040.7461
72828	15480.571
56228	10778.302
70093	1545.5213
382018	61142.857
326622	33142.857
331487	5101.2903
56046	6268
22272	163414.63
207932	785.85714
19777	2237142.9
74112	5180.8485
74270	975.53493
17847	196.76996
74841	333.40691
28035	23936.17
72554	2021.4286
217109	1772.2
22294	14061.143
22317	10268.644
13003	2119.3029
22351	385714.29
22359	279.64286
228545	23519.429
330192	28598.596
224705	10722.286
209018	2222.8857
78789	405714.29
246228	9613.1429
22371	361.99787
70560	12598.889
73447	12104.857
244484	21758
213081	15784.571
74682	445.65714
225348	8518.2857
99512	66000
67561	8885.4286
104082	7745.4286
70465	9235.3801
76773	30285.714
22393	5070.5618
24116	7389.7143
68151	13774.857
75607	2956.3518
60532	3418
80707	4614.8571
321003	5108.8933
64050	14032.599
67306	1779.7429
70579	568571.43
67302	3967.1429
230594	4004.1363
226442	15044
22763	1492.7374
217695	3748.2857
76007	3996.5714
228880	10389.143
53861	44857.143
52696	8512.2857
