23996	6.265e+10
19718	2.00263e+09
23999	3.57e+10
286940	1.211e+12
23997	1.281e+11
69957	1.1025e+10
11544	1.988e+10
11545	1.8375e+10
26377	3.78e+09
26370	1.036e+10
209737	2.366945e+09
214895	2.77242e+09
109054	1.3825e+10
26572	7.21e+10
110959	4.445e+11
245537	2.01061e+09
213575	4.35505e+08
19155	1.253e+11
73086	6.81905e+08
19156	5.11e+11
100163	1.561e+10
19376	3.348765e+09
16678	2.3065e+10
74838	8.4e+09
19378	2.158485e+09
107869	4.13e+11
12709	6.475e+10
22003	2.0004959e+12
22004	3.934e+11
27370	6.055e+10
68097	8.68e+10
27374	1.953e+10
27375	4.0929e+08
27376	1.0465e+11
27377	4.795e+09
192176	5.6e+11
77766	3.71e+09
230935	2.1e+10
329910	4.165e+09
64704	1.19e+10
64705	2.2505e+10
69550	5.425e+09
22668	8.295e+10
74351	4.025e+09
57294	7.35e+09
16498	2.483075e+09
57296	7.21e+10
71147	2.359e+10
69955	1.1305e+10
276846	2.38238e+09
71702	1.106e+10
17380	5.495e+10
13548	2.12618e+08
224938	1.207605e+09
74129	2.4395e+11
69083	5.215e+11
12017	1.589e+10
71701	8.68e+10
12010	4.655e+10
12012	7.7126e+08
26395	4.795e+10
26394	3.29e+10
26397	5.32e+09
26396	3.955e+10
69772	5.915e+11
227231	5.285e+10
17254	2.695e+11
26398	4.83e+09
11764	1.4735e+11
104130	1.4665e+11
101943	3.178e+10
20740	4.095e+12
20741	4.83e+09
100206	2.037e+10
385643	4.725e+09
15484	2.75912e+09
64050	2.727655e+09
75612	3.85e+10
235567	4.165e+10
102448	1.3545e+11
21925	1.93599e+09
21924	1.2075e+10
21923	4.55e+09
20528	7.62545e+08
53607	9.94e+09
20521	6.6542e+08
53605	1.1375e+11
53356	4.305e+10
20525	1.751995e+09
20526	2.441005e+09
11949	2.002e+12
11946	4.55e+12
11947	7.105e+12
18451	9.87e+09
96979	1.1235e+11
53376	3.338895e+09
16922	3.024e+10
170930	1.085e+11
18854	4.27e+10
12237	3.3215e+10
22262	5.95e+09
14629	1.421e+11
54473	1.33e+10
20411	1.3517e+11
67397	1.8375e+11
78757	2.633925e+09
68775	7.07e+10
67039	2.744e+10
106628	1.617e+10
67035	1.6415e+10
246221	6.16e+10
58184	2.960545e+09
218397	5.425e+09
13052	3.168095e+09
54391	4.865e+10
67398	4.34e+09
18703	2.212175e+08
18706	3.143e+10
331401	2.796815e+09
18704	7.385e+09
18708	8.855e+09
71755	3.675e+10
14710	5.94335e+08
14711	4.515e+09
14712	5.285e+09
14688	2.989e+11
217864	3.64e+09
14718	5.25e+11
14719	1.862e+12
217869	6.335e+10
70008	1.03138e+09
18747	1.694e+10
20259	1.015e+11
68598	2.891e+10
18746	8.085e+11
16882	4.4681e+08
68592	3.71e+09
18637	1.113e+11
14390	7.07e+09
29818	7.06055e+08
67103	9.1e+10
268482	1.302875e+09
68606	3.745e+09
237459	4.095e+09
319945	3.955e+09
29810	1.989365e+09
12491	2.163e+10
15446	8.155e+09
15445	1.365e+11
98366	2.338e+10
67367	3.745e+09
12499	2.093e+11
79059	1.12e+10
19271	1.008e+10
19272	6.16e+09
18141	1.5015e+10
360013	5.32e+10
170736	4.5164e+08
58523	3.11633e+09
50709	2.6145e+10
66181	1.1515e+10
59035	7.525e+09
66618	1.103375e+09
268451	1.25034e+09
234889	6.86e+09
72124	1.792e+10
66615	2.930165e+09
76884	2.268e+10
77579	3.1115e+11
12833	4.48e+10
665113	1.270395e+09
12874	3.85e+09
15288	3.78e+10
12834	2.772e+10
66988	7.56e+11
67963	8.75e+10
77371	8.68e+09
66286	3.353315e+08
380928	1.4665346e+11
73068	8.4798e+08
234779	6.86e+09
110639	2.578555e+09
208943	4.515e+09
103711	9.17e+10
13872	9.24e+09
13008	9.38e+10
228061	5.075e+10
14723	2.12527e+08
53972	2.27241e+09
238505	4.935e+10
52815	3.087e+11
230709	5.67e+09
13728	4.025e+09
26363	1.722e+10
26364	4.06e+09
26365	9.6229e+08
22670	1.35562e+09
77116	1.197385e+09
109264	6.895e+10
56403	9.485e+10
103573	8.19e+10
11370	8.645e+11
19386	6.475e+10
19387	1.099e+10
22272	2.8105e+10
22273	6.825e+11
22271	1.547e+10
22276	2.745785e+08
625249	4.165e+11
22275	7e+09
19143	3.605e+09
19141	1.764e+11
70356	3.1745e+11
16664	1.085e+10
14867	2.874585e+08
94232	6.3e+09
22019	2.6285e+10
12716	2.7055e+11
12715	3.374e+10
74006	9.4577e+08
14862	7.525e+11
22017	1.4322e+11
73078	5.285e+10
14860	3.0625e+11
23874	1.036e+11
27384	7.875e+10
192166	9.205e+11
192160	1.34463e+09
19704	4.27e+10
230163	4.69e+12
19303	2.1525e+10
93687	5.285e+09
19703	9.8e+09
100710	8.96e+09
19708	6.04275e+08
99982	5.23145e+08
56040	2.205e+11
57261	3.10289e+08
56044	8.715e+09
54614	1.450715e+08
209200	2.977835e+09
14431	3.78e+10
71514	1.0535e+11
11757	6.195e+11
11754	1.705305e+09
74134	9.16405e+08
11758	6.58e+11
26384	2.737e+11
20479	6.265e+10
16396	4.165e+09
328417	2.50873e+09
69983	2.1315e+10
16398	1.358105e+09
100705	4.585e+09
230899	5.222e+08
104015	2.556155e+09
20887	1.1655e+10
104721	2.142e+11
75669	4.025e+09
14163	2.002e+10
215113	6.265e+09
215114	8.26e+09
97112	1.909285e+09
17535	4.18985e+08
17534	2.282105e+08
17288	1.4805e+10
17533	8.84135e+08
102436	4.305e+10
330908	2.471e+10
17888	6.685e+10
16803	2.822785e+08
16801	8.33e+09
64933	8.0647e+08
235606	2.205e+11
97212	1.596e+12
217342	2.5529e+09
53610	1.9285e+11
57317	1.2005e+11
20088	1.5715e+10
11973	9.45e+11
11972	2.9995e+11
57319	8.995e+10
11975	3.92e+09
75686	4.235e+09
75062	5.95e+10
66237	4.24725e+08
27967	9.66e+09
21843	1.3405e+10
20641	4.165e+10
236732	1.8235e+10
66235	1.0185e+11
380660	4.69e+10
14897	4.60705e+08
73724	2.268e+11
13196	2.09195e+08
13195	2.1455e+11
13194	1.4385e+11
244141	8.0983e+08
70120	5.95e+09
54411	1.14478e+09
70650	6.055e+09
14651	1.0605e+12
14874	7.49e+11
26961	8.54e+09
14871	2.849e+11
14870	4.025e+11
14873	1.918e+11
26965	1.414e+10
71833	7.96355e+08
66054	1.155e+12
71521	5.25e+09
68292	5.81e+09
330177	1.3685e+10
330962	4.515e+09
58203	1.123325e+09
20463	1.358e+10
20397	2.228345e+09
20466	2.847565e+09
18538	2.051e+10
58193	4.26475e+08
170791	3.78e+10
58194	2.226e+10
21429	4.27e+10
18432	4.095e+09
66753	9.24e+09
12954	6.79e+10
12955	1.3755e+11
266645	1.442e+11
54189	1.9215e+10
321003	1.1445e+10
71743	1.1165e+11
18717	2.12359e+09
71745	2.5865e+10
225467	1.7164e+09
14272	7.665e+09
21991	2.8245e+12
72459	1.0815e+10
11846	3.31716e+09
17831	2.0048e+09
77480	7.1708e+08
108037	1.344e+11
67115	1.63303e+09
67117	7.175e+09
67111	1.202775e+09
18822	9.5949e+08
20068	1.729e+11
18624	1.022e+11
68349	3.675e+11
83602	1.53783e+09
353190	6.27585e+08
68346	1.2005e+10
68342	7.14e+11
29807	4.34e+10
12482	2.97892e+08
15900	2.01635e+08
67375	7.175e+10
12488	1.078e+11
69089	4.725e+09
59007	6.545e+09
108100	3.64e+10
59001	8.7962e+08
67680	1.3195e+12
59008	2.126635e+09
14479	3.92e+10
12366	2.36348e+08
110809	8.19e+10
100017	3.003945e+08
11768	1.3195e+10
13800	3.675e+10
433702	5.11e+09
78655	7.385e+10
11769	1.52201e+09
67204	5.74e+10
78651	8.085e+09
433256	1.211e+10
66373	1.0342185e+10
67758	3.815e+10
66377	4.48e+10
66375	2.582195e+09
108156	1.358e+12
50880	3.815e+10
110796	5.74e+09
18762	2.03637e+09
50884	3.885e+10
13844	8.2313e+08
66155	4.165e+10
13849	2.9575e+10
66401	1.379e+10
73666	2.25323e+09
76187	3.2935e+11
67972	1.7185e+10
12825	3.18374e+08
12826	5.495e+09
12827	6.65e+09
107260	8.365e+10
109674	9.625e+09
12822	2.912e+10
66082	4.704e+08
66085	5.81e+09
230073	2.1665e+10
26399	8.4e+09
72399	1.21254e+09
11767	9.625e+10
66576	1.0745e+10
17257	2.716e+10
226849	2.2225e+10
226519	1.0465e+11
20744	1.145305e+09
103968	2.766715e+09
103967	2.688e+10
103963	2.338e+11
105787	5.74e+09
225887	1.3965e+11
230718	2.980215e+08
109079	1.428e+10
11564	1.106e+11
11565	1.631e+10
11566	1.309e+11
109275	2.71901e+08
66881	1.2425e+11
11364	2.2715e+12
20743	6.93e+10
66885	1.7255e+11
11363	1.1655e+12
66887	7.315e+09
26554	2.142e+10
19179	5.285e+10
217057	2.8875e+10
110157	4.095e+09
19173	5.285e+10
22245	9.03e+09
19170	2.506e+11
19177	3.605e+10
22027	1.085e+12
19352	9.345e+09
19357	9.625e+09
16658	2.053555e+09
56212	2.771685e+09
19359	1.036e+11
19358	7.7e+10
56217	1.701e+10
104394	3.59905e+08
56215	6.23e+10
110379	5.705e+10
73046	2.534e+11
12729	6.77425e+08
414872	4.41595e+08
12724	2.442335e+08
12722	3.675e+09
12721	7.035e+10
13669	2.2435e+11
192159	2.114e+10
19283	5.6497e+08
100727	2.298135e+09
77582	1.903965e+08
19286	2.6145e+10
13660	2.2995e+11
13665	9.555e+10
13664	3.689e+08
192156	2.352e+10
56690	5.04e+10
56459	4.235e+10
56455	1.99801e+09
56456	1.9285e+10
56451	3.78e+11
93692	3.745e+10
329908	2.2925e+10
16400	9.1e+09
57278	9.485e+09
386612	1.94159e+09
18799	1.2145e+10
74105	1.001e+10
16728	7.35e+09
20377	5.005e+09
75456	2.079e+10
75454	2.674e+11
110208	3.57e+11
74108	3.5e+09
81600	4.305e+09
81601	2.40541e+08
12039	1.057e+11
12038	2.198245e+08
320981	1.536675e+09
231042	1.361535e+09
12036	4.2e+11
12035	7.36925e+08
104009	1.332765e+09
140630	1.512e+10
20723	7e+10
56492	1.648465e+08
13003	3.71e+09
20724	1.582595e+09
19826	7.665e+09
19821	1.799175e+09
16832	3.3635e+12
17295	4.23255e+08
74213	1.303925e+09
58231	1.897e+10
67042	1.2607e+09
235587	1.741215e+09
235582	3.1115e+10
11639	2.268e+11
56070	2.7195e+10
11636	2.877e+11
11637	7.105e+11
69191	2.884e+10
320165	7.945e+09
11522	5.32e+11
70223	7.315e+10
70225	6.405e+09
217718	3.7268e+08
13180	7.385e+11
27979	7.91e+10
20656	3.64e+12
20657	6.09e+10
20655	7.735e+11
16907	3.052e+11
16906	7.105e+11
16905	9.275e+11
69938	2.71481e+09
14886	4.515e+10
53975	1.42562e+09
12211	9.135e+09
105355	2.452905e+09
12215	2.6005e+11
72157	3.57e+10
54401	5.145e+11
54403	3.71e+11
70646	1.037435e+09
20384	4.375e+10
109136	3.0275e+10
14864	9.1224e+08
14865	1.15465e+09
58233	1.0745e+10
14863	9.66e+11
20382	4.69e+10
14645	5.74e+11
80297	1.37634e+09
108737	5.565e+10
26951	3.675e+09
229589	9.975e+09
14080	5.355e+10
14081	1.2215e+12
14082	3.04164e+09
14083	2.9435e+10
66397	2.163e+10
219135	1.07842e+09
72151	8.7934e+08
13070	5.285e+09
21410	4.935e+09
211446	1.9635e+10
68028	3.490375e+09
18946	5.46e+09
18949	6.51e+10
98932	1.799e+11
11964	1.3195e+12
11966	6.58e+11
70737	4.5691905e+10
71609	3.815e+09
69834	1.240995e+09
18438	6.825e+09
71602	8.225e+09
59125	1.4e+10
108841	1.645e+10
12928	5.04e+10
54195	1.183e+10
53357	1.40329e+08
18458	3.045e+11
14268	4.69e+10
14264	9.24525e+08
14261	2.912e+10
67160	2.0825e+11
18007	8.435e+09
67166	1.6345e+10
234407	4.48e+09
14580	3.605e+09
18453	1.6065e+12
14583	3.0415e+10
68626	3.5e+09
70247	8.295e+10
67300	2.653e+12
59010	2.6985e+11
59013	2.8e+11
59015	4.97e+09
15115	8.61e+10
17992	5.145e+11
17995	6.125e+11
19035	7.28e+11
17993	5.775e+11
66362	1.2355e+09
17991	3.493e+11
66368	1.3195e+10
17999	1.407e+10
71777	1.27925e+09
83702	9.205e+10
68240	3.129945e+09
71770	4.655e+11
19354	4.80165e+08
268470	6.37e+09
108079	4.83e+09
13854	7.77e+10
13855	1.2985e+10
66416	2.345e+11
217517	1.500835e+09
66414	1.0955e+11
50876	1.4595e+10
234353	5.67455e+08
66413	6.895e+10
66142	4.795e+09
12859	4.865e+11
12858	5.04e+11
76192	1.702295e+09
109880	5.705e+09
12583	1.375115e+09
107272	2.8105e+10
107271	8.89e+10
12580	6.03785e+08
20496	1.304275e+09
12857	1.5785e+12
66091	9.94e+09
14924	1.807225e+09
217207	2.409575e+09
269261	5.88e+10
245474	1.72557e+09
77134	1.974e+11
19301	3.29854e+09
228003	5.95e+09
74735	4.11775e+08
228005	2.8938e+08
18018	6.01825e+08
13204	4.795e+10
72472	2.35151e+09
19166	2.4325e+11
19167	9.555e+10
30960	1.554e+10
66890	1.358e+10
12040	1.3545e+11
16783	9.485e+10
22258	2.954e+10
12041	2.3415e+10
110147	3.157175e+08
22030	1.501325e+09
22031	3.64e+09
60321	1.7115e+10
19344	4.9e+09
19345	1.001e+11
16644	2.71152e+09
19341	2.242555e+09
19342	1.26133e+09
18115	7.735e+11
72508	7.5355e+08
100732	1.091082e+11
56464	3.675e+09
326618	8.435e+11
53857	3.302705e+09
19298	5.67e+10
277250	1.638e+10
100101806	1.636635e+08
66144	1.1725e+11
16001	1.011955e+09
19766	1.1515e+10
16004	6.475e+09
56449	7.08155e+08
56445	1.47e+11
56443	1.505e+11
64138	3.745e+10
52348	4.83e+09
21414	5.41905e+08
244059	3.17324e+09
17356	2.086e+10
13627	2.3975e+12
74112	9.912e+08
74114	2.17e+11
13518	5.25e+09
12028	4.06e+09
13511	7e+09
209558	4.795e+10
23923	1.792e+12
445007	1.46867e+09
74596	1.35611e+08
56207	2.8e+10
69219	1.218e+12
11792	2.4185e+10
67781	4.305e+10
98053	3.78e+09
54673	1.645e+10
20868	1.24943e+09
52163	2.1805e+10
210925	8.09935e+08
27061	3.78e+10
16828	1.414e+12
12111	5.67e+10
17434	1.84408e+09
74205	1.344525e+09
235339	4.865e+11
52585	5.18e+10
17192	3.85e+09
11647	1.9915e+11
70584	2.276715e+09
101861	1.41925e+09
107476	3.955e+10
14672	3.2725e+10
208846	1.294685e+09
105501	3.12165e+09
52563	5.95e+09
20661	7.65415e+08
72535	2.548e+10
116870	1.646225e+09
84004	3.10779e+09
18816	8.155e+09
16913	9.485e+09
105349	2.625e+11
58220	3.242715e+09
26949	7.21e+10
20917	2.03e+12
20916	1.561e+12
14679	9.765e+10
14678	1.519e+11
26940	1.183e+10
18557	2.05877e+09
70369	8.12e+09
14674	1.694e+10
11821	2.142e+10
11820	2.6075e+10
14079	1.2915e+10
121021	4.30115e+08
14077	4.725e+11
14071	1.377635e+09
18950	1.624e+11
18951	3.319995e+09
13088	1.18734e+09
21405	5.04e+09
26569	2.65447e+08
17470	4.9e+09
22393	7.63e+09
232341	1.351e+10
26378	4.48e+10
12934	1.498e+11
108058	8.05e+09
18777	1.6275e+11
17475	7e+09
53416	4.725e+10
80838	1.379e+10
53413	3.71e+10
54325	1.709015e+09
104923	9.835e+09
68631	4.375e+11
20044	5.145e+10
11765	1.162e+11
14187	4.83e+10
78038	3.745e+11
18399	1.827e+10
269823	1.1095e+10
242687	3.535e+10
15929	3.99e+11
18176	2.22887e+09
15925	8.75e+10
68816	2.457e+10
67311	5.95e+09
228607	2.746555e+09
15108	1.9705e+11
14450	5.705e+10
15107	2.8105e+12
234699	1.351e+10
14697	1.892625e+09
14696	6.23e+10
14693	1.6765e+11
14699	2.02139e+08
71760	3.6659e+08
71761	2.62087e+09
67771	1.0955e+11
242202	4.1006e+08
75705	1.953e+11
19193	3.92e+11
67951	1.1515e+10
67955	1.134e+11
67959	4.655e+10
66420	5.88e+09
12848	1.428e+11
12842	5.57235e+08
74147	1.8445e+12
12847	1.456e+11
21838	2.28193e+09
231580	2.226e+10
107045	3.045e+10
107047	3.808e+08
207728	3.815e+09
28084	2.807e+10
226539	1.106e+10
66222	1.8655e+11
66046	7.98e+10
225363	8.085e+10
22627	1.2215e+12
22629	1.7045e+11
22628	3.0065e+11
338375	1.029e+11
72461	2.968e+10
109093	2.1595e+10
50995	4.445e+10
12443	1.79578e+09
93747	1.225e+12
213539	2.576e+10
110175	9.87e+10
110173	3.36e+10
19339	4.48e+09
107829	2.54065e+09
110350	3.278555e+09
19330	2.051e+10
19334	1.569435e+09
19336	3.41313e+09
110196	3.4965e+10
13646	4.5927e+08
13645	1.383095e+09
110960	3.955e+10
13642	1.646085e+09
22284	3.311e+10
22289	7.8918e+08
78920	4.585e+11
13649	7.2128e+08
13885	1.113e+12
13884	8.61e+10
26445	2.9715e+10
26444	2.6635e+11
23806	1.029e+10
26440	1.869e+11
26443	1.5645e+11
19025	1.8165e+11
19752	7.28e+09
75475	8.365e+10
19247	3.3705e+10
19246	6.58e+09
100900	1.1515e+10
16211	1.2215e+11
56307	7.385e+10
19248	1.17523e+09
12512	1.0325e+10
80718	4.01695e+08
15233	7.91e+11
12696	4.34e+09
12695	1.5645e+10
21894	1.3125e+12
56273	9.45e+09
218811	1.491e+11
56275	5.88e+09
56274	7.595e+09
69207	6.475e+09
230861	4.795e+11
20708	2.296e+10
21871	5.1996e+08
21873	6.615e+10
21872	1.001e+11
20701	2.492e+11
20874	5.285e+10
73178	1.5925e+10
20872	5.4264e+08
329777	6.475e+09
224805	3.605e+09
13479	3.535e+10
260302	3.39171e+09
16691	3.0695e+11
74270	4.1874e+08
11658	6.3e+09
11652	2.56382e+09
11651	5.285e+09
17184	9.065e+10
104112	3.3145e+11
11655	3.355555e+09
53319	1.51172e+09
17762	1.94425e+11
17768	1.221045e+09
53313	2.220715e+08
57320	8.435e+11
57321	1.664285e+09
53317	9.31e+09
13667	9.66e+09
17164	2.2715e+10
17160	2.732765e+09
17161	9.24e+10
68135	1.764e+11
16969	2.934155e+08
232223	2.549505e+09
12850	1.176e+10
245880	1.7367e+09
54131	2.422e+10
192662	3.269e+11
227720	5.11e+09
50790	1.0815e+10
20901	1.2985e+11
14660	2.1735e+11
14661	2.191e+12
11834	6.5401e+08
14667	4.655e+11
83945	9.611e+10
14061	1.855315e+09
54683	3.605e+12
319944	7.8533e+08
78249	2.58587e+08
75221	9.205e+10
22428	1.4945e+10
12301	6.09e+10
11907	3.92e+09
11905	1.008e+11
211914	3.535e+09
18416	2.2785e+10
18415	5.005e+10
11909	1.18923e+09
18412	6.37e+09
18984	1.1235e+11
76688	5.95e+09
68795	4.9e+09
68794	4.445e+09
67092	1.596e+12
211488	3.605e+09
108682	1.5785e+10
14208	3.388e+10
12492	5.67e+09
71978	3.2375e+10
71974	4.025e+09
14200	9.03e+09
70974	1.080625e+09
14198	2.562e+10
68312	2.53414e+09
232680	3.67885e+08
20054	8.715e+10
20055	5.145e+10
55943	2.61184e+09
226180	3.40417e+09
211006	3.27124e+09
15488	4.34e+11
15483	1.162e+10
66661	7.525e+10
15481	3.4615e+12
18186	1.72137e+08
18181	8.3489e+08
22282	1.219225e+09
233799	2.4185e+12
331026	6.51e+09
71889	2.99075e+09
229906	2.974895e+09
226982	4.445e+10
14682	4.55e+10
14683	6.1796e+08
17975	5.285e+11
17974	3.033135e+09
17970	3.99e+09
17973	1.5225e+10
68263	8.085e+11
83768	1.7465e+10
229512	1.291255e+08
238831	5.53e+09
216443	2.9085e+10
216440	1.463e+10
66945	2.345e+12
19299	8.82e+10
67437	1.78864e+09
66942	5.6917e+08
12870	4.48e+10
67439	2.701055e+08
66948	2.051e+11
13876	3.9508e+08
66125	1.6065e+10
106504	1.918e+10
67891	3.71e+10
67890	1.421e+11
67895	2.6775e+11
67897	8.085e+09
17880	7.175e+11
17883	1.627045e+08
17882	3.1745e+10
17885	1.740445e+09
17884	8.4e+09
17886	3.248e+12
22632	2.73483e+09
22630	4.55e+11
22631	6.405e+11
66052	1.218e+11
66053	2.25015e+09
234023	4.34e+10
232910	3.745e+10
78808	2.034445e+09
19765	1.10453e+09
338367	7.91e+10
104831	2.184e+10
14766	1.57976e+09
72692	3.64e+10
232943	1.70625e+08
110695	5.25e+11
224105	7.98e+10
30940	6.1509e+08
19106	2.576735e+09
381760	5.18e+10
50527	1.414e+10
214579	2.3905e+11
19328	3.70615e+08
19329	2.157785e+09
19324	1.4385e+10
19325	9.415e+10
217715	8.75e+09
11487	4.025e+09
11486	4.935e+10
11484	1.736e+11
77065	4.84015e+08
76826	1.4105e+10
13897	1.75e+10
27103	1.790075e+08
26458	3.241e+11
68018	1.554e+10
69524	1.240295e+09
228026	1.3755e+10
75735	4.095e+09
19038	3.85e+10
100226	2.3485e+10
19744	2.821e+10
17357	1.078e+10
51810	4.06e+11
16201	3.535e+10
16202	8.715e+10
56702	1.24012e+09
16204	1.407e+10
107766	3.255e+11
16592	8.505e+10
16593	4.97e+10
16594	1.099e+10
12048	2.63298e+09
56794	3.885e+11
21881	2.044e+12
69780	9.485e+09
55944	5.495e+10
232449	2.0195e+10
27215	4.8405e+08
27219	2.639e+10
230857	1.99157e+09
20848	1.5855e+10
20843	6.895e+09
20842	5.89575e+08
69019	1.545005e+09
20847	3.64e+10
20846	3.101e+10
20844	6.86e+10
53893	7.42e+10
13405	2.45742e+09
53895	7.63e+10
16688	1.134e+11
12183	7.84e+09
231327	3.4895e+10
11669	2.4815e+12
11668	4.83e+10
11465	1.7605e+11
69654	1.946e+11
69305	4.06e+10
56088	8.05e+09
56086	1.162e+11
56085	6.58e+10
20704	3.53955e+08
20603	5.74e+09
70560	1.218e+10
70767	6.79e+09
11936	1.30095e+11
17159	2.4885e+10
17158	4.655e+09
70160	5.6e+09
407785	2.751e+11
269113	1.477e+10
16971	1.9145e+10
12268	5.63185e+08
270166	1.043e+11
209354	4.55e+09
12266	2.7895e+11
100038882	2.695105e+09
104776	5.005e+12
27045	4.62e+10
11807	4.235e+09
11806	6.545e+11
11804	1.68609e+09
68015	6.475e+11
20111	3.4055e+10
14056	1.96133e+08
14232	1.89e+10
107589	1.687e+11
18979	3.162495e+09
18970	9.3457e+08
18971	3.15476e+08
12317	1.673e+12
12313	1.4735e+11
11938	3.479e+10
11937	3.46066e+08
140580	3.220595e+09
11933	1.9985e+10
11931	1.029e+12
67089	7.14e+10
18993	1.7535e+10
14231	2.882915e+08
14230	3.90635e+08
108077	5.915e+09
12408	1.204e+12
15369	2.793e+10
70789	1.5715e+10
71960	6.44e+10
108671	5.005e+09
20021	5.25e+09
20020	1.1445e+10
216724	7.56e+09
20022	2.08012e+09
63958	3.6855e+08
71562	3.99e+09
19229	9.59e+09
243537	2.625e+10
13132	8.54e+11
13138	6.405e+10
68879	7e+09
72068	3.57e+09
18194	1.253e+10
18195	2.7545e+11
233789	3.885e+10
15129	1.988e+12
72993	1.169e+10
14300	3.57e+09
20335	5.145e+09
20334	1.1375e+10
20336	2.016e+10
20333	4.97e+09
17967	5.53e+09
66335	2.5935e+11
26987	1.2579e+09
236900	2.233e+10
595136	4.13e+11
17961	3.64e+09
18750	5.88e+09
18751	1.6135e+10
171281	1.1865e+10
18753	8.925e+09
18754	2.47282e+09
68275	8.925e+09
68276	1.05084e+09
20867	6.3e+11
71780	5.285e+10
69051	1.918e+10
12864	5.355e+11
12865	7.315e+10
12866	2.947e+11
229709	1.554e+11
229706	1.70079e+09
114896	2.237095e+09
79560	1.1235e+10
67427	9.135e+10
229700	1.630335e+09
72198	8.995e+09
107029	1.778e+10
242864	1.73908e+08
245666	1.66481e+09
18640	1.576645e+09
14544	8.33e+09
108099	7.105e+09
67883	1.228955e+09
67332	1.5995e+10
109785	4.935e+10
76279	5.775e+09
15492	1.436435e+09
67151	6.23e+10
217232	2.954875e+08
66201	3.339e+10
17896	1.586445e+09
17897	1.036e+11
66204	2.1525e+10
66066	8.12e+09
22608	1.778e+11
78428	7.7e+09
22350	3.0135e+12
22352	7.455e+11
66593	1.970885e+09
93765	1.722e+11
66590	6.02e+10
93760	8.61e+09
66848	2.37874e+09
93762	2.90136e+09
51798	6.09e+11
51797	7.28e+09
51796	3.0835e+10
51793	3.3145e+10
51792	3.78e+11
54342	8.855e+10
12468	2.639e+11
12469	6.615e+11
12464	2.8525e+11
12465	5.005e+11
12466	2.7825e+11
19134	2.028215e+09
12460	1.8865e+10
12461	3.297e+11
12462	2.2015e+11
66440	2.99642e+09
66445	3.99e+11
30957	2.287915e+08
170718	8.435e+11
66446	2.568755e+09
234309	8.715e+10
66394	6.81905e+08
18571	4.2e+11
18573	9.82135e+08
326622	1.626905e+09
23827	7.525e+11
217707	6.23e+10
11491	9.60785e+08
231148	7.2457e+08
320806	3.164e+10
56417	3.23092e+08
26400	6.38155e+08
56418	1.645e+10
22196	5.565e+10
22195	1.141e+11
22192	4.235e+10
21848	1.343195e+09
72303	1.81433e+08
19266	4.55e+09
19264	5.705e+09
16765	2.051e+10
19268	4.795e+09
56327	1.218e+10
56637	1.2285e+10
56324	2.772e+10
245847	4.27e+09
16568	4.095e+09
26408	1.413475e+09
16564	1.8025e+10
12075	1.165325e+09
16561	1.975155e+09
16560	5.95e+10
16563	1.913345e+09
16562	1.344e+10
21817	8.12e+11
23918	4.13e+10
98711	3.40032e+09
21816	1.463e+10
320940	3.31212e+08
23917	1.61546e+09
65962	3.5e+10
17217	1.7507e+09
56529	6.475e+09
56258	4.515e+10
27205	4.585e+10
673094	5.95e+09
52206	5.95e+09
56744	3.955e+09
69008	2.0405e+10
19060	8.715e+10
56749	2.779e+10
21672	4.76e+11
74256	1.98695e+09
74255	2.0825e+10
276919	1.547175e+08
11670	2.548e+10
11671	3.2165e+10
74091	2.254e+11
320707	5.81e+09
11676	2.478e+10
117147	6.195e+11
140494	4.935e+10
15211	1.449e+10
17219	2.073925e+09
64143	4.655e+10
11474	3.745e+09
11475	1.4245e+12
11472	6.895e+09
17191	6.57265e+08
12780	3.219895e+09
104174	3.1255e+11
57349	3.423e+09
20617	1.3755e+10
57342	9.415e+10
387524	2.026115e+09
70574	1.8795e+10
20619	7.875e+09
57344	1.5155e+11
212933	6.055e+10
16414	2.960685e+09
56448	7.6965e+08
16410	7.28e+09
16412	6.86e+10
99375	1.0675e+10
56430	1.204e+11
16419	8.88545e+08
16418	1.645e+10
17772	3.30757e+09
16784	1.141e+11
74326	4.515e+10
74325	4.2105e+11
12258	5.46e+09
227700	8.89e+09
17096	1.7395e+10
20851	8.82e+09
20852	2.673125e+09
320011	1.1795e+11
212111	1.7395e+10
14828	2.2295e+12
20926	2.8245e+10
70316	3.605e+11
14827	2.1595e+12
24136	1.29983e+09
21454	5.25e+11
270192	3.57e+10
20102	1.3195e+11
268656	4.725e+09
225432	1.90456e+09
12323	1.20337e+09
12322	3.64e+09
53334	2.313465e+09
53333	1.2425e+10
20587	6.2188595e+09
53331	8.085e+09
53330	1.750945e+09
20588	9.205e+09
70405	4.13595e+08
14225	1.988e+11
55936	1.5225e+10
14228	4.69e+11
14229	1.2495e+10
76089	4.79675e+08
432516	1.673e+10
108067	2.926e+10
70355	4.06e+09
20338	4.9833e+08
70797	2.03833e+09
70790	7.4172e+08
70791	1.8655e+10
108664	3.2935e+11
216739	2.16531e+08
19360	1.316e+10
171282	6.3e+10
621893	2.212e+10
53320	1.7745e+11
11816	1.0885e+11
432467	2.38e+10
319618	2.4976e+08
268782	2.072e+11
67184	1.8165e+11
15159	1.288e+10
76025	1.120175e+09
208366	1.537235e+08
109754	1.2005e+11
14319	1.778e+11
18759	3.116225e+09
14317	1.94026e+09
14312	1.1088e+09
233335	2.00774e+09
216134	3.99e+11
20322	2.4115e+12
16549	5.53e+10
17955	1.4875e+11
14859	4.48e+11
76338	3.24506e+08
68202	7.385e+11
232791	4.445e+09
66922	1.757e+10
109689	5.075e+10
67988	1.383445e+09
66694	7.7e+11
66695	6.125e+09
12895	7.875e+10
12894	7.07e+10
67980	1.7465e+10
17898	1.01451e+09
12892	3.4965e+10
18035	1.803795e+09
18034	1.761935e+09
224762	5.61855e+08
18033	4.305e+09
109331	9.135e+09
109333	4.27e+09
18039	2.506e+10
27399	8.8844e+08
66870	1.89231e+09
106529	1.2985e+10
66681	4.13e+11
108083	8.155e+09
331487	8.75e+09
319468	1.099e+10
66218	4.62e+11
230027	3.605e+10
14555	1.0185e+12
12490	2.03805e+09
229665	2.4325e+11
67426	1.5715e+11
225160	4.69e+09
50493	9.45e+10
50492	2.52e+10
232975	5.985e+10
13171	8.61e+11
22349	2.5305e+12
330260	1.239e+10
22612	1.1655e+10
66070	6.895e+09
66073	9.275e+10
27050	2.1315e+11
67857	4.97e+10
27055	8.89e+09
27054	5.215e+10
100683	4.68195e+08
27058	2.247e+10
381038	1.27603e+09
12419	3.815e+10
15378	2.72195e+09
225929	2.947735e+08
12411	2.2435e+10
70266	3.1605e+10
12412	1.6275e+10
19125	1.5645e+11
12417	3.4825e+10
66101	2.497775e+09
72947	3.39038e+09
50783	2.485e+10
394432	1.246e+11
66454	2.506385e+09
66108	1.176e+11
78914	3.499895e+09
81500	4.6053e+08
14852	1.3965e+11
12495	9.7888e+08
70361	4.13e+10
20387	8.673e+08
319322	1.183e+11
99712	2.113685e+08
259300	2.961e+10
15204	1.0745e+10
12521	4.305e+09
12520	9.765e+09
15203	2.57698e+09
14854	2.2085e+11
52055	1.4665e+10
225010	7.64015e+08
22185	5.04e+10
16779	2.38e+10
11826	3.37526e+09
19274	3.07797e+09
16772	1.057e+10
16773	8.155e+09
16774	4.13e+09
16775	1.141e+10
16776	1.372e+10
16777	9.905e+10
12068	7.50645e+08
16572	3.885e+09
16573	2.4255e+11
22169	3.472e+10
98766	9.415e+09
56248	9.45e+11
55990	2.2085e+10
55992	4.56435e+08
19305	9.73e+09
19655	8.82e+10
19309	5.775e+10
27273	3.326365e+09
65972	5.215e+09
65973	1.8795e+10
56752	1.309e+12
21849	8.68e+10
116733	1.0535e+10
17225	3.10401e+09
17220	5.985e+09
69077	3.0485e+11
17222	1.23151e+09
19878	1.2355e+11
74244	2.653e+10
74245	8.155e+09
74246	1.986005e+09
13427	1.7465e+11
13426	4.0131e+08
13424	5.215e+11
19876	2.316265e+09
70699	1.0344754e+10
227620	1.379e+11
74080	8.54e+09
140484	3.64e+09
235661	1.6975e+11
140483	1.3405e+10
117150	9.275e+10
56335	2.32183e+09
386649	2.1735e+11
12799	1.2565e+10
14866	2.4605e+11
17314	3.483025e+08
17319	1.7885e+11
15490	5.65215e+08
69060	5.005e+09
57752	1.3965e+10
70549	1.8585e+11
70093	5.1863e+08
20624	6.72e+10
20623	6.3217e+08
16404	8.05e+09
16403	5.845e+10
16956	6.979e+08
17420	1.29206e+09
72662	1.0815e+10
17425	9.4703e+08
16790	3.92e+11
19684	7.385e+11
20823	5.88e+10
20822	1.2285e+10
80294	1.57325e+09
20826	4.095e+10
227715	4.165e+09
14030	3.57e+10
20480	6.335e+10
223722	9.065e+09
52633	2.3975e+11
20133	6.755e+09
11306	9.38e+09
20130	9.695e+09
217140	1.36598e+09
13207	2.086e+11
13205	1.7325e+11
106039	1.3685e+10
13200	1.127e+11
333433	2.044e+11
13209	3.423e+10
211389	8.785e+10
57376	1.785e+10
209027	1.633975e+08
53323	1.05e+10
12339	1.520435e+09
12334	1.8235e+11
12336	5.075e+10
12337	9.065e+09
12330	1.2005e+11
12332	3.4965e+11
12333	4.025e+10
16480	4.095e+10
71946	4.20735e+08
14960	1.449e+10
71941	1.337e+10
14784	3.955e+10
14782	3.479e+11
230233	8.47e+09
14149	4.165e+10
353172	1.141e+11
99586	2.6215e+10
18810	3.052e+11
24018	2.102555e+08
24014	2.130205e+09
68671	6.86e+10
24010	8.4e+09
11855	3.99e+09
13113	2.808715e+08
14815	2.46554e+08
72685	4.2e+09
11867	1.141e+11
68479	1.332905e+09
67199	3.444e+10
208643	5.915e+10
66841	9.73e+11
76491	9.45e+11
107146	2.0335e+12
67530	1.26e+12
76308	6.055e+09
18770	5.6e+10
11459	4.34e+10
67442	1.664215e+09
66916	4.025e+10
66914	1.1235e+10
76479	5.075e+09
66663	1.2705e+10
15568	9.8e+10
26897	3.3145e+11
26894	1.792e+10
26895	2.80616e+09
26893	2.506e+10
26891	1.351e+11
72047	4.095e+10
71984	9.03e+09
207565	1.72053e+08
30956	1.064e+12
81910	3.1605e+11
12467	1.3685e+10
216963	8.575e+09
17918	3.745e+09
22375	4.375e+10
19132	5.145e+09
67844	2.937025e+08
67841	1.862e+10
66861	5.95e+09
11303	3.0835e+10
66865	6.79e+10
27681	6.51e+10
15368	6.16e+09
12409	1.043e+10
12402	1.251985e+09
15360	5.39e+10
12406	2.786e+11
20280	9.66e+11
109697	9.31e+09
50791	4.445e+09
67996	2.667e+10
234673	1.4245e+10
67993	3.605e+10
50798	6.545e+09
207304	1.8795e+10
77057	2.52763e+08
110391	8.05e+11
110460	2.373e+11
110616	8.61245e+08
22320	2.1525e+10
66481	2.4255e+11
229905	3.675e+11
69802	2.398375e+09
22321	2.1595e+10
13682	5.18e+11
13681	2.128e+11
13684	6.65e+10
12537	6.02e+09
19063	2.751e+10
19062	6.22615e+08
15212	4.515e+10
13858	6.685e+10
56438	4.655e+09
19069	1.592955e+09
52538	1.729e+12
56431	4.69e+11
12539	2.0895e+11
338403	1.737715e+09
65019	1.358e+10
227292	6.8635e+08
224020	1.8935e+10
17287	7.175e+11
224023	1.66586e+09
56187	2.2015e+10
110265	4.34e+11
56185	1.3615e+12
19205	2.7405e+11
217666	7.42e+10
22793	3.1885e+10
22152	5.915e+09
22151	6.02e+10
16548	5.215e+11
22154	6.895e+09
77697	2.5165e+10
16541	2.2575e+11
16545	1.63891e+08
68082	2.01656e+09
23972	7.105e+11
12651	6.9496e+08
23971	1.2565e+10
55980	9.905e+10
16149	2.437855e+09
22088	1.246e+10
27267	1.6415e+10
56505	4.375e+10
16890	3.64e+09
75320	2.68702e+09
215615	4.025e+10
270685	2.129435e+09
16329	1.442e+10
56292	3.073e+10
56297	3.01e+10
72599	3.5e+10
56294	3.123155e+09
13430	1.806e+11
13437	2.352e+10
104158	1.106e+12
235674	4.025e+11
56615	1.064e+10
56612	2.814e+10
56347	1.092e+11
17688	1.028685e+09
56348	3.146675e+09
17308	4.77645e+08
11450	1.2845e+10
69116	1.141e+10
20639	1.407e+10
17436	6.125e+11
319713	1.5505e+10
69113	7.035e+09
20630	1.036e+10
20637	5.425e+10
17128	2.68114e+09
16430	4.19195e+08
98193	9.8e+09
16434	5.81e+10
17120	8.12e+09
16438	7.49e+09
68953	6.055e+09
74340	8.295e+10
57377	5.691e+08
20832	2.478e+10
20833	2.534e+10
227095	4.13e+11
170762	1.1025e+10
53598	3.64e+10
14027	1.704885e+09
105446	1.3685e+10
66387	5.635e+09
232087	8.75e+10
239017	1.834e+10
109801	2.184e+11
13211	1.274e+11
71336	2.1595e+10
269523	1.3475e+12
269252	3.605e+09
104086	5.005e+09
26462	1.5855e+11
12340	7.28e+10
12343	1.568e+11
53868	3.39647e+08
12345	1.805761e+11
14799	2.810395e+09
108645	4.97e+10
80888	1.307285e+09
70425	1.53853e+09
232533	8.82945e+08
15109	5.67e+09
14972	2.10245e+09
20544	5.22865e+08
20014	2.59e+10
20541	8.82e+09
14156	8.5113e+08
17117	1.554e+11
14151	7.07e+10
213012	9.275e+09
24061	1.148e+11
14593	1.1795e+10
14800	4.0138e+08
54563	9.415e+09
72322	3.27299e+09
13109	9.87e+09
68193	3.57e+09
13107	3.55005e+08
71207	1.844255e+09
20499	8.925e+09
18521	2.121e+11
18655	2.59e+12
29875	1.484e+11
11977	4.1454e+08
29876	4.97e+11
67615	3.71e+09
15170	4.4065e+10
17931	8.505e+10
67382	4.06e+09
17939	3.192e+10
71844	7.98e+09
71599	7.36015e+08
14376	1.4035e+11
107932	7.805e+09
14375	1.6275e+10
66317	3.269e+10
18783	3.39185e+09
67054	2.9505e+11
18786	4.235e+10
57080	4.4492e+08
67273	1.043e+12
66679	1.1795e+10
66902	1.372e+11
72141	5.32e+09
15519	2.1315e+12
14571	1.6625e+11
18010	1.204e+10
18015	8.42765e+08
15511	2.170455e+09
15510	6.615e+12
15512	1.6765e+10
15516	1.505e+12
14775	1.183e+12
12929	2.9855e+10
226564	1.166515e+09
17847	1.6835e+10
14778	8.4e+11
77038	1.47e+10
68537	1.937075e+09
72039	7.175e+11
101206	4.8909e+08
382053	4.025e+09
110006	8.295e+09
66877	6.2083e+08
319504	2.125795e+08
72361	9.835e+09
240505	6.195e+08
110651	1.7465e+10
67873	6.895e+09
15356	8.12e+11
67871	8.085e+10
67870	1.0675e+10
67877	5.425e+09
93739	7.595e+09
216459	3.85e+09
109778	1.9215e+11
93734	2.61905e+09
93732	9.765e+10
15194	5.19505e+08
170725	8.32545e+08
214952	9.555e+09
224143	5.5104e+08
67475	8.16725e+08
67474	2.303e+10
103468	7.63e+09
76267	1.65816e+08
16569	1.54e+10
66473	7.455e+09
234663	5.075e+10
66475	5.145e+09
72567	4.97e+10
13690	5.005e+10
72562	7.035e+10
109652	4.025e+11
11783	1.679965e+08
26413	1.0045e+11
66495	2.506e+11
69875	2.3905e+11
26417	3.1045e+10
26414	2.704135e+09
26415	3.17786e+08
69878	4.48e+09
26419	1.196545e+09
228998	2.03e+10
72269	1.2845e+11
19072	6.79e+10
235505	6.3833e+08
73251	1.746115e+09
20970	3.64e+09
56420	2.09727e+09
56421	9.695e+10
19079	4.935e+10
56424	1.4805e+10
22365	5.565e+09
218865	5.53e+11
22361	2.365125e+08
110095	6.335e+10
16554	3.78e+10
76238	3.101e+11
56194	2.2435e+10
215449	9.31e+10
56199	1.41946e+09
110279	9.45e+09
19211	3.79225e+08
111175	8.505e+11
19215	1.5995e+10
110074	1.26154e+09
23945	8.89e+09
23942	3.71e+09
22145	3.885e+11
22146	2.275e+10
110078	9.73e+10
22142	2.4255e+10
104303	4.13e+09
100088	1.4455e+10
18104	1.568e+11
69276	2.05429e+08
69270	3.62145e+08
12675	2.586605e+09
110385	3.346035e+09
16150	3.92e+09
16151	7.28e+09
16330	5.46e+09
16880	2.342165e+08
16337	3.489045e+09
52432	5.285e+09
16889	2.142e+10
69299	5.04e+09
21825	1.47e+10
19697	1.1655e+10
75590	1.273685e+09
14609	5.8044e+08
227399	5.26295e+08
14872	4.69e+11
105148	7.84e+10
11429	3.745e+12
11428	1.134e+12
56350	4.06e+10
81489	7.7e+09
116847	9.59e+10
56354	1.9635e+10
11421	2.051e+10
235442	1.656375e+09
21956	4.585e+10
21954	8.47e+09
21955	2.60596e+08
21953	3.0135e+10
217364	9.68625e+08
17449	3.0065e+12
17448	2.8245e+12
19646	8.33e+10
17118	2.037e+11
17685	4.62e+09
16423	4.305e+10
223649	2.07235e+09
20469	3.22084e+08
320024	5.18e+10
236539	3.815e+10
209318	4.935e+10
218138	5.915e+10
11735	3.3348e+11
69724	3.045245e+08
217664	1.379455e+08
11733	1.04559e+09
11739	1.4175e+12
380684	6.77495e+08
14011	1.362725e+09
17064	1.98429e+09
68052	2.3695e+10
58200	6.335e+10
19934	5.46e+10
12359	2.989e+12
70527	3.64e+09
80898	4.865e+10
21916	1.31117e+09
108989	2.0055e+11
80890	9.17e+09
17132	1.984605e+09
216766	1.431605e+09
11991	2.9295e+11
14161	6.405e+10
11992	3.4965e+11
11997	9.065e+10
14164	4.06e+09
24070	1.619835e+09
24075	2.08362e+09
13179	4.34e+10
68188	6.615e+09
20971	1.071e+10
11848	6.685e+10
11847	7.77e+10
68183	3.1395e+10
11845	2.387e+10
11844	7.385e+10
11843	1.6065e+10
18537	9.555e+10
18645	3.64e+10
18642	3.024e+10
18643	6.3e+11
54723	9.51265e+08
18641	3.78e+10
15160	3.87065e+08
15163	1.4035e+10
18648	9.52e+11
17922	7.84e+10
17920	3.57e+11
17921	1.14485e+09
17925	2.70277e+08
208665	2.96611e+09
71586	4.375e+09
226414	9.94e+10
71853	3.71e+11
27419	2.130835e+09
18795	1.5645e+10
68981	5.565e+10
66043	1.813e+11
18792	1.952335e+09
68988	1.0185e+10
18798	5.56045e+08
67285	4.165e+09
67286	2.676555e+09
18226	3.2025e+10
13006	5.6e+10
13001	5.6e+09
13000	8.575e+09
18222	3.885e+09
13002	2.1105e+10
60345	2.02496e+09
13009	1.883945e+09
18534	7.63e+11
67040	6.44e+10
67041	2.135e+12
66399	8.54e+10
67264	1.0255e+11
22235	8.505e+10
226856	2.165975e+08
68533	1.21982e+09
217365	2.471e+10
66642	1.491e+10
66641	2.1546e+09
66646	3.213e+10
216188	9.38e+09
30045	2.8735e+10
18008	2.121e+10
54126	8.843548e+10
15502	1.064e+11
54128	9.94e+10
15507	4.55e+10
18002	1.89e+10
15505	1.5855e+11
212647	1.225e+12
66248	6.27865e+08
66246	7.77e+09
66245	1.27288e+09
17855	1.759975e+08
330662	1.484e+10
17850	3.0905e+11
68194	2.191e+11
109905	1.246e+10
72026	1.4455e+10
68197	1.897e+11
109901	1.40189e+09
109900	7.49e+11
321006	1.89595e+08
229363	6.51e+10
109620	1.722e+10
77219	2.037e+11
67868	6.6927e+08
18718	1.58627e+09
606496	6.62865e+08
170752	3.535e+10
170750	3.248e+11
15185	8.67055e+08
15182	7.14e+09
170757	2.2484e+08
11778	2.25561e+09
59069	2.36005e+12
67460	8.085e+11
67465	1.029e+11
67469	6.99335e+08
50773	1.0045e+10
50770	5.075e+10
74637	1.925e+10
66734	5.39e+09
22225	1.372e+11
22224	2.4185e+10
22227	4.025e+10
19192	4.97e+10
22221	4.13e+09
22223	5.18e+10
56738	6.055e+09
228980	3.228575e+09
26420	6.51e+09
15239	3.388e+10
224045	8.82e+09
19047	1.148e+11
19046	9.135e+10
19045	3.78e+10
19044	7.805e+09
19043	3.0415e+10
19042	1.225e+10
19041	8.715e+09
19899	6.3e+09
14270	5.075e+09
225028	1.364755e+09
225027	3.57e+10
142980	5.40785e+08
12562	2.85936e+09
107993	1.164835e+09
56208	4.49645e+08
74185	2.499e+10
69597	6.3e+10
23950	1.603e+10
22138	2.1455e+11
12632	1.911e+11
19056	1.769845e+09
73192	1.411655e+09
23959	5.145e+09
223255	4.095e+10
230577	2.540825e+09
13429	2.08677e+08
98758	3.444e+11
114584	5.775e+11
78891	8.785e+09
78893	8.6548e+08
69263	2.005955e+08
69912	2.6257e+09
78894	4.41e+10
110446	2.471e+12
103850	1.208375e+09
228769	1.3265e+10
276770	3.85e+11
56709	1.119965e+09
212880	2.6425e+10
55946	2.226e+10
233900	7.53935e+08
99571	4.865e+10
22042	9.31525e+08
233908	2.079e+11
218038	3.03121e+09
12182	1.39664e+09
55948	3.304e+10
12180	5.26715e+08
57764	1.39097e+09
140740	5.495e+09
69608	2.4885e+10
19223	5.46315e+08
75901	3.18682e+09
56369	5.075e+10
76768	3.311e+10
11433	2.162755e+09
11430	8.82e+11
11431	1.666e+10
56362	1.064e+10
56361	1.49058e+09
21960	5.06555e+08
17105	6.195e+11
56012	3.0835e+11
21787	1.141e+11
21969	3.052945e+09
19280	6.81205e+08
21780	2.184e+11
18555	3.11549e+08
13007	2.2645e+11
13346	1.3895e+11
13347	1.00576e+09
17698	9.17e+11
68262	1.271865e+08
16987	2.251935e+08
16456	9.345e+09
74167	1.4875e+10
105689	4.15555e+08
12293	3.745e+09
13589	1.498e+11
233870	1.8655e+12
69736	5.285e+09
17215	1.481445e+09
17216	6.1586e+08
230596	4.62e+09
11722	2.92768e+09
11720	3.675e+10
20810	2.527e+10
20813	1.5645e+10
17218	6.2776e+08
56174	2.0405e+10
20817	4.13e+09
105663	1.521975e+09
84092	4.09045e+08
67880	7.735e+10
70620	1.001e+11
14007	3.955e+09
17079	7.39655e+08
94353	1.526e+10
17075	6.615e+09
17076	7.5922e+08
21366	3.675e+09
12367	1.7395e+10
16854	1.2075e+11
12362	5.705e+09
12361	3.85e+10
16852	1.5785e+11
16859	7.0791e+08
16858	1.01647e+09
12369	1.645455e+09
12368	1.54e+10
54609	2.9155e+10
71665	5.25e+09
71911	5.18e+11
18045	2.60351e+09
11980	5.5594e+08
11984	3.276e+10
269614	1.6135e+10
21761	9.7573e+08
21762	2.072e+11
113868	7.105e+10
269180	4.9532e+08
12091	3.535e+10
11852	6.125e+09
11853	9.66e+10
13167	7.4348743e+11
18815	2.443e+10
11857	9.73e+10
18671	1.35513e+09
29858	3.07853e+09
66904	5.845e+11
59093	2.67281e+09
29857	5.3207e+08
234865	8.68e+09
17919	1.4945e+10
14466	2.718905e+09
17913	9.17e+10
17912	5.845e+09
71865	5.0841e+08
26932	5.775e+09
107753	3.48922e+09
27402	1.477e+11
27400	1.96238e+09
27404	4.22065e+08
13016	7.42e+09
13017	2.646e+10
67078	8.26e+09
68738	5.775e+11
13010	2.219e+10
68089	8.785e+10
71461	2.517515e+08
58866	2.678235e+09
216197	8.26e+09
15530	1.1095e+11
26441	1.743e+11
234594	9.52e+09
66384	2.24252e+09
23807	8.98835e+08
269966	2.352e+10
14598	3.71e+11
106564	6.09e+10
18073	7.175e+10
14595	3.64e+09
18074	8.54e+10
14590	7.735e+09
12988	7.595e+09
20216	1.36451e+09
28030	1.7185e+11
17868	3.745e+09
381511	5.6e+09
28035	7.105e+09
66251	7.77e+09
14756	5.04525e+08
20218	4.62e+10
67671	1.80509e+09
67673	1.169e+11
72017	9.7566e+08
68556	8.43885e+08
66812	3.85e+09
171567	7.868e+08
66810	3.78e+09
226830	6.9895e+08
18105	1.155e+11
192289	1.3055e+10
18107	6.09e+10
18103	4.76e+11
18102	2.926e+10
109711	2.6572e+11
26754	5.6e+10
170745	1.10838e+09
208715	7.595e+10
59079	9.59e+09
66656	2.009e+11
72900	4.34e+11
76282	2.43117e+09
66659	6.16e+10
19188	6.86e+10
23894	3.47837e+08
74996	1.0605e+10
19182	2.31e+11
72584	2.009e+10
19181	1.155e+11
19186	3.129e+11
19184	1.6205e+11
19185	2.219e+10
109624	1.071e+12
73699	8.505e+09
67923	6.58e+10
26430	6.16e+09
26431	2.259495e+09
26433	3.060645e+09
19058	1.211e+10
12568	3.675e+10
19052	5.355e+09
19053	2.562e+10
19055	1.897e+10
12567	1.49835e+09
12566	7.5859e+08
234734	9.835e+10
234730	3.885e+09
50907	1.554455e+09
239528	3.39318e+09
72349	3.192e+10
73341	3.16673e+09
22436	8.33e+10
109857	1.4e+10
58244	1.12399e+09
74192	3.535e+10
77407	2.0405e+10
623661	1.628795e+09
22122	5.565e+10
22123	7.035e+10
12628	1.4245e+10
22121	1.68e+10
101592	1.386e+10
228889	2.475305e+08
76938	1.484e+10
52858	1.23557e+09
69923	3.745e+10
11532	5.04e+11
76936	1.519e+11
11537	1.862e+10
11534	2.2365e+11
22230	1.9845e+10
68147	3.99e+09
75805	6.755e+10
56717	1.7185e+10
268860	8.05e+11
75570	9.9722e+08
94275	7.945e+09
75572	1.687e+11
11928	9.345e+11
69632	8.505e+09
230904	2.46442e+08
71472	4.55e+09
12757	2.9617e+11
104184	1.323e+11
69639	3.375855e+09
56378	9.695e+10
19983	2.569e+11
107976	1.0185e+10
20586	1.561665e+09
53332	1.586305e+09
94181	9.8e+10
12325	1.32125e+09
16993	4.095e+11
21974	3.49902e+09
66878	2.418465e+09
21976	1.79592e+09
17463	7.42e+10
98256	4.27e+10
74370	4.69e+09
12282	2.996e+11
12283	9.8e+10
16440	1.169e+10
75717	4.235e+10
107305	5.81e+09
19877	1.05e+10
11717	7.14e+09
81879	1.823325e+09
81877	2.989e+10
193740	3.01e+11
105675	1.0465e+11
57440	2.674e+11
20174	5.6e+10
70616	2.04701e+09
320267	1.995e+10
75624	1.722e+10
20779	6.09e+09
11409	6.44e+11
21372	2.7685e+10
26900	7.07e+09
81898	7.175e+10
20773	2.104795e+09
12370	1.75e+10
19230	2.0125e+11
211347	1.615005e+09
14227	1.4455e+11
404634	7.77e+09
84505	4.06105e+08
27222	3.5e+10
227197	1.5785e+12
13482	1.582e+11
14381	3.71e+10
70052	1.47e+10
14105	5.915e+09
14104	2.8245e+11
18606	2.976085e+08
71670	3.6106e+08
20518	1.12e+10
24052	7.47915e+08
14958	2.0405e+10
17713	2.9225e+11
20514	3.40403e+08
20517	2.85922e+08
20103	1.0185e+10
50875	1.8865e+11
21770	4.76e+09
18803	3.745e+09
20683	1.55652e+09
218343	6.65e+09
381314	1.9565e+11
54709	2.233e+11
20404	5.46e+10
18663	1.64185e+09
20425	2.3275e+11
83796	1.904e+10
83797	1.103025e+09
11886	1.3685e+11
20351	2.937725e+08
26926	1.0465e+12
17901	3.0920295e+10
26922	8.435e+10
17906	5.495e+10
17907	4.025e+10
246277	1.7255e+11
20191	2.44916e+09
99470	6.034e+08
107747	1.7815e+12
216558	4.235e+11
218693	1.092e+10
67068	1.7535e+10
72961	4.36345e+08
18242	5.88e+11
76263	5.705e+11
14923	2.2715e+10
13026	2.527e+10
68094	4.76e+10
68724	1.9005e+10
269774	3.605e+10
216344	2.5095e+10
70478	9.7566e+08
68942	8.995e+09
15525	4.48e+11
15526	3.815e+12
68705	5.25e+09
15528	2.114e+12
384309	2.79545e+09
78618	6.72e+09
67713	7.07e+09
56228	2.705885e+09
18682	4.13e+09
12995	7.455e+10
66522	2.6565e+10
17879	1.3825e+11
20222	1.4105e+10
234664	1.6065e+10
20227	4.165e+09
20226	2.3205e+11
20224	2.3135e+10
271457	1.0885e+10
217837	2.182565e+09
14725	1.491e+12
28000	7.91e+10
56189	5.425e+10
319625	3.248e+11
67665	1.4945e+10
76051	1.0045e+10
76722	1.7745e+10
26416	1.295e+10
192292	1.3195e+10
66824	1.652e+10
66530	2.023e+10
237823	2.562e+10
59288	1.422855e+09
100434	4.165e+09
109700	1.757e+10
76630	2.44048e+08
243912	1.408785e+08
59041	6.405e+09
59040	4.62e+09
59047	5.11e+09
14430	1.851115e+09
108147	9.415e+10
108148	1.05623e+09
72560	9.15005e+08
66624	3.99e+09
216238	5.495e+11
225913	7.49e+11
13120	4.585e+09
110119	7.35e+10
74617	2.254e+11
74616	4.97e+10
22201	8.295e+11
22200	1.6205e+10
229949	1.329615e+09
72590	3.4335e+10
93671	2.0776e+09
13809	1.477e+11
13808	4.2e+10
13805	1.62974e+09
13804	8.26e+09
13807	4.165e+10
13806	4.165e+12
228961	1.9145e+10
269713	1.3615e+10
67938	2.6635e+10
12572	7.11305e+08
12571	1.410535e+09
12576	5.25e+09
50911	4.94445e+08
110606	3.8724e+08
50917	7.21e+09
22337	4.27e+09
66492	6.65e+09
22335	2.835e+11
22334	6.545e+11
22333	1.687e+12
22330	1.3755e+12
22117	2.5655e+11
19082	3.486e+10
19087	6.825e+10
19084	2.0475e+10
19089	3.262e+11
19088	9.45e+09
56495	9.1e+10
74769	7.36785e+08
230753	8.4e+10
26357	8.015e+10
26358	2.401e+11
12613	9.66e+09
11529	3.3887e+08
74764	1.2495e+11
381204	9.5998e+08
110935	2.3975e+11
15926	2.226e+12
65255	1.664985e+09
65254	4.63575e+08
328110	1.254155e+09
227693	3.28846e+08
16612	9.765e+10
192196	7.805e+10
22596	1.848e+10
11416	5.355e+10
22594	3.35559e+09
235439	1.844745e+08
19075	2.46309e+08
13629	1.288e+12
13628	3.92e+09
12764	1.162e+11
100763	2.58307e+09
51886	5.915e+10
17187	9.3226e+08
14702	2.6187e+09
56031	2.92124e+09
140780	2.447025e+09
140781	5.46e+09
52064	3.85e+10
227327	2.836925e+09
19951	3.1815e+10
74388	8.87355e+08
13361	1.7115e+11
12974	5.845e+11
56812	2.641345e+09
74142	2.8875e+11
231086	1.4875e+12
85305	8.225e+10
74145	7.7e+09
108012	2.74169e+09
14085	9.31e+11
208194	4.69e+09
56727	6.545e+11
69719	7.385e+09
17274	2.8175e+10
544963	9.065e+10
69710	2.561615e+09
101568	4.48e+09
107513	9.275e+09
63828	1.316e+10
22247	3.885e+10
640524	1.5904e+09
20768	1.2845e+11
60595	2.1294395e+12
105245	9.94e+10
76846	4.48e+10
60596	8.505e+09
12389	1.3615e+10
12388	1.232e+11
105243	7.805e+09
12385	2.198e+11
12387	7.91e+10
30795	1.568e+11
64385	3.439275e+08
12140	1.4525e+10
64383	2.1256585e+10
70047	2.6915e+10
235542	7.14e+09
58875	1.0255e+12
18479	8.785e+09
18478	8.715e+11
18475	3.0835e+10
18477	2.1805e+12
18476	7.805e+09
18472	1.064e+11
20775	2.37748e+08
252870	4.06e+10
226105	1.827e+10
20503	1.4805e+10
20501	1.3545e+10
19921	1.5925e+10
21743	6.16e+11
13142	2.093e+11
13143	3.236275e+09
78330	3.983e+11
16553	3.97915e+08
83814	1.0325e+10
54447	2.70319e+08
13382	1.631e+12
13383	1.554e+11
215445	2.576e+10
71805	1.4175e+10
11836	6.87785e+08
16653	3.0345e+10
56216	2.032345e+08
20340	2.81491e+09
80911	1.4385e+11
11898	5.915e+12
20430	8.05e+09
399510	3.6876e+08
26912	2.0335e+11
18582	1.036e+10
234847	4.935e+09
11891	1.708e+10
99683	9.73e+09
26914	9.94e+10
67010	4.41e+09
56357	1.6275e+12
68205	5.32e+09
76608	6.58e+09
171210	1.5925e+11
70465	2.98081e+09
14936	2.975e+10
13036	2.156e+11
13030	2.415e+11
13033	6.16e+11
232714	9.03e+09
76429	2.81232e+09
66923	2.03511e+08
272428	1.7395e+11
67727	2.607745e+09
18295	6.615e+09
18293	7.63e+10
67826	1.3195e+10
14732	3.27117e+09
14735	4.165e+09
68375	7.63e+11
243743	6.16e+09
100037258	4.515e+10
78514	1.19518e+09
67128	1.183e+10
67657	2.714845e+08
434437	4.515e+10
242341	1.5155e+10
67345	8.435e+09
69574	2.4675e+11
67834	7.245e+11
233532	6.99685e+08
109731	4.725e+10
76551	2.321375e+09
66290	5.25e+11
67838	1.099e+11
15469	5.495e+10
20850	1.02725e+09
13480	4.655e+09
15461	7.945e+09
98660	1.65459e+09
69908	1.9285e+08
14425	1.590715e+08
77987	1.0745e+10
14420	5.39e+09
193116	1.280195e+09
108155	4.27e+10
277360	2.524795e+08
226251	3.1325e+10
217337	2.982e+10
77951	1.540105e+09
217069	1.0185e+10
77559	2.023e+10
170789	1.9775e+10
12814	2.8609e+08
12816	3.25367e+09
216820	4.2e+09
12540	1.0185e+11
381694	4.725e+09
12818	1.3265e+11
213499	1.485435e+08
213498	1.041495e+09
28169	5.75855e+08
26407	1.050455e+09
73744	1.4805e+10
22329	5.915e+09
667034	1.57409e+08
212307	5.46e+10
50927	3.675e+10
50926	1.6765e+10
22323	3.3285e+10
22324	1.288595e+08
22325	3.018575e+09
239273	6.965e+09
74776	9.415e+11
56480	1.849505e+09
19090	3.815e+09
16517	1.49597e+08
23988	5.705e+09
20908	4.9e+09
23983	1.9145e+11
76959	2.2365e+10
73834	2.0405e+11
76952	3.78e+10
56551	7.28e+10
13706	1.438045e+09
22215	2.1385e+10
68817	1.1935e+10
100198	5.215e+10
22218	9.975e+09
103554	2.858415e+09
110920	1.3195e+10
74551	2.793e+10
60525	1.2775e+11
224897	9.45875e+08
16332	2.8084e+09
59027	3.57e+11
110323	6.825e+11
114663	1.4735e+10
60365	1.582e+10
22072	8.68e+09
27364	8.89e+09
22589	1.863365e+09
192185	1.491245e+09
104458	1.05e+11
16885	2.62276e+08
27369	2.7265e+10
209462	1.481095e+08
56150	1.46524e+09
75956	1.61e+10
97165	1.7675e+11
140570	2.0755e+10
56698	9.50075e+08
69367	8.05e+09
106344	1.73334e+09
94093	5.9892e+08
227333	7.3535e+08
320795	3.25675e+09
21915	3.3845e+10
19946	1.1025e+11
240028	1.61e+11
19943	3.885e+09
66997	1.0115e+11
74156	6.195e+10
74153	4.2e+09
19895	4.83e+09
19896	3.0555e+10
56736	1.4854e+09
56737	9.345e+09
11771	2.366e+10
11770	2.4605e+11
11773	1.0885e+11
11772	1.715e+11
11775	5.39175e+08
11774	8.89e+10
11776	1.6275e+10
21351	1.029e+12
17025	5.04e+10
17022	1.8585e+11
329251	2.31e+10
107508	2.4395e+11
16451	1.74223e+09
75607	1.7479e+09
209195	5.215e+09
20751	3.675e+11
75608	8.05e+10
218210	5.95e+09
58991	4.1958e+08
53380	1.043e+10
53381	5.88e+09
12304	8.225e+11
210766	2.562e+10
12390	1.8305e+10
11605	9.9827e+08
97541	7.14e+10
69165	2.368485e+08
11606	1.3055e+10
270076	2.1315e+11
69162	1.9775e+11
11603	3.269e+10
11906	7.4837e+08
230598	1.9145e+10
231380	2.1735e+10
20537	1.18797e+09
320632	6.195e+10
20532	4.48e+10
71382	2.428545e+09
11957	8.295e+11
12896	7.945e+11
11950	9.31e+11
14121	3.185e+12
14120	8.89e+10
18797	2.1315e+10
226139	5.005e+09
21343	7.2996e+08
98878	1.904e+11
269378	1.428e+12
20815	4.025e+09
21750	2.35438e+08
27053	7.63e+09
70675	1.022e+10
66588	4.865e+11
15894	3.955e+09
232493	2.41374e+09
18600	1.242605e+09
12557	2.389555e+09
14387	3.46227e+09
18607	4.375e+09
18604	8.505e+10
18605	6.02e+09
13823	2.7755e+10
20405	1.3755e+10
66585	2.884e+10
14630	2.5725e+11
18596	2.51153e+08
18597	7.035e+11
14635	6.16e+10
67003	1.9425e+12
233016	4.5815e+10
12908	2.506e+11
223527	2.9995e+10
78294	1.0045e+12
13040	1.605485e+09
13043	3.675e+11
54384	6.4652e+08
13047	3.4797e+09
13046	5.53e+10
18040	4.305e+10
18041	1.4665e+11
67229	2.40373e+08
68969	1.958425e+09
18046	5.215e+09
229543	3.955e+09
67225	1.36367e+09
14251	1.295e+10
67097	2.7055e+10
14701	1.491e+10
14252	5.915e+09
108014	9.485e+09
12972	1.463e+12
269951	3.885e+12
20249	4.2e+09
11883	1.616405e+09
226646	4.06e+11
107650	3.85e+09
107652	2.1175e+10
11881	2.359e+10
225115	2.4605e+10
76709	3.92e+11
68365	8.295e+10
76703	6.51e+09
67130	5.88e+11
58243	7.8617e+08
15384	1.5015e+11
245688	2.905e+10
15381	1.9845e+11
15382	1.533e+11
66513	7.4144e+08
15388	3.535e+11
227377	8.26e+09
66514	1.5015e+10
19126	3.013815e+09
18130	2.48178e+08
17444	2.23545e+08
59029	3.535e+10
110821	1.05e+12
14415	3.6722e+08
394436	6.24365e+08
59021	4.795e+10
59025	2.807e+10
69976	4.165e+10
59026	2.6985e+10
72113	3.19396e+09
217325	2.065e+10
234852	1.253e+10
66609	1.05e+10
66355	6.545e+10
66354	1.834e+10
26921	3.21713e+08
67738	2.0405e+11
13850	6.825e+11
66171	5.67e+10
110135	5.215e+10
12550	2.576e+10
12805	3.57105e+08
12554	1.667925e+09
15275	3.2655e+11
15277	1.17733e+09
12558	2.57915e+09
13822	9.03e+09
13821	4.095e+10
66998	4.34e+10
28199	4.375e+09
27756	8.19e+10
50934	1.13575e+09
11740	1.1865e+12
229211	2.4185e+11
319554	8.015e+10
225849	4.1916e+08
16341	6.405e+10
50932	2.118165e+09
224796	2.345e+11
28200	4.27e+11
17299	2.41955e+08
NotMapped	1.6982124e+14
