K01672	Dmel_CG11284:Dmel_CG11284
K11204	GclC:Dmel_CG2259
K06841	SemA-5c:Dmel_CG5661
K10576	Ubc-e2h:Dmel_CG2257
K14327	Upf2:Dmel_CG2253
K11964	Pli:Dmel_CG5212
K11411	Sir2:Dmel_CG5216
K00658	Dmel_CG5214:Dmel_CG5214
K02876	mRpL15:Dmel_CG5219
K01349	Fur1:Dmel_CG10772
K01872	Aats-ala-m:Dmel_CG4633
K11778	Dmel_CG10778:Dmel_CG10778
K06224	Hh:Dmel_CG4637
K09339	H2.0:Dmel_CG11607
K11726	NurF-38:Dmel_CG4634
K04371	Rl:Dmel_CG12559
K12606	Rcd-1:Dmel_CG14213
K09091	Hey:Dmel_CG11194
K06709	Kdm4b:Dmel_CG33182
K07205	Thor:Dmel_CG8846
K02325	PolE2:Dmel_CG10489
K12852	Dmel_CG4849:Dmel_CG4849
K11493	Bj1:Dmel_CG10480
K00789	M(2)21ab:Dmel_CG2674
K03754	eIF2B-beta:Dmel_CG2677
K06094	l(2)gl:Dmel_CG2671
K03132	Taf7:Dmel_CG2670
K11404	HdaC3:Dmel_CG2128
K11095	SnrNp-u1:Dmel_CG5454
K10418	CdlC2:Dmel_CG5450
K05961	Dnk:Dmel_CG5452
K12261	Dmel_CG11208:Dmel_CG11208
K09255	Rel:Dmel_CG11992
K01488	Ada:Dmel_CG11994
K13179	Pit:Dmel_CG6375
K00901	Dgk:Dmel_CG34361
K10428	L(2)37ce:Dmel_CG17347
K08658	SraS:Dmel_CG4852
K08825	DyrK3:Dmel_CG40478
K05128	Drl:Dmel_CG17348
K02895	mRpL24:Dmel_CG8849
K03141	Tfb1:Dmel_CG8151
K06685	mats:Dmel_CG13852
K03013	Rpb5:Dmel_CG11979
K11147	Dmel_CG10672:Dmel_CG10672
K03130	wda:Dmel_CG4448
K01802	Fk506-bp1:Dmel_CG6226
K12811	Dmel_CG6227:Dmel_CG6227
K10457	Dbo:Dmel_CG6224
K03131	Mia:Dmel_CG10390
K00517	Cyp310a1:Dmel_CG10391
K09667	Sxc:Dmel_CG10392
K00100	Dmel_CG2070:Dmel_CG2070
K01640	Dmel_CG10399:Dmel_CG10399
K08471	Or69a:Dmel_CG33264
K00710	Dmel_CG10000:Dmel_CG10000
K04233	Ar-2:Dmel_CG10001
K08035	Fkh:Dmel_CG10002
K01185	LysS:Dmel_CG1165
K00517	Cyp12b2:Dmel_CG15077
K03959	Dmel_CG10320:Dmel_CG10320
K07374	alphaTub84B:Dmel_CG1913
K10427	Dyn-p25:Dmel_CG10846
K09216	Ovo:Dmel_CG6824
K01953	asparagine-synthetase:Dmel_CG33486
K09255	Dif:Dmel_CG6794
K05322	Eag:Dmel_CG10952
K10080	ErgIc53:Dmel_CG6822
K08857	NikI:Dmel_CG10951
K03014	RpiI18:Dmel_CG1163
K08471	Or46a:Dmel_CG33478
K12318	Gycalpha99B:Dmel_CG1912
K00030	Dmel_CG32026:Dmel_CG32026
K03456	Pp2A-29b:Dmel_CG17291
K06234	Rab23:Dmel_CG2108
K02360	Enc:Dmel_CG10847
K10106	Gc:Dmel_CG13927
K00710	PgaNt6:Dmel_CG2103
K12615	Edc3:Dmel_CG6311
K08766	Dmel_CG2107:Dmel_CG2107
K09614	CorIn:Dmel_CG2105
K14571	smid:Dmel_CG8571
K02899	mRpL27:Dmel_CG33002
K08029	Vnd:Dmel_CG6172
K11407	HdaC6:Dmel_CG6170
K12347	Mvl:Dmel_CG3671
K00816	Dmel_CG6950:Dmel_CG6950
K00232	Dmel_CG5009:Dmel_CG5009
K10580	Dmel_CG3473:Dmel_CG3473
K02564	OscIllin:Dmel_CG6957
K14300	Nup133:Dmel_CG6958
K03354	Apc7:Dmel_CG14444
K03283	Hsp70bc:Dmel_CG6489
K00974	Dmel_CG2100:Dmel_CG2100
K01077	Dmel_CG10827:Dmel_CG10827
K08991	Mus81:Dmel_CG3026
K04496	CtbP:Dmel_CG7583
K15759	Dmel_CG15743:Dmel_CG15743
K02435	Dmel_CG33649:Dmel_CG33649
K07928	Rab40:Dmel_CG1900
K07976	Rab3:Dmel_CG7576
K11351	NP15.6:Dmel_CG6008
K00286	P5cR:Dmel_CG6009
K11434	Art1:Dmel_CG6554
K02433	gatA:Dmel_CG6007
K05324	KcnQ:Dmel_CG33135
K06228	Fu:Dmel_CG6551
K14137	L(1)g0144:Dmel_CG3073
K13347	Dmel_CG7970:Dmel_CG7970
K09564	Cyp33:Dmel_CG4886
K11827	Ap-2sigma:Dmel_CG6056
K03676	Grx-1:Dmel_CG7975
K02437	ppl:Dmel_CG7758
K02893	Rpl23a:Dmel_CG7977
K08678	Dmel_CG7979:Dmel_CG7979
K08042	Ac76e:Dmel_CG7978
K12843	Prp3:Dmel_CG7757
K03283	Hsc70-2:Dmel_CG7756
K03209	Wg:Dmel_CG4889
K04705	StaM:Dmel_CG6521
K11352	Dmel_CG3214:Dmel_CG3214
K12323	Dmel_CG3216:Dmel_CG3216
K01528	Drp1:Dmel_CG3210
K05292	Dmel_CG11190:Dmel_CG11190
K07207	Gig:Dmel_CG6975
K02524	Fs(1)k10:Dmel_CG3218
K10393	Klp59c:Dmel_CG3219
K03252	Eif3-s8:Dmel_CG4954
K04153	5-hT1a:Dmel_CG16720
K08518	TomOsyn:Dmel_CG17762
K13129	Smn:Dmel_CG16725
K01187	Dmel_CG7685:Dmel_CG7685
K08471	Or33c:Dmel_CG5006
K03263	Eif-5a:Dmel_CG3186
K11414	SirT4:Dmel_CG3187
K03010	RpiI140:Dmel_CG3180
K12815	L(1)g0007:Dmel_CG32604
K11142	S-Lap2:Dmel_CG32351
K00799	GstD10:Dmel_CG18548
K00049	Dmel_CG1236:Dmel_CG1236
K03103	MipP2:Dmel_CG4317
K01641	HmgS:Dmel_CG4311
K04634	GalPha49b:Dmel_CG17759
K04165	OamB:Dmel_CG3856
K13804	InaD:Dmel_CG3504
K13982	Vas:Dmel_CG3506
K09215	Odd:Dmel_CG3851
K13247	Dmel_CG9914:Dmel_CG9914
K04381	StaI:Dmel_CG31641
K09565	Cyp1:Dmel_CG9916
K10401	Kif19a:Dmel_CG9913
K00814	Dmel_CG1640:Dmel_CG1640
K12580	L(2)nc136:Dmel_CG8426
K11088	Smd3:Dmel_CG8427
K01044	JheDup:Dmel_CG8424
K01063	Jhe:Dmel_CG8425
K04547	GgaMma30a:Dmel_CG3694
K08339	Atg5:Dmel_CG1643
K10848	Mei-9:Dmel_CG3697
K12186	Dmel_CG7192:Dmel_CG7192
K07295	Hr78:Dmel_CG7199
K03847	Dmel_CG8412:Dmel_CG8412
K11579	ZwiLch:Dmel_CG18729
K06839	Sli:Dmel_CG8355
K09499	Tcp-1eta:Dmel_CG8351
K01489	Dmel_CG8353:Dmel_CG8353
K00517	Cyp312a1:Dmel_CG5137
K08471	Or85a:Dmel_CG7454
K05290	Dmel_CG4406:Dmel_CG4406
K00953	Dmel_CG4407:Dmel_CG4407
K00966	Dmel_CG1129:Dmel_CG1129
K01092	Dmel_CG17026:Dmel_CG17026
K00413	Dmel_CG14508:Dmel_CG14508
K00026	Mdh2:Dmel_CG7998
K01104	L(1)g0232:Dmel_CG32697
K07375	betaTub85D:Dmel_CG9359
K01183	Cht8:Dmel_CG9357
K08471	Or85c:Dmel_CG17911
K02915	Rpl34b:Dmel_CG9354
K01189	Dmel_CG7997:Dmel_CG7997
K08471	Or92a:Dmel_CG17916
K00864	Gk:Dmel_CG7995
K03956	Dmel_CG9350:Dmel_CG9350
K08471	Or47a:Dmel_CG13225
K02605	Lat:Dmel_CG4088
K03845	L(2)not:Dmel_CG4084
K05309	Su(P):Dmel_CG4086
K02942	RplP1:Dmel_CG4087
K02209	Mcm5:Dmel_CG4082
K08272	Mo25:Dmel_CG4083
K03262	Eif5:Dmel_CG9177
K04440	Bsk:Dmel_CG5680
K14003	Dmel_CG9175:Dmel_CG9175
K10086	EdeM2:Dmel_CG5682
K12581	Pop2:Dmel_CG5684
K16172	chico:Dmel_CG5686
K12394	Ap-1sigma:Dmel_CG5864
K00605	Dmel_CG6415:Dmel_CG6415
K00820	GfaT2:Dmel_CG1345
K02154	Vha100-2:Dmel_CG18617
K12607	Dmel_CG18616:Dmel_CG18616
K03061	Rpt1:Dmel_CG1341
K05605	Dmel_CG5044:Dmel_CG5044
K06226	Smo:Dmel_CG11561
K00327	Cpr:Dmel_CG11567
K09571	FkbP59:Dmel_CG4535
K02104	ArgOs:Dmel_CG4531
K13342	Pex5:Dmel_CG14815
K03130	Can:Dmel_CG6577
K14566	Bka:Dmel_CG4539
K01823	Dmel_CG5919:Dmel_CG5919
K12193	vps24:Dmel_CG9779
K06068	PkcDelta:Dmel_CG42349
K12385	Npc1b:Dmel_CG12092
K04514	Rok:Dmel_CG9774
K03068	Arr:Dmel_CG5912
K07897	Rab7:Dmel_CG5915
K03875	Skp2:Dmel_CG9772
K00699	Dmel_CG10178:Dmel_CG10178
K01792	Dmel_CG9008:Dmel_CG9008
K04392	Rac1:Dmel_CG2248
K11660	Mta1-like:Dmel_CG2244
K06072	L(3)s1921:Dmel_CG2245
K13807	RdgC:Dmel_CG6571
K03066	Rpt6r:Dmel_CG2241
K10695	Sce:Dmel_CG5595
K02726	ProS25:Dmel_CG5266
K00624	Dmel_CG5265:Dmel_CG5265
K03341	Dmel_CG1427:Dmel_CG1427
K02295	Phr6-4:Dmel_CG2488
K09699	Dmel_CG5599:Dmel_CG5599
K04539	GbeTa5:Dmel_CG10763
K04508	Ebi:Dmel_CG4063
K11664	Yl-1:Dmel_CG4621
K08765	CptI:Dmel_CG12891
K00649	DhaP-at:Dmel_CG4625
K02354	Fz4:Dmel_CG4626
K10751	Caf1-105:Dmel_CG12892
K10744	Dmel_CG11164:Dmel_CG11164
K12859	Dim1:Dmel_CG3058
K13348	Dmel_CG11077:Dmel_CG11077
K12828	Dmel_CG2807:Dmel_CG2807
K01283	AncE-2:Dmel_CG16869
K09313	Ct:Dmel_CG11387
K14011	GinT3:Dmel_CG5469
K07760	Cdc2c:Dmel_CG10498
K00698	Kkv:Dmel_CG2666
K06064	H:Dmel_CG5460
K02434	Dmel_CG5463:Dmel_CG5463
K06257	Sdc:Dmel_CG10497
K00852	Dmel_CG13369:Dmel_CG13369
K03163	Top1:Dmel_CG6146
K14213	Dip-c:Dmel_CG5663
K02900	Rpl27a:Dmel_CG15442
K03251	Eif-3p66:Dmel_CG10161
K00016	ImpL3:Dmel_CG10160
K00721	Dmel_CG10166:Dmel_CG10166
K05637	Wb:Dmel_CG15288
K06129	Dmel_CG31683:Dmel_CG31683
K00911	Ip3K2:Dmel_CG34359
K08253	HasPin:Dmel_CG40080
K12074	Tim:Dmel_CG3234
K04679	SarA:Dmel_CG15667
K03126	Taf12:Dmel_CG17358
K03094	SkpE:Dmel_CG11942
K14310	Nup205:Dmel_CG11943
K03094	SkpC:Dmel_CG11941
K05126	Ret:Dmel_CG14396
K10746	Tos:Dmel_CG10387
K00517	Cyp4e2:Dmel_CG2060
K00517	Cyp4e1:Dmel_CG2062
K10575	Dmel_CG9602:Dmel_CG9602
K09311	Ubx:Dmel_CG10388
K04536	GbeTa13f:Dmel_CG10545
K11322	E(pC):Dmel_CG7776
K12823	Rm62:Dmel_CG10279
K10696	Bre1:Dmel_CG10542
K03951	Dmel_CG3621:Dmel_CG3621
K10572	Ipk1:Dmel_CG30295
K01183	Cht12:Dmel_CG30293
K00699	Ugt37a1:Dmel_CG11012
K01598	PpcDc:Dmel_CG30290
K04512	DaaM:Dmel_CG14622
K13338	L(3)70da:Dmel_CG6760
K00948	Dmel_CG6767:Dmel_CG6767
K14008	Dmel_CG6766:Dmel_CG6766
K02896	RpL24-like:Dmel_CG6764
K14318	Mbo:Dmel_CG6819
K02324	DNApol-epsilon:Dmel_CG6768
K02991	Rps6:Dmel_CG10944
K15542	Dmel_CG1109:Dmel_CG1109
K10891	FanCd2:Dmel_CG17269
K00934	ArgK:Dmel_CG32031
K02266	LevY:Dmel_CG17280
K07376	For:Dmel_CG10033
K11124	Smg6:Dmel_CG6369
K04196	CCKLR-17D1:Dmel_CG42301
K00517	Cyp4ad1:Dmel_CG2110
K00876	Dmel_CG6364:Dmel_CG6364
K08471	Gr57a:Dmel_CG13441
K00510	Ho:Dmel_CG14716
K14316	Dmel_CG14712:Dmel_CG14712
K14411	Hrb27C:Dmel_CG10377
K04307	Lgr3:Dmel_CG31096
K02140	L(2)06225:Dmel_CG6105
K09567	Dmel_CG17266:Dmel_CG17266
K09050	CreBb-17a:Dmel_CG6103
K03965	Dmel_CG9306:Dmel_CG9306
K01078	PriMo-2:Dmel_CG33747
K01078	PriMo-1:Dmel_CG33748
K09201	PhoL:Dmel_CG3445
K01810	Pgi:Dmel_CG8251
K02870	Rpl12:Dmel_CG3195
K11353	Dmel_CG3446:Dmel_CG3446
K12869	Crn:Dmel_CG3193
K03964	Dmel_CG3192:Dmel_CG3192
K00517	Cyp28d1:Dmel_CG10833
K07197	Hlh106:Dmel_CG8522
K00507	Dmel_CG9747:Dmel_CG9747
K03007	Rpb10:Dmel_CG13628
K03120	Trf:Dmel_CG7562
K08471	Or1A:Dmel_CG17885
K08492	Syx18:Dmel_CG13626
K02604	Orc2:Dmel_CG3041
K07944	Dnd:Dmel_CG6560
K11436	Art3:Dmel_CG6563
K01099	SynJ:Dmel_CG6562
K08876	YatA:Dmel_CG1973
K01183	Cht11:Dmel_CG3044
K03935	Dmel_CG1970:Dmel_CG1970
K00844	Hex-t1:Dmel_CG33102
K03259	4ehP:Dmel_CG33100
K06027	Nsf2:Dmel_CG33101
K08471	Or45a:Dmel_CG1978
K10443	Kel:Dmel_CG7210
K12199	Dmel_CG7967:Dmel_CG7967
K00029	MenL-1:Dmel_CG7964
K00981	CdsA:Dmel_CG7962
K10598	Dmel_CG7747:Dmel_CG7747
K06059	TacE:Dmel_CG7908
K05236	AlpHacop:Dmel_CG7961
K02924	Rpl39:Dmel_CG3997
K00939	Adk3:Dmel_CG6612
K07151	OstStt3:Dmel_CG7748
K08471	Or49a:Dmel_CG13158
K09420	Myb:Dmel_CG9045
K01280	TppIi:Dmel_CG3991
K00029	MenL-2:Dmel_CG7969
K09427	Adf1:Dmel_CG15845
K08471	Gr47a:Dmel_CG12906
K11253	His3.3b:Dmel_CG8989
K07765	S2p:Dmel_CG8988
K14403	Cpsf73:Dmel_CG7698
K08790	Trc:Dmel_CG8637
K13216	NipP1:Dmel_CG8980
K08056	Erp60:Dmel_CG8983
K14407	CstF-64:Dmel_CG7697
K02332	Tam:Dmel_CG8987
K08282	FraY:Dmel_CG7693
K01077	Dmel_CG1809:Dmel_CG1809
K11728	E(bX):Dmel_CG32346
K14307	Nup58:Dmel_CG7360
K00411	RfeSp:Dmel_CG7361
K08282	Ste12dor:Dmel_CG32616
K00517	Cyp4d8:Dmel_CG4321
K07204	RapTor:Dmel_CG4320
K12947	SpaSe25:Dmel_CG1751
K02961	mRpS17:Dmel_CG4326
K08471	Gr2A:Dmel_CG18531
K09312	Cad:Dmel_CG1759
K12861	Dmel_CG4980:Dmel_CG4980
K13917	mRNA-cap:Dmel_CG1810
K00854	Dmel_CG3534:Dmel_CG3534
K11578	Mit(1)15:Dmel_CG9900
K08054	Cnx14D:Dmel_CG9906
K05388	ParA:Dmel_CG9907
K12879	Tho2:Dmel_CG31671
K03033	Rpn3:Dmel_CG42641
K10392	Khc-73:Dmel_CG8183
K00710	GalNac-t1:Dmel_CG8182
K10592	Dmel_CG8184:Dmel_CG8184
K02149	Vha36:Dmel_CG8186
K02127	AtpSyn-b:Dmel_CG8189
K00128	Dmel_CG31075:Dmel_CG31075
K06564	LerP:Dmel_CG31072
K14398	Dmel_CG7185:Dmel_CG7185
K08863	Sak:Dmel_CG7186
K08471	Gr66a:Dmel_CG7189
K11093	SnrNp70k:Dmel_CG8749
K10858	Pms2:Dmel_CG8169
K00799	GstD2:Dmel_CG4181
K05636	LanB1:Dmel_CG7123
K11807	Adp:Dmel_CG5124
K08834	NinAc:Dmel_CG5125
K00624	Dmel_CG5122:Dmel_CG5122
K01312	AlpHatry:Dmel_CG18444
K00261	Dmel_CG4434:Dmel_CG4434
K01518	Apf:Dmel_CG31713
K00471	Dmel_CG4335:Dmel_CG4335
K00528	DarE:Dmel_CG12390
K01446	PgrP-lc:Dmel_CG4432
K01255	S-Lap4:Dmel_CG32064
K10754	Gnf1:Dmel_CG1119
K00115	Dmel_CG12398:Dmel_CG12398
K04676	Mad:Dmel_CG12399
K09326	Oc:Dmel_CG12154
K10352	Mhc:Dmel_CG17927
K07976	Rab39:Dmel_CG12156
K00430	Prx2540-1:Dmel_CG12405
K02145	Vha68-1:Dmel_CG12403
K03968	Dmel_CG12400:Dmel_CG12400
K11293	HirA:Dmel_CG12153
K07976	RabX5:Dmel_CG7980
K12842	Dmel_CG9346:Dmel_CG9346
K06698	Reg:Dmel_CG1591
K10392	Unc-104:Dmel_CG8566
K04447	Hop:Dmel_CG1594
K04725	Iap2:Dmel_CG8293
K08515	Dmel_CG1599:Dmel_CG1599
K00864	Dmel_CG8298:Dmel_CG8298
K10415	SdiC1:Dmel_CG9580
K01749	L(3)02640:Dmel_CG9165
K06115	BetA-spec:Dmel_CG5870
K10358	Jar:Dmel_CG5695
K03955	MtaCp1:Dmel_CG9160
K01988	AlpHa4gt2:Dmel_CG5878
K09236	Tsh:Dmel_CG1374
K08705	Ftz-f1:Dmel_CG4059
K04237	Baz:Dmel_CG5055
K08471	Gr85a:Dmel_CG31405
K15464	Dmel_CG5059:Dmel_CG5059
K01192	Dmel_CG12582:Dmel_CG12582
K10745	Dmel_CG30105:Dmel_CG30105
K00873	Dmel_CG12229:Dmel_CG12229
K09995	Bap:Dmel_CG7902
K03961	L(3)neo18:Dmel_CG9762
K14570	Dmel_CG8368:Dmel_CG8368
K14283	TacC:Dmel_CG9765
K09090	HlhM7:Dmel_CG8361
K01489	Dmel_CG8360:Dmel_CG8360
K13811	PapSs:Dmel_CG8363
K00940	NmdYn-d7:Dmel_CG8362
K09090	E(sPl):Dmel_CG8365
K12835	Dmel_CG6418:Dmel_CG6418
K12182	Hrs:Dmel_CG2903
K05208	NmdAr1:Dmel_CG2902
K04392	Mtl:Dmel_CG5588
K00934	Dmel_CG4546:Dmel_CG4546
K14404	Clp:Dmel_CG3642
K12389	Cln3:Dmel_CG5582
K09442	Ets98b:Dmel_CG5583
K04646	Chc:Dmel_CG9012
K02155	Vha16-4:Dmel_CG9013
K12841	ScaF6:Dmel_CG33522
K14411	msi:Dmel_CG5099
K06026	Neb:Dmel_CG10718
K11997	BraT:Dmel_CG10719
K12304	Dmel_CG5276:Dmel_CG5276
K08635	Nep1:Dmel_CG5905
K02977	Rps27a:Dmel_CG5271
K04515	CamKii:Dmel_CG18069
K12190	Vps36:Dmel_CG10711
K04255	Rh5:Dmel_CG5279
K00861	Dmel_CG2846:Dmel_CG2846
K14320	Dmel_CG16892:Dmel_CG16892
K11757	PolYbromo:Dmel_CG11375
K12192	CHMP2B:Dmel_CG4618
K10846	Mus201:Dmel_CG10890
K01893	Dmel_CG6796:Dmel_CG6796
K08509	UsnP:Dmel_CG11173
K04446	NfaT:Dmel_CG11172
K10532	Dmel_CG6903:Dmel_CG6903
K04233	AlsTr:Dmel_CG2872
K02881	mRpL18:Dmel_CG12373
K06675	Glu:Dmel_CG11397
K10771	Rrp1:Dmel_CG3178
K05410	Ik2:Dmel_CG2615
K13250	SsrBeta:Dmel_CG5474
K04441	Mpk2:Dmel_CG5475
K14071	Lkr:Dmel_CG10626
K04703	SprEd:Dmel_CG10155
K00547	Dmel_CG10621:Dmel_CG10621
K01900	SucB:Dmel_CG10622
K01539	AtpAlpha:Dmel_CG5670
K01110	PteN:Dmel_CG5671
K12948	Spase22-23:Dmel_CG5677
K04615	GabA-b-r1:Dmel_CG15274
K00901	RdgA:Dmel_CG34344
K13298	Pde11:Dmel_CG34341
K02270	Dmel_CG9603:Dmel_CG9603
K01934	Dmel_CG34424:Dmel_CG34424
K03386	Prx5037:Dmel_CG5826
K11140	Sp1029:Dmel_CG11956
K11140	Dmel_CG11951:Dmel_CG11951
K09553	Hop:Dmel_CG2720
K01183	Cht2:Dmel_CG2054
K10260	Ago:Dmel_CG15010
K05725	Fak56d:Dmel_CG10023
K09215	BowL:Dmel_CG10021
K02990	mRpS6:Dmel_CG15016
K05195	Rdl:Dmel_CG10537
K04688	S6k:Dmel_CG10539
K09568	Fk506-bp2:Dmel_CG11001
K14004	Sec13:Dmel_CG6773
K00517	Cyp313a4:Dmel_CG6802
K14521	l(1)G0020:Dmel_CG1994
K01880	AatS-gly:Dmel_CG6778
K02985	Rps3:Dmel_CG6779
K14962	Wdr82:Dmel_CG17293
K01187	Mal-A8:Dmel_CG8690
K12373	Fdl:Dmel_CG8824
K06230	Ci:Dmel_CG2125
K00726	MgaT1:Dmel_CG13431
K10862	Gkt:Dmel_CG8825
K12667	OstDelta:Dmel_CG6370
K11142	S-Lap1:Dmel_CG6372
K09173	Rfx:Dmel_CG6312
K01446	PgrP-lb:Dmel_CG14704
K08508	SnaP25:Dmel_CG40452
K01104	Lar:Dmel_CG10443
K03165	Top3beta:Dmel_CG3458
K04345	Pka-c3:Dmel_CG6117
K08852	Ire-1:Dmel_CG4583
K01590	Hdc:Dmel_CG3454
K03064	Rpt4:Dmel_CG3455
K03243	Eif5b:Dmel_CG10840
K00517	Cyp4p1:Dmel_CG10842
K00517	Cyp4p3:Dmel_CG10843
K05327	Rya-r44f:Dmel_CG10844
K00560	Ts:Dmel_CG3181
K05322	Sei:Dmel_CG3182
K03644	Las:Dmel_CG5231
K10258	Sc2:Dmel_CG10849
K11648	Snr1:Dmel_CG1064
K14290	Emb:Dmel_CG13387
K12311	Dmel_CG9463:Dmel_CG9463
K00934	Dmel_CG5144:Dmel_CG5144
K12404	Gga:Dmel_CG3002
K01435	vanin-like:Dmel_CG32754
K14306	Nup62:Dmel_CG6251
K02953	Rps13:Dmel_CG13389
K06704	Kul:Dmel_CG1964
K01769	Gyc32e:Dmel_CG33114
K11655	Acf1:Dmel_CG1966
K00993	Dmel_CG33116:Dmel_CG33116
K09353	Lbl:Dmel_CG6570
K07198	Snf1a:Dmel_CG3051
K12733	CypL:Dmel_CG13892
K13239	Dmel_CG13890:Dmel_CG13890
K00621	Dmel_CG1969:Dmel_CG1969
K10720	Phm:Dmel_CG6578
K09586	Wbl:Dmel_CG7225
K08498	Syx6:Dmel_CG7736
K00432	GstD8:Dmel_CG4421
K01587	Ade5:Dmel_CG3989
K05094	Htl:Dmel_CG7223
K03860	Gpi1:Dmel_CG32578
K07976	Rab6:Dmel_CG6601
K01183	Cht4:Dmel_CG3986
K09485	Hsc70cb:Dmel_CG6603
K12484	Rip11:Dmel_CG6606
K11429	Suv4-20:Dmel_CG13363
K00121	Fdh:Dmel_CG6598
K04715	Cerk:Dmel_CG16708
K06269	Pp1alpha-96A:Dmel_CG6593
K12198	Dmel_CG6259:Dmel_CG6259
K06546	Vsg:Dmel_CG16707
K10419	RobL:Dmel_CG10751
K00019	sro:Dmel_CG12068
K01689	Eno:Dmel_CG17654
K10611	Roc2:Dmel_CG8998
K11654	IswI:Dmel_CG8625
K01446	PgrP-le:Dmel_CG8995
K00011	Dmel_CG10863:Dmel_CG10863
K01599	UpdO:Dmel_CG1818
K11426	Bzd:Dmel_CG13761
K11996	Dmel_CG13090:Dmel_CG13090
K14559	Dmel_CG13097:Dmel_CG13097
K06689	Eff:Dmel_CG7425
K02929	Rpl36a:Dmel_CG7424
K08517	Sec22:Dmel_CG7359
K01104	Ptp10d:Dmel_CG1817
K00864	Mri:Dmel_CG1216
K03111	MtsSb:Dmel_CG4337
K00799	MgsTl:Dmel_CG1742
K01915	Gs2:Dmel_CG1743
K01312	ZetAtry:Dmel_CG12387
K06276	Pk61c:Dmel_CG1210
K04718	Sk1:Dmel_CG1747
K08866	Ald:Dmel_CG7643
K00106	Ry:Dmel_CG7642
K14568	Dmel_CG3527:Dmel_CG3527
K00665	v(2)k05816:Dmel_CG3524
K00894	Eas:Dmel_CG3525
K01251	Dmel_CG9977:Dmel_CG9977
K08471	Gr22a:Dmel_CG31662
K03113	Dmel_CG17737:Dmel_CG17737
K01283	AncE-4:Dmel_CG8196
K10870	Spn-d:Dmel_CG31069
K09880	Dmel_CG12173:Dmel_CG12173
K08471	Gr98d:Dmel_CG31061
K08471	Gr98c:Dmel_CG31060
K09385	Slp2:Dmel_CG2939
K08471	Gr59a:Dmel_CG30189
K02149	Vha36-2:Dmel_CG13167
K05692	Act87e:Dmel_CG18290
K08342	Atg4:Dmel_CG4428
K10593	Hyd:Dmel_CG9484
K00699	Ugt37b1:Dmel_CG9481
K09458	Dmel_CG12170:Dmel_CG12170
K13126	pAbp:Dmel_CG5119
K00799	GstD6:Dmel_CG4423
K03035	Rpn5:Dmel_CG1100
K12881	Aly:Dmel_CG1101
K08831	SrpK:Dmel_CG8174
K13943	Cbt:Dmel_CG4427
K01312	TheTatry:Dmel_CG12385
K01164	Rpp20:Dmel_CG33931
K01312	EtaTry:Dmel_CG12386
K00787	FppS:Dmel_CG12389
K07827	Ras85d:Dmel_CG9375
K10405	Ncd:Dmel_CG7831
K06669	Cap:Dmel_CG9802
K02906	mRpL3:Dmel_CG8288
K00699	Ugt36bc:Dmel_CG17932
K07976	Rab9db:Dmel_CG9807
K07298	Lkb1:Dmel_CG9374
K04567	AatS-lys:Dmel_CG12141
K02877	Rpl15:Dmel_CG17420
K06115	Kst:Dmel_CG12008
K03801	Dmel_CG9804:Dmel_CG9804
K09523	P58Ipk:Dmel_CG8286
K07976	Rab8:Dmel_CG8287
K04649	UbcD4:Dmel_CG8284
K04623	BosS:Dmel_CG8285
K08471	Or19a:Dmel_CG18859
K01446	PgrP-sc1b:Dmel_CG8577
K12663	Dmel_CG9577:Dmel_CG9577
K01047	GiiIspla2:Dmel_CG1583
K07976	Rab35:Dmel_CG9575
K11674	Rcd5:Dmel_CG1135
K01800	GstZ1:Dmel_CG9362
K07374	alphaTub85E:Dmel_CG9476
K01092	Dmel_CG9391:Dmel_CG9391
K01895	AccOas:Dmel_CG9390
K09584	CabP1:Dmel_CG5809
K13356	Dmel_CG5065:Dmel_CG5065
K03107	Srp68:Dmel_CG5064
K05719	Mys:Dmel_CG1560
K00275	Dmel_CG31472:Dmel_CG31472
K12590	Rrp46:Dmel_CG4043
K09396	CroC:Dmel_CG5069
K02960	Rps16:Dmel_CG4046
K02135	Dmel_CG31477:Dmel_CG31477
K00741	Dmel_CG11149:Dmel_CG11149
K03094	SkpD:Dmel_CG12700
K05677	Pmp70:Dmel_CG12703
K00517	Cyp313b1:Dmel_CG9716
K06129	Dmel_CG18858:Dmel_CG18858
K12183	Tsg101:Dmel_CG9712
K09373	Ap:Dmel_CG8376
K11488	L(3)73ah:Dmel_CG4195
K04500	SmoX:Dmel_CG2262
K01889	Dmel_CG2263:Dmel_CG2263
K02606	Orc4:Dmel_CG2917
K10349	Fem-1:Dmel_CG9025
K11491	Cap-d3:Dmel_CG31989
K04565	Sod3:Dmel_CG9027
K01887	AatS-arg:Dmel_CG9020
K09884	DriP:Dmel_CG9023
K12670	Ost48:Dmel_CG9022
K01137	Dmel_CG30059:Dmel_CG30059
K13719	Dmel_CG4603:Dmel_CG4603
K07508	Yip2:Dmel_CG4600
K01191	alpha-Man-IIb:Dmel_CG4606
K01137	Dmel_CG18278:Dmel_CG18278
K00166	Dmel_CG8199:Dmel_CG8199
K01679	Dmel_CG31874:Dmel_CG31874
K01858	InoS:Dmel_CG11143
K00129	AldH-iii:Dmel_CG11140
K04605	MglUra:Dmel_CG11144
K09881	Mulk:Dmel_CG31873
K09366	Acj6:Dmel_CG9151
K03691	O-fUt1:Dmel_CG12366
K01488	AdgF-d:Dmel_CG9621
K00764	PraT:Dmel_CG2867
K10356	Myo61f:Dmel_CG9155
K06269	Pp1-13c:Dmel_CG9156
K08471	Gr23a:Dmel_CG15396
K12185	Dmel_CG1115:Dmel_CG1115
K06067	Rpd3:Dmel_CG7471
K11857	Ubp64e:Dmel_CG5486
K08337	Atg7:Dmel_CG5489
K10845	Tfb5:Dmel_CG42373
K01488	AdgF-e:Dmel_CG10143
K01283	AncE-5:Dmel_CG10142
K08471	Or47b:Dmel_CG13206
K03036	Rpn6:Dmel_CG10149
K11447	Utx:Dmel_CG5640
K11584	Wdb:Dmel_CG5643
K04384	Mav:Dmel_CG1901
K14325	Dmel_CG34334:Dmel_CG34334
K11267	Pds5:Dmel_CG17509
K13805	Arr2:Dmel_CG5962
K00011	Dmel_CG9436:Dmel_CG9436
K00700	Dmel_CG33138:Dmel_CG33138
K11600	Ski6:Dmel_CG15481
K14561	Dmel_CG11920:Dmel_CG11920
K09411	Fd96ca:Dmel_CG11921
K09411	Fd96cb:Dmel_CG11922
K02215	Cf2:Dmel_CG11924
K02218	Dco:Dmel_CG2048
K06071	Pkn:Dmel_CG2049
K09311	Ftz:Dmel_CG2047
K13579	Tkv:Dmel_CG14026
K02939	mRpL9:Dmel_CG31478
K14939	spok:Dmel_CG41624
K11092	U2a:Dmel_CG1406
K09365	Vvl:Dmel_CG10037
K03934	Nd75:Dmel_CG2286
K12114	Vri:Dmel_CG14029
K04556	ParK:Dmel_CG10523
K08282	Sti:Dmel_CG10522
K09517	Dmel_CG4164:Dmel_CG4164
K10842	Mat1:Dmel_CG7614
K11656	ChrAc-16:Dmel_CG15736
K14301	Nup107:Dmel_CG6743
K12489	CenB1a:Dmel_CG6742
K01310	Jon74e:Dmel_CG6298
K02962	Rps17:Dmel_CG3922
K01756	Dmel_CG3590:Dmel_CG3590
K03331	Dmel_CG7322:Dmel_CG7322
K13510	Dmel_CG32699:Dmel_CG32699
K03232	Ef1Beta:Dmel_CG6341
K03954	Nd42:Dmel_CG6343
K01681	Irp-1b:Dmel_CG6342
K00111	Dmel_CG2137:Dmel_CG2137
K01195	Dmel_CG2135:Dmel_CG2135
K02320	DNApol-alpha180:Dmel_CG6349
K09362	Ro:Dmel_CG6348
K12886	Bl:Dmel_CG13425
K08376	CcaPr:Dmel_CG33344
K01090	Pp1-y2:Dmel_CG40448
K01312	IotAtry:Dmel_CG7754
K02366	Ttv:Dmel_CG10117
K00710	Dmel_CG30463:Dmel_CG30463
K14292	TatL:Dmel_CG31241
K10306	PalL:Dmel_CG3428
K07432	Dmel_CG14512:Dmel_CG14512
K01672	Cah2:Dmel_CG6906
K11173	T3dH:Dmel_CG3425
K00693	Dmel_CG6904:Dmel_CG6904
K06671	Sa:Dmel_CG3423
K02731	ProS28.1:Dmel_CG3422
K11321	Brd8:Dmel_CG14514
K00420	Dmel_CG14482:Dmel_CG14482
K12893	B52:Dmel_CG10851
K03352	Ida:Dmel_CG10850
K10878	Mei-w68:Dmel_CG7753
K01187	Mal-B1:Dmel_CG14934
K12398	Cm:Dmel_CG3035
K15730	Dmel_CG16817:Dmel_CG16817
K01872	AatS-ala:Dmel_CG13391
K12668	l(2)k12914:Dmel_CG13393
K09083	Ato:Dmel_CG7508
K01205	Dmel_CG13397:Dmel_CG13397
K02326	ChrAc-14:Dmel_CG13399
K02214	L(1)g0148:Dmel_CG32742
K10413	Dhc64c:Dmel_CG7507
K06068	Pkc98e:Dmel_CG1954
K14402	Cpsf100:Dmel_CG1957
K08770	Ubi-p5e:Dmel_CG32744
K12272	SrpRbeta:Dmel_CG33162
K02879	mRpL17:Dmel_CG13880
K02857	SteT:Dmel_CG33166
K09428	Eip74ef:Dmel_CG32180
K08471	Gr61a:Dmel_CG13888
K00070	Dmel_CG7724:Dmel_CG7724
K02868	Rpl11:Dmel_CG7726
K00253	Dmel_CG6638:Dmel_CG6638
K03844	Dmel_CG11306:Dmel_CG11306
K12188	Lsn:Dmel_CG6637
K12323	Dmel_CG31183:Dmel_CG31183
K12622	Lsm3:Dmel_CG31184
K00699	Ugt86dd:Dmel_CG6633
K11319	Ing3:Dmel_CG6632
K11367	Chd1:Dmel_CG3733
K02516	CsuL:Dmel_CG3730
K00030	Dmel_CG6439:Dmel_CG6439
K10875	Okr:Dmel_CG3736
K04443	MapK-ak2:Dmel_CG3086
K11188	Prx6005:Dmel_CG3083
K14322	Dmel_CG8963:Dmel_CG8963
K03350	Cdc27:Dmel_CG8610
K05127	Otk:Dmel_CG8967
K01834	PglYm87:Dmel_CG17645
K03004	Dmel_CG13773:Dmel_CG13773
K01206	FucA:Dmel_CG6128
K09267	Sox21a:Dmel_CG7345
K02891	Rpl22:Dmel_CG7434
K07943	Arf84f:Dmel_CG7435
K00671	Nmt:Dmel_CG7436
K11304	Tip60:Dmel_CG6121
K06508	Tsp96f:Dmel_CG6120
K10881	Dmel_CG13779:Dmel_CG13779
K02156	PiwI:Dmel_CG6122
K02910	Rpl31:Dmel_CG1821
K06052	Ser:Dmel_CG6127
K00235	Dmel_CG7349:Dmel_CG7349
K04501	Med:Dmel_CG1775
K11406	HdaC4:Dmel_CG1770
K08282	Myt1:Dmel_CG32417
K04799	Fen1:Dmel_CG8648
K02207	Dmel_CG7656:Dmel_CG7656
K04669	Scw:Dmel_CG31695
K06672	NipPed-b:Dmel_CG17704
K11459	Psc:Dmel_CG3886
K10812	GlcAt-s:Dmel_CG3881
K08471	Or63a:Dmel_CG9969
K03841	Fbp:Dmel_CG31692
K04412	hpo:Dmel_CG11228
K12175	Csn1b:Dmel_CG3889
K00927	Dmel_CG9961:Dmel_CG9961
K08471	Gr98b:Dmel_CG31059
K04380	Tau:Dmel_CG31057
K00419	Ox:Dmel_CG8764
K01074	Ppt2:Dmel_CG4851
K13511	Taz:Dmel_CG8766
K04077	Hsp60C:Dmel_CG7235
K06497	Tsp29fa:Dmel_CG9494
K11461	Scm:Dmel_CG9495
K14018	PlaP:Dmel_CG5105
K09063	Da:Dmel_CG5102
K08471	Or94a:Dmel_CG17241
K01185	LysB:Dmel_CG1179
K01104	Pez:Dmel_CG9493
K03105	Srp19:Dmel_CG4457
K04700	SocS16d:Dmel_CG8146
K14296	Nup153:Dmel_CG4453
K02514	Hs6St:Dmel_CG4451
K11485	Pcl:Dmel_CG5109
K11290	Set:Dmel_CG4299
K13403	NmdMc:Dmel_CG18466
K09443	Ets21c:Dmel_CG2914
K14574	Dmel_CG8549:Dmel_CG8549
K07847	Rgk1:Dmel_CG9811
K01194	TreH:Dmel_CG9364
K10777	Lig4:Dmel_CG12176
K01800	GstZ2:Dmel_CG9363
K00517	Cyp316a1:Dmel_CG8540
K04043	Hsc70-5:Dmel_CG8542
K13137	Wmd:Dmel_CG3957
K09218	Sna:Dmel_CG3956
K01349	Fur2:Dmel_CG18734
K07293	Csw:Dmel_CG3954
K08657	TasPase1:Dmel_CG5241
K01312	Try29f:Dmel_CG9564
K01415	Nep3:Dmel_CG9565
K12393	Ap-47:Dmel_CG9388
K08582	Sol:Dmel_CG1391
K14072	NepYr:Dmel_CG5811
K01104	Stg:Dmel_CG1395
K02089	Cdk4:Dmel_CG5072
K10753	Asf1:Dmel_CG9383
K00738	Dmel_CG9384:Dmel_CG9384
K02145	Vha68-3:Dmel_CG5075
K09310	Ind:Dmel_CG11551
K03031	Rpn12r:Dmel_CG11552
K03135	Taf11:Dmel_CG4079
K10884	IrbP:Dmel_CG5247
K02857	Rho:Dmel_CG1004
K00486	Cn:Dmel_CG1555
K03006	RpiI215:Dmel_CG1554
K08776	Psa:Dmel_CG1009
K04725	Th:Dmel_CG12284
K10579	Ubc12:Dmel_CG7375
K08187	Kar:Dmel_CG12286
K09364	Pdm2:Dmel_CG12287
K00413	Dmel_CG4769:Dmel_CG4769
K01077	Dmel_CG5150:Dmel_CG5150
K12184	Vps28:Dmel_CG12770
K02889	Rpl21:Dmel_CG12775
K13114	Pnn:Dmel_CG8383
K03372	Dmel_CG9706:Dmel_CG9706
K00232	AcoX57d-p:Dmel_CG9707
K07977	Arf79f:Dmel_CG8385
K04497	Gro:Dmel_CG8384
K04439	Krz:Dmel_CG1487
K09041	Cnc:Dmel_CG17894
K00232	AcoX57d-d:Dmel_CG9709
K12827	Noi:Dmel_CG2925
K10582	Dmel_CG2924:Dmel_CG2924
K11155	Mdy:Dmel_CG31991
K11129	Nhp2:Dmel_CG5258
K04571	TapDelta:Dmel_CG9035
K16678	egr:Dmel_CG12919
K13711	Pi4KIIalpha:Dmel_CG2929
K03155	TimEout:Dmel_CG7855
K05088	Sev:Dmel_CG18085
K10573	UbcD6:Dmel_CG2013
K17725	Dmel_CG30022:Dmel_CG30022
K15516	Fmr1:Dmel_CG6203
K14015	Npl4:Dmel_CG4673
K01104	Ptp52f:Dmel_CG18243
K10728	Mus101:Dmel_CG11156
K08253	ShaRk:Dmel_CG18247
K08471	Or82a:Dmel_CG31519
K09324	Gsc:Dmel_CG2851
K08734	Mlh1:Dmel_CG11482
K11317	Ada1-1:Dmel_CG31865
K06172	Aph-1:Dmel_CG2855
K12572	Dmel_CG11486:Dmel_CG11486
K02154	Vha100-5:Dmel_CG12602
K00626	Dmel_CG9149:Dmel_CG9149
K03134	Taf10:Dmel_CG2859
K10263	Fbw5:Dmel_CG9144
K07466	Rpa-70:Dmel_CG9633
K12883	Cbp20:Dmel_CG12357
K03942	Dmel_CG9140:Dmel_CG9140
K05323	TasK6:Dmel_CG9637
K04153	5-hT1b:Dmel_CG15113
K10249	Elo68beta:Dmel_CG11801
K06237	vkg:Dmel_CG16858
K14293	Fs(2)ket:Dmel_CG2637
K00587	Ste14:Dmel_CG11268
K15053	Dmel_CG5498:Dmel_CG5498
K11251	His2av:Dmel_CG5499
K11969	Ari-2:Dmel_CG5709
K02871	MrpL13:Dmel_CG10603
K06269	Pp1-87b:Dmel_CG5650
K01077	Dmel_CG5656:Dmel_CG5656
K00248	Arc42:Dmel_CG4703
K11968	Ari-1:Dmel_CG5659
K08471	Or85b:Dmel_CG11735
K10595	HerC2:Dmel_CG11734
K01512	AcyP:Dmel_CG16870
K10836	Tim17b2:Dmel_CG15257
K07208	RheB:Dmel_CG1081
K14297	Nup98:Dmel_CG10198
K10901	Mus309:Dmel_CG6920
K03245	AdaM:Dmel_CG12131
K09103	Kn:Dmel_CG10197
K13355	Dmel_CG10194:Dmel_CG10194
K11433	Dmel_CG4565:Dmel_CG4565
K01104	Ptp-er:Dmel_CG9856
K00517	Cyp4ac3:Dmel_CG14031
K02178	Bub1:Dmel_CG14030
K00517	Cyp4ac1:Dmel_CG14032
K02174	Br:Dmel_CG11491
K00799	GstD1:Dmel_CG10045
K12196	Vps4:Dmel_CG6842
K07977	Arf102f:Dmel_CG11027
K06066	Dmel_CG6843:Dmel_CG6843
K11665	Ino80:Dmel_CG31212
K03138	TfIIFalpha:Dmel_CG10281
K11416	SirT6:Dmel_CG6284
K01360	AmoN:Dmel_CG6438
K08826	HipK:Dmel_CG17090
K08737	Msh6:Dmel_CG7003
K08252	Drl-2:Dmel_CG3915
K04615	GABA-B-R3:Dmel_CG3022
K07759	ParG:Dmel_CG2864
K08857	Nek2:Dmel_CG17256
K08471	Or42a:Dmel_CG17250
K16681	crb:Dmel_CG6383
K11247	EndOa:Dmel_CG14296
K01565	Dmel_CG14291:Dmel_CG14291
K10615	Dmel_CG9153:Dmel_CG9153
K01441	Bwa:Dmel_CG13969
K08471	Gr93a:Dmel_CG13417
K00921	Fab1:Dmel_CG6355
K10722	Sad:Dmel_CG14728
K02916	mRpL35:Dmel_CG13410
K02264	CovA:Dmel_CG14724
K00949	Dmel_CG14721:Dmel_CG14721
K00234	Dmel_CG5718:Dmel_CG5718
K03000	Rpi12:Dmel_CG13418
K08342	Dmel_CG6194:Dmel_CG6194
K10719	JheH2:Dmel_CG15102
K02156	Ago3:Dmel_CG40300
K10719	JheH1:Dmel_CG15101
K10719	JheH3:Dmel_CG15106
K01785	Dmel_CG10467:Dmel_CG10467
K10631	TopOrs:Dmel_CG15104
K12035	AbbA:Dmel_CG15105
K02602	Orb:Dmel_CG10868
K02155	Vha16-2:Dmel_CG32089
K12857	Dmel_CG3436:Dmel_CG3436
K01044	Est-6:Dmel_CG6917
K06689	Dmel_CG10862:Dmel_CG10862
K05610	Uch-l3:Dmel_CG3431
K08336	Atg12:Dmel_CG10861
K00942	Dmel_CG11811:Dmel_CG11811
K10158	GlcAt-i:Dmel_CG32775
K02540	Mcm2:Dmel_CG7538
K00517	Cyp4p2:Dmel_CG1944
K11840	Faf:Dmel_CG1945
K03133	Ak6:Dmel_CG8816
K11644	Sin3a:Dmel_CG8815
K03353	Cdc16:Dmel_CG6759
K13806	InaE:Dmel_CG33174
K04437	CheR:Dmel_CG3937
K10867	Nbs:Dmel_CG6754
K13024	L(1)g0196:Dmel_CG14616
K02677	Pkc53e:Dmel_CG6622
K01889	AatS-phe:Dmel_CG13348
K06664	Pex2:Dmel_CG7081
K10686	Uba3:Dmel_CG13343
K02728	Prosalpha3T:Dmel_CG1736
K08253	Src64b:Dmel_CG7524
K00033	Pgd:Dmel_CG3724
K04346	Cta:Dmel_CG17678
K09650	Rho-7:Dmel_CG8972
K10666	Dmel_CG8974:Dmel_CG8974
K10808	RnrS:Dmel_CG8975
K09495	CctGamma:Dmel_CG8977
K05757	Sop2:Dmel_CG8978
K06700	PI31:Dmel_CG8979
K02678	Pnt:Dmel_CG17077
K06634	CycH:Dmel_CG7405
K08703	Err:Dmel_CG7404
K00871	PhkGamma:Dmel_CG1830
K10839	Rad23:Dmel_CG1836
K08745	FatP:Dmel_CG7400
K06943	Dmel_CG8801:Dmel_CG8801
K02156	Aub:Dmel_CG6137
K10270	FbxL4:Dmel_CG1839
K02727	Prosalpha7:Dmel_CG1519
K03239	eIF2B-alpha:Dmel_CG7883
K01512	AcyP2:Dmel_CG18505
K04225	TakR99d:Dmel_CG7887
K07151	Dmel_CG1518:Dmel_CG1518
K04248	Fsh:Dmel_CG7665
K01080	Wun2:Dmel_CG8805
K10280	Ppa:Dmel_CG9952
K00500	Hn:Dmel_CG7399
K02608	Orc6:Dmel_CG1584
K12821	Dmel_CG3542:Dmel_CG3542
K04209	NpfR76f:Dmel_CG7395
K02223	Clk:Dmel_CG7391
K04441	P38B:Dmel_CG7393
K10362	MhcL:Dmel_CG31045
K05607	Dmel_CG8778:Dmel_CG8778
K08271	Stlk:Dmel_CG40293
K08202	OrcT:Dmel_CG6331
K01425	NemY:Dmel_CG8772
K07972	GbeTa76c:Dmel_CG8770
K12600	Dmel_CG8777:Dmel_CG8777
K08282	Gwl:Dmel_CG7719
K00995	Dmel_CG7718:Dmel_CG7718
K10374	Tm2:Dmel_CG4843
K01371	Dmel_CG4847:Dmel_CG4847
K05758	Arc-p34:Dmel_CG10954
K03950	Dmel_CG7712:Dmel_CG7712
K00983	CsaS:Dmel_CG32220
K00517	Cyp304a1:Dmel_CG7241
K10838	Mus210:Dmel_CG8153
K06619	Abl:Dmel_CG4032
K07941	Arf51f:Dmel_CG8156
K00710	PgaNt3:Dmel_CG4445
K07830	Ras64b:Dmel_CG1167
K04555	Crl:Dmel_CG4443
K13343	Pex14:Dmel_CG4289
K01958	Dmel_CG1516:Dmel_CG1516
K01373	Dmel_CG12163:Dmel_CG12163
K14313	Dmel_CG6540:Dmel_CG6540
K12845	HoiP:Dmel_CG3949
K08471	Or59a:Dmel_CG9820
K01672	Dmel_CG3940:Dmel_CG3940
K10723	Shd:Dmel_CG13478
K03941	Nd23:Dmel_CG3944
K01008	SelD:Dmel_CG8553
K13335	Pex16:Dmel_CG3947
K01104	Eya:Dmel_CG9554
K16688	dia:Dmel_CG1768
K12176	AliEn:Dmel_CG9556
K05759	ChiC:Dmel_CG9553
K06636	Smc1:Dmel_CG6057
K08701	Ecr:Dmel_CG1765
K01755	Dmel_CG9510:Dmel_CG9510
K09488	TraP1:Dmel_CG3152
K12378	Tor:Dmel_CG1389
K01078	Dmel_CG9451:Dmel_CG9451
K01873	AatS-val:Dmel_CG4062
K00503	Tbh:Dmel_CG1543
K00472	PH4alphaSG2:Dmel_CG1546
K00288	Pug:Dmel_CG4067
K02963	mRpS18A:Dmel_CG31450
K12833	Dmel_CG13298:Dmel_CG13298
K01379	CatHd:Dmel_CG1548
K05316	Stj:Dmel_CG12295
K02375	Fz2:Dmel_CG9739
K04430	Mkk4:Dmel_CG9738
K04680	Emc:Dmel_CG1007
K12816	Dmel_CG6015:Dmel_CG6015
K02888	mRpL21:Dmel_CG9730
K08074	Dmel_CG6650:Dmel_CG6650
K01867	AatS-trp:Dmel_CG9735
K00011	Dmel_CG12766:Dmel_CG12766
K01456	PngAse:Dmel_CG7865
K13346	Pex10:Dmel_CG7864
K09057	Pdp1:Dmel_CG17888
K02738	ProSbeta1:Dmel_CG8392
K13151	Dmel_CG42303:Dmel_CG42303
K13151	Dmel_CG42304:Dmel_CG42304
K12589	Rrp42:Dmel_CG8395
K08794	CamKi:Dmel_CG1495
K11838	Usp7:Dmel_CG1490
K00799	GstE10:Dmel_CG17522
K00717	FucT6:Dmel_CG2448
K00006	GpdH:Dmel_CG9042
K05770	Dmel_CG2789:Dmel_CG2789
K06826	Ndg:Dmel_CG12908
K02736	ProSbeta7:Dmel_CG12000
K01768	AcxD:Dmel_CG5712
K10704	Kua:Dmel_CG10723
K06676	BarR:Dmel_CG10726
K01312	Dmel_CG30031:Dmel_CG30031
K08471	Gr47b:Dmel_CG30030
K00907	StrN-mlck:Dmel_CG18255
K00357	DhpR:Dmel_CG4665
K06265	Dg:Dmel_CG18250
K00799	GstE4:Dmel_CG17525
K01047	SplA2:Dmel_CG11124
K09381	Gsb-n:Dmel_CG2692
K00623	Cha:Dmel_CG12345
K09680	Dmel_CG5828:Dmel_CG5828
K02644	Phl:Dmel_CG2845
K12868	Dmel_CG12343:Dmel_CG12343
K04554	Dmel_CG5823:Dmel_CG5823
K03678	Rrp45:Dmel_CG9606
K11253	His3.3a:Dmel_CG5825
K05318	Sh:Dmel_CG12348
K02921	Rpl37a:Dmel_CG5827
K07834	RalA:Dmel_CG2849
K01950	Dmel_CG9940:Dmel_CG9940
K01757	Ssl2:Dmel_CG11833
K04511	Esn:Dmel_CG12833
K03083	Sgg:Dmel_CG2621
K09370	Tup:Dmel_CG10619
K14550	l(2)k09022:Dmel_CG10805
K08471	Or83a:Dmel_CG10612
K10799	TanKyrase:Dmel_CG4719
K08471	Or43b:Dmel_CG17853
K10575	Dmel_CG40045:Dmel_CG40045
K02154	Vha100-3:Dmel_CG30329
K08706	Kni:Dmel_CG4717
K03063	Rpt3:Dmel_CG16916
K02153	VhaM9.7-1:Dmel_CG11589
K01866	Dmel_CG16912:Dmel_CG16912
K12848	Dmel_CG11586:Dmel_CG11586
K02967	mRpS2:Dmel_CG2937
K02146	VhaAc39:Dmel_CG2934
K01620	Dmel_CG10184:Dmel_CG10184
K14163	Aats-glupro:Dmel_CG5394
K01187	tobi:Dmel_CG11909
K14169	Dmel_CG10189:Dmel_CG10189
K01139	Mesh1:Dmel_CG11900
K03233	Ef1Gamma:Dmel_CG11901
K08486	Syx4:Dmel_CG2715
K01915	Gs1:Dmel_CG2718
K01618	Amd:Dmel_CG10501
K00761	Dmel_CG5537:Dmel_CG5537
K06272	Ilk:Dmel_CG10504
K01886	AatS-gln:Dmel_CG10506
K04409	Pak:Dmel_CG10295
K08709	Hr83:Dmel_CG10296
K04564	Sod2:Dmel_CG8905
K12191	vps2:Dmel_CG14542
K00234	Scs-fp:Dmel_CG17246
K06821	PleXb:Dmel_CG17245
K00517	Cyp6a18:Dmel_CG13977
K08471	Gr98a:Dmel_CG13976
K01277	DppIii:Dmel_CG7415
K13504	N-sYb:Dmel_CG17248
K00142	U26:Dmel_CG13401
K00453	V:Dmel_CG2155
K00384	TrxR-1:Dmel_CG2151
K00573	PcmT:Dmel_CG2152
K12189	Vps25:Dmel_CG14750
K14295	Nup50:Dmel_CG2158
K10577	Lwr:Dmel_CG3018
K01444	Dmel_CG10474:Dmel_CG10474
K01195	Dmel_CG15117:Dmel_CG15117
K00942	Sdt:Dmel_CG32717
K02370	BotV:Dmel_CG15110
K12875	Hkl:Dmel_CG10473
K09521	Dmel_CG7556:Dmel_CG7556
K07375	betaTub60D:Dmel_CG3401
K00900	PfrX:Dmel_CG3400
K02155	Vha16-3:Dmel_CG32090
K00720	GlcT-1:Dmel_CG6437
K00314	Dmel_CG6385:Dmel_CG6385
K06133	Eap:Dmel_CG32099
K08816	BalL:Dmel_CG6386
K00799	GfzF:Dmel_CG33546
K05357	VkoR:Dmel_CG33544
K03267	Elf:Dmel_CG6382
K07375	betaTub56D:Dmel_CG9277
K12823	Dmel_CG10777:Dmel_CG10777
K00898	Pdk:Dmel_CG8808
K01164	L(1)g0045:Dmel_CG32763
K08252	Tie:Dmel_CG7525
K13184	Mle:Dmel_CG11680
K08104	Hs3St-a:Dmel_CG33147
K07819	Dmel_CG33145:Dmel_CG33145
K01080	Wun:Dmel_CG8804
K03143	Tfb4:Dmel_CG5041
K10685	Uba2:Dmel_CG7528
K02350	Mus205:Dmel_CG1925
K04441	P38C:Dmel_CG33338
K14677	Dmel_CG6726:Dmel_CG6726
K12396	G:Dmel_CG10986
K12380	Gap1:Dmel_CG6721
K06689	UbcD2:Dmel_CG6720
K07542	Veg:Dmel_CG6657
K14410	Dmel_CG6656:Dmel_CG6656
K00699	Ugt86de:Dmel_CG6653
K11315	Dik:Dmel_CG7098
K12495	Siz:Dmel_CG32434
K00517	Cyp313a5:Dmel_CG15807
K03873	EloNgin-b:Dmel_CG4204
K00699	Ugt86di:Dmel_CG6658
K00763	Dmel_CG3714:Dmel_CG3714
K14305	Nup43:Dmel_CG7671
K02268	CypE:Dmel_CG14028
K01874	AatS-met:Dmel_CG31322
K02913	mRpL33:Dmel_CG3712
K09320	Eve:Dmel_CG2328
K06062	PcaF:Dmel_CG4107
K01634	SplY:Dmel_CG8946
K04681	Rbf:Dmel_CG7413
K01594	Dmel_CG5618:Dmel_CG5618
K07976	Rab10:Dmel_CG17060
K03019	Dmel_CG33785:Dmel_CG33785
K00771	Oxt:Dmel_CG32300
K02997	Rps9:Dmel_CG3395
K02184	CapU:Dmel_CG3399
K09100	Sim:Dmel_CG7771
K09280	Run:Dmel_CG1849
K05743	LimK1:Dmel_CG1848
K09214	Gl:Dmel_CG7672
K14314	Gp210:Dmel_CG7897
K09352	Tin:Dmel_CG7895
K04468	Nmo:Dmel_CG7892
K08471	Gr77a:Dmel_CG32433
K07977	Gie:Dmel_CG7891
K10455	KlhL18:Dmel_CG3571
K02154	Vha100-4:Dmel_CG7678
K01078	AcpH-1:Dmel_CG7899
K03237	eIF-2alpha:Dmel_CG9946
K08706	Eg:Dmel_CG7383
K11254	His4r:Dmel_CG3379
K08268	SimA:Dmel_CG7951
K09577	FkbP13:Dmel_CG9847
K01774	Hmu:Dmel_CG3373
K02980	Rps29:Dmel_CG8495
K04710	schlank:Dmel_CG3576
K08597	Den1:Dmel_CG8493
K12350	Dmel_CG3376:Dmel_CG3376
K04506	SinA:Dmel_CG9949
K15728	Lpin:Dmel_CG8709
K16186	RagC:Dmel_CG8707
K09542	L(2)efl:Dmel_CG4533
K00778	St6Gal:Dmel_CG4871
K00688	GlyP:Dmel_CG7254
K03130	Taf5:Dmel_CG7704
K03064	Rpt4r:Dmel_CG7257
K10902	RecQ5:Dmel_CG4879
K03253	Eif3-s9:Dmel_CG4878
K08495	Gos28:Dmel_CG7700
K03948	Dmel_CG32230:Dmel_CG32230
K08701	Eip75b:Dmel_CG8127
K12850	Dmel_CG1622:Dmel_CG1622
K01580	Gad1:Dmel_CG14994
K00108	Gld:Dmel_CG1152
K08252	Ack:Dmel_CG14992
K01555	Faa:Dmel_CG14993
K11585	Hp1E:Dmel_CG8120
K10836	Tim17b1:Dmel_CG1158
K08252	Inr:Dmel_CG18402
K06842	SemA-1a:Dmel_CG18405
K01754	Dmel_CG8129:Dmel_CG8129
K10755	Rfc4:Dmel_CG14999
K10703	Dmel_CG6746:Dmel_CG6746
K03363	Fzy:Dmel_CG4274
K01115	Pld:Dmel_CG12110
K08471	Tre:Dmel_CG15779
K12620	Lsm1:Dmel_CG4279
K11248	EndOb:Dmel_CG9834
K00072	SptR:Dmel_CG12117
K12834	Dmel_CG9548:Dmel_CG9548
K08493	Vti1:Dmel_CG3279
K01201	Dmel_CG31148:Dmel_CG31148
K09183	Pnr:Dmel_CG3978
K00901	Dmel_CG31140:Dmel_CG31140
K00252	Dmel_CG9547:Dmel_CG9547
K00517	Cyp4g1:Dmel_CG3972
K11463	Su(Z)12:Dmel_CG8013
K09533	Rme-8:Dmel_CG8014
K11423	Set2:Dmel_CG1716
K10843	Hay:Dmel_CG8019
K08471	Gr43a:Dmel_CG1712
K01597	Dmel_CG8239:Dmel_CG8239
K14548	l(3)72Dn:Dmel_CG5018
K01283	AncE-3:Dmel_CG17988
K01072	Dmel_CG8232:Dmel_CG8232
K09498	Tcp-1zeta:Dmel_CG8231
K05755	Arc-p20:Dmel_CG5972
K14556	Dmel_CG8064:Dmel_CG8064
K02935	mRpL12:Dmel_CG5012
K00759	AprT:Dmel_CG18315
K03283	Hsp70ba:Dmel_CG31449
K10580	Ben:Dmel_CG18319
K10370	TmoD:Dmel_CG1539
K11344	Eaf6:Dmel_CG12756
K08471	Or42b:Dmel_CG12754
K14285	Nxt1:Dmel_CG12752
K00799	GstD3:Dmel_CG4381
K07295	Usp:Dmel_CG4380
K00729	Wol:Dmel_CG7870
K08892	Src42a:Dmel_CG7873
K10721	Dib:Dmel_CG12028
K05328	Trp:Dmel_CG7875
K07515	Mtpalpha:Dmel_CG4389
K09280	RunXb:Dmel_CG42267
K01176	Amy-d:Dmel_CG17876
K05728	Csk:Dmel_CG42317
K08471	Or71a:Dmel_CG17871
K05850	PmcA:Dmel_CG42314
K00757	Dmel_CG3788:Dmel_CG3788
K13177	Ddx1:Dmel_CG9054
K09090	Dpn:Dmel_CG8704
K03264	Eif6:Dmel_CG17611
K03106	Srp54k:Dmel_CG4659
K07868	RhoBtb:Dmel_CG5701
K09380	Zfh2:Dmel_CG1449
K03943	Dmel_CG5703:Dmel_CG5703
K01890	Dmel_CG5706:Dmel_CG5706
K02873	Rpl13:Dmel_CG4651
K03259	Eif4e-6:Dmel_CG1442
K09394	Dp:Dmel_CG4654
K09851	Rassf:Dmel_CG4656
K14012	P47:Dmel_CG11139
K01087	Dmel_CG5177:Dmel_CG5177
K08471	Gr63a:Dmel_CG14979
K11324	DmaP1:Dmel_CG11132
K11108	Rtc1:Dmel_CG11130
K12160	Smt3:Dmel_CG4494
K06125	Coq2:Dmel_CG9613
K09382	PoxM:Dmel_CG9610
K08341	Atg8b:Dmel_CG12334
K02133	Dmel_CG5389:Dmel_CG5389
K12880	Tex:Dmel_CG9615
K03283	Hsp70bbb:Dmel_CG5834
K05317	Ca-Beta:Dmel_CG42403
K09172	Nfi:Dmel_CG2380
K06013	Ste24a:Dmel_CG9000
K00517	Cyp6d4:Dmel_CG12800
K03134	Taf10b:Dmel_CG3069
K09328	Unc-4:Dmel_CG6269
K02263	CoIV:Dmel_CG10664
K02603	Orc1:Dmel_CG10667
K03938	Dmel_CG11455:Dmel_CG11455
K13523	Dmel_CG4729:Dmel_CG4729
K13175	ThoC6:Dmel_CG5632
K04255	Rh7:Dmel_CG5638
K04426	Pk92b:Dmel_CG4720
K08709	Hr4:Dmel_CG16902
K03102	Sqd:Dmel_CG16901
K13728	Rev7:Dmel_CG2948
K04432	Lic:Dmel_CG12244
K10343	Gus:Dmel_CG2944
K00799	GstD5:Dmel_CG12242
K08471	Or45b:Dmel_CG12931
K02353	Dsh:Dmel_CG18361
K00627	Dmel_CG5261:Dmel_CG5261
K17218	Dmel_CG14997:Dmel_CG14997
K03935	Dmel_CG11913:Dmel_CG11913
K06100	Sym:Dmel_CG2097
K04345	Pka-c1:Dmel_CG4379
K12584	Dmel_CG2091:Dmel_CG2091
K02917	Rpl35a:Dmel_CG2099
K05692	Act57b:Dmel_CG10067
K11502	Sas-4:Dmel_CG10061
K09487	Gp93:Dmel_CG5520
K01227	Dmel_CG5613:Dmel_CG5613
K06069	ApkC:Dmel_CG10261
K04802	Dmel_CG10262:Dmel_CG10262
K00517	Cyp12a5:Dmel_CG11821
K02954	mRpS14:Dmel_CG32531
K05699	ActN:Dmel_CG4376
K02984	Rps3a:Dmel_CG2168
K12605	Rga:Dmel_CG2161
K04700	SocS44a:Dmel_CG2160
K14396	Pabp2:Dmel_CG2163
K16685	kibra:Dmel_CG33967
K02890	mRpL22:Dmel_CG4742
K01446	PgrP-sc1a:Dmel_CG14746
K01446	PgrP-sc2:Dmel_CG14745
K02969	Rps20:Dmel_CG15693
K02983	Rps30:Dmel_CG15697
K08507	Use1:Dmel_CG14181
K03038	Mov34:Dmel_CG3416
K08874	NipPed-a:Dmel_CG33554
K07766	Aps:Dmel_CG6391
K03362	SlmB:Dmel_CG3412
K00517	Cyp9h1:Dmel_CG17577
K00710	GalNac-t2:Dmel_CG6394
K09525	Csp:Dmel_CG6395
K14557	Dmel_CG7246:Dmel_CG7246
K01230	Dmel_CG31202:Dmel_CG31202
K05313	GluRiie:Dmel_CG31201
K04255	Rh3:Dmel_CG10888
K10743	Dmel_CG13690:Dmel_CG13690
K04690	Fz3:Dmel_CG16785
K04225	TakR86c:Dmel_CG6515
K14536	Dmel_CG33158:Dmel_CG33158
K00109	Dmel_CG10639:Dmel_CG10639
K00507	Dmel_CG8630:Dmel_CG8630
K00710	PgaNt4:Dmel_CG31956
K08471	Gr59e:Dmel_CG33151
K14308	Nup54:Dmel_CG8831
K00858	Dmel_CG33156:Dmel_CG33156
K01090	Mbs:Dmel_CG32156
K08471	Or88a:Dmel_CG14360
K03680	eIF2B-delta:Dmel_CG10315
K00517	Cyp4d21:Dmel_CG6730
K12860	Dmel_CG6905:Dmel_CG6905
K00699	Ugt35a:Dmel_CG6644
K07976	Rab-rp3:Dmel_CG7062
K05687	Dj-1alpha:Dmel_CG6646
K09497	Cct5:Dmel_CG8439
K11140	Dmel_CG14516:Dmel_CG14516
K00873	Dmel_CG7069:Dmel_CG7069
K00699	Ugt35b:Dmel_CG6649
K01079	Aay:Dmel_CG3705
K08471	Gr93b:Dmel_CG31336
K08471	Gr93d:Dmel_CG31335
K02432	Fz:Dmel_CG17697
K05288	Dmel_CG12263:Dmel_CG12263
K01251	AhcY89e:Dmel_CG8956
K11125	Smg5:Dmel_CG8954
K11653	Osa:Dmel_CG7467
K00698	Cs-2:Dmel_CG7464
K09479	Dmel_CG7461:Dmel_CG7461
K08471	Or43a:Dmel_CG1854
K09237	Ttk:Dmel_CG1856
K00856	Ady43a:Dmel_CG1851
K00164	Dmel_CG33791:Dmel_CG33791
K10272	Fbl6:Dmel_CG13213
K08731	Det:Dmel_CG12265
K09381	Gsb:Dmel_CG3388
K11455	Pc:Dmel_CG32443
K01785	Dmel_CG32444:Dmel_CG32444
K01785	Dmel_CG32445:Dmel_CG32445
K08471	Or59b:Dmel_CG3569
K01783	Dmel_CG30499:Dmel_CG30499
K04506	SinAh:Dmel_CG13030
K00417	Dmel_CG3560:Dmel_CG3560
K00699	Ugt86dj:Dmel_CG15902
K00517	Cyp313a1:Dmel_CG3360
K01081	Dmel_CG3362:Dmel_CG3362
K00472	PH4alphaEFB:Dmel_CG31022
K01581	Odc2:Dmel_CG8719
K02925	Rpl3:Dmel_CG4863
K00248	Dmel_CG4860:Dmel_CG4860
K10609	Cul-4:Dmel_CG8711
K10172	Byn:Dmel_CG7260
K04727	Aif:Dmel_CG7263
K14309	Dmel_CG7262:Dmel_CG7262
K07304	Eip71cd:Dmel_CG7266
K12812	Hel25e:Dmel_CG7269
K04209	NpfR1:Dmel_CG1147
K02966	Rps19a:Dmel_CG4464
K03386	JafRac1:Dmel_CG1633
K04460	Ppd3:Dmel_CG8402
K08471	Gr64d:Dmel_CG14987
K08683	Scu:Dmel_CG7113
K12873	L(1)10bb:Dmel_CG1639
K10380	Ank:Dmel_CG1651
K11824	alpha-Adaptin:Dmel_CG4260
K01074	Ppt1:Dmel_CG12108
K03283	Hsc70-4:Dmel_CG4264
K05609	Uch:Dmel_CG4265
K02865	Rpl10ab:Dmel_CG7283
K03514	Trf4-2:Dmel_CG17462
K04077	Hsp60:Dmel_CG12101
K00387	Dmel_CG7280:Dmel_CG7280
K04348	Pp2B-14d:Dmel_CG9842
K13647	Plod:Dmel_CG6199
K10456	KeaP1:Dmel_CG3962
K01897	Dmel_CG3961:Dmel_CG3961
K01802	NinAa:Dmel_CG3966
K10956	Sec61alpha:Dmel_CG9539
K12494	Efa6:Dmel_CG31158
K08399	Rk:Dmel_CG8930
K03015	Rpb7:Dmel_CG31155
K08252	Pr2:Dmel_CG3969
K01768	Rut:Dmel_CG9533
K13667	RumI:Dmel_CG31152
K00599	Dmel_CG9531:Dmel_CG9531
K08873	Smg1:Dmel_CG32743
K08267	RicTor:Dmel_CG8002
K06227	Cos:Dmel_CG1708
K02154	Vha100-1:Dmel_CG1709
K01759	Dmel_CG1707:Dmel_CG1707
K12479	Vps45:Dmel_CG8228
K01008	Sps2:Dmel_CG5025
K01611	SamDc:Dmel_CG5029
K03539	Rpp30:Dmel_CG11606
K05096	Pvr:Dmel_CG8222
K08291	GprK2:Dmel_CG17998
K13569	BabO:Dmel_CG8224
K09362	Bcd:Dmel_CG1034
K02955	Rps14a:Dmel_CG1524
K16687	yki:Dmel_CG4005
K04456	Akt1:Dmel_CG4006
K05129	Nrk:Dmel_CG4007
K05747	WasP:Dmel_CG1520
K00850	Pfk:Dmel_CG4001
K04499	PonT:Dmel_CG4003
K14294	WibG:Dmel_CG30176
K14085	Dmel_CG9629:Dmel_CG9629
K04353	R:Dmel_CG1956
K01265	Und:Dmel_CG4008
K02903	Rpl28:Dmel_CG12740
K13718	Otu:Dmel_CG12743
K02896	Rpl24:Dmel_CG9282
K01255	Dip-b:Dmel_CG9285
K09218	Wor:Dmel_CG4158
K01784	Gale:Dmel_CG12030
K12741	Hrb87f:Dmel_CG12749
K13755	Pde1c:Dmel_CG42325
K09486	Dmel_CG2918:Dmel_CG2918
K14009	Dmel_CG13887:Dmel_CG13887
K00645	Beg:Dmel_CG7842
K08471	Or10a:Dmel_CG17867
K10408	Kl-2:Dmel_CG17866
K01495	Pu:Dmel_CG9441
K14319	RanGap:Dmel_CG9999
K12837	U2aF50:Dmel_CG9998
K07976	Rab9:Dmel_CG9994
K01078	Dmel_CG9449:Dmel_CG9449
K11862	TrbD:Dmel_CG9448
K08471	Or35a:Dmel_CG17868
K10800	Dmel_CG5285:Dmel_CG5285
K11498	CanA:Dmel_CG33694
K01836	nst:Dmel_CG10627
K05321	ShaL:Dmel_CG9262
K01540	Nrv2:Dmel_CG9261
K03062	ProS26.4:Dmel_CG5289
K00849	Galk:Dmel_CG5288
K15734	Dmel_CG9265:Dmel_CG9265
K09275	Gem:Dmel_CG30011
K01204	Dmel_CG5731:Dmel_CG5731
K14304	Nup75:Dmel_CG5733
K00008	SodH-2:Dmel_CG4649
K02085	Apc:Dmel_CG1451
K09592	Hph:Dmel_CG31543
K10319	Fsn:Dmel_CG4643
K06632	Wee:Dmel_CG4488
K03900	Hml:Dmel_CG7002
K00654	Spt-i:Dmel_CG4016
K05313	Glu-rib:Dmel_CG4481
K01365	Dmel_CG11459:Dmel_CG11459
K00517	Cyp9b2:Dmel_CG4486
K02737	ProSbeta5:Dmel_CG12323
K13353	Dmel_CG13827:Dmel_CG13827
K10398	Klp61f:Dmel_CG9191
K04802	Mus209:Dmel_CG9193
K02957	Rps15ab:Dmel_CG12324
K03949	Dmel_CG6463:Dmel_CG6463
K03348	ShtD:Dmel_CG9198
K04255	Rh4:Dmel_CG9668
K00517	Cyp6a13:Dmel_CG2397
K02970	mRpS21:Dmel_CG32854
K10606	FanCl:Dmel_CG12812
K16682	jub:Dmel_CG11063
K08967	Dmel_CG32068:Dmel_CG32068
K12158	NedD8:Dmel_CG10679
K05931	Art4:Dmel_CG5358
K07976	RabX2:Dmel_CG2885
K01868	AatS-thr:Dmel_CG5353
K11086	Smb:Dmel_CG5352
K08601	CylD:Dmel_CG5603
K10747	DNA-ligI:Dmel_CG5602
K03265	Erf1:Dmel_CG5605
K09572	Shu:Dmel_CG4735
K14303	Nup160:Dmel_CG4738
K10740	Dmel_CG15220:Dmel_CG15220
K03115	CkiIbeta:Dmel_CG15224
K00799	GstE12:Dmel_CG16936
K06268	CanB2:Dmel_CG11217
K07512	Dmel_CG16935:Dmel_CG16935
K09069	Twi:Dmel_CG2956
K02996	mRpS9:Dmel_CG2957
K02260	Dmel_CG9065:Dmel_CG9065
K03022	Dmel_CG7339:Dmel_CG7339
K09884	Aqp:Dmel_CG12251
K09113	Mio:Dmel_CG18362
K14569	Dmel_CG7728:Dmel_CG7728
K08860	Pek:Dmel_CG2087
K01446	PgrP-sa:Dmel_CG11709
K14554	Dmel_CG9799:Dmel_CG9799
K02905	Rpl29:Dmel_CG10071
K00012	Sgl:Dmel_CG10072
K10599	Prp19:Dmel_CG5519
K00844	Hex-t2:Dmel_CG32849
K12823	Dmel_CG10077:Dmel_CG10077
K02098	SpiR:Dmel_CG10076
K04361	EgfR:Dmel_CG10079
K00764	PraT2:Dmel_CG10078
K01408	Ide:Dmel_CG5517
K10082	Dmel_CG5510:Dmel_CG5510
K10596	Dmel_CG11070:Dmel_CG11070
K04577	Dh31-r1:Dmel_CG32843
K07179	Dmel_CG11859:Dmel_CG11859
K11662	ActR13e:Dmel_CG11678
K11427	Gpp:Dmel_CG10272
K03846	Dmel_CG11851:Dmel_CG11851
K04599	Mth:Dmel_CG6936
K12172	Nup358:Dmel_CG11856
K07295	Hr51:Dmel_CG16801
K04459	Mkp3:Dmel_CG14080
K08504	Bet1:Dmel_CG14084
K02731	ProS28.1a:Dmel_CG17268
K00517	Cyp313a2:Dmel_CG10094
K00517	Cyp313a3:Dmel_CG10093
K01887	Dmel_CG10092:Dmel_CG10092
K00799	GstD9:Dmel_CG10091
K10836	Tim17a1:Dmel_CG10090
K17108	Dmel_CG33090:Dmel_CG33090
K10361	Myo10a:Dmel_CG2174
K13181	Rs1:Dmel_CG2173
K01803	Tpi:Dmel_CG2171
K12826	Dmel_CG10754:Dmel_CG10754
K13356	Dmel_CG1443:Dmel_CG1443
K12666	Dmel_CG33303:Dmel_CG33303
K09275	Grh:Dmel_CG42311
K08471	Or67b:Dmel_CG14176
K03136	TfIIEalpha:Dmel_CG10415
K16197	14-3-3zeta:Dmel_CG17870
K13130	Gem2:Dmel_CG10419
K12621	Dmel_CG10418:Dmel_CG10418
K03012	Rpb4:Dmel_CG33520
K00485	Fmo-2:Dmel_CG3174
K06641	Lok:Dmel_CG10895
K08493	KokO:Dmel_CG31232
K11140	Dmel_CG31233:Dmel_CG31233
K12585	Dis3:Dmel_CG6413
K08870	Twf:Dmel_CG3172
K08155	VmaT:Dmel_CG33528
K07976	Rab27:Dmel_CG14791
K02998	Sta:Dmel_CG14792
K01363	CtsB1:Dmel_CG10992
K00600	Dmel_CG3011:Dmel_CG3011
K02883	Rpl18:Dmel_CG8615
K03515	Rev1:Dmel_CG12189
K01090	Ppd6:Dmel_CG8822
K02915	Rpl34a:Dmel_CG6090
K10571	Abo:Dmel_CG6093
K13800	Dak1:Dmel_CG6092
K01283	AncE:Dmel_CG8827
K00728	Rt:Dmel_CG6097
K09090	HlhM5:Dmel_CG6096
K10348	Lrr47:Dmel_CG6098
K02875	Rpl14:Dmel_CG6253
K06103	CakI:Dmel_CG6703
K12377	Tsl:Dmel_CG6705
K01899	Dmel_CG6255:Dmel_CG6255
K04616	GabA-b-r2:Dmel_CG6706
K02976	Rps26:Dmel_CG10305
K10756	Rfc38:Dmel_CG6258
K00873	Pyk:Dmel_CG7070
K07953	Sar1:Dmel_CG7073
K06057	NumB:Dmel_CG3779
K00016	Dmel_CG13334:Dmel_CG13334
K02295	Cry:Dmel_CG3772
K01672	Dmel_CG6074:Dmel_CG6074
K01104	Ptp4e:Dmel_CG6899
K14564	Nop56:Dmel_CG13849
K12592	Rrp47:Dmel_CG8928
K02989	Rps5a:Dmel_CG8922
K01183	Cht7:Dmel_CG1869
K00382	Dmel_CG7430:Dmel_CG7430
K01869	AatS-leu:Dmel_CG7479
K12657	Dmel_CG7470:Dmel_CG7470
K08704	Hr38:Dmel_CG1864
K08471	Or98b:Dmel_CG1867
K01802	MocA-cyp:Dmel_CG1866
K06093	Par-6:Dmel_CG5884
K13524	Dmel_CG7433:Dmel_CG7433
K16684	Mer:Dmel_CG14228
K04523	UbqN:Dmel_CG14224
K00517	Cyp6v1:Dmel_CG1829
K13421	R-l:Dmel_CG3593
K01537	SpoCk:Dmel_CG32451
K00286	Dmel_CG5840:Dmel_CG5840
K02136	ATPsyn-gamma:Dmel_CG7610
K12759	Sqh:Dmel_CG3595
K03029	ProS54:Dmel_CG7619
K10356	Myo31df:Dmel_CG7438
K12829	Dmel_CG3605:Dmel_CG3605
K05655	Dmel_CG1824:Dmel_CG1824
K00078	Dmel_CG3609:Dmel_CG3609
K10589	Dmel_CG3356:Dmel_CG3356
K02867	mRpL11:Dmel_CG3351
K09113	BigMax:Dmel_CG3350
K16669	ft:Dmel_CG3352
K01581	Odc1:Dmel_CG8721
K14299	Nup44a:Dmel_CG8722
K12178	Csn4:Dmel_CG8725
K12387	Dmel_CG14767:Dmel_CG14767
K02296	Cyc:Dmel_CG8727
K03469	Rnh1:Dmel_CG8729
K02892	mRpL23:Dmel_CG1320
K03251	Dmel_CG4810:Dmel_CG4810
K08471	Or94b:Dmel_CG6679
K06126	Dmel_CG7277:Dmel_CG7277
K03131	Taf6:Dmel_CG32211
K11593	Ago1:Dmel_CG6671
K03017	RpiI15:Dmel_CG3284
K00235	SdhB:Dmel_CG3283
K01066	Lip1:Dmel_CG7279
K12846	Ytr:Dmel_CG18426
K04382	Mts:Dmel_CG7109
K00799	GstT1:Dmel_CG30000
K08860	Gcn2:Dmel_CG1609
K12046	Up:Dmel_CG7107
K05765	Tsr:Dmel_CG4254
K11224	StaT92e:Dmel_CG4257
K12863	C12.1:Dmel_CG12135
K01044	Clt:Dmel_CG9858
K00517	Cyp317a1:Dmel_CG17453
K06640	Mei-41:Dmel_CG4252
K14376	hrg:Dmel_CG9854
K13443	Npc2a:Dmel_CG7291
K12591	Rrp6:Dmel_CG7292
K10394	Klp68d:Dmel_CG7293
K00710	PgaNt8:Dmel_CG7297
K08282	Ih:Dmel_CG8585
K00517	Cyp301a1:Dmel_CG8587
K09540	Sec63:Dmel_CG8583
K13516	frj:Dmel_CG9526
K00232	Dmel_CG9527:Dmel_CG9527
K00731	C1gAlta:Dmel_CG9520
K07976	Rab4:Dmel_CG4921
K00615	Dmel_CG8036:Dmel_CG8036
K05122	Ror:Dmel_CG4926
K05019	IclN:Dmel_CG4924
K10251	Dmel_CG1444:Dmel_CG1444
K02884	mRpL19:Dmel_CG8039
K08471	Or30a:Dmel_CG13106
K10364	Cpa:Dmel_CG10540
K02542	Mcm6:Dmel_CG4039
K11128	Dmel_CG4038:Dmel_CG4038
K01312	epsilonTry:Dmel_CG18681
K00968	Cct1:Dmel_CG1049
K09311	Zen2:Dmel_CG1048
K05110	Eph:Dmel_CG1511
K09311	Zen:Dmel_CG1046
K03002	Rpi135:Dmel_CG4033
K03870	Cul-2:Dmel_CG1512
K03259	Eif-4e:Dmel_CG4035
K02151	Vha14:Dmel_CG8210
K00624	Dmel_CG1041:Dmel_CG1041
K00287	DhfR:Dmel_CG14887
K12177	Csn3:Dmel_CG18332
K00968	Cct2:Dmel_CG18330
K02265	CoVb:Dmel_CG11015
K13758	PrbP:Dmel_CG9296
K00799	GstE2:Dmel_CG17523
K03097	CkiIalpha:Dmel_CG17520
K02866	Qm:Dmel_CG17521
K05286	Dmel_CG12006:Dmel_CG12006
K00799	GstE5:Dmel_CG17527
K00799	GstE3:Dmel_CG17524
K03872	EloNgin-c:Dmel_CG9291
K01876	AatS-asp:Dmel_CG3821
K14317	Nup214:Dmel_CG3820
K09067	Sc:Dmel_CG3827
K12741	Hrb98de:Dmel_CG9983
K04689	WntD:Dmel_CG8458
K00417	Dmel_CG17856:Dmel_CG17856
K00889	SktL:Dmel_CG9985
K00517	Cyp6g1:Dmel_CG8453
K11643	Mi-2:Dmel_CG8103
K03942	Dmel_CG8102:Dmel_CG8102
K00517	Cyp6t3:Dmel_CG8457
K08585	CalPb:Dmel_CG8107
K06225	Ptc:Dmel_CG2411
K04552	Ubc84d:Dmel_CG12799
K12385	Npc1a:Dmel_CG5722
K10773	Dmel_CG9272:Dmel_CG9272
K10739	Rpa2:Dmel_CG9273
K00699	Dmel_CG5724:Dmel_CG5724
K09680	Fbl:Dmel_CG5725
K04459	Puc:Dmel_CG7850
K08501	Syx8:Dmel_CG4109
K12197	ChmP1:Dmel_CG4108
K00517	Cyp4e3:Dmel_CG4105
K00697	Tps1:Dmel_CG4104
K08489	Syx16:Dmel_CG1467
K08964	Dmel_CG11134:Dmel_CG11134
K00815	Dmel_CG1461:Dmel_CG1461
K01077	Aph-4:Dmel_CG1462
K09648	Dmel_CG11110:Dmel_CG11110
K03142	Ssl1:Dmel_CG11115
K01080	LazA:Dmel_CG11440
K00710	PgaNt2:Dmel_CG3254
K11098	DebB:Dmel_CG16792
K05696	Ptp61f:Dmel_CG9181
K07817	Ia2:Dmel_CG31795
K10732	Psf1:Dmel_CG9187
K00728	Tw:Dmel_CG12311
K00264	Dmel_CG9674:Dmel_CG9674
K03250	Int6:Dmel_CG9677
K00272	Dmel_CG12338:Dmel_CG12338
K10394	Klp64d:Dmel_CG10642
K10704	Uev1a:Dmel_CG10640
K12488	Asap1:Dmel_CG30372
K01758	Eip55e:Dmel_CG5345
K00020	Dmel_CG4747:Dmel_CG4747
K10865	Mre11:Dmel_CG16928
K01669	Phr:Dmel_CG11205
K02927	Rpl40:Dmel_CG2960
K09302	Pb:Dmel_CG31481
K00873	Dmel_CG2964:Dmel_CG2964
K04712	Ifc:Dmel_CG9078
K00249	Dmel_CG12262:Dmel_CG12262
K02134	L(1)g0230:Dmel_CG2968
K03257	Eif-4a:Dmel_CG9075
K03023	Dmel_CG12267:Dmel_CG12267
K04487	Dmel_CG12264:Dmel_CG12264
K16686	sav:Dmel_CG33193
K02885	Rpl19:Dmel_CG2746
K01183	Cht6:Dmel_CG2989
K09317	Ems:Dmel_CG2988
K13174	ThoC5:Dmel_CG2980
K02971	Oho23b:Dmel_CG2986
K01090	Pp2C1:Dmel_CG2984
K02930	Rpl4:Dmel_CG5502
K09504	L(2)tid:Dmel_CG5504
K11855	Usp36:Dmel_CG5505
K00629	Dmel_CG5508:Dmel_CG5508
K04667	ActBeta:Dmel_CG11062
K00517	Cyp6a23:Dmel_CG10242
K00517	Cyp6a19:Dmel_CG10243
K00517	Cyp6a22:Dmel_CG10240
K00517	Cyp6a17:Dmel_CG10241
K00517	Cyp6a9:Dmel_CG10246
K00517	Cyp6a21:Dmel_CG10247
K08252	Cad96ca:Dmel_CG10244
K00517	Cyp6a20:Dmel_CG10245
K04377	dm:Dmel_CG10798
K00517	Cyp6a8:Dmel_CG10248
K09595	Spp:Dmel_CG11840
K00164	Nc73ef:Dmel_CG11661
K07178	Dmel_CG11660:Dmel_CG11660
K01968	Dmel_CG2118:Dmel_CG2118
K08471	Gr33a:Dmel_CG17213
K06268	Elm:Dmel_CG2185
K09304	Dfd:Dmel_CG2189
K10414	Btv:Dmel_CG15148
K01099	Dmel_CG10426:Dmel_CG10426
K04708	Dmel_CG10425:Dmel_CG10425
K02978	Rps27:Dmel_CG10423
K14001	Dmel_CG10420:Dmel_CG10420
K14721	Sin:Dmel_CG10582
K03249	Dmel_CG9769:Dmel_CG9769
K03691	O-fUt2:Dmel_CG14789
K14539	ns3:Dmel_CG14788
K11339	Mrg15:Dmel_CG6363
K08764	ScpX:Dmel_CG17320
K00699	Dmel_CG17323:Dmel_CG17323
K00008	SodH-1:Dmel_CG1982
K00670	Nat1:Dmel_CG12202
K03649	Thd1:Dmel_CG1981
K00615	Dmel_CG5103:Dmel_CG5103
K02949	Rps11:Dmel_CG8857
K00011	Dmel_CG6084:Dmel_CG6084
K08471	Or19b:Dmel_CG32825
K00011	Dmel_CG6083:Dmel_CG6083
K00517	Cyp28d2:Dmel_CG6081
K05093	Btl:Dmel_CG32134
K00517	Cyp6g2:Dmel_CG8859
K09381	Prd:Dmel_CG6716
K12302	VglUt:Dmel_CG9887
K13253	Nos:Dmel_CG6713
K03128	Taf2:Dmel_CG6711
K07573	Csl4:Dmel_CG6249
K01047	IplA2-via:Dmel_CG6718
K01698	PbgS:Dmel_CG10335
K06134	Coq7:Dmel_CG14437
K11585	Hp1B:Dmel_CG7041
K13444	Dmel_CG7049:Dmel_CG7049
K02145	Vha68-2:Dmel_CG3762
K00036	Dmel_CG7140:Dmel_CG7140
K00799	GstS1:Dmel_CG8938
K02992	mRpS7:Dmel_CG5108
K01939	Dmel_CG17273:Dmel_CG17273
K05756	ArpC3b:Dmel_CG8936
K03283	Hsc70-1:Dmel_CG8937
K01090	Ppy-55a:Dmel_CG10930
K00626	Dmel_CG10932:Dmel_CG10932
K09355	Exd:Dmel_CG8933
K01867	Dmel_CG7441:Dmel_CG7441
K11981	ElgI:Dmel_CG17033
K01047	GxiVspla2:Dmel_CG17035
K03347	Lin19:Dmel_CG1877
K08471	Gr28b:Dmel_CG13788
K03231	Ef1alpha100E:Dmel_CG1873
K10735	Sld5:Dmel_CG14549
K09090	HlhMbeta:Dmel_CG14548
K06258	Dmel_CG3168:Dmel_CG3168
K11313	Spt3:Dmel_CG3169
K01446	PgrP-la:Dmel_CG32042
K03386	JafRac2:Dmel_CG1274
K05294	Dmel_CG3160:Dmel_CG3160
K02155	Vha16:Dmel_CG3161
K03211	Aop:Dmel_CG3166
K00444	Wnt5:Dmel_CG6407
K03217	Dmel_CG6404:Dmel_CG6404
K12836	U2aF38:Dmel_CG3582
K01509	Dmel_CG31793:Dmel_CG31793
K04131	MacR-60c:Dmel_CG4356
K08471	Gr10a:Dmel_CG32664
K10359	Ck:Dmel_CG7595
K14573	Dmel_CG4806:Dmel_CG4806
K02132	Blw:Dmel_CG3612
K00517	Cyp9c1:Dmel_CG3616
K03842	Dmel_CG18012:Dmel_CG18012
K06051	Dl:Dmel_CG3619
K00026	Dmel_CG10748:Dmel_CG10748
K12504	qless:Dmel_CG31005
K10339	StoPs:Dmel_CG31006
K00734	beta3GalTII:Dmel_CG8734
K01897	L(2)44dea:Dmel_CG8732
K03685	DroSha:Dmel_CG8730
K00939	Adk1:Dmel_CG17146
K03940	Dmel_CG9172:Dmel_CG9172
K00772	Dmel_CG4802:Dmel_CG4802
K13176	ThoC7:Dmel_CG17143
K10693	Hiw:Dmel_CG32592
K08471	Gr64a:Dmel_CG32261
K00784	Jhi-1:Dmel_CG3298
K00236	SdhC:Dmel_CG6666
K09255	Dl:Dmel_CG6667
K01077	Dmel_CG3290:Dmel_CG3290
K12618	Pcm:Dmel_CG3291
K02333	DNApol-gamma35:Dmel_CG33650
K09031	Kay:Dmel_CG33956
K06639	Cdc14:Dmel_CG7134
K06965	pelo:Dmel_CG3959
K05633	Su(Dx):Dmel_CG4244
K11584	Pp2A-b':Dmel_CG7913
K11268	Eco:Dmel_CG8598
K14298	Rae1:Dmel_CG9862
K11278	Nlp:Dmel_CG7917
K00804	Qm:Dmel_CG8593
K10395	Klp3a:Dmel_CG8590
K12307	Dmel_CG8596:Dmel_CG8596
K04599	MthL5:Dmel_CG6965
K03662	VhaAC45:Dmel_CG8029
K00108	Dmel_CG9514:Dmel_CG9514
K08471	Gr93c:Dmel_CG31173
K01463	Gug:Dmel_CG6964
K03259	Eif4e-3:Dmel_CG8023
K12181	Csn8:Dmel_CG42522
K03258	Eif-4b:Dmel_CG10837
K07918	Ltd:Dmel_CG8024
K12587	Mtr3:Dmel_CG8025
K05749	Sra-1:Dmel_CG4931
K01379	Dmel_CG6508:Dmel_CG6508
K01793	Hsepi:Dmel_CG3194
K02175	Brn:Dmel_CG4934
K01834	PglYm78:Dmel_CG1721
K01875	AatS-ser:Dmel_CG4938
K02729	Prosalpha5:Dmel_CG10938
K02920	Rpl36:Dmel_CG7622
K02153	VhaM9.7-2:Dmel_CG7625
K10836	Tim8:Dmel_CG1728
K02090	Cdk5:Dmel_CG8203
K13989	Der-2:Dmel_CG14899
K05960	Par-1:Dmel_CG8201
K02218	GisH:Dmel_CG6963
K00911	Ip3K1:Dmel_CG4026
K05692	Act5c:Dmel_CG4027
K04157	5-hT2:Dmel_CG1056
K12353	Dmel_CG6962:Dmel_CG6962
K09448	Sd:Dmel_CG8544
K10847	XpaC:Dmel_CG6358
K01310	Jon99ciii:Dmel_CG31362
K08471	Gr59b:Dmel_CG30191
K00799	GstE9:Dmel_CG17534
K00799	GstE7:Dmel_CG17531
K00799	GstE6:Dmel_CG17530
K00432	PhgPx:Dmel_CG12013
K03843	Dmel_CG1291:Dmel_CG1291
K01613	Dmel_CG5991:Dmel_CG5991
K09067	L(1)sc:Dmel_CG3839
K06662	Rad17:Dmel_CG7825
K01488	AdgF-a:Dmel_CG5992
K01672	Cah1:Dmel_CG7820
K01488	AdgF-b:Dmel_CG5998
K00504	Phm:Dmel_CG3832
K04532	App-bp1:Dmel_CG7828
K09512	Mrj:Dmel_CG8448
K06027	ComT:Dmel_CG1618
K12311	Dmel_CG9466:Dmel_CG9466
K06061	Mam:Dmel_CG8118
K01062	Lis-1:Dmel_CG8440
K05313	Glu-ri:Dmel_CG8442
K05546	Dmel_CG14476:Dmel_CG14476
K02212	Dpa:Dmel_CG1616
K00505	ProPo-a1:Dmel_CG42639
K14544	Mat89Ba:Dmel_CG12785
K00591	Dmel_CG9249:Dmel_CG9249
K16860	Dmel_CG9248:Dmel_CG9248
K00999	Pis:Dmel_CG9245
K01681	AcoN:Dmel_CG9244
K02213	Cdc6:Dmel_CG5971
K14399	cbc:Dmel_CG5970
K13254	SpaS:Dmel_CG5977
K09647	Dmel_CG9240:Dmel_CG9240
K04984	TrpA1:Dmel_CG5751
K01951	Bur:Dmel_CG9242
K14007	Sec24:Dmel_CG1472
K12319	Gycbeta100B:Dmel_CG1470
K02918	Rpl35:Dmel_CG4111
K02872	Rpl13a:Dmel_CG1475
K01312	BetAtry:Dmel_CG18211
K03124	TfiIb:Dmel_CG5193
K04255	Rh6:Dmel_CG5192
K03283	Hsp70ab:Dmel_CG18743
K08810	TriO:Dmel_CG18214
K08471	Gr28a:Dmel_CG13787
K04453	Max:Dmel_CG9648
K01185	LysE:Dmel_CG1180
K01870	AatS-ile:Dmel_CG11471
K11462	Esc:Dmel_CG14941
K13207	Bru-2:Dmel_CG31761
K02177	AreT:Dmel_CG31762
K12491	CenG1a:Dmel_CG31811
K09200	Btd:Dmel_CG12653
K06631	PolO:Dmel_CG12306
K01908	Dmel_CG6432:Dmel_CG6432
K06269	Flw:Dmel_CG2096
K08585	CalPa:Dmel_CG7563
K11438	Art7:Dmel_CG9882
K05754	P16-arc:Dmel_CG9881
K08471	Or23a:Dmel_CG9880
K08516	Ykt6:Dmel_CG1515
K15788	Dmel_CG9886:Dmel_CG9886
K04662	Dpp:Dmel_CG9885
K05868	CycB3:Dmel_CG5814
K12200	AliX:Dmel_CG12876
K14323	Btz:Dmel_CG12878
K02908	Rpl30:Dmel_CG10652
K03037	Rpn7:Dmel_CG5378
K00733	beta4GalT7:Dmel_CG11780
K09493	T-cP1:Dmel_CG5374
K04611	Mtt:Dmel_CG30361
K08701	Hr96:Dmel_CG11783
K10807	RnrL:Dmel_CG5371
K04489	Dcp-1:Dmel_CG5370
K00914	Pi3K59f:Dmel_CG5373
K01476	Arg:Dmel_CG18104
K03958	Dmel_CG40002:Dmel_CG40002
K01255	LooPin-1:Dmel_CG4750
K01469	Dmel_CG4752:Dmel_CG4752
K01528	Shi:Dmel_CG18102
K02951	Rps12:Dmel_CG11271
K14575	Dmel_CG5776:Dmel_CG5776
K12275	Trp1:Dmel_CG4758
K02901	Rpl27:Dmel_CG4759
K02987	Rps4:Dmel_CG11276
K02947	Rps10a:Dmel_CG12275
K00517	Cyp4s3:Dmel_CG9081
K10684	Aos1:Dmel_CG12276
K11883	Dmel_CG2972:Dmel_CG2972
K11446	Lid:Dmel_CG9088
K01011	Dmel_CG12279:Dmel_CG12279
K09360	B-h1:Dmel_CG5529
K02926	mRpL4:Dmel_CG5818
K13352	Pex11:Dmel_CG8315
K02979	Rps28b:Dmel_CG2998
K12405	Mfe2:Dmel_CG3415
K10742	Dmel_CG2990:Dmel_CG2990
K11420	G9a:Dmel_CG2995
K03857	Dmel_CG6401:Dmel_CG6401
K10749	GemInin:Dmel_CG3183
K14309	Dmel_CG11092:Dmel_CG11092
K01768	Lap1:Dmel_CG10255
K10581	Dmel_CG10254:Dmel_CG10254
K08471	Or22c:Dmel_CG15377
K08471	Gr8A:Dmel_CG15371
K01087	Dmel_CG5171:Dmel_CG5171
K00803	Dmel_CG10253:Dmel_CG10253
K13802	NinAe:Dmel_CG4550
K00162	Dmel_CG11876:Dmel_CG11876
K11417	SirT7:Dmel_CG11305
K01230	alpha-Man-Ib:Dmel_CG11874
K14302	Dmel_CG11875:Dmel_CG11875
K06491	Fas2:Dmel_CG3665
K03506	Mes4:Dmel_CG11301
K14326	Upf1:Dmel_CG1559
K01251	AhcY13:Dmel_CG11654
K01090	Pp4-19c:Dmel_CG32505
K09270	Sox100b:Dmel_CG15552
K00699	Ugt86dg:Dmel_CG17200
K00207	Su(R):Dmel_CG2194
K00831	Dmel_CG11899:Dmel_CG11899
K04600	StaN:Dmel_CG11895
K08814	TrbL:Dmel_CG5408
K09073	Fer1:Dmel_CG33323
K11422	Set1:Dmel_CG40351
K12195	Vps20:Dmel_CG4071
K13280	twr:Dmel_CG2358
K11187	Prx5:Dmel_CG7217
K04700	SocS36e:Dmel_CG15154
K14007	gho:Dmel_CG10882
K08471	Or67c:Dmel_CG14156
K12624	Dmel_CG6610:Dmel_CG6610
K02730	Dmel_CG30382:Dmel_CG30382
K08660	Dmel_CG17337:Dmel_CG17337
K05270	LccH3:Dmel_CG17336
K01057	Dmel_CG17333:Dmel_CG17333
K02144	VhaSfd:Dmel_CG17332
K02734	Dmel_CG17331:Dmel_CG17331
K10718	JhaMt:Dmel_CG17330
K04507	Dmel_CG3226:Dmel_CG3226
K03966	PdsW:Dmel_CG8844
K08701	Hr46:Dmel_CG33183
K09311	AntP:Dmel_CG1028
K08471	Gr36b:Dmel_CG31744
K09231	Kr:Dmel_CG3340
K13238	Dmel_CG4598:Dmel_CG4598
K09311	Abd-a:Dmel_CG10325
K04368	DsoR1:Dmel_CG15793
K10352	Zip:Dmel_CG15792
K00670	Ard1:Dmel_CG11989
K02974	Rps24:Dmel_CG3751
K11430	E(z):Dmel_CG6502
K14537	ns2:Dmel_CG6501
K00128	AldH:Dmel_CG3752
K01431	Pyd3:Dmel_CG3027
K01623	Ald:Dmel_CG6058
K11308	Mof:Dmel_CG3025
K04986	Pkd2:Dmel_CG6504
K06229	Su(Fu):Dmel_CG6054
K12399	Or:Dmel_CG3029
K01107	Ipp:Dmel_CG3028
K09527	Tpr2:Dmel_CG4599
K02358	EftUm:Dmel_CG6050
K03283	Hsp70aa:Dmel_CG31366
K05643	Dmel_CG6052:Dmel_CG6052
K02964	Rps18:Dmel_CG8900
K03781	Cat:Dmel_CG6871
K08343	Aut1:Dmel_CG6877
K12844	Prp31:Dmel_CG6876
K01596	Dmel_CG10924:Dmel_CG10924
K10401	Klp67a:Dmel_CG10923
K02993	Rps7:Dmel_CG1883
K08471	Gr9A:Dmel_CG32693
K00699	Dmel_CG31002:Dmel_CG31002
K08491	Syx17:Dmel_CG7452
K01533	Atp7:Dmel_CG1886
K02331	L(1)1bi:Dmel_CG6189
K00552	Dmel_CG6188:Dmel_CG6188
K01718	RluA-2:Dmel_CG6187
K01092	Dmel_CG17029:Dmel_CG17029
K03871	Vhl:Dmel_CG13221
K12616	Ge-1:Dmel_CG6181
K05336	Dat:Dmel_CG8380
K03133	E(y)1:Dmel_CG6474
K02947	Rps10b:Dmel_CG14206
K00329	Dmel_CG6485:Dmel_CG6485
K09272	SsrP:Dmel_CG4817
K03066	ProS45:Dmel_CG1489
K07976	Rab9d:Dmel_CG32678
K07976	Rab9e:Dmel_CG32673
K08341	Atg8a:Dmel_CG32672
K07976	Rab9fa:Dmel_CG32671
K07976	Rab9fb:Dmel_CG32670
K00140	Dmel_CG17896:Dmel_CG17896
K11131	Nop60b:Dmel_CG3333
K05858	NorPa:Dmel_CG3620
K01044	Est-p:Dmel_CG17148
K09316	Dll:Dmel_CG3629
K01796	Dmel_CG9319:Dmel_CG9319
K12890	Sf2:Dmel_CG6987
K10365	Cpb:Dmel_CG17158
K09580	Pdi:Dmel_CG6988
K01365	Cp1:Dmel_CG6692
K03248	Dmel_CG8636:Dmel_CG8636
K06530	TepIi:Dmel_CG7052
K16185	RagA:Dmel_CG11968
K06210	NmnAt:Dmel_CG13645
K13207	Bru-3:Dmel_CG12478
K11826	Ap-50:Dmel_CG7057
K11651	DalAo:Dmel_CG7055
K02135	Sun:Dmel_CG9032
K06070	Pkd:Dmel_CG7125
K12492	Gap69c:Dmel_CG4237
K10752	Caf1:Dmel_CG4236
K14649	Taf8:Dmel_CG7128
K00813	Got2:Dmel_CG4233
K08471	Or22b:Dmel_CG4231
K06626	CycE:Dmel_CG3938
K03120	Tbp:Dmel_CG9874
K13597	Put:Dmel_CG7904
K02922	Rpl37b:Dmel_CG9873
K12882	Dmel_CG7907:Dmel_CG7907
K03679	Rrp4:Dmel_CG3931
K09215	Sob:Dmel_CG3242
K02830	Rad1:Dmel_CG3240
K09452	Al:Dmel_CG3935
K01090	Ppn58a:Dmel_CG3245
K02599	N:Dmel_CG3936
K00827	Dmel_CG11241:Dmel_CG11241
K00108	Eo:Dmel_CG9504
K07199	alc:Dmel_CG8057
K12194	ShrB:Dmel_CG8055
K03236	Eif-1a:Dmel_CG8053
K01077	Dmel_CG16771:Dmel_CG16771
K00108	Dmel_CG9509:Dmel_CG9509
K02725	ProS35:Dmel_CG4904
K01681	Irp-1a:Dmel_CG4900
K02886	mRpL2:Dmel_CG7636
K11130	Dmel_CG7637:Dmel_CG7637
K01187	Mal-A4:Dmel_CG8693
K16330	Dmel_CG2794:Dmel_CG2794
K01187	LvpL:Dmel_CG8695
K01187	LvpD:Dmel_CG8694
K01187	LvpH:Dmel_CG8696
K07509	ThiOlase:Dmel_CG4581
K02522	Itp-r83a:Dmel_CG1063
K09291	MtoR:Dmel_CG8274
K01899	ScsAlpha:Dmel_CG1065
K01520	DutPase:Dmel_CG4584
K00232	Dmel_CG4586:Dmel_CG4586
K13763	Pde6:Dmel_CG8279
K02938	Rpl8:Dmel_CG1263
K08471	Gr59c:Dmel_CG30186
K00963	Ugp:Dmel_CG4347
K09301	Lab:Dmel_CG1264
K12840	Spf45:Dmel_CG17540
K00522	Fer3hch:Dmel_CG4349
K00232	Dmel_CG17544:Dmel_CG17544
K04345	Pka-c2:Dmel_CG12066
K11097	SmE:Dmel_CG18591
K01312	gammaTry:Dmel_CG30028
K12669	Ostgamma:Dmel_CG7830
K01768	AcxC:Dmel_CG5983
K02607	Orc5:Dmel_CG7833
K03240	eIF2B-epsilon:Dmel_CG3806
K02178	BubR1:Dmel_CG7838
K08508	SnaP24:Dmel_CG9474
K03063	Rpt3r:Dmel_CG9475
K14284	Sbr:Dmel_CG1664
K13348	Dmel_CG1662:Dmel_CG1662
K02183	Cam:Dmel_CG8472
K01697	Cbs:Dmel_CG1753
K12593	Mpp6:Dmel_CG9250
K07374	alphaTub67C:Dmel_CG8308
K09418	Hsf:Dmel_CG5748
K00517	Cyp4aa1:Dmel_CG8302
K01540	Nrv1:Dmel_CG9258
K00451	Hgo:Dmel_CG4779
K01046	Dmel_CG5966:Dmel_CG5966
K11366	Not:Dmel_CG4166
K07936	Ran:Dmel_CG1404
K00517	Cyp303a1:Dmel_CG4163
K00654	LacE:Dmel_CG4162
K10612	Cul-5:Dmel_CG1401
K02130	Dmel_CG4692:Dmel_CG4692
K02948	mRpS11:Dmel_CG5184
K07424	Cyp9f2:Dmel_CG11466
K00415	Dmel_CG4169:Dmel_CG4169
K01930	Dmel_CG31773:Dmel_CG31773
K02359	Egh:Dmel_CG9659
K09182	Grn:Dmel_CG9656
K09336	Vsx2:Dmel_CG33980
K13515	Nes:Dmel_CG9655
K04148	DopR:Dmel_CG9652
K02537	Mad2:Dmel_CG17498
K16507	ds:Dmel_CG17941
K02963	mRpS18C:Dmel_CG9688
K10645	Mib2:Dmel_CG17492
K10425	L(2)06496:Dmel_CG9893
K09218	Esg:Dmel_CG3758
K10588	Dmel_CG5087:Dmel_CG5087
K03355	Cdc23:Dmel_CG2508
K01044	alpha-Est2:Dmel_CG2505
K12311	Dmel_CG9468:Dmel_CG9468
K02946	mRpS10:Dmel_CG4247
K00025	Mdh1:Dmel_CG5362
K02087	Cdc2:Dmel_CG5363
K00416	Dmel_CG30354:Dmel_CG30354
K12373	HexO1:Dmel_CG1318
K08706	KnrL:Dmel_CG4761
K10661	Dmel_CG1317:Dmel_CG1317
K00457	Dmel_CG11796:Dmel_CG11796
K02731	ProS28.1b:Dmel_CG4569
K02150	Vha26:Dmel_CG1088
K03030	Rpn11:Dmel_CG18174
K02934	Rpl6:Dmel_CG11522
K00868	Dmel_CG34455:Dmel_CG34455
K05673	Dmel_CG4562:Dmel_CG4562
K01866	AatS-tyr:Dmel_CG4561
K05756	ArpC3a:Dmel_CG4560
K07299	GluT1:Dmel_CG1086
K03514	Trf4-1:Dmel_CG11265
K02922	Rpl37a:Dmel_CG9091
K12309	Gal:Dmel_CG9092
K03937	Dmel_CG12203:Dmel_CG12203
K01196	Dmel_CG9485:Dmel_CG9485
K10151	CycD:Dmel_CG9096
K02133	ATPsyn-beta:Dmel_CG11154
K05284	Dmel_CG9865:Dmel_CG9865
K00939	Adk2:Dmel_CG3140
K01885	Dmel_CG4573:Dmel_CG4573
K11471	Asx:Dmel_CG8787
K11456	Ph-P:Dmel_CG18412
K14676	sws:Dmel_CG2212
K00940	Awd:Dmel_CG2210
K00522	Fer1hch:Dmel_CG2216
K02737	Prosbeta5R:Dmel_CG9868
K12179	Csn6:Dmel_CG6932
K00020	Dmel_CG15093:Dmel_CG15093
K03248	Dmel_CG10881:Dmel_CG10881
K04511	Pk:Dmel_CG11084
K03120	Trf2:Dmel_CG18009
K04663	Gbb:Dmel_CG5562
K11317	Ada1-2:Dmel_CG31866
K14026	Hrd3:Dmel_CG10221
K08471	Or9A:Dmel_CG15302
K03164	Top2:Dmel_CG10223
K10415	Sw:Dmel_CG18000
K02923	Rpl38:Dmel_CG18001
K00602	Dmel_CG11089:Dmel_CG11089
K01596	PepCk:Dmel_CG17725
K13443	Npc2h:Dmel_CG11315
K13443	Npc2g:Dmel_CG11314
K02649	Pi3K21b:Dmel_CG2699
K14010	TraM:Dmel_CG11642
K09300	Abd-b:Dmel_CG11648
K12872	Dmel_CG14641:Dmel_CG14641
K00517	Cyp12a4:Dmel_CG6042
K02979	Rps28a:Dmel_CG15527
K03032	Rpn2:Dmel_CG11888
K11374	StiP:Dmel_CG11887
K01081	Dmel_CG11883:Dmel_CG11883
K01312	LamBdatry:Dmel_CG12350
K01312	deltaTry:Dmel_CG12351
K09478	Dmel_CG3902:Dmel_CG3902
K07870	MirO:Dmel_CG5410
K01120	Pde8:Dmel_CG5411
K03104	Srp14:Dmel_CG5417
K17497	Dmel_CG10688:Dmel_CG10688
K12813	L(2)37cb:Dmel_CG10689
K09481	Sec61beta:Dmel_CG10130
K13247	Dmel_CG10131:Dmel_CG10131
K14538	ns1:Dmel_CG3983
K10583	Dmel_CG8188:Dmel_CG8188
K06688	Vih:Dmel_CG10682
K01090	Ppd5:Dmel_CG10138
K01893	AatS-asn:Dmel_CG10687
K03020	L(2)37cg:Dmel_CG10685
K12602	Dmel_CG3909:Dmel_CG3909
K06170	Pen-2:Dmel_CG33198
K10281	Jet:Dmel_CG8873
K12856	Prp8:Dmel_CG8877
K12180	Csn7:Dmel_CG2038
K02957	Rps15aa:Dmel_CG2033
K12878	Hpr1:Dmel_CG2031
K12076	dlg1:Dmel_CG1725
K12619	Rat1:Dmel_CG10354
K16683	ex:Dmel_CG4114
K02882	Rpl18a:Dmel_CG6510
K03364	Fzr2:Dmel_CG16783
K05289	Dmel_CG3033:Dmel_CG3033
K14324	Bin1:Dmel_CG6046
K01737	Pr:Dmel_CG16784
K02677	InaC:Dmel_CG6518
K14325	RnpS1:Dmel_CG16788
K03254	Eif3-s10:Dmel_CG9805
K03115	CkiIbeta2:Dmel_CG8914
K13046	Tok:Dmel_CG6863
K13045	Tld:Dmel_CG6868
K00753	FucTa:Dmel_CG6869
K16674	fj:Dmel_CG10917
K00852	Dmel_CG17010:Dmel_CG17010
K13595	Sax:Dmel_CG1891
K00517	Cyp28c1:Dmel_CG1895
K09341	Dr:Dmel_CG1897
K14416	HBS1:Dmel_CG1898
K12867	Dmel_CG6197:Dmel_CG6197
K10587	As:Dmel_CG6190
K02085	Apc2:Dmel_CG6193
K07342	Sec61gamma:Dmel_CG14214
K04429	Tao-1:Dmel_CG14217
K15544	Ssu72:Dmel_CG14216
K14165	Mkp-4:Dmel_CG14211
K02878	mRpL16:Dmel_CG3109
K01262	ApePp:Dmel_CG6291
K03639	MocS1:Dmel_CG33048
K14677	Dmel_CG6465:Dmel_CG6465
K05314	NmdAr2:Dmel_CG33513
K08471	Gr58b:Dmel_CG13495
K00681	Ggt-1:Dmel_CG6461
K14049	D2r:Dmel_CG33517
K08471	Gr58c:Dmel_CG13491
K13345	Pex12:Dmel_CG3639
K14553	wcd:Dmel_CG7989
K10730	RecQ4:Dmel_CG7487
K10755	Dmel_CG8142:Dmel_CG8142
K00710	PgaNt35a:Dmel_CG7480
K13025	Eif4aiii:Dmel_CG7483
K07376	Pkg21d:Dmel_CG3324
K10880	Spn-b:Dmel_CG3325
K07874	Rab1:Dmel_CG3320
K02129	Dmel_CG3321:Dmel_CG3321
K05635	LanB2:Dmel_CG3322
K02739	ProSbeta2:Dmel_CG3329
K00966	Dmel_CG8207:Dmel_CG8207
K01081	VeiL:Dmel_CG4827
K08729	Dmel_CG4825:Dmel_CG4825
K11586	Hp1C:Dmel_CG6990
K05313	GluRiia:Dmel_CG6992
K12825	Dmel_CG16941:Dmel_CG16941
K00418	Dmel_CG7580:Dmel_CG7580
K02216	Grp:Dmel_CG17161
K10418	Ctp:Dmel_CG6998
K01768	Ac3:Dmel_CG1506
K02975	Rps25:Dmel_CG6684
K11984	Dmel_CG6686:Dmel_CG6686
K02864	mRpL10:Dmel_CG11488
K00161	Dmel_CG7024:Dmel_CG7024
K11590	Mbd-like:Dmel_CG8208
K11884	L(1)g0004:Dmel_CG11738
K02180	Bub3:Dmel_CG7581
K05663	Hmt-1:Dmel_CG4225
K05313	GluRiic:Dmel_CG4226
K09067	Ase:Dmel_CG3258
K02928	Rpl41:Dmel_CG30425
K11839	Ubpy:Dmel_CG5798
K06058	Dx:Dmel_CG3929
K00830	SpaT:Dmel_CG3926
K05336	NaaT1:Dmel_CG3252
K02912	Rpl32:Dmel_CG7939
K03952	Dmel_CG3683:Dmel_CG3683
K09669	FucTb:Dmel_CG4435
K02943	RplP2:Dmel_CG4918
K11205	GclM:Dmel_CG4919
K02148	Vha44:Dmel_CG8048
K07364	Btk29a:Dmel_CG8049
K12858	Dmel_CG10333:Dmel_CG10333
K03232	Eef1delta:Dmel_CG4912
K11418	HdaCx:Dmel_CG31119
K07976	RabX4:Dmel_CG31118
K12614	Me31b:Dmel_CG4916
K14020	Wfs1:Dmel_CG4917
K09554	Cdc37:Dmel_CG12019
K11498	CmeT:Dmel_CG6392
K03939	Dmel_CG8680:Dmel_CG8680
K02328	Dmel_CG12018:Dmel_CG12018
K06063	Bx42:Dmel_CG8264
K14005	Sec31:Dmel_CG8266
K08471	Or83b:Dmel_CG10609
K01869	Dmel_CG33123:Dmel_CG33123
K02739	Prosbeta2R1:Dmel_CG18341
K10643	Cnot4:Dmel_CG31716
K03109	Srp9:Dmel_CG8268
K10424	Dmn:Dmel_CG8269
K13803	TrpL:Dmel_CG18345
K06240	LanA:Dmel_CG10236
K02995	Rps8:Dmel_CG7808
K05128	Dnt:Dmel_CG17559
K04431	Hep:Dmel_CG4353
K10052	SlbO:Dmel_CG4354
K03137	TfiIebeta:Dmel_CG1276
K01136	Dmel_CG12014:Dmel_CG12014
K04163	5-hT7:Dmel_CG12073
K08791	Wts:Dmel_CG12072
K09362	Z:Dmel_CG7803
K12382	Sap-r:Dmel_CG12070
K09180	Ap-2:Dmel_CG7807
K10085	EdeM1:Dmel_CG3810
K12185	Mod(r):Dmel_CG17828
K01724	Pcd:Dmel_CG1963
K01255	S-Lap8:Dmel_CG4439
K04599	MthL2:Dmel_CG17795
K12877	MagO:Dmel_CG9401
K03869	Cul-3:Dmel_CG42616
K00799	GstE8:Dmel_CG17533
K14555	Dmel_CG1671:Dmel_CG1671
K00826	Dmel_CG1673:Dmel_CG1673
K07904	Rab11:Dmel_CG5771
K00799	GstE14:Dmel_CG4688
K04657	Sog:Dmel_CG9224
K13499	Dmel_CG9220:Dmel_CG9220
K15789	Dmel_CG5955:Dmel_CG5955
K06670	Vtd:Dmel_CG17436
K00139	SsaDh:Dmel_CG4685
K03357	Apc10:Dmel_CG11419
K02919	mRpL36:Dmel_CG18767
K00318	SlgA:Dmel_CG1417
K01464	CrmP:Dmel_CG1411
K00281	Dmel_CG3999:Dmel_CG3999
K12866	Dmel_CG2685:Dmel_CG2685
K02211	Cdk9:Dmel_CG5179
K05692	Act88f:Dmel_CG5178
K01090	Pdp:Dmel_CG12151
K12485	Nuf:Dmel_CG33991
K00029	Mdh:Dmel_CG5889
K16680	ed:Dmel_CG12676
K00507	DesAt1:Dmel_CG5887
K13251	Dmel_CG5885:Dmel_CG5885
K05328	TrpGamma:Dmel_CG5996
K12625	Dmel_CG9344:Dmel_CG9344
K01104	Mop:Dmel_CG9311
K07295	Hnf4:Dmel_CG9310
K10591	NedD4:Dmel_CG42279
K03781	Dmel_CG9314:Dmel_CG9314
K01230	alpha-Man-I:Dmel_CG42275
K13761	Pde9:Dmel_CG42276
K02932	Rpl5:Dmel_CG17489
K01109	Dmel_CG42271:Dmel_CG42271
K01027	Dmel_CG1140:Dmel_CG1140
K08471	Or13a:Dmel_CG12697
K08738	Cyt-c-p:Dmel_CG17903
K02937	RpL7-like:Dmel_CG5317
K12849	Prp38:Dmel_CG30342
K10756	Rfc3:Dmel_CG5313
K00940	NmdYn-d6:Dmel_CG5310
K14546	Dmel_CG30349:Dmel_CG30349
K08744	CLS:Dmel_CG4774
K00567	Agt:Dmel_CG1303
K00699	Ugt86dh:Dmel_CG4772
K10836	MrpL45:Dmel_CG6949
K08875	MadM:Dmel_CG1098
K14312	Nup154:Dmel_CG4579
K11412	SirT2:Dmel_CG5085
K00856	Dmel_CG11255:Dmel_CG11255
K04681	Rbf2:Dmel_CG5083
K08488	Syx7:Dmel_CG5081
K08471	Or59c:Dmel_CG17226
K05858	Plc21c:Dmel_CG4574
K14525	Dmel_CG9422:Dmel_CG9422
K02887	mRpL20:Dmel_CG11258
K01090	Ppv:Dmel_CG12217
K01883	Dmel_CG8257:Dmel_CG8257
K01228	Dmel_CG1597:Dmel_CG1597
K14156	Dmel_CG2201:Dmel_CG2201
K11307	Chm:Dmel_CG5229
K02685	DNApol-alpha60:Dmel_CG5553
K06630	14-3-3epsilon:Dmel_CG31196
K00799	GstE11:Dmel_CG5224
K04498	Nej:Dmel_CG15319
K03635	MocS2:Dmel_CG10238
K03039	Rpn9:Dmel_CG10230
K10733	Psf2:Dmel_CG18013
K00231	PpoX:Dmel_CG5796
K14405	Fip1:Dmel_CG1078
K02513	Hs2St:Dmel_CG10234
K03960	Dmel_CG12859:Dmel_CG12859
K04659	Tsp:Dmel_CG11326
K04280	GrhR:Dmel_CG11325
K03123	TfiIa-s-2:Dmel_CG11639
K08471	Or56a:Dmel_CG12501
K01988	AlpHa4gt1:Dmel_CG17223
K09578	Dod:Dmel_CG17051
K00757	Dmel_CG17224:Dmel_CG17224
K10776	Lig3:Dmel_CG17227
K07295	Tll:Dmel_CG1378
K00472	Dmel_CG15539:Dmel_CG15539
K02349	Mus308:Dmel_CG6019
K08334	Atg6:Dmel_CG5429
K13525	Ter94:Dmel_CG2331
K00943	Dmel_CG5757:Dmel_CG5757
K01593	Ddc:Dmel_CG10697
K03259	Eif4e-4:Dmel_CG10124
K03165	Top3alpha:Dmel_CG10123
K02999	Rpi1:Dmel_CG10122
K04936	Slo:Dmel_CG10693
K00029	Men:Dmel_CG10120
K09374	Lim3:Dmel_CG10699
K08471	Or85d:Dmel_CG11742
K12897	Tra2:Dmel_CG10128
K00161	L(1)g0334:Dmel_CG7010
K10727	Dup:Dmel_CG8171
K05313	Ir25a:Dmel_CG15627
K10736	Mcm10:Dmel_CG9241
K00517	Cyp28a5:Dmel_CG8864
K09502	DroJ2:Dmel_CG8863
K07342	Dmel_CG8860:Dmel_CG8860
K08957	CkiAlpha:Dmel_CG2028
K12820	Dmel_CG11107:Dmel_CG11107
K00884	Dmel_CG6218:Dmel_CG6218
K07511	Dmel_CG6543:Dmel_CG6543
K08497	Dmel_CG2023:Dmel_CG2023
K02152	Vha13:Dmel_CG6213
K02105	Arm:Dmel_CG11579
K12349	CdaSe:Dmel_CG1471
K11269	CutLet:Dmel_CG33122
K03349	Mr:Dmel_CG3060
K02874	mRpL14:Dmel_CG14048
K00869	Dmel_CG33671:Dmel_CG33671
K00485	Fmo-1:Dmel_CG3006
K00844	Hex-a:Dmel_CG3001
K03364	Rap:Dmel_CG3000
K02138	AtpSyn-d:Dmel_CG6030
K10836	Tim17a2:Dmel_CG14666
K00942	Pyd:Dmel_CG31349
K15013	bgm:Dmel_CG4501
K11718	Ugt:Dmel_CG6850
K13336	Pex3:Dmel_CG6859
K11519	Der-1:Dmel_CG10908
K12822	Dmel_CG4119:Dmel_CG4119
K03962	L(2)35di:Dmel_CG13240
K13411	DuoX:Dmel_CG3131
K12662	U4-U6-60K:Dmel_CG6322
K08288	Dmel_CG6453:Dmel_CG6453
K12309	Ect3:Dmel_CG3132
K01691	Shf:Dmel_CG3135
K09054	Atf6:Dmel_CG3136
K11649	Mor:Dmel_CG18740
K02202	Cdk7:Dmel_CG3319
K00669	Dat:Dmel_CG3318
K02941	RplP0:Dmel_CG7490
K12483	PasT1:Dmel_CG6148
K01446	PgrP-sd:Dmel_CG7496
K02863	mRpL1:Dmel_CG7494
K12236	Stc:Dmel_CG3647
K11672	Arp5:Dmel_CG7940
K02940	Rpl9:Dmel_CG6141
K00558	Mt2:Dmel_CG10692
K07206	Tsc1:Dmel_CG6147
K02936	Rpl7a:Dmel_CG3314
K00001	Adh:Dmel_CG3481
K00030	Dmel_CG3483:Dmel_CG3483
K01768	AcxB:Dmel_CG17174
K01768	AcxA:Dmel_CG17176
K13354	Dmel_CG32250:Dmel_CG32250
K08471	Gr64f:Dmel_CG32255
K08471	Gr64b:Dmel_CG32257
K08471	Gr64c:Dmel_CG32256
K14567	Dmel_CG12301:Dmel_CG12301
K10416	DliC:Dmel_CG1938
K02907	mRpL30:Dmel_CG7038
K00799	GstD11:Dmel_CG17639
K12882	Cbp80:Dmel_CG7035
K04707	Cbl:Dmel_CG7037
K10601	Sip3:Dmel_CG1937
K14157	Lkr:Dmel_CG7144
K00294	P5CDh1:Dmel_CG7145
K07881	Rab14:Dmel_CG4212
K08735	SpeL1:Dmel_CG4215
K00819	Oat:Dmel_CG8782
K12876	Tsu:Dmel_CG8781
K03509	DNApol-eta:Dmel_CG7143
K10896	Dmel_CG7922:Dmel_CG7922
K00507	Fad2:Dmel_CG7923
K00736	MgaT2:Dmel_CG7921
K02157	Axn:Dmel_CG7926
K04422	Wnd:Dmel_CG8789
K02950	tko:Dmel_CG7925
K01106	5PtaseI:Dmel_CG42283
K00058	Dmel_CG6287:Dmel_CG6287
K07976	Rab2:Dmel_CG3269
K10436	Eb1:Dmel_CG3265
K01077	Dmel_CG3264:Dmel_CG3264
K01969	Dmel_CG3267:Dmel_CG3267
K01840	Pmm45a:Dmel_CG8073
K04510	VanG:Dmel_CG8075
K15734	Dmel_CG15629:Dmel_CG15629
K00445	Wnt6:Dmel_CG4969
K14168	Dmel_CG8078:Dmel_CG8078
K01104	Twe:Dmel_CG4965
K09067	Ac:Dmel_CG3796
K08471	Or85f:Dmel_CG16755
K09319	En:Dmel_CG9015
K01920	Dmel_CG32495:Dmel_CG32495
K14563	Fib:Dmel_CG9888
K08705	Hr39:Dmel_CG8676
K01120	Dnc:Dmel_CG32498
K00864	Gyk:Dmel_CG18374
K10885	Ku80:Dmel_CG18801
K01231	alpha-Man-II:Dmel_CG18802
K04505	Psn:Dmel_CG18803
K04489	Nc:Dmel_CG8091
K00844	Hex-c:Dmel_CG8094
K01069	Dmel_CG4365:Dmel_CG4365
K12862	TanGo4:Dmel_CG1796
K03660	Ogg1:Dmel_CG1795
K05954	Dmel_CG17565:Dmel_CG17565
K11540	CAD protein:Dmel_CG18572
K04079	Hsp83:Dmel_CG1242
K01106	Dmel_CG9784:Dmel_CG9784
K09213	Hb:Dmel_CG9786
K07936	Ran-like:Dmel_CG7815
K11096	SnrNp2:Dmel_CG1249
K12379	Hkb:Dmel_CG9768
K00088	Ras:Dmel_CG1799
K01580	B:Dmel_CG7811
K10836	Tim9b:Dmel_CG17767
K04634	Dmel_CG17760:Dmel_CG17760
K01647	Kdn:Dmel_CG3861
K09027	Xbp1:Dmel_CG9415
K12623	Dmel_CG17768:Dmel_CG17768
K01809	Dmel_CG8417:Dmel_CG8417
K04513	Rho1:Dmel_CG8416
K02973	Rps23:Dmel_CG8415
K00517	Cyp6t1:Dmel_CG1644
K10485	Gcl:Dmel_CG8411
K07847	Ric:Dmel_CG8418
K09263	Mef2:Dmel_CG1429
K01672	Dmel_CG9235:Dmel_CG9235
K06627	CycA:Dmel_CG5940
K00326	Dmel_CG5946:Dmel_CG5946
K09090	HlhMdelta:Dmel_CG8328
K00965	Galt:Dmel_CG9232
K07295	Dsf:Dmel_CG9019
K00922	Pi3K92e:Dmel_CG4141
K12819	Slu7:Dmel_CG1420
K00797	SpdS:Dmel_CG8327
K02327	DNApol-delta:Dmel_CG5949
K06237	Cg25c:Dmel_CG4145
K09490	Hsc70-3:Dmel_CG4147
K01648	AtpCl:Dmel_CG8322
K03123	TfiIa-s:Dmel_CG5163
K00799	GstE1:Dmel_CG5164
K01835	Pgm:Dmel_CG5165
K05310	Dmel_CG2144:Dmel_CG2144
K01681	Dmel_CG4706:Dmel_CG4706
K08471	Gr32a:Dmel_CG14916
K04348	CanA-14f:Dmel_CG9819
K00384	TrxR-2:Dmel_CG11401
K11456	Ph-D:Dmel_CG3895
K03942	Dmel_CG11423:Dmel_CG11423
K01875	Dmel_CG17259:Dmel_CG17259
K11468	RybP:Dmel_CG12190
K00134	Dmel_CG9010:Dmel_CG9010
K10393	Klp59d:Dmel_CG12192
K08471	Or22a:Dmel_CG12193
K11421	Egg:Dmel_CG12196
K01183	Cht5:Dmel_CG9307
K05658	Mdr50:Dmel_CG8523
K05119	Alk:Dmel_CG8250
K01873	Dmel_CG5660:Dmel_CG5660
K00820	GfaT1:Dmel_CG12449
K01619	Dmel_CG8525:Dmel_CG8525
K00111	Gpo-1:Dmel_CG8256
K13431	Gtp-bp:Dmel_CG2522
K10903	Hus1-like:Dmel_CG2525
K10357	DidUm:Dmel_CG2146
K01185	LysX:Dmel_CG9120
K00502	Trh:Dmel_CG9122
K03247	Eif-3p40:Dmel_CG9124
K01952	Ade2:Dmel_CG9127
K08496	MemBrin:Dmel_CG4780
K10395	Klp31e:Dmel_CG5300
K03957	Dmel_CG18624:Dmel_CG18624
K10950	Ero1L:Dmel_CG1333
K08471	Or33b:Dmel_CG16961
K08471	Or33a:Dmel_CG16960
K06678	Cap-g:Dmel_CG34438
K08815	AsaTor:Dmel_CG11533
K07203	Tor:Dmel_CG5092
K03016	Rpb8:Dmel_CG11246
K05037	SerT:Dmel_CG4545
K03094	SkpF:Dmel_CG12227
K11292	Spt6:Dmel_CG12225
K10802	Dsp1:Dmel_CG12223
K02911	mRpL32:Dmel_CG12220
K03849	Dmel_CG4542:Dmel_CG4542
K15361	Dmel_CG9062:Dmel_CG9062
K12627	Dmel_CG2021:Dmel_CG2021
K08471	Or49b:Dmel_CG17584
K03868	Roc1b:Dmel_CG16988
K04669	Daw:Dmel_CG16987
K09372	Lim1:Dmel_CG11354
K03094	SkpA:Dmel_CG16983
K03868	Roc1a:Dmel_CG16982
K14406	CstF-50:Dmel_CG2261
K00517	Spo:Dmel_CG10594
K01077	Dmel_CG10592:Dmel_CG10592
K01283	AceR:Dmel_CG10593
K03963	Dmel_CG5548:Dmel_CG5548
K00967	PecT:Dmel_CG5547
K05304	Sas:Dmel_CG5232
K09532	Jdp:Dmel_CG2239
K03234	Ef2B:Dmel_CG2238
K08471	Or98a:Dmel_CG5540
K04552	UbcD10:Dmel_CG5788
K00517	Cyp4ae1:Dmel_CG10755
K03127	Taf13:Dmel_CG10756
K12896	Xl6:Dmel_CG10203
K01922	Ppcs:Dmel_CG5629
K11087	SnrNp69d:Dmel_CG10753
K00277	Lox:Dmel_CG11335
K08701	Eip78c:Dmel_CG18023
K00962	Dmel_CG11337:Dmel_CG11337
K08471	Or7A:Dmel_CG10759
K09267	SoxN:Dmel_CG18024
K00910	GprK1:Dmel_CG40129
K00923	Pi3K68d:Dmel_CG11621
K01081	NT5E-2:Dmel_CG30104
K01080	Dmel_CG11426:Dmel_CG11426
K08770	Ubi-p63e:Dmel_CG11624
K12392	Bap:Dmel_CG12532
K04393	Cdc42:Dmel_CG12530
K01090	Mkp:Dmel_CG34099
K08471	Gr92a:Dmel_CG31208
K01874	Dmel_CG15100:Dmel_CG15100
K01623	Dmel_CG5432:Dmel_CG5432
K10407	Klc:Dmel_CG5433
K03283	Hsp68:Dmel_CG5436
K03108	Srp72:Dmel_CG5434
K13523	Dmel_CG4753:Dmel_CG4753
K10750	Caf1-180:Dmel_CG12109
K07739	Elp3:Dmel_CG15433
K14401	Cpsf160:Dmel_CG10110
K12847	Dmel_CG7288:Dmel_CG7288
K03940	Dmel_CG2014:Dmel_CG2014
K06689	MorGue:Dmel_CG15437
K00501	Ple:Dmel_CG10118
K07611	LamC:Dmel_CG10119
K08471	Gr58a:Dmel_CG30396
K02147	Vha55:Dmel_CG17369
K08266	Lst8:Dmel_CG3004
K13171	Srm160:Dmel_CG11274
K10798	ParP:Dmel_CG40411
K00134	GapDh2:Dmel_CG8893
K08818	PitSlre:Dmel_CG4268
K01519	Dmel_CG8891:Dmel_CG8891
K01711	Gmd:Dmel_CG8890
K04364	Drk:Dmel_CG6033
K10394	Kif3c:Dmel_CG17461
K05955	Dmel_CG2976:Dmel_CG2976
K05868	CycB:Dmel_CG3510
K16795	Paf-AHalpha:Dmel_CG8962
K01446	PgrP-lf:Dmel_CG4437
K00181	Por:Dmel_CG6205
K12311	LM408:Dmel_CG6206
K10812	GlcAt-p:Dmel_CG6207
K03358	Lmg:Dmel_CG34440
K03065	Tbp-1:Dmel_CG10370
K14165	PliP:Dmel_CG10371
K09510	DnaJ-1:Dmel_CG10578
K08820	Eip63e:Dmel_CG10579
K02318	PpaT-dpck:Dmel_CG10575
K04578	Dh44-r1:Dmel_CG8422
K02208	Cdk8:Dmel_CG10572
K07942	Arf72a:Dmel_CG6025
K08287	Cdi:Dmel_CG6027
K03953	Dmel_CG6020:Dmel_CG6020
K01764	CchL:Dmel_CG6022
K09201	Pho:Dmel_CG17743
K03283	Hsp70bb:Dmel_CG31359
K00469	Dmel_CG6910:Dmel_CG6910
K03008	Rpb11:Dmel_CG6840
K12855	Dmel_CG6841:Dmel_CG6841
K02898	Rpl26:Dmel_CG6846
K01046	Dmel_CG6847:Dmel_CG6847
K01942	Hcs:Dmel_CG14670
K09562	Dmel_CG10973:Dmel_CG10973
K01104	Ptp69d:Dmel_CG10975
K00228	CopRox:Dmel_CG3433
K07375	Dmel_CG32396:Dmel_CG32396
K12626	Lsm7:Dmel_CG13277
K12830	Dmel_CG13900:Dmel_CG13900
K00699	Ugt36ba:Dmel_CG13270
K00699	Ugt36bb:Dmel_CG13271
K03671	Trx-2:Dmel_CG31884
K00757	Dmel_CG6330:Dmel_CG6330
K00927	Pgk:Dmel_CG3127
K01892	AatS-his:Dmel_CG6335
K00813	Got1:Dmel_CG8430
K09441	Ets97d:Dmel_CG6338
K10866	Rad50:Dmel_CG6339
K09613	Csn5:Dmel_CG14884
K00972	Mmy:Dmel_CG9535
K07910	Rab-rp4:Dmel_CG3129
K06628	Cdc45l:Dmel_CG3658
K11428	Pr-Set7:Dmel_CG3307
K00517	Cyp4d1:Dmel_CG3656
K06528	Lamp1:Dmel_CG3305
K03687	Roe1:Dmel_CG6155
K00030	Dmel_CG5028:Dmel_CG5028
K02684	DNApol-alpha50:Dmel_CG7108
K06053	Su(H):Dmel_CG3497
K01769	Gyc-89da:Dmel_CG14885
K02377	GmeR:Dmel_CG3495
K03027	Dmel_CG3756:Dmel_CG3756
K16679	wgn:Dmel_CG6531
K03099	Sos:Dmel_CG7793
K14565	nop5:Dmel_CG10206
K00586	Dph5:Dmel_CG31289
K13566	Dmel_CG8132:Dmel_CG8132
K03139	TfiIfbeta:Dmel_CG6538
K13131	Gem3:Dmel_CG6539
K00888	Fwd:Dmel_CG7004
K03661	VhaPpa1-1:Dmel_CG7007
K04704	Sty:Dmel_CG1921
K04599	MthL3:Dmel_CG6530
K10691	Poe:Dmel_CG14472
K04599	MthL4:Dmel_CG6536
K00643	AlaS:Dmel_CG3017
K09309	SloU:Dmel_CG6534
K04728	TefU:Dmel_CG6535
K02541	Mcm3:Dmel_CG4206
K02956	bonsai:Dmel_CG4207
K05326	Cng:Dmel_CG7779
K10420	Dlc90f:Dmel_CG12363
K05859	Sl:Dmel_CG4200
K07209	Ird5:Dmel_CG4201
K05662	AbcB7:Dmel_CG7955
K09062	Gt:Dmel_CG7952
K10803	XrcC1:Dmel_CG4208
K06268	CanB:Dmel_CG4209
K11765	Bap170:Dmel_CG3274
K01875	Slimp:Dmel_CG31133
K11798	BrwD3:Dmel_CG31132
K12603	TwiN:Dmel_CG31137
K04560	Syx1a:Dmel_CG31136
K02902	mRpL28:Dmel_CG3782
K12831	Spx:Dmel_CG3780
K02210	Mcm7:Dmel_CG4978
K04255	Rh2:Dmel_CG16740
K02306	DalLy:Dmel_CG4974
K11424	Mes-4:Dmel_CG4976
K02447	Grk:Dmel_CG17610
K01357	Wnt10:Dmel_CG4971
K04706	Su(var)2-10:Dmel_CG8068
K14291	PhaX:Dmel_CG8069
K01540	Nrv3:Dmel_CG8663
K00289	Dmel_CG8665:Dmel_CG8665
K06497	Tsp39d:Dmel_CG8666
K08471	Or74a:Dmel_CG13726
K06497	Tsp42ea:Dmel_CG18817
K06130	Dmel_CG18815:Dmel_CG18815
K03850	Alg10:Dmel_CG32076
K09090	HlhM3:Dmel_CG8346
K00517	Cyp6d2:Dmel_CG4373
K14006	Sec23:Dmel_CG1250
K00799	GstD7:Dmel_CG4371
K04565	Sod:Dmel_CG11793
K05692	Act42a:Dmel_CG12051
K14552	Dmel_CG12050:Dmel_CG12050
K00517	Cyp318a1:Dmel_CG1786
K12373	HexO2:Dmel_CG1787
K00134	GapDh1:Dmel_CG12055
K03178	Uba1:Dmel_CG1782
K09317	E5:Dmel_CG9930
K07976	ChrW:Dmel_CG3870
K08471	Gr39b:Dmel_CG31620
K10597	Dmel_CG9934:Dmel_CG9934
K08057	Crc:Dmel_CG9429
K11787	Ade3:Dmel_CG31628
K09321	UnpG:Dmel_CG1650
K01176	AmyRel:Dmel_CG8221
K00365	Uro:Dmel_CG7171
K09311	Scr:Dmel_CG1030
K00031	Idh:Dmel_CG7176
K02958	Rps15:Dmel_CG8332
K09090	HlhMgamma:Dmel_CG8333
K07427	Cyp4c3:Dmel_CG1438
K03122	TfiIa-l:Dmel_CG5930
K03031	Rpn12:Dmel_CG4157
K02959	mRpS16:Dmel_CG8338
K02577	Sfl:Dmel_CG8339
K12598	L(2)35df:Dmel_CG4152
K03238	Eif-2beta:Dmel_CG4153
K01080	Dmel_CG11437:Dmel_CG11437
K01168	Sif:Dmel_CG34418
K01489	Dmel_CG8349:Dmel_CG8349
K08471	Gr89a:Dmel_CG14901
K10649	TriM9:Dmel_CG31721
K04427	Tak1:Dmel_CG18492
K01446	PgrP-sb1:Dmel_CG9681
K02730	Prosalpha1:Dmel_CG18495
K02131	ATPsyn-Cf6:Dmel_CG4412
K00517	Cyp4ac2:Dmel_CG17970
K02955	Rps14b:Dmel_CG1527
K01881	AatS-pro:Dmel_CG12186
K01080	Dmel_CG11425:Dmel_CG11425
K12471	Lqf:Dmel_CG8532
K12486	Dmel_CG8243:Dmel_CG8243
K12818	Pea:Dmel_CG8241
K02966	Rps19b:Dmel_CG5338
K05320	ShaW:Dmel_CG2822
K09259	CacT:Dmel_CG5848
K01183	LysD:Dmel_CG9118
K00616	Tal:Dmel_CG2827
K11279	Nap1:Dmel_CG5330
K10645	Mib1:Dmel_CG5841
K13915	LysP:Dmel_CG9116
K01185	LysC:Dmel_CG9111
K08850	Ial:Dmel_CG6620
K12391	Ap-1gamma:Dmel_CG9113
K09299	Zfh1:Dmel_CG1322
K11592	Dcr-1:Dmel_CG4792
K07847	Rgk2:Dmel_CG34390
K00876	l(2)k01209:Dmel_CG4798
K01183	Cht3:Dmel_CG18140
K01487	DhpD:Dmel_CG18143
K09071	HanD:Dmel_CG18144
K07295	Svp:Dmel_CG11502
K12604	Not1:Dmel_CG34407
K12946	SpaSe12:Dmel_CG11500
K08825	Smi35a:Dmel_CG4551
K00799	GstT4:Dmel_CG1681
K00030	L(1)g0156:Dmel_CG12233
K04640	GalPha73b:Dmel_CG12232
K14289	RanBp21:Dmel_CG12234
K13248	Dmel_CG12237:Dmel_CG12237
K08471	Gr22c:Dmel_CG31929
K00846	Dmel_CG7328:Dmel_CG7328
K08764	Dmel_CG17597:Dmel_CG17597
K04373	S6kIi:Dmel_CG17596
K11338	RepT:Dmel_CG9750
K00685	Ate1:Dmel_CG9204
K11341	Gas41:Dmel_CG9207
K04648	Gl:Dmel_CG9206
K01679	Dmel_CG6140:Dmel_CG6140
K10734	Psf3:Dmel_CG2222
K11306	EnoK:Dmel_CG11290
K01816	Gip:Dmel_CG2227
K11866	Dmel_CG2224:Dmel_CG2224
K11790	L(2)dtl:Dmel_CG11295
K05948	Fng:Dmel_CG10580
K02365	Sse:Dmel_CG10583
K12351	Dmel_CG12034:Dmel_CG12034
K12505	Dmel_CG10585:Dmel_CG10585
K12617	PatR-1:Dmel_CG5208
K01070	Dmel_CG4390:Dmel_CG4390
K05768	Gel:Dmel_CG1106
K08883	Bon:Dmel_CG5206
K04677	Dad:Dmel_CG5201
K10415	SdiC3:Dmel_CG32823
K09561	ChiP:Dmel_CG5203
K12599	Tst:Dmel_CG10210
K06674	Smc2:Dmel_CG10212
K10849	ErcC1:Dmel_CG10215
K13288	Dmel_CG10214:Dmel_CG10214
K03213	Nkd:Dmel_CG11614
K04437	JbuG:Dmel_CG30092
K05313	KaiRia:Dmel_CG18039
K10836	Tim13:Dmel_CG11611
K03241	eIF2B-gamma:Dmel_CG8190
K08471	Or67a:Dmel_CG12526
K14442	Dmel_CG9323:Dmel_CG9323
K14328	Upf3:Dmel_CG11184
K00036	Zw:Dmel_CG12529
K12611	Dcp1:Dmel_CG11183
K11673	Arp8:Dmel_CG7846
K00115	Dmel_CG12539:Dmel_CG12539
K05676	Dmel_CG2316:Dmel_CG2316
K11368	E(y)2:Dmel_CG15191
K02633	Per:Dmel_CG2647
K03129	Taf4:Dmel_CG5444
K12854	l(3)72Ab:Dmel_CG5931
K12891	Sc35:Dmel_CG5442
K09104	Dei:Dmel_CG5441
K01379	Dmel_CG10104:Dmel_CG10104
K14321	Dmel_CG18789:Dmel_CG18789
K09097	Tgo:Dmel_CG11987
K12832	Dmel_CG11985:Dmel_CG11985
K07541	Dmel_CG30381:Dmel_CG30381
K02735	ProSbeta3:Dmel_CG11981
K06519	Cd98hc:Dmel_CG2791
K08471	Or24a:Dmel_CG11767
K01931	NeuR:Dmel_CG11988
K00430	Prx2540-2:Dmel_CG11765
K14549	Dmel_CG3071:Dmel_CG3071
K08471	Gr64e:Dmel_CG32258
K00472	Dmel_CG34345:Dmel_CG34345
K03094	SkpB:Dmel_CG8881
K03246	TriP1:Dmel_CG8882
K01104	Prl-1:Dmel_CG4993
K06101	Ash1:Dmel_CG8887
K12864	Dmel_CG11964:Dmel_CG11964
K01900	SkaP:Dmel_CG11963
K14016	Ufd1-like:Dmel_CG6233
K12481	RbsN-5:Dmel_CG8506
K04354	Tws:Dmel_CG6235
K09207	LunA:Dmel_CG33473
K00639	Dmel_CG10361:Dmel_CG10361
K14650	bip2:Dmel_CG2009
K00021	HmgCr:Dmel_CG10367
K08282	Aux:Dmel_CG1107
K11343	MrgBp:Dmel_CG13746
K08048	Ac78c:Dmel_CG10564
K03115	Ssl:Dmel_CG13591
K10895	FANCI:Dmel_CG13745
K10415	SdiC4:Dmel_CG33499
K12493	ArfGAP3:Dmel_CG6838
K00310	Se:Dmel_CG6781
K01920	Gs:Dmel_CG6835
K10415	SdiC2:Dmel_CG33497
K03175	TraF6:Dmel_CG10961
K08269	Atg1:Dmel_CG10967
K10836	Tim9a:Dmel_CG1660
K14545	Dmel_CG9107:Dmel_CG9107
K06671	Sa-2:Dmel_CG13916
K16676	Zyx:Dmel_CG32018
K08054	Cnx99a:Dmel_CG11958
K10586	BruCe:Dmel_CG6303
K09549	L(3)01239:Dmel_CG6302
K07441	Dmel_CG6308:Dmel_CG6308
K13984	prtp:Dmel_CG1837
K02894	Rpl23:Dmel_CG3661
K01021	TanGo13:Dmel_CG32632
K13675	Dmel_CG9109:Dmel_CG9109
K12613	Dcp2:Dmel_CG6169
K07889	Rab5:Dmel_CG3664
K01672	Dmel_CG3669:Dmel_CG3669
K09397	Fd59a:Dmel_CG3668
K01529	Pn:Dmel_CG3461
K07562	Nmd3:Dmel_CG3460
K00517	Cyp4d2:Dmel_CG3466
K07611	Lam:Dmel_CG6944
K09090	H:Dmel_CG6494
K11713	BetAggt-i:Dmel_CG3469
K00471	Dmel_CG5321:Dmel_CG5321
K03260	Eif4g:Dmel_CG10811
K16672	hth:Dmel_CG17117
K01158	DnaSeii:Dmel_CG7780
K01719	Dmel_CG1885:Dmel_CG1885
K12386	Dmel_CG17119:Dmel_CG17119
K04489	Ice:Dmel_CG7788
K01082	Dmel_CG7789:Dmel_CG7789
K03351	Apc4:Dmel_CG32707
K05313	Ir8A:Dmel_CG32704
K06171	Nct:Dmel_CG7012
K13249	L(1)g0320:Dmel_CG32701
K11481	Aur:Dmel_CG3068
K12817	Prp18:Dmel_CG6011
K11652	Bap55:Dmel_CG6546
K11577	Rod:Dmel_CG1569
K06677	Cap-d2:Dmel_CG1911
K01104	EdtP:Dmel_CG6542
K09436	Ets65a:Dmel_CG7018
K00993	Bbc:Dmel_CG6016
K02937	Rpl7:Dmel_CG4897
K10610	Pic:Dmel_CG7769
K04482	Spn-a:Dmel_CG7948
K09556	Dmel_CG7945:Dmel_CG7945
K03028	Rpn1:Dmel_CG7762
K03144	Mrn:Dmel_CG7764
K10396	Khc:Dmel_CG7765
K10373	Tm1:Dmel_CG4898
K08471	Or2A:Dmel_CG3206
K06704	Kuz:Dmel_CG7147
K02880	Rpl17:Dmel_CG3203
K12752	Mlc-c:Dmel_CG3201
K11703	Dmel_CG31915:Dmel_CG31915
K03011	RpiI33:Dmel_CG7885
K08490	Syx5:Dmel_CG4214
K04678	LacK:Dmel_CG4943
K10393	Klp10a:Dmel_CG1453
K00773	Tgt:Dmel_CG4947
K01183	Cht9:Dmel_CG10531
K00791	Dmel_CG31381:Dmel_CG31381
K03125	Taf1:Dmel_CG17603
K04348	CanA1:Dmel_CG1455
K00901	Dgkepsilon:Dmel_CG8657
K09186	Trx:Dmel_CG8651
K00699	Ugt37c1:Dmel_CG8652
K08471	Gr68a:Dmel_CG7303
K08471	Gr22b:Dmel_CG31931
K01104	PtpMeg:Dmel_CG1228
K02137	OscP:Dmel_CG4307
K11650	Bap60:Dmel_CG4303
K00699	Dmel_CG4302:Dmel_CG4302
K00802	Dmel_CG4300:Dmel_CG4300
K09188	Trr:Dmel_CG3848
K03936	Dmel_CG12079:Dmel_CG12079
K02865	Rpl10aa:Dmel_CG3843
K00517	Cyp309a2:Dmel_CG18559
K03260	Nat1:Dmel_CG3845
K12035	WecH:Dmel_CG42396
K07752	Svr:Dmel_CG4122
K00710	PgaNt5:Dmel_CG31651
K14397	Dmel_CG3689:Dmel_CG3689
K00565	L(2)35bd:Dmel_CG3688
K10844	Xpd:Dmel_CG9433
K01883	AatS-cys:Dmel_CG8431
K00889	Pip5k59b:Dmel_CG3682
K02367	Ext2:Dmel_CG8433
K00517	Cyp6a2:Dmel_CG9438
K08653	S1p:Dmel_CG7169
K00517	Cyp4d14:Dmel_CG3540
K00507	DesAt2:Dmel_CG5925
K00517	Cyp6w1:Dmel_CG8345
K03021	RpiIi128:Dmel_CG8344
K02981	Sop:Dmel_CG5920
K02321	DNApol-alpha73:Dmel_CG5923
K11985	NopO:Dmel_CG5140
K01176	Amy-p:Dmel_CG18730
K09227	Opa:Dmel_CG1133
K09411	Fd64a:Dmel_CG1132
K01876	Dmel_CG31739:Dmel_CG31739
K09280	Lz:Dmel_CG1689
K12397	Rb:Dmel_CG11427
K00699	Ugt58fa:Dmel_CG4414
K13116	Abs:Dmel_CG14637
K11320	Dom:Dmel_CG9696
K01446	PgrP-sb2:Dmel_CG9697
K05940	Dmel_CG12428:Dmel_CG12428
K12870	Dmel_CG9667:Dmel_CG9667
K09518	Dmel_CG3061:Dmel_CG3061
K10448	KlhL10:Dmel_CG12423
K02728	ProS29:Dmel_CG9327
K11599	PomP:Dmel_CG9324
K01049	Ace:Dmel_CG17907
K08963	Dmel_CG11334:Dmel_CG11334
K13988	Dmel_CG4098:Dmel_CG4098
K02732	ProS26:Dmel_CG4097
K01679	Dmel_CG4095:Dmel_CG4095
K01679	L(1)g0255:Dmel_CG4094
K01081	Dmel_CG42249:Dmel_CG42249
K07917	Rab30:Dmel_CG9100
K14558	Dmel_CG12325:Dmel_CG12325
K13337	Pex19:Dmel_CG5325
K12311	Dmel_CG5322:Dmel_CG5322
K03783	Dmel_CG16758:Dmel_CG16758
K00261	Gdh:Dmel_CG5320
K14315	Dmel_CG5857:Dmel_CG5857
K00901	Dmel_CG34384:Dmel_CG34384
K03005	Dmel_CG18600:Dmel_CG18600
K01104	Ptp99a:Dmel_CG11516
K14443	Tob:Dmel_CG9214
K11647	Brm:Dmel_CG5942
K00799	GstD4:Dmel_CG11512
K08836	SliK:Dmel_CG4527
K08471	Gr22f:Dmel_CG31932
K04599	MthL1:Dmel_CG4521
K08471	Gr22e:Dmel_CG31936
K09349	Hmx:Dmel_CG34419
K03681	Rrp40:Dmel_CG31938
K02267	CoVIb:Dmel_CG14235
K11594	Bel:Dmel_CG9748
K00799	GstE13:Dmel_CG11784
K08333	Ird1:Dmel_CG9746
K00254	DhoD:Dmel_CG9741
K11099	Smg:Dmel_CG9742
K00507	Dmel_CG9743:Dmel_CG9743
K00699	Dmel_CG3797:Dmel_CG3797
K08049	Ac13e:Dmel_CG9210
K12838	Puf68:Dmel_CG12085
