K10914	Crp:b3357
K05367	PbpC:b2519
K00855	PrkB:b3355
K01048	PldB:b3825
K01058	PldA:b3821
K03576	MetR:b3828
K00549	MetE:b3829
K06941	RlmN:b2517
K03654	RecQ:b3822
K03526	IspG:b2515
K01892	HisS:b2514
K00940	Ndk:b2518
K14219	ArgV:b2694
K14233	SerV:b2695
K11139	HlyE:b1182
K02195	CcmC:b2199
K02196	CcmD:b2198
K02199	CcmG:b2195
K01624	FbaA:b2925
K07685	NarP:b2193
K02111	AtpA:b3734
K02113	AtpH:b3735
K02109	AtpF:b3736
K02110	AtpE:b3737
K04042	GlmU:b3730
K02114	AtpC:b3731
K02112	AtpD:b3732
K02115	AtpG:b3733
K00554	TrmD:b2607
K02884	RplS:b2606
K02108	AtpB:b3738
K01626	AroF:b2601
K14187	TyrA:b2600
K13694	Spr:b2175
K13893	YejA:b2177
K05814	UgpA:b3452
K02356	YeiP:b2171
K03291	SetB:b2170
K01995	LivG:b3455
K13895	YejE:b2179
K13894	YejB:b2178
K01996	LivF:b3454
K06282	HybO:b2997
K06281	HybC:b2994
K01521	Cdh:b3918
K01803	TpiA:b3919
K01087	OtsB:b1897
K00697	OtsA:b1896
K00850	PfkA:b3916
K00821	ArgD:b3359
K07640	CpxA:b3911
K02402	FlhC:b1891
K02556	MotA:b1890
K17722	PreT:b2146
K02619	PabC:b1096
K09458	FabF:b1095
K02078	AcpP:b1094
K00059	FabG:b1093
K00645	FabD:b1092
K00648	FabH:b1091
K03621	PlsX:b1090
K02341	HolB:b1099
K00943	Tmk:b1098
K10009	YecS:b1918
K10026	QueE:b2777
K01689	Eno:b2779
K04774	SohB:b1272
K00798	BtuR:b1270
K01497	RibA:b1277
K01681	AcnA:b1276
K13634	CysB:b1275
K03168	TopA:b1274
K01096	PgpB:b1278
K01002	OpgB:b4359
K03703	UvrC:b1913
K01153	HsdR:b4350
K05874	Tsr:b4355
K01669	Phr:b0708
K10680	NemA:b1650
K03724	Lhr:b1653
K01887	ArgS:b1876
K07390	GrxD:b1654
K08156	YdhP:b1657
K07812	TorZ:b1872
K03604	PurR:b1658
K06188	AqpZ:b0875
K11933	Hcr:b0872
K03516	FlhE:b1878
K01620	LtaE:b0870
K00156	PoxB:b0871
K04084	DsbD:b4136
K02455	GspF:b3327
K03765	CadC:b4133
K01582	CadA:b4131
K01744	AspA:b4139
K00027	MaeA:b1479
K13953	AdhP:b1478
K08349	FdnH:b1475
K08348	FdnG:b1474
K08350	FdnI:b1476
K02682	PpdD:b0108
K13654	McbR:b1450
K01953	AsnB:b0674
K02565	NagC:b0676
K01443	NagA:b0677
K14223	GlnU:b0670
K14228	LeuW:b0672
K14230	MetT:b0673
K02564	NagB:b0678
K02802	NagE:b0679
K02959	RpsP:b2609
K02909	YkgM:b0296
K07709	ZraS:b4003
K07803	ZraP:b4002
K05787	HupA:b4000
K00123	YdeP:b1501
K00602	PurH:b4006
K01945	PurD:b4005
K07713	ZraR:b4004
K05801	DjlA:b0055
K01980	RrlE:b4009
K14224	GltV:b4008
K02528	RsmA:b0051
K00097	PdxA:b0052
K03771	SurA:b0053
K00831	SerC:b0907
K10805	TesB:b0452
K04069	PflA:b0902
K00656	PflB:b0903
K00661	Maa:b0459
K00800	AroA:b0908
K07387	YcaL:b0909
K03639	MoaA:b0781
K07664	BaeR:b2079
K02362	EntD:b0583
K02575	NarK:b1223
K01977	RrsE:b4007
K12340	TolC:b3035
K01515	NudF:b3034
K02622	ParE:b3030
K08567	HybD:b2993
K01980	RrlG:b2589
K01585	SpeA:b2938
K03080	YiaS:b3583
K03082	YiaR:b3582
K03081	YiaQ:b3581
K00880	LyxK:b3580
K13954	YiaY:b3589
K00138	AldB:b3588
K05819	MhpT:b0353
K02048	Sbp:b3917
K02403	FlhD:b1892
K12369	DppB:b3543
K07662	CpxR:b3912
K08191	ExuT:b3093
K03767	PpiA:b3363
K04095	Fic:b3361
K01664	PabA:b3360
K00363	NirD:b3366
K00362	NirB:b3365
K06141	TsgA:b3364
K01977	RrsC:b3756
K02302	CysG:b3368
K00883	DgoK:b3693
K08194	DgoT:b3691
K02470	GyrB:b3699
K14232	ProL:b2189
K13896	YejF:b2180
K07552	Bcr:b2182
K06183	RsuA:b2183
K02897	RplY:b2185
K03495	MnmG:b3741
K03501	RsmG:b3740
K03718	AsnC:b3743
K00266	GltD:b3213
K00265	GltB:b3212
K14219	ArgW:b2348
K07648	ArcB:b3210
K10441	RbsA:b3749
K06726	RbsD:b3748
K03687	GrpE:b2614
K00858	NadK:b2615
K08296	SixA:b2340
K01782	FadJ:b2341
K16328	PsuK:b2166
K02769	FruA:b2167
K16329	PsuG:b2165
K10213	RihB:b2162
K00882	FruK:b2168
K02768	FruB:b2169
K03407	CheA:b1888
K02557	MotB:b1889
K07236	YheM:b3344
K04761	OxyR:b3961
K01755	ArgH:b3960
K03413	CheY:b1882
K00322	SthA:b3962
K00575	CheR:b1884
K05877	Tap:b1885
K01776	MurI:b3967
K03408	CheW:b1887
K01951	GuaA:b2507
K11175	PurN:b2500
K00937	Ppk:b2501
K01514	Ppx:b2502
K00088	GuaB:b2508
K03601	XseA:b2509
K02394	FlgI:b1080
K02395	FlgJ:b1081
K02396	FlgK:b1082
K02397	FlgL:b1083
K08300	Rne:b1084
K02456	GspG:b3328
K06179	RluC:b1086
K02970	RpsU:b3065
K02911	RpmF:b1089
K02992	RpsG:b3341
K00041	UxaB:b1521
K00390	CysH:b2762
K00381	CysI:b2763
K00380	CysJ:b2764
K01737	QueD:b2765
K02031	OppD:b1246
K06178	RluB:b1269
K01657	TrpE:b1264
K01695	TrpA:b1260
K01696	TrpB:b1261
K13498	TrpC:b1262
K13497	TrpD:b1263
K13639	SoxR:b4063
K00215	DapB:b0031
K06901	YjcD:b4064
K01876	AspS:b1866
K09001	AnmK:b1640
K08310	NudB:b1865
K04565	SodC:b1646
K01159	RuvC:b1863
K03551	RuvB:b1860
K03550	RuvA:b1861
K08160	MdfA:b0842
K06153	YbjG:b0841
K11534	DeoR:b0840
K01676	FumB:b4122
K07792	DcuB:b4123
K07703	DcuR:b4124
K01682	AcnB:b0118
K00627	AceF:b0115
K04567	LysU:b4129
K00382	Lpd:b0116
K05799	PdhR:b0113
K08345	NarZ:b1468
K02575	NarU:b1469
K00675	NhoA:b1463
K01821	PptA:b1461
K08361	NarW:b1466
K08346	NarY:b1467
K08347	NarV:b1465
K08225	EntS:b0591
K02015	FepD:b0590
K02361	EntC:b0593
K02016	FepB:b0592
K01252	EntB:b0595
K02363	EntE:b0594
K00216	EntA:b0596
K08317	YbdH:b0599
K14287	YbdL:b0600
K03386	AhpC:b0605
K03805	DsbG:b0604
K03527	IspH:b0029
K08321	LsrF:b1517
K10556	LsrC:b1514
K10557	LsrD:b1515
K11531	LsrR:b1512
K00548	MetH:b4019
K11216	LsrK:b1511
K01638	AceB:b4014
K01637	AceA:b4015
K00906	AceK:b4016
K11753	RibF:b0025
K03827	YjaB:b4012
K00651	MetA:b4013
K07665	CusR:b0571
K06162	PhnM:b4095
K07688	FimZ:b0535
K02049	SsuB:b0933
K01256	PepN:b0932
K00763	PncB:b0931
K01893	AsnS:b0930
K00299	SsuE:b0937
K02051	SsuA:b0936
K04091	SsuD:b0935
K02050	SsuC:b0934
K07356	SfmH:b0533
K01920	GshB:b2947
K06167	PhnP:b4092
K07352	SfmA:b0530
K01908	PrpE:b0335
K01720	PrpD:b0334
K01485	CodA:b0337
K03417	PrpB:b0331
K02688	PrpR:b0330
K01659	PrpC:b0333
K01673	CynT:b0339
K11921	CynR:b0338
K03746	Hns:b1237
K05685	MacB:b0879
K02035	YgiS:b3020
K13655	MqsA:b3021
K07471	YgiV:b3023
K07666	QseB:b3025
K07645	QseC:b3026
K03637	MoaC:b0783
K01042	SelA:b3591
K07589	FolX:b2303
K02798	MtlA:b3599
K14234	ThrV:b3273
K00656	TdcE:b3114
K00932	TdcD:b3115
K01754	TdcB:b3117
K07592	TdcA:b3118
K10710	FrlD:b3374
K10711	FrlR:b3375
K10708	FrlB:b3371
K03482	YidP:b3684
K04081	IbpB:b3686
K04080	IbpA:b3687
K02750	GlvC:b3683
K03545	Tig:b0436
K00852	RbsK:b3752
K02529	RbsR:b3753
K14261	AlaC:b2379
K12974	LpxP:b2378
K02806	PtsN:b3204
K14224	GltU:b3757
K08485	Npr:b3206
K01577	Oxc:b2373
K01980	RrlC:b3758
K07679	EvgS:b2370
K07749	Frc:b2374
K01495	FolE:b2153
K02529	GalS:b2151
K00652	BioF:b0776
K01070	YeiG:b2154
K14229	LysV:b2404
K01151	Nfo:b2159
K11537	XapB:b2406
K14237	ValU:b2401
K01885	GltX:b2400
K14237	ValY:b2403
K14237	ValX:b2402
K14225	GlyT:b3978
K14234	ThrT:b3979
K00104	GlcD:b2979
K00075	MurB:b3972
K03524	BirA:b3973
K01980	RrlB:b3970
K01638	GlcB:b2976
K14234	ThrU:b3976
K02452	YghF:b2970
K00867	CoaA:b3974
K02654	PppA:b2972
K08303	YegQ:b2081
K03088	RpoE:b2573
K00278	NadB:b2574
K05590	SrmB:b2576
K06866	YfiD:b2579
K02393	FlgH:b1079
K02392	FlgG:b1078
K00700	GlgB:b3432
K02389	FlgD:b1075
K02388	FlgC:b1074
K02391	FlgF:b1077
K02390	FlgE:b1076
K02398	FlgM:b1071
K02438	GlgX:b3431
K02387	FlgB:b1073
K02386	FlgA:b1072
K08172	ShiA:b1981
K01241	Amn:b1982
K14220	AsnW:b1984
K13635	Cbl:b1987
K14220	AsnU:b1986
K14220	AsnV:b1989
K05709	HcaF:b2539
K05708	HcaE:b2538
K01823	Idi:b2889
K00334	NuoE:b2285
K12528	XdhD:b2881
K12529	YgfM:b2880
K01487	GuaD:b2883
K13292	Lgt:b2828
K00048	FucO:b2799
K06879	QueF:b2794
K01752	SdaB:b2797
K06175	TruC:b2791
K02680	PpdB:b2825
K07559	KptA:b4331
K05820	HcaT:b2536
K02835	PrfA:b1211
K02478	YehU:b2126
K02493	PrmC:b1212
K01627	KdsA:b1215
K03583	RecC:b2822
K00285	DadA:b1189
K01092	SuhB:b2533
K03503	UmuD:b1183
K03582	RecB:b2820
K03611	DsbB:b1185
K03502	UmuC:b1184
K03603	FadR:b1187
K03314	NhaB:b1186
K11073	PotF:b0854
K11076	PotG:b0855
K11075	PotH:b0856
K11074	PotI:b0857
K10678	NfsA:b0851
K03212	RumB:b0859
K00036	Zwf:b1852
K01690	Edd:b1851
K01625	Eda:b1850
K09815	ZnuA:b1857
K02560	LpxM:b1855
K00873	PykA:b1854
K00873	PykF:b1676
K09816	ZnuB:b1859
K09817	ZnuC:b1858
K11472	GlcE:b4468
K08354	YdhU:b1670
K11065	Tpx:b1324
K03721	TyrR:b1323
K00767	NadC:b0109
K02505	HofC:b0106
K02504	HofB:b0107
K00364	GuaC:b0104
K02035	MppA:b1329
K00859	CoaE:b0103
K12582	RffT:b4481
K03785	AroD:b1693
K05887	YdiB:b1692
K00609	PyrB:b4245
K00610	PyrI:b4244
K03485	TreR:b4241
K02818	TreB:b4240
eco_b4243	RidA:b4243
K01531	MgtA:b4242
K01759	GloA:b1651
K02364	EntF:b0586
K02013	FepC:b0588
K02015	FepG:b0589
K09477	CitT:b0612
K05966	CitG:b0613
K06140	Rnk:b0610
K01169	Rna:b0611
K01644	CitE:b0616
K01646	CitD:b0617
K05964	CitX:b0614
K01643	CitF:b0615
K01910	CitC:b0618
K07700	DpiB:b0619
K08227	LplT:b2835
K04564	SodB:b1656
K01895	Acs:b4069
K08298	CaiB:b0038
K08297	CaiA:b0039
K08324	Sad:b1525
K01425	YneH:b1524
K01956	CarA:b0032
K01955	CarB:b0033
K12700	RihC:b0030
K13631	SoxS:b4062
K08299	CaiD:b0036
K02182	CaiC:b0037
K08277	CaiF:b0034
K13069	YeaP:b1794
K05601	Hcp:b0873
K00813	AspC:b0928
K09476	OmpF:b0929
K03632	MukB:b0924
K03633	MukF:b0922
K03804	MukE:b0923
K13979	YahK:b0325
K00926	YahI:b0323
K06901	YgfQ:b4464
K11473	GlcF:b4467
K10538	AraH:b4460
K02453	GspD:b3325
K02452	GspC:b3324
K02451	GspB:b3322
K02906	RplC:b3320
K05710	HcaC:b2540
K00529	HcaD:b2542
K02457	GspH:b3329
K03553	RecA:b2699
K02469	GyrA:b2231
K02529	XylR:b3569
K10544	XylH:b3568
K01805	XylA:b3565
K00854	XylB:b3564
K10545	XylG:b3567
K10543	XylF:b3566
K01878	GlyQ:b3560
K05592	DeaD:b3162
K02956	RpsO:b3165
K00962	Pnp:b3164
K03177	TruB:b3166
K02519	InfB:b3168
K03645	SeqA:b0687
K02895	RplX:b3309
K02931	RplE:b3308
K02876	RplO:b3301
K03076	SecY:b3300
K02988	RpsE:b3303
K02907	RpmD:b3302
K02933	RplF:b3305
K02881	RplR:b3304
K02954	RpsN:b3307
K02994	RpsH:b3306
K13636	DsdC:b2364
K01753	DsdA:b2366
K07786	EmrY:b2367
K07797	EmrK:b2368
K07690	EvgA:b2369
K11258	IlvM:b3769
K14235	TrpT:b3761
K14221	AspT:b3760
K08483	PtsA:b3947
K08314	FsaB:b3946
K00688	MalP:b3417
K00705	MalQ:b3416
K10541	MglC:b2148
K10542	MglA:b2149
K00868	PdxK:b2418
K12525	MetL:b3940
K08483	PtsI:b2416
K02777	Crr:b2417
K01738	CysK:b2414
K02784	PtsH:b2415
K05541	DusC:b2140
K03556	MalT:b3418
K11203	FrwC:b3949
K01489	Cdd:b2143
K02851	Rfe:b3784
K02472	RffD:b3787
K01791	RffE:b3786
K03671	TrxA:b3781
K03732	RhlB:b3780
K02462	YghD:b2968
K02461	YghE:b2969
K14231	PheV:b2967
K03289	NupG:b2964
K01581	SpeC:b2965
K00973	RffH:b3789
K01710	RffG:b3788
K03439	TrmI:b2960
K03575	MutY:b2961
K02775	GatC:b2092
K02774	GatB:b2093
K00094	GatD:b2091
K08302	GatY:b2096
K01623	FbaB:b2097
K02773	GatA:b2094
K00917	GatZ:b2095
K05521	YegU:b2099
K02033	DdpB:b1486
K00997	AcpS:b2563
K03685	Rnc:b2567
K03474	PdxJ:b2564
K03584	RecO:b2565
K03100	LepB:b2568
K03980	MurJ:b1069
K03790	RimJ:b1066
K03675	GrxB:b1064
K02032	DdpF:b1483
K01465	PyrC:b1062
K02233	CobS:b1992
K02231	CobU:b1993
K00768	CobT:b1991
K11068	YqfA:b2899
K07462	RecJ:b2892
K03981	DsbC:b2893
K04567	LysS:b2890
K02836	PrfB:b2891
K04763	XerD:b2894
K02838	Frr:b0172
K03535	GudP:b2789
K07678	BarA:b2786
K01706	GudD:b2787
K00951	RelA:b2784
K03215	RumA:b2785
K01937	PyrG:b2780
K02428	MazG:b2781
K01686	UxuA:b4322
K00040	UxuB:b4323
K00919	IspE:b1208
K13637	UxuR:b4324
K03152	YajL:b0424
K05878	DhaK:b1200
K05880	DhaR:b1201
K00948	Prs:b1207
K01056	Pth:b1204
K05881	DhaM:b1198
K05879	DhaL:b1199
K03073	SecE:b3981
K01297	LdcA:b1192
K08308	EmtA:b1193
K01775	DadX:b1190
K01194	TreA:b1197
K01666	MhpE:b0352
K00656	YbiW:b0823
K07757	YbiV:b0822
K08313	FsaA:b0825
K04069	YbiY:b0824
K11996	MoeB:b0826
K13892	GsiA:b0829
K13051	IaaA:b0828
K03602	XseB:b0422
K08289	PurT:b1849
K10857	ExoX:b1844
K01354	PtrB:b1845
K00793	RibC:b1662
K14237	ValV:b1665
K02345	HolE:b1842
K02055	YdcS:b1440
K02052	YdcT:b1441
K01420	Fnr:b1334
K00567	Ogt:b1335
K00137	Prr:b1444
K03823	YncA:b1448
K01579	PanD:b0131
K00606	PanB:b0134
K09013	SufC:b1682
K11717	SufS:b1680
K02339	HolC:b4259
K03828	YjgM:b4256
K00611	ArgI:b4254
eco_b4255	RraB:b4255
K03644	LipA:b0628
K03425	TatE:b0627
K06177	RluA:b0058
K00247	FrdD:b4151
K03704	CspE:b0623
K12973	PagP:b0622
K01185	ArrD:b0555
K01733	ThrC:b0004
K00872	ThrB:b0003
K12524	ThrA:b0002
K03831	Mog:b0009
K00616	TalB:b0008
K00123	FdhF:b4079
K01284	Dcp:b1538
K00540	YdfG:b1539
K04014	NrfC:b4072
K04015	NrfD:b4073
K03385	NrfA:b4070
K04013	NrfB:b4071
K03712	MarR:b1530
K13632	MarA:b1531
K04016	NrfE:b4074
K04017	NrfF:b4075
K13053	SulA:b0958
eco_b0953	Rmf:b0953
K11751	UshA:b0480
K11923	CueR:b0487
K01716	FabA:b0954
K01425	YbaS:b0485
K01533	CopA:b0484
K02167	BetI:b0313
K00130	BetB:b0312
K00108	BetA:b0311
K13244	YahA:b0315
K01631	DgoA:b4477
K01974	RtcA:b4475
K01752	TdcG:b4471
K01684	DgoD:b4478
K02858	RibB:b3041
K07308	DmsC:b0896
K01983	Ffs:b0455
K08092	YiaK:b3575
K00835	AvtA:b3572
K01176	MalS:b3571
K14218	AlaW:b2397
K14218	AlaX:b2396
K01940	ArgG:b3172
K14230	MetY:b3171
K03431	GlmM:b3176
K00796	FolP:b3177
K14228	LeuU:b3174
K03075	SecG:b3175
K03798	FtsH:b3178
K02427	RlmE:b3179
K02892	RplW:b3318
K02926	RplD:b3319
K02904	RpmC:b3312
K02878	RplP:b3313
K02874	RplN:b3310
K02961	RpsQ:b3311
K11191	MurP:b2429
K02886	RplB:b3317
K02982	RpsC:b3314
K02890	RplV:b3315
K03186	UbiX:b2311
K10013	ArgT:b2310
K00764	PurF:b2312
K11754	FolC:b2315
K01963	AccD:b2316
K00133	Usg:b2319
K06173	TruA:b2318
K03656	Rep:b3778
K01524	Gpp:b3779
K00826	IlvE:b3770
K01687	IlvD:b3771
K01754	IlvA:b3772
K02521	IlvY:b3773
K00053	IlvC:b3774
K03769	PpiC:b3775
K11202	FrwB:b3950
K00656	PflD:b3951
K07638	EnvZ:b3404
K07106	MurQ:b2428
K01610	Pck:b3403
K01595	Ppc:b3956
K04083	HslO:b3401
K00145	ArgC:b3958
K00930	ArgB:b3959
K03777	Dld:b2133
K05349	BglX:b2132
K07262	PbpG:b2134
K00540	YohF:b2137
K02046	CysU:b2424
K14219	ArgX:b3796
K14226	HisR:b3797
K02852	RffM:b3794
K02853	WzyE:b3793
K02805	RffA:b3791
K02221	YggT:b2952
K02669	YggR:b2950
K01424	AnsB:b2957
K02495	YggW:b2955
K01516	RdgB:b2954
K11991	TadA:b2559
K01952	PurL:b2557
K00626	AtoB:b2224
K07715	GlrR:b2554
K01034	AtoD:b2221
K05916	Hmp:b2552
K00600	GlyA:b2551
K01035	AtoA:b2222
K01043	WcaL:b2044
K02846	SolA:b1059
K01710	RfbB:b2041
K00067	RfbD:b2040
K00963	GalF:b2042
K08161	MdtG:b1053
K00971	CpsB:b2049
K01840	CpsG:b2048
K02517	LpxL:b1054
K01990	YbhF:b0794
K14228	LeuX:b4270
K12507	FadK:b1701
K12372	DppF:b3540
K07349	FimG:b4319
K07348	FimF:b4318
K07347	FimD:b4317
K07346	FimC:b4316
K07351	FimI:b4315
K07345	FimA:b4314
K06074	BtuD:b1709
K13695	NlpC:b1708
K13891	GsiD:b0832
K13889	GsiB:b0830
K13890	GsiC:b0831
K01972	LigB:b3647
K07258	DacC:b0839
K07313	PphA:b1838
K03797	Prc:b1830
K11392	RsmF:b1835
K03974	PspF:b1303
K00823	PuuE:b1302
K09471	PuuB:b1301
K09472	PuuC:b1300
K03973	PspC:b1306
K07400	NfuA:b3414
K00690	YcjM:b1309
K00005	GldA:b3945
K12957	YjgB:b4269
K00851	IdnK:b4268
K11720	LptG:b4262
K07091	LptF:b4261
K01255	PepA:b4260
K00098	IdnD:b4267
K00046	IdnO:b4266
K06146	IdnR:b4264
K00297	MetF:b3941
K02170	BioH:b3412
K02226	CobC:b0638
K00963	GalU:b1236
K02418	FliO:b1947
K02417	FliN:b1946
K02412	FliI:b1941
K01433	PurU:b1232
K02414	FliK:b1943
K02413	FliJ:b1942
K03801	LipB:b0630
K07258	DacA:b0632
K02420	FliQ:b1949
K02419	FliP:b1948
K00857	Tdk:b1238
K09823	Zur:b4046
K17723	PreA:b2147
K04043	DnaK:b0014
K03686	DnaJ:b0015
K00631	PlsB:b4041
K03179	UbiA:b4040
K03528	ZipA:b2412
K05539	DusA:b4049
K01972	LigA:b2411
K10804	TesA:b0494
K02068	YbbL:b0490
K02069	YbbM:b0491
K05838	YbbN:b0492
K00540	YbbO:b0493
K00117	Gcd:b0124
K00760	Hpt:b0125
K12297	RlmL:b0948
K09687	YadG:b0127
K01611	SpeD:b0120
K00797	SpeE:b0121
K06148	CydD:b0887
K07347	ElfC:b0940
K09686	YadH:b0128
K02821	YadI:b0129
K00226	PyrD:b0945
K03628	Rho:b3783
K01154	HsdS:b4348
K06148	CydC:b0886
K03466	FtsK:b0890
K15841	GlmY:b4441
K03427	HsdM:b4349
K02610	PaaB:b1389
K08306	MltC:b2963
K01875	SerS:b0893
K00164	SucA:b0726
K07307	DmsB:b0895
K02421	FliR:b1950
K07781	RcsA:b1951
K08156	AraJ:b0396
K01902	SucD:b0729
K01246	Tag:b3549
K07796	CusC:b0572
K01685	UxaA:b3091
K12370	DppC:b3542
K12371	DppD:b3541
K01812	UxaC:b3092
K08177	YhjX:b3547
K12975	EptB:b3546
K14232	ProK:b3545
K12368	Dppa:b3544
K07644	CusS:b0570
K12961	DiaA:b3149
K07347	YraJ:b3144
K02080	AgaI:b3141
K10986	AgaD:b3140
K00799	YfcG:b2302
K07406	MelA:b4119
K10017	HisP:b2306
K10015	HisM:b2307
K10016	HisQ:b2308
K10014	HisJ:b2309
K00133	Asd:b3433
K01150	EndA:b2945
K09761	RsmE:b2946
K00975	GlgC:b3430
K00851	GntK:b3437
K00789	MetK:b2942
K08137	GalP:b2943
K06145	GntR:b3438
K07735	YqgE:b2948
K02058	YphF:b2548
K02454	GspE:b3326
K00124	FdoH:b3893
K00127	FdoI:b3892
K02450	GspA:b3323
K00123	FdoG:b3894
K02946	RpsJ:b3321
K01126	GlpQ:b2239
K11202	FrvB:b3899
K05711	HcaB:b2541
K00525	NrdA:b2234
K00526	NrdB:b2235
K00568	UbiG:b2232
K02057	YphD:b2546
K02056	YphE:b2547
K13684	WcaC:b2057
K03818	WcaF:b2054
K13683	WcaE:b2055
K02377	Fcl:b2052
K01711	Gmd:b2053
K03207	Gmm:b2051
K03819	WcaB:b2058
K01448	AmiA:b2435
K00228	HemF:b2436
K04033	EutR:b2437
K02773	SgcA:b4302
K02775	SgcC:b4304
K10038	GlnQ:b0809
K06970	RlmF:b0807
K07336	YbiX:b0804
K13574	YbiC:b0801
K02066	MlaE:b3194
K08169	YebQ:b1828
K03799	HtpX:b1829
K04333	CsgD:b1040
K04335	CsgB:b1041
K04334	CsgA:b1042
K02065	MlaF:b3195
K00563	RlmA:b1822
K03704	CspC:b1823
K03669	OpgH:b1049
K11927	RhlE:b0797
K02850	RfaY:b3625
K09686	YbhS:b0793
K09686	YbhR:b0792
K04844	YcjT:b1316
K01838	YcjU:b1317
K02027	YcjN:b1310
K02025	YcjO:b1311
K03722	DinG:b0799
K02067	MlaD:b3193
K03531	FtsZ:b0095
K07684	NarL:b1221
K07673	NarX:b1222
K07026	YedP:b1955
K00370	NarG:b1224
K00371	NarH:b1225
K00373	NarJ:b1226
K00374	NarI:b1227
K10549	AlsB:b4088
K07810	CusF:b0573
K00344	QorA:b4051
K02314	DnaB:b4052
K01775	Alr:b4053
K00832	TyrB:b4054
K03788	AphA:b4055
K07787	CusA:b0575
K07798	CusB:b0574
K03701	UvrA:b4058
K03111	Ssb:b4059
K10679	NfsB:b0578
K03704	CspF:b1558
K03704	CspI:b1552
K03704	CspB:b1557
K01185	ArrQ:b1554
K03605	HyaD:b0975
K06281	HyaB:b0973
K06282	HyaA:b0972
K14233	SerT:b0971
K00426	AppB:b0979
K00425	AppC:b0978
K02013	FhuC:b0151
K02015	FhuB:b0153
K02016	FhuD:b0152
K01845	HemL:b0154
K01243	Mtn:b0159
K06858	BtuF:b0158
K01810	Pgi:b4025
K00928	LysC:b4024
K01703	LeuC:b0072
K06182	RluF:b4022
K07350	FimH:b4320
K01985	RrfH:b0205
K01980	RrlH:b0204
K06222	DkgB:b0207
K14221	AspU:b0206
K01977	RrsH:b0201
K03273	GmhB:b0200
K14218	AlaV:b0203
K14227	IleV:b0202
K03106	Ffh:b2610
K01305	IadA:b4328
K00219	FadH:b3081
K11391	RlmG:b3084
K10748	Tus:b1610
K14223	GlnW:b0668
K08303	YhbU:b3158
K05520	YhbO:b3153
K03824	YhbS:b3156
K02681	PpdC:b2823
K10550	AlsC:b4086
K07320	PrmB:b2330
K07726	YiaG:b3555
K03704	CspA:b3556
K03826	YiaC:b3550
K08351	BisC:b3551
K00090	GhrB:b3553
K01879	GlyS:b3559
K05837	MrdB:b0634
K07173	LuxS:b2687
K02031	SapD:b1291
K02799	CmtA:b2933
K03712	MprA:b2684
K00688	GlgP:b3428
K02798	CmtB:b2934
K01480	SpeB:b2937
K07387	YggG:b2936
K02439	GlpE:b3425
K00111	GlpD:b3426
K02033	SapB:b1293
K02444	GlpR:b3423
K02034	SapC:b1292
K03782	KatG:b3942
K09888	ZapA:b2910
K03631	RecN:b2616
K02405	FliA:b1922
K02425	FliZ:b1921
K08318	YihU:b3882
K02459	GspJ:b3331
K02460	GspK:b3332
K02461	GspL:b3333
K02462	GspM:b3334
K02464	GspO:b3335
K13381	ChiA:b3338
K02358	TufA:b3339
K02193	CcmA:b2201
K02194	CcmB:b2200
K02570	NapD:b2207
K02567	NapA:b2206
K02573	NapG:b2205
K02574	NapH:b2204
K02054	YdcU:b1442
K01104	Wzb:b2061
K00876	Udk:b2066
K01494	Dcd:b2065
K04046	YegD:b2069
K01247	AlkA:b2068
K03695	ClpB:b2592
K01977	RrsG:b2591
K14224	GltW:b2590
K06180	RluD:b2594
K00626	YqeF:b2844
K14170	PheA:b2599
K02100	AraE:b2841
K01815	KduI:b2843
K00065	KduD:b2842
K03735	EutB:b2441
K03736	EutC:b2440
K01874	MetG:b2114
K03593	Mrp:b2113
K01011	SseA:b2521
K07251	ThiK:b1106
K00574	Cfa:b1661
K02793	ManX:b1817
K01752	SdaA:b1814
K01665	PabB:b1812
K10037	GlnP:b0810
K10036	GlnH:b0811
K04047	Dps:b0812
K02796	ManZ:b1819
K11924	MntR:b0817
K12972	GhrA:b1033
K14233	SerX:b1032
K14237	ValW:b1666
K06214	CsgG:b1037
K04337	CsgE:b1039
K04338	CsgF:b1038
K02686	PriB:b4201
K02990	RpsF:b4200
K02939	RplI:b4203
K02963	RpsR:b4202
K03636	MoaD:b0784
K03635	MoaE:b0785
K03773	FklB:b4207
K01580	GadB:b1493
K06132	YbhO:b0789
K13069	DosC:b1490
K02471	YddA:b1496
K07263	PqqL:b1494
K02053	YdcV:b1443
K01918	PanC:b0133
K00558	Dcm:b1961
K07458	Vsr:b1960
eco_b1967	HchA:b1967
K02484	YedV:b1968
K01792	YeaD:b1780
K07780	AppY:b0564
K01355	OmpT:b0565
K11920	EnvY:b0566
K01914	AsnA:b3744
K01008	SelD:b1764
K01424	AnsA:b1767
K04773	SppA:b1766
K00262	GdhA:b1761
K03169	TopB:b1763
K14057	AbgR:b1339
K08369	YdjE:b1769
K08281	PncA:b1768
K01545	KdpF:b4513
K03658	HelD:b0962
K01734	MgsA:b0963
K06969	RlmI:b0967
K01512	YccX:b0968
K00632	FadI:b2342
K00950	FolK:b0142
K00970	PcnB:b0143
K03475	UlaA:b4193
K03476	UlaG:b4192
K02821	UlaC:b4195
K02822	UlaB:b4194
K03079	UlaE:b4197
K03078	UlaD:b4196
K03077	UlaF:b4198
K03579	HrpB:b0148
K05365	MrcB:b0149
K04019	EutA:b2451
K01873	ValS:b4258
K08162	MdtH:b1065
K03119	TauD:b0368
K01698	HemB:b0369
K02049	TauB:b0366
K02050	TauC:b0367
K02051	TauA:b0365
K07641	CreC:b4399
K14221	AspV:b0216
K03469	RnhA:b0214
K02342	DnaQ:b0215
K01069	GloB:b0212
K08307	MltD:b0211
K01506	YafV:b0219
K11474	GlcC:b2980
K01977	RrsB:b3968
K13480	XdhC:b2868
K01460	Gss:b2988
K03414	CheZ:b1881
K03412	CheB:b1883
K00557	TrmA:b3965
K05875	Tar:b1886
K14225	GlyU:b2864
K07259	DacB:b3182
K13038	Dfp:b3639
K02888	RplU:b3186
K02899	RpmA:b3185
K10563	MutM:b3635
K00954	CoaD:b3634
K00790	MurA:b3189
K07724	SfsB:b3188
K02844	RfaG:b3631
K02848	RfaP:b3630
K02527	WaaA:b3633
K02849	RfaQ:b3632
K07261	MepA:b2328
K01736	AroC:b2329
K03473	PdxB:b2320
K00647	FabB:b2323
K00874	KdgK:b3526
K11103	DctA:b3528
K07702	DpiA:b0620
K01999	LivK:b3458
K14219	ArgZ:b2692
K03046	RpoC:b3988
K00927	Pgk:b2926
K03472	Epd:b2927
K03563	CsrA:b2696
K01872	AlaS:b2697
K02867	RplK:b3983
K05816	UgpC:b3450
K05813	UgpB:b3453
K02358	TufB:b3980
K03043	RpoB:b3987
K02935	RplL:b3986
K02864	RplJ:b3985
K02863	RplA:b3984
K01423	RzpD:b0556
K03118	TatC:b3839
K01160	RusA:b0550
K09475	OmpC:b2215
K07676	RcsD:b2216
K07687	RcsB:b2217
K00116	Mqo:b2210
K06159	YojI:b2211
K03919	AlkB:b2212
K10778	Ada:b2213
K07677	RcsC:b2218
K07710	AtoS:b2219
K03117	TatB:b3838
K07642	BaeS:b2078
K03148	ThiF:b3992
K07799	MdtA:b2074
K07788	MdtB:b2075
K07789	MdtC:b2076
K01985	RrfA:b3855
K01980	RrlA:b3854
K01985	RrfG:b2588
K00230	HemG:b3850
K14218	AlaT:b3853
K14227	IleT:b3852
K00998	PssA:b2585
K03761	KgtP:b2587
K03648	Ung:b2580
K03214	YfiF:b2581
K03672	TrxC:b2582
K05982	Nfi:b3998
K04022	EutG:b2453
K00941	ThiD:b2103
K00878	ThiM:b2104
K04021	EutE:b2455
K04020	EutD:b2458
K04032	EutT:b2459
K07246	DmlA:b1800
K00517	YeaW:b1802
K03684	Rnd:b1804
K01897	FadD:b1805
K01529	YoaA:b1808
K04018	NrfG:b4076
K03449	CynX:b0341
K01119	CpdB:b4213
K03737	YdbK:b1378
K03702	UvrB:b0779
K01935	BioD:b0778
K01082	CysQ:b4214
K01012	BioB:b0775
K00833	BioA:b0774
K02169	BioC:b0777
K07304	MsrA:b4219
K01681	YbhJ:b0771
K01051	YbhC:b0772
K03449	YeaN:b1791
K14220	AsnT:b1977
K07127	HiuH:b1970
K01466	AllB:b0512
K14977	YlbA:b0515
K00865	GlxK:b0514
K00073	AllD:b0517
K02083	AllC:b0516
K01835	Pgm:b0688
K08369	YdjK:b1775
K02919	YkgO:b4506
K01886	GlnS:b0680
K03711	Fur:b0683
K03839	FldA:b0684
K07305	MsrB:b1778
K00134	GapA:b1779
K03533	TorD:b0998
K07772	TorR:b0995
K07811	TorA:b0997
K03532	TorC:b0996
K03704	CspG:b0990
K07647	TorS:b0993
K02031	DdpD:b1484
K02871	RplM:b3231
K03218	RlmB:b4180
K02035	DdpA:b1487
K02972	Sra:b1480
K02536	LpxD:b0179
K02996	RpsI:b3230
K11749	RseP:b0176
K00981	CdsA:b0175
K00806	IspU:b0174
K00099	Dxr:b0173
K13243	DosP:b1489
K09903	PyrH:b0171
K02357	Tsf:b0170
K00077	PanE:b0425
K00121	FrmA:b0356
K01070	FrmB:b0355
K00795	IspA:b0421
K01662	Dxs:b0420
K04073	MhpF:b0351
K02554	MhpD:b0350
K02037	PstC:b3727
K02300	CyoD:b0429
K02301	CyoE:b0428
K02038	PstA:b3726
K01881	ProS:b0194
K02073	MetQ:b0197
K06080	RcsF:b0196
K02036	PstB:b3725
K02071	MetN:b0199
K02072	MetI:b0198
K04770	YcbZ:b0955
eco_b0957	OmpA:b0957
K03271	LpcA:b0222
K06445	FadE:b0221
K02400	LfhA:b0229
K14233	SerU:b1975
K02401	FlhB:b1880
K03270	KdsC:b3198
K02840	RfaB:b3628
K12986	RfaS:b3629
K03279	RfaJ:b3626
K03275	RfaI:b3627
K12981	RfaZ:b3624
K06041	KdsD:b3197
K02847	RfaL:b3622
K03277	WaaU:b3623
K02843	RfaF:b3620
K02841	RfaC:b3621
K00694	BcsA:b3533
K01179	BcsZ:b3531
K01507	Ppa:b4226
K01126	UgpQ:b3449
K11685	StpA:b2669
K11264	ScpB:b2919
K07588	ArgK:b2918
K01847	ScpA:b2917
K05596	ArgP:b2916
K01807	RpiA:b2914
K00135	GabD:b2661
K00681	Ggt:b3447
K07250	GabT:b2662
K02549	MenC:b2261
K01911	MenE:b2260
K08680	MenH:b2263
K01661	MenB:b2262
K02552	MenF:b2265
K02551	MenD:b2264
K00784	Rbn:b2268
K01978	RnpB:b3123
K07235	YheN:b3345
K03446	EmrB:b2686
K12687	Flu:b2000
K03688	UbiB:b3835
K01825	FadB:b3846
K01271	PepQ:b3847
K05368	Fre:b3844
K00632	FadA:b3845
K05785	RfaH:b3842
K03182	UbiD:b3843
K08641	DdpX:b1488
K00615	TktA:b2935
K13479	XdhB:b2867
K00087	XdhA:b2866
K00703	GlgA:b3429
K14219	ArgQ:b2691
K07237	YheL:b3343
K02950	RpsL:b3342
K03147	ThiC:b3994
K04044	HscA:b2526
K03426	NudC:b3996
K01599	HemE:b3997
K03150	ThiH:b3990
K03149	ThiG:b3991
K07674	NarQ:b2469
K00788	ThiE:b3993
K12945	NudK:b2467
K00615	TktB:b2465
K00616	TalA:b2464
K00029	MaeB:b2463
K02752	AscF:b2715
K03487	AscG:b2714
K08315	HycI:b2717
K01223	AscB:b2716
K14260	AlaA:b2290
K00540	HycH:b2718
K08722	YfbR:b2291
K12140	HyfE:b2485
K12139	HyfD:b2484
K12142	HyfG:b2487
K12141	HyfF:b2486
K12136	HyfA:b2481
K03564	Bcp:b2480
K12138	HyfC:b2483
K12137	HyfB:b2482
K02529	GalR:b2837
K12144	HyfI:b2489
K14219	ArgY:b2693
K13821	PutA:b1014
K09017	RutR:b1013
K09018	RutA:b1012
K09020	RutB:b1011
K09021	RutC:b1010
K02058	YtfQ:b4227
K07404	Pgl:b0767
K02018	ModB:b0764
K02017	ModC:b0765
K02020	ModA:b0763
K05776	ModF:b0760
K02019	ModE:b0761
K06075	SlyA:b1642
K03674	GrxA:b0849
K14228	LeuZ:b1909
K10537	AraF:b1901
K10539	AraG:b1900
K02217	FtnA:b1905
K01816	Hyi:b0508
K00042	GlxR:b0509
K07310	YnfF:b1588
K00657	SpeG:b1584
K07309	YnfE:b1587
K10973	AllR:b0506
K08322	RspB:b1580
K10972	AllS:b0504
K00881	AlsK:b4084
K01546	KdpA:b0698
K01916	NadE:b1740
K00673	AstA:b1747
K06447	AstD:b1746
K01484	AstB:b1745
K05526	AstE:b1744
K01581	SpeF:b0693
K01142	XthA:b1749
K00840	AstC:b1748
K01548	KdpC:b0696
K01547	KdpB:b0697
K07667	KdpE:b0694
K07646	KdpD:b0695
K03704	CspH:b0989
K01104	Etp:b0982
K01093	AppA:b0980
K01265	Map:b0168
K02967	RpsB:b0169
K05591	DbpA:b1343
K01129	Dgt:b0160
K04771	DegP:b0161
K02647	CdaR:b0162
K00674	DapD:b0166
K00990	GlnD:b0167
K01725	CynS:b0340
K01358	ClpP:b0437
K00633	LacA:b0342
K02532	LacY:b0343
K01190	LacZ:b0344
K08218	AmpG:b0433
K05818	MhpR:b0346
K05712	MhpA:b0347
K05713	MhpB:b0348
K05714	MhpC:b0349
K03544	ClpX:b0438
K01338	Lon:b0439
K01582	LdcC:b0186
K00244	FrdA:b4154
K02337	DnaE:b0184
K01962	AccA:b0185
K00748	LpxB:b0182
K01467	AmpC:b4150
K00245	FrdB:b4153
K00246	FrdC:b4152
K04075	TilS:b0188
K07701	DcuS:b4125
K02032	SapF:b1290
K02572	NapF:b2208
K00163	AceE:b0114
K10551	AlsA:b4087
K01608	Gcl:b0507
K02568	NapB:b2203
K00769	Gpt:b0238
K17195	AlsE:b4085
K02569	NapC:b2202
K03830	YafP:b0234
K02839	PrfH:b0236
K01270	PepD:b0237
K02557	LafU:b0230
K02346	DinB:b0231
K05984	Cho:b1741
K14224	GltT:b3969
K02035	SapA:b1294
K07773	ArcA:b4401
K03274	RfaD:b3619
K01834	GpmM:b3612
K03676	GrxC:b3610
K00639	Kbl:b3617
K00060	Tdh:b3616
K02919	RpmJ:b3299
K02952	RpsM:b3298
K02948	RpsK:b3297
K02986	RpsD:b3296
K03040	RpoA:b3295
K02879	RplQ:b3294
K13638	ZntR:b3292
K08591	PlsY:b3059
K01633	FolB:b3058
eco_b3509	HdeB:b3509
K06153	BacA:b3057
K00974	Cca:b3056
K00537	ArsC:b3503
K00982	GlnE:b3053
K03272	RfaE:b3052
K01262	PepP:b2908
K01985	RrfD:b3274
K14227	IleU:b3277
K14218	AlaU:b3276
K09972	YhdZ:b3271
K09971	YhdY:b3270
K02001	ProW:b2678
K01985	RrfF:b3272
K00526	NrdF:b2676
K01223	BglA:b2901
K00281	GcvP:b2903
K02437	GcvH:b2904
K00605	GcvT:b2905
K03185	UbiH:b2907
K00343	NuoN:b2276
K00342	NuoM:b2277
K00341	NuoL:b2278
K00340	NuoK:b2279
K00926	YqeA:b2874
K00765	HisG:b2019
K01751	YgeX:b2871
K01464	HyuA:b2873
K07258	DacD:b2010
K01141	SbcB:b2011
K12527	YgfK:b2878
K01915	GlnA:b3870
K15922	YihQ:b3878
K01714	DapA:b2478
K03567	GcvR:b2479
K06133	AcpT:b3475
K07455	RecT:b1349
K04085	SirA:b3470
K01439	DapE:b2472
K01923	PurC:b2476
K02034	NikC:b3478
K02468	SrlR:b2707
K02781	SrlB:b2704
K00068	SrlD:b2705
K02783	SrlA:b2702
K02782	SrlE:b2703
K08305	MltB:b2701
eco_b2516	RodZ:b2516
K12266	NorR:b2709
K10763	Hda:b2496
K00537	YfgD:b2495
K12145	HyfJ:b2490
K12146	HyfR:b2491
K02297	CyoA:b0432
K00761	Upp:b2498
K01933	PurM:b2499
K02299	CyoC:b0430
K02298	CyoB:b0431
K09019	RutE:b1008
K09023	RutD:b1009
K05516	CbpA:b1000
K01085	Agp:b1002
eco_b1004	WrbA:b1004
K09024	RutF:b1007
K00527	NrdD:b4238
K01226	TreC:b4239
K01784	GalE:b0759
K00965	GalT:b0758
K02057	YtfT:b4230
K02057	YjfF:b4231
K03841	Fbp:b4232
K03517	NadA:b0750
K00849	GalK:b0757
K01785	GalM:b0756
K01834	GpmA:b0755
K04068	NrdG:b4237
eco_b4155	EpmA:b4155
K03774	FkpB:b0028
K03608	MinE:b1174
K03609	MinD:b1175
K03610	MinC:b1176
K05396	DcyD:b1919
K00995	PgsA:b1912
K02533	YjtD:b4403
K14222	CysT:b1910
K14225	GlyW:b1911
K07782	SdiA:b1916
K10010	YecC:b1917
K07689	UvrY:b1914
K03470	RnhB:b0183
K02372	FabZ:b0180
K04775	YdgD:b1598
K08224	YnfM:b1596
K00677	LpxA:b0181
K01935	YnfK:b1593
K08320	NudG:b1759
K03717	NhaR:b0020
K05777	YnjB:b1754
K05778	YnjC:b1755
K05779	YnjD:b1756
K01011	YnjE:b1757
K02968	RpsT:b0023
K01985	RrfE:b4010
K03101	LspA:b0027
K05845	OsmF:b2131
K01870	IleS:b0026
K01187	MalZ:b0403
K07636	PhoR:b0400
K03210	YajC:b0407
K00773	Tgt:b0406
K07568	QueA:b0405
K08682	AcpH:b0404
K03074	SecF:b0409
K03072	SecD:b0408
K02356	Efp:b4147
K04078	GroS:b4142
K04077	GroL:b4143
K05774	PhnN:b4094
K14219	ArgU:b0536
K05780	PhnL:b4096
K07355	SfmF:b0534
K01808	RpiB:b4090
K07354	SfmD:b0532
K07353	SfmC:b0531
K09994	PhnO:b4093
K06163	PhnJ:b4098
K06164	PhnI:b4099
K03569	MreB:b3251
K04064	OsmE:b1739
K11926	Crl:b0240
K00147	ProA:b0243
K00931	ProB:b0242
K14234	ThrW:b0244
K01961	AccC:b3256
K03536	RnpA:b3704
K02478	YpdA:b2380
K02616	PaaX:b1399
K02965	RpsS:b3316
K03629	RecF:b3700
K02313	DnaA:b3702
K03825	YhhY:b3441
K14238	SelC:b3658
K02795	ManY:b1818
K00604	Fmt:b3288
K03500	RsmB:b3289
K00014	AroE:b3281
K01462	Def:b3287
K00428	YhjA:b3518
K01194	TreF:b3519
K01919	GshA:b2688
K01580	GadA:b3517
K03585	AcrE:b3265
K07319	YhdJ:b3262
K05540	DusB:b3260
K03557	Fis:b3261
K09969	YhdW:b3268
K09970	YhdX:b3269
K04336	CsgC:b1043
K12661	RhmD:b2247
K12660	RhmA:b2245
K00113	GlpC:b2243
K00112	GlpB:b2242
K00111	GlpA:b2241
K02445	GlpT:b2240
K14348	LldR:b3604
K00101	LldD:b3605
K03216	TrmL:b3606
K00640	CysE:b3607
K00009	MtlD:b3600
K02562	MtlR:b3601
K00057	GpsA:b3608
K03071	SecB:b3609
K02429	FucP:b2801
K01628	FucA:b2800
K00879	FucK:b2803
K01818	FucI:b2802
K02430	FucR:b2805
K02431	FucU:b2804
K06073	BtuC:b1711
K03566	GcvA:b2808
K02033	OppB:b1244
K02034	OppC:b1245
K07712	GlnG:b3868
K07708	GlnL:b3869
K02495	HemN:b3867
K03673	DsbA:b3860
K02335	PolA:b3863
K02916	RpmI:b1717
K05781	PhnK:b4097
K01999	LivJ:b3460
K03089	RpoH:b3461
K09811	FtsX:b3462
K09812	FtsE:b3463
K03110	FtsY:b3464
K08316	RsmD:b3465
K03184	UbiF:b0662
K01534	ZntA:b3469
K03555	MutS:b2733
K08319	YgbJ:b2736
K07314	PphB:b2734
K14230	MetU:b0666
K14223	GlnX:b0664
K14231	PheU:b4134
K05789	Cld:b2027
K11755	HisI:b2026
K02500	HisF:b2025
K01814	HisA:b2024
K02501	HisH:b2023
K01089	HisB:b2022
K00817	HisC:b2021
K00013	HisD:b2020
K00033	Gnd:b2029
K00012	Ugd:b2028
K00076	HdhA:b1619
K01195	UidA:b1617
K01679	FumC:b1611
K04069	PflC:b3952
K01809	ManA:b1613
K01676	FumA:b1612
K11202	FrwD:b3953
K01176	AmyA:b1927
K02423	FliT:b1926
K02422	FliS:b1925
K02407	FliD:b1924
K02406	FliC:b1923
K04762	HslR:b3400
K09470	PuuA:b1297
K02424	FliY:b1920
K14056	PuuR:b1299
K09473	PuuD:b1298
K01438	ArgE:b3957
K02778	PtsG:b1101
K02047	CysW:b2423
K01207	NagZ:b1107
K02045	CysA:b2422
K03885	Ndh:b1109
K12339	CysM:b2421
K05804	Rob:b4396
K01834	YtjC:b4395
K03720	TrpR:b4393
K08309	Slt:b4392
K06211	NadR:b4390
K00850	PfkB:b1723
K01112	YniC:b1727
K07663	CreB:b4398
K14237	ValT:b0744
K14229	LysW:b0745
K14237	ValZ:b0746
K14229	LysY:b0747
K14229	LysT:b0743
K14229	LysZ:b0748
K14229	LysQ:b0749
K01095	PgpA:b0418
K11752	RibD:b0414
K00794	RibE:b0415
K00946	ThiL:b0417
K07738	NrdR:b0413
K08303	YdcP:b1435
K03666	Hfq:b4172
K00791	MiaA:b4171
K03572	MutL:b4170
K01939	PurA:b4177
K02415	FliL:b1944
K04087	HflC:b4175
K04088	HflK:b4174
K12573	Rnr:b4179
K13771	NsrR:b4178
K00926	YbcF:b0521
K01589	PurK:b0522
K01588	PurE:b0523
K03269	LpxH:b0524
K03768	PpiB:b0525
K01883	CysS:b0526
K01491	FolD:b0529
K14232	ProM:b3799
K06142	Skp:b0178
K09996	ArtJ:b0860
K05815	UgpE:b3451
K02411	FliH:b1940
K03154	ThiS:b4407
K03092	RpoN:b3202
K07711	GlrK:b2556
K04751	GlnB:b2553
K07714	AtoC:b2220
K02106	AtoE:b2223
K09251	PatA:b3073
K03776	Aer:b3072
K12112	EbgC:b3077
K12111	EbgA:b3076
K12113	EbgR:b3075
K00845	Glk:b2388
K03570	MreC:b3250
K01667	TnaA:b3708
K02160	AccB:b3255
K03217	YidC:b3705
K08483	FryA:b2383
K02687	PrmA:b3259
K02338	DnaN:b3701
K11202	FryB:b2387
K02914	RpmH:b3703
K08326	YpdF:b2385
K12963	ArnF:b2258
K01091	Gph:b3385
K01867	TrpS:b3384
K06223	Dam:b3387
K01783	Rpe:b3386
K01735	AroB:b3389
K12944	NudI:b2251
K01997	LivH:b3457
K07806	ArnB:b2253
K10012	ArnC:b2254
K10011	ArnA:b2255
K13014	ArnD:b2256
K07264	ArnT:b2257
K01652	IlvB:b3671
K01653	IlvN:b3670
K08154	EmrD:b3673
K08304	MltA:b2813
K01766	CsdA:b2810
K14230	MetV:b2816
K01448	AmiC:b2817
K14230	MetZ:b2814
K14230	MetW:b2815
K01998	LivM:b3456
K00619	ArgA:b2818
K03581	RecD:b2819
K03733	XerC:b3811
K03657	UvrD:b3813
K02609	PaaA:b1388
K01414	PrlC:b3498
K14230	IleY:b2652
K11179	YccK:b0969
K03573	MutH:b2831
K00540	HycE:b2721
K02446	GlpX:b3925
K00528	Fpr:b3924
K02440	GlpF:b3927
K00864	GlpK:b3926
K09892	ZapB:b3928
K03477	UlaR:b4191
K08280	WbbJ:b2033
K13008	Rfc:b2035
K01854	Glf:b2036
K01790	RfbC:b2038
K00973	RfbA:b2039
eco_b0144	GluQ:b0144
K07661	RstA:b1608
K07639	RstB:b1609
K13938	FolM:b1606
K06204	DksA:b0145
K00325	PntB:b1602
K00324	PntA:b1603
K03113	YciH:b1282
K03829	YedL:b1932
K01591	PyrF:b1281
K01147	Rnb:b1286
K14051	Gmr:b1285
K02409	FliF:b1938
K02410	FliG:b1939
K00208	FabI:b1288
K09808	LolC:b1116
K09810	LolD:b1117
K03723	Mfd:b1114
K09808	LolE:b1118
K00884	NagK:b1119
K12962	ArnE:b4544
K02340	HolA:b0640
K01869	LeuS:b0642
K01619	DeoC:b4381
K00758	DeoA:b4382
K01839	DeoB:b4383
K03784	DeoD:b4384
K03800	LplA:b4386
K03781	KatE:b1732
K04485	RadA:b4389
K02759	ChbA:b1736
K02761	ChbC:b1737
K01222	ChbF:b1734
K03490	ChbR:b1735
K11198	MngA:b0731
K11922	MngR:b0730
K00425	CydA:b0733
K02518	InfA:b0884
K14233	SerW:b0883
K03694	ClpA:b0882
K03562	TolQ:b0737
K03704	CspD:b0880
K03719	Lrp:b0889
K00384	TrxB:b0888
K00759	Apt:b0469
K07657	PhoB:b0399
K03547	SbcD:b0398
K03554	RdgC:b0393
K03585	AcrA:b0463
K03546	SbcC:b0397
K03577	AcrR:b0464
K04067	PriC:b0467
K00847	Mak:b0394
K03817	RimL:b1427
K02238	YcaI:b0913
K01448	AmiB:b4169
K05876	Trg:b1421
K14225	GlyX:b4164
K14225	GlyY:b4165
K01613	Psd:b4160
K06949	RsgA:b4161
K14225	GlyV:b4163
K03588	FtsW:b0089
K01925	MurD:b0088
K01000	MraY:b0087
K01929	MurF:b0086
K01928	MurE:b0085
K03587	FtsI:b0084
K03586	FtsL:b0083
K03438	RsmH:b0082
K03435	FruR:b0080
K02011	AfuB:b0263
K02010	AfuC:b0262
K00547	MmuM:b0261
K01687	YagF:b0269
K01714	YagE:b0268
K02099	AraC:b0064
K02063	ThiP:b0067
K02062	ThiQ:b0066
K01786	AraD:b0061
K02336	PolB:b0060
K00853	AraB:b0063
K01804	AraA:b0062
K11925	SgrR:b0069
K02064	ThiB:b0068
K05846	YehW:b2128
K08159	YdeA:b1528
K05847	YehX:b2129
K02048	CysP:b2425
K03151	ThiI:b0423
K03892	ArsR:b3501
K00383	Gor:b3500
K01980	RrlD:b3275
K01409	Gcp:b3064
K05800	YbaO:b0447
K02316	DnaG:b3066
K03086	RpoD:b3067
K03779	TtdA:b3061
K03780	TtdB:b3062
K11085	MsbA:b0914
K02002	ProX:b2679
K03649	Mug:b3068
K14230	IleX:b3069
K02000	ProV:b2677
K02945	RpsA:b0911
K02237	YbaV:b0442
K00525	NrdE:b2675
K03571	MreD:b3249
K03568	TldD:b3244
K06901	PurP:b3714
K05788	IhfB:b0912
K08163	MdtL:b3710
K01977	RrsD:b3278
K12291	HofP:b3392
K12290	HofO:b3393
K00891	AroK:b3390
K02507	HofQ:b3391
K05366	MrcA:b3396
K08312	NudE:b3397
K12289	HofN:b3394
K12288	HofM:b3395
K02408	FliE:b1937
K03445	NepI:b3662
K02073	NlpA:b3661
K07784	UhpT:b3666
K07783	UhpC:b3667
K06901	YicO:b3664
K01486	Ade:b3665
K07675	UhpB:b3668
K07686	UhpA:b3669
K00336	NuoG:b2283
K00337	NuoH:b2282
K00338	NuoI:b2281
K00339	NuoJ:b2280
K00331	NuoB:b2287
K13378	NuoC:b2286
K08484	PtsP:b2829
K00335	NuoF:b2284
K00560	ThyA:b2827
K02679	PpdA:b2826
K05817	HcaR:b2537
K00330	NuoA:b2288
K13643	IscR:b2531
K04487	IscS:b2530
K01407	PtrA:b2821
K02533	TrmJ:b2532
K01778	DapF:b3809
K02496	HemX:b3803
K01130	AslA:b3801
K05851	CyaA:b3806
K01719	HemD:b3804
K01749	HemC:b3805
K07733	AlpA:b2624
K09686	YhhJ:b3485
K02032	NikE:b3480
K07722	NikR:b3481
K00956	CysN:b2751
K00860	CysC:b2750
K09612	Iap:b2753
K00957	CysD:b2752
K02909	RpmE:b3936
K05499	CytR:b3934
K04066	PriA:b3935
K01419	HslV:b3932
K03591	FtsN:b3933
K02548	MenA:b3930
K03667	HslU:b3931
K03764	MetJ:b3938
K01739	MetB:b3939
K00275	PdxH:b1638
K10773	Nth:b1633
K01866	TyrS:b1637
K00868	PdxY:b1636
K00799	Gst:b1635
K06861	LptB:b3201
K10440	RbsC:b3750
K10439	RbsB:b3751
K07637	PhoQ:b1129
K01258	PepT:b1127
K11072	PotA:b1126
K11071	PotB:b1125
K11070	PotC:b1124
K11069	PotD:b1123
K12410	CobB:b1120
K01626	AroH:b1704
K01007	PpsA:b1702
K10806	YciA:b1253
K03820	Lnt:b0657
K10003	GltJ:b0654
K10001	GltI:b0655
K10004	GltL:b0652
K10002	GltK:b0653
K04045	HscC:b0650
K01250	RihA:b0651
K03814	MtgA:b3208
K02837	PrfC:b4375
K08723	YjjG:b4374
K00564	RsmC:b4371
K14228	LeuQ:b4370
K03789	RimI:b4373
K02344	HolD:b4372
K01985	RrfC:b3759
K02760	ChbB:b1738
K00242	SdhD:b0722
K00239	SdhA:b0723
K01647	GltA:b0720
K00241	SdhC:b0721
K07306	DmsA:b0894
K00658	SucB:b0727
K00240	SdhB:b0724
K08219	YcaD:b0898
K01903	SucC:b0728
K03778	LdhA:b1380
K02618	PaaZ:b1387
K00276	TynA:b1386
K00146	FeaB:b1385
K14063	FeaR:b1384
K08223	Fsr:b0479
K06187	RecR:b0472
K04079	HtpG:b0473
K02343	DnaX:b0470
K01066	Aes:b0476
K00892	Gsk:b0477
K00939	Adk:b0474
K01772	HemH:b0475
K03578	HrpA:b1413
K01079	SerB:b4388
K10540	MglB:b2150
K07248	AldA:b1415
K03762	ProP:b4111
K07771	BasR:b4113
K07643	BasS:b4112
K03760	EptA:b4114
K01584	AdiA:b4117
K03755	AdiY:b4116
K02015	FecC:b4289
K02015	FecD:b4288
K02013	FecE:b4287
K03070	SecA:b0098
K03574	MutT:b0099
K02563	MurG:b0090
K01924	MurC:b0091
K01921	DdlB:b0092
K03589	FtsQ:b0093
K03590	FtsA:b0094
K03815	XapA:b2407
K02535	LpxC:b0096
K13301	SecM:b0097
K01198	YagH:b0271
K00611	ArgF:b0273
K05798	LeuO:b0076
K01652	IlvI:b0077
K01649	LeuA:b0074
K05995	PepE:b4021
K00052	LeuB:b0073
K03291	SetA:b0070
K01704	LeuD:b0071
K01653	IlvH:b0078
K02034	DdpC:b1485
K00286	ProC:b0386
K01921	DdlA:b0381
K01077	PhoA:b0383
K00891	AroL:b0388
K10555	LsrB:b1516
K02416	FliM:b1945
K01985	RrfB:b3971
K00969	NadD:b0639
K00684	Aat:b0885
K14236	TyrU:b3977
K01191	MngB:b0732
K00426	CydB:b0734
K14236	TyrT:b1231
K14236	TyrV:b1230
K08325	YqhD:b3011
K06221	DkgA:b3012
K02621	ParC:b3019
K00655	PlsC:b3018
K05515	MrdA:b0635
K00058	SerA:b2913
K00820	GlmS:b3729
K02040	PstS:b3728
K03488	BglG:b3723
K02755	BglF:b3722
K01223	BglB:b3721
K04691	DegS:b3235
K04772	DegQ:b3234
K03402	ArgR:b3237
K00024	Mdh:b3236
K10558	LsrA:b1513
K01356	LexA:b4043
K00901	DgkA:b4042
K02033	NikB:b3477
K02035	NikA:b3476
K01708	GarD:b3128
K03291	SetC:b3659
K03313	NhaA:b0019
K00042	GarR:b3125
K00865	GarK:b3124
K12299	GarP:b3127
K01630	GarL:b3126
K03655	RecG:b3652
K00556	TrmH:b3651
K01139	SpoT:b3650
K01586	LysA:b2838
K03116	TatA:b3836
K03772	FkpA:b3347
K03183	UbiE:b3833
K02355	FusA:b3340
K00757	Udp:b3831
K01061	YsgA:b3830
K08311	RppH:b2830
K04082	HscB:b2527
K00925	AckA:b2296
K13788	Pta:b2297
K03775	SlyD:b3349
K07751	PepB:b2523
K05939	Aas:b2836
K01112	YfbT:b2293
K05846	YehY:b2130
K01483	AllA:b0505
K02031	NikD:b3479
K05589	FtsB:b2748
K00573	Pcm:b2743
K03087	RpoS:b2741
K01770	IspF:b2746
K00991	IspD:b2747
K03787	SurE:b2744
K06176	TruD:b2745
K01813	RhaA:b3903
K01629	RhaD:b3902
K03534	RhaM:b3901
K11201	FrvA:b3900
K02854	RhaR:b3906
K02855	RhaS:b3905
K00848	RhaB:b3904
K04564	SodA:b3908
K11203	FryC:b2386
K02399	FlgN:b1070
K07660	PhoP:b1130
K01756	PurB:b1131
K00566	MnmA:b1133
K12152	NudJ:b1134
K06181	RluE:b1135
K00031	Icd:b1136
K00432	BtuE:b1710
K02032	OppF:b1247
K04764	IhfA:b1712
K01890	PheT:b1713
K01889	PheS:b1714
K02035	OppA:b1243
K02887	RplT:b1716
K04072	AdhE:b1241
K02520	InfC:b1718
K01868	ThrS:b1719
K02026	YcjP:b1312
K02774	SgcB:b4565
K14223	GlnV:b0665
K06131	Cls:b1249
K02458	GspI:b3330
K14228	LeuV:b4368
K14228	LeuP:b4369
K02523	IspB:b3187
K02317	DnaT:b4362
K02315	DnaC:b4361
K01692	PaaG:b1394
K00074	PaaH:b1395
K02614	PaaI:b1396
K02615	PaaJ:b1397
K02611	PaaC:b1390
K02612	PaaD:b1391
K02613	PaaE:b1392
K01692	PaaF:b1393
K01912	PaaK:b1398
K01673	Can:b0126
K02790	MalX:b1621
K14155	MalY:b1622
K01488	Add:b1623
K10000	ArtP:b0864
K11066	AmiD:b0867
K05522	Nei:b0714
K09998	ArtM:b0861
K02902	RpmB:b3637
K09997	ArtI:b0863
K09999	ArtQ:b0862
K02913	RpmG:b3636
K00598	Tam:b1519
K06193	YjdM:b4108
K00981	YnbB:b1409
K02043	PhnF:b4102
K06165	PhnH:b4100
K06166	PhnG:b4101
K02041	PhnC:b4106
K02042	PhnE:b4104
K02044	PhnD:b4105
K01714	YjhH:b4298
K03088	FecI:b4293
K02016	FecB:b4290
K01687	YjhG:b4297
K11178	PaoB:b0285
K11177	PaoC:b0284
K13483	PaoA:b0286
K10108	MalE:b4034
K10111	MalK:b4035
K10110	MalG:b4032
K10109	MalF:b4033
K08368	YaaU:b0045
K08138	XylE:b4031
K01525	ApaH:b0049
K00287	FolA:b0048
K03181	UbiC:b4039
K07659	OmpR:b3405
K00912	LpxK:b0915
K11938	Cof:b0446
K06920	QueC:b0444
K12500	FadM:b0443
K00945	Cmk:b0910
K03770	PpiD:b0441
K03530	HupB:b0440
K00979	KdsB:b0918
K06148	MdlB:b0449
K06147	MdlA:b0448
K14228	LeuT:b3798
K02056	YtfR:b4485
K01977	RrsA:b3851
K13641	IclR:b4018
K00540	YghA:b3003
K01760	MetC:b3008
K03592	PmbA:b4235
K02492	HemA:b1210
K02558	Mpl:b4233
K00885	NanK:b3222
K01788	NanE:b3223
K03290	NanT:b3224
K01639	NanA:b3225
K02082	AgaS:b3136
K02400	FlhA:b1879
K05501	SlmA:b3641
K01626	AroG:b0754
K00942	Gmk:b3648
K03060	RpoZ:b3649
K10984	AgaB:b3138
K10985	AgaC:b3139
K01520	Dut:b3640
K08302	KbaY:b3137
K00762	PyrE:b3642
K00989	Rph:b3643
K00917	KbaZ:b3132
K02745	AgaV:b3133
K02081	AgaR:b3131
