K08517	Sec22:YLR268W
K11756	Rsc2:YLR357W
K01689	Err3:YMR323W
K14564	Nop56:YLR197W
K11268	Eco1:YFR027W
K08335	Atg14:YBR128C
sce_YNL300W	Tos6:YNL300W
K02896	Rpl24b:YGR148C
K01870	Ism1:YPL040C
K05389	Tok1:YJL093C
K01265	Map1:YLR244C
K11368	Sus1:YBR111W-A
K00900	Fbp26:YJL155C
K02219	Cks1:YBR135W
K11132	Est1:YLR233C
K04563	Cdc28:YBR160W
K01487	Gud1:YDL238C
K05917	Erg11:YHR007C
K06648	Swi6:YLR182W
K02272	Cox8:YLR395C
K01663	His7:YBR248C
K14227	Ti(Aau)e1:tI_AAU_E1
K14227	Ti(Aau)e2:tI_AAU_E2
K01869	Nam2:YLR382C
sce_YKL096W-A	Cwp2:YKL096W-A
K01840	Sec53:YFL045C
K09245	Uga3:YDL170W
K00615	Tkl2:YBR117C
K06123	Ayr1:YIL124W
K10589	Hul5:YGL141W
K08967	Adi1:YMR009W
K09548	Pfd1:YJL179W
K10743	Rnh201:YNL072W
K09184	Gat1:YFL021W
K08139	Hxt9:YJL219W
K00924	Elm1:YKL048C
K11228	Ste11:YLR362W
K00777	Rit1:YMR283C
K01410	Oct1:YKL134C
K00027	Mae1:YKL029C
K03234	Ria1:YNL163C
K12847	Sad1:YFR005C
K12772	Sps4:YOR313C
K01530	Drs2:YAL026C
K11099	Smx2:YFL017W-A
K02736	Pre4:YFR050C
K11293	Hir1:YBL008W
K02146	Vma6:YLR447C
K01940	Arg1:YOL058W
K12834	Rds3:YPR094W
K00624	Yat1:YAR035W
K08139	Hxt11:YOL156W
K06683	Cdc15:YAR019C
K06662	Rad24:YER173W
K14236	Sup8:tY_GUA_M2
K14221	Td(Guc)j2:tD_GUC_J2
K14236	Sup5:tY_GUA_M1
K09265	Smp1:YBR182C
K10968	Mnt2:YGL257C
K00859	Cab5:YDR196C
K14223	Tq(Uug)e2:tQ_UUG_E2
K02210	Mcm7:YBR202W
K14223	Tq(Uug)e1:tQ_UUG_E1
K01372	Lap3:YNL239W
K00587	Ste14:YDR410C
K09250	Gis2:YNL255C
K02151	Vma7:YGR020C
K02917	Rpl33a:YPL143W
K14237	Tv(Aac)m3:tV_AAC_M3
K14237	Tv(Aac)m2:tV_AAC_M2
K14237	Tv(Aac)m1:tV_AAC_M1
K12606	Caf40:YNL288W
K01958	Pyc2:YBR218C
K01876	Msd1:YPL104W
K01764	Cyc3:YAL039C
K00567	Mgt1:YDL200C
K10245	Fen1:YCR034W
K00767	Bna6:YFR047C
K06685	Mob1:YIL106W
K05754	Arc15:YIL062C
K10251	Ifa38:YBR159W
K10742	Dna2:YHR164C
K08492	Ufe1:YOR075W
K03015	Rpb7:YDR404C
K02021	Mdl1:YLR188W
K08338	Atg10:YLL042C
K02929	Rpl42b:YHR141C
K00053	Ilv5:YLR355C
K01067	Ach1:YBL015W
K02940	Rpl9b:YNL067W
K14547	Utp8:YGR128C
K08735	Msh2:YOL090W
sce_YLR300W	Exg1:YLR300W
K11235	Mfa2:YNL145W
K05283	Gwt1:YJL091C
K10746	Exo1:YOR033C
K03885	Ndi1:YML120C
K02889	Rpl21a:YBR191W
K12732	Aro10:YDR380W
K14299	Seh1:YGL100W
K08343	Atg3:YNR007C
K01626	Aro3:YDR035W
K10865	Mre11:YMR224C
K11664	Vps72:YDR485C
K01184	Pgu1:YJR153W
K00721	Dpm1:YPR183W
K02134	Atp16:YDL004W
K07976	Ypt53:YNL093W
K13288	Rex2:YLR059C
K06654	Pho80:YOL001W
K02866	Rpl10:YLR075W
K06689	Ubc5:YDR059C
K02135	Atp15:YPL271W
K09241	Gal4:YPL248C
K09680	Cab1:YDR531W
K01126	Pgc1:YPL206C
K00900	Pfk27:YOL136C
K11569	Dad4:YDR320C-A
K03138	Tfg1:YGR186W
K12581	Pop2:YNR052C
K13524	Uga1:YGR019W
K02541	Mcm3:YEL032W
K11806	Sof1:YLL011W
K00993	Ept1:YHR123W
K01497	Rib1:YBL033C
K02735	Pup3:YER094C
K14191	Dim1:YPL266W
K02987	Rps4b:YHR203C
K00540	Jlp1:YLL057C
K00924	Ctk3:YML112W
K01958	Pyc1:YGL062W
K00799	Ure2:YNL229C
K00908	Cmk2:YOL016C
K00641	Met2:YNL277W
K11873	Ubp10:YNL186W
K05956	Bet2:YPR176C
sce_YBL063W	Kip1:YBL063W
K11759	Rsc4:YKR008W
K09102	Ino2:YDR123C
K03246	Tif34:YMR146C
K00939	Adk1:YDR226W
K10088	Yos9:YDR057W
K10295	Hrt3:YLR097C
K09265	Rlm1:YPL089C
K02201	Cab4:YGR277C
K06659	Clb3:YDL155W
K12274	Sec72:YLR292C
K14229	Tk(Cuu)d2:tK_CUU_D2
K14229	Tk(Cuu)d1:tK_CUU_D1
K09584	Mpd1:YOR288C
K03448	Fen2:YCR028C
K14402	Cft2:YLR115W
K00101	Cyb2:YML054C
K11128	Gar1:YHR089C
K14232	Suf2:tP_AGG_C
K11575	Cep3:YMR168C
K14232	Suf10:tP_AGG_N
K11673	Arp8:YOR141C
K08282	Ypk2:YMR104C
K03143	Tfb4:YPR056W
K14298	Gle2:YER107C
sce_YNR044W	Aga1:YNR044W
K14005	Sec31:YDL195W
K00698	Chs2:YBR038W
K06009	Yps1:YLR120C
K03644	Lip5:YOR196C
K02949	Rps11b:YBR048W
K01897	Faa4:YMR246W
K02144	Vma13:YPR036W
K03264	Tif6:YPR016C
sce_YLR037C	Pau23:YLR037C
K15542	Pfs2:YNL317W
K08287	Kns1:YLL019C
K01424	Asp3-2:YLR157C
K00966	Psa1:YDL055C
K04649	Ubc1:YDR177W
K13341	Pex7:YDR142C
K03239	Gcn3:YKR026C
K13719	Otu1:YFL044C
K03504	Pol32:YJR043C
K05955	Ram2:YKL019W
K11541	Ura2:YJL130C
sce_YJL078C	Pry3:YJL078C
K01624	Fba1:YKL060C
K12853	Snu114:YKL173W
K11374	Elp2:YGR200C
K08139	Hxt10:YFL011W
K00963	Ugp1:YKL035W
K11117	Stn1:YDR082W
K04567	Msk1:YNL073W
K09240	Cat8:YMR280C
K00902	Sec59:YMR013C
K02350	Rev3:YPL167C
sce_YKR037C	Spc34:YKR037C
K09495	Cct3:YJL014W
K14224	Te(Cuc)d:tE_CUC_D
K12232	Hul4:YJR036C
K14224	Te(Cuc)i:tE_CUC_I
K09359	MatAlpha2:YCR039C
K00486	Bna4:YBL098W
K00728	Pmt1:YDL095W
K01802	Cpr1:YDR155C
K14165	Yvh1:YIR026C
K11772	Swi3:YJL176C
K04711	Ydc1:YPL087W
K06666	Tup1:YCR084C
K05287	Gpi11:YDR302W
K03364	Cdh1:YGL003C
K01867	Msw1:YDR268W
K04555	Ubc7:YMR022W
K01647	Cit3:YPR001W
K06215	Snz3:YFL059W
K04797	Gim5:YML094W
K14550	Utp10:YJL109C
K02433	Her2:YMR293C
K03844	Alg11:YNL048W
K08139	Hxt8:YJL214W
K00873	Pyk1:YAL038W
K14169	Ncs2:YNL119W
K01641	Erg13:YML126C
K05841	Atg26:YLR189C
K10736	Mcm10:YIL150C
K10405	Kar3:YPR141C
K12768	Zip1:YDR285W
K00637	Are2:YNR019W
K12588	Mtr3:YGR158C
K08192	Dal5:YJR152W
K05529	Mnn9:YPL050C
K01955	Cpa2:YJR109C
K02868	Rpl11b:YGR085C
K01867	Wrs1:YOL097C
K00616	Tal1:YLR354C
K13535	Cld1:YGR110W
K00921	Fab1:YFR019W
K03140	Taf14:YPL129W
K10862	Tdp1:YBR223C
K00036	Zwf1:YNL241C
K14561	Imp4:YNL075W
K11363	Sgf11:YPL047W
K11231	Sln1:YIL147C
sce_YOR010C	Tir2:YOR010C
K02983	Rps30a:YLR287C-A
K00606	Ecm31:YBR176W
K09243	Ume6:YDR207C
K02989	Rps5:YJR123W
K14221	Td(Guc)l1:tD_GUC_L1
K14221	Td(Guc)l2:tD_GUC_L2
K14218	Ta(Agc)k1:tA_AGC_K1
K14407	Rna15:YGL044C
K02937	Rlp7:YNL002C
K01649	Leu4:YNL104C
K02142	Atp18:YML081C-A
K07975	Rho3:YIL118W
K03024	Rpc31:YNL151C
K12182	Vps27:YNR006W
K06133	Lys5:YGL154C
K05864	Cpr6:YLR216C
K01637	Icl1:YER065C
K00872	Thr1:YHR025W
K00418	Qcr8:YJL166W
sce_YAR050W	Flo1:YAR050W
K14528	Pop8:YBL018C
K00988	Apa2:YDR530C
K06649	Swi4:YER111C
K14537	Nog2:YNR053C
K11839	Ubp5:YER144C
K14224	Te(Uuc)e2:tE_UUC_E2
K14224	Te(Uuc)e3:tE_UUC_E3
K14224	Te(Uuc)e1:tE_UUC_E1
K01866	Tys1:YGR185C
K02924	Rpl39:YJL189W
K00974	Cca1:YER168C
K01922	Cab2:YIL083C
K12845	Snu13:YEL026W
K05765	Cof1:YLL050C
K11313	Spt3:YDR392W
K14307	Nup49:YGL172W
K03267	Sup35:YDR172W
K13025	Fal1:YDR021W
K00948	Prs3:YHL011C
K06173	Pus1:YPL212C
K14004	Sec13:YLR208W
K07974	Ras1:YOR101W
K04564	Sod2:YHR008C
K01187	Ima2:YOL157C
K14565	Nop58:YOR310C
K02925	Rpl3:YOR063W
K09498	Cct6:YDR188W
K03495	Mto1:YGL236C
K12868	Syf2:YGR129W
K03030	Rpn11:YFR004W
K13953	Adh2:YMR303C
K02951	Rps12:YOR369C
K11681	Swr1:YDR334W
K11121	Hst3:YOR025W
K13989	Dfm1:YDR411C
K10956	Ssh1:YBR283C
K10967	Ktr3:YBR205W
K00728	Pmt3:YOR321W
sce_YML104C	Mdm1:YML104C
K03017	Rpb9:YGL070C
K13954	Adh4:YGL256W
K15543	Ref2:YDR195W
K13939	Fol1:YNL256W
K01835	Pgm3:YMR278W
K12774	Mam1:YER106W
K04564	Mrp1:YDR347W
K03135	Taf11:YML015C
K00100	Aad3:YCR107W
sce_YDR016C	Dad1:YDR016C
K01530	Dnf1:YER166W
K14563	Nop1:YDL014W
K08734	Mlh1:YMR167W
K07974	Rhb1:YCR027C
K12416	Swm1:YDR260C
K14568	Emg1:YLR186W
K02136	Atp3:YBR039W
K10846	Rad2:YGR258C
K02923	Rpl38:YLR325C
K02155	Tfp3:YPL234C
K06647	Mbp1:YDL056W
K00763	Npt1:YOR209C
K00521	Fre6:YLL051C
K11667	Ies6:YEL044W
K13108	Pml1:YLR016C
K07975	Rho2:YNL090W
K14237	Tv(Aac)g1:tV_AAC_G1
K12881	Yra1:YDR381W
K02900	Rpl28:YGL103W
K03021	Ret1:YOR207C
K14230	Imt1:tM_CAU_O1
K00134	Tdh3:YGR192C
K11996	Uba4:YHR111W
K00414	Cor1:YBL045C
K05605	Ehd3:YDR036C
K00616	Nqm1:YGR043C
K01196	Gdb1:YPR184W
K11684	Bdf2:YDL070W
K02607	Orc5:YNL261W
K14229	Tk(Cuu)e1:tK_CUU_E1
K14229	Tk(Cuu)e2:tK_CUU_E2
K01930	Met7:YOR241W
K01247	Mag1:YER142C
K09830	Erg3:YLR056W
K14288	Los1:YKL205W
K04802	Pol30:YBR088C
K12855	Prp6:YBR055C
K13519	Ale1:YOR175C
K13339	Pex6:YNL329C
K07976	Sec4:YFL005W
K11756	Rsc1:YGR056W
K12882	Sto1:YMR125W
K00237	Sdh4:YDR178W
K01409	Kae1:YKR038C
K00088	Imd3:YLR432W
K14227	Ti(Aau)b:tI_AAU_B
sce_YJR004C	Sag1:YJR004C
K03860	Gpi1:YGR216C
K14227	Ti(Aau)g:tI_AAU_G
K14227	Ti(Aau)d:tI_AAU_D
K00550	Opi3:YJR073C
K01090	Ppg1:YNR032W
K13357	Spo1:YNL012W
K02868	Rpl11a:YPR102C
sce_YNL225C	Cnm67:YNL225C
sce_YHR193C	Egd2:YHR193C
K08681	Sno2:YNL334C
K02132	Atp1:YBL099W
K01802	Cwc27:YPL064C
K11273	Chl1:YPL008W
K07739	Elp3:YPL086C
K02261	Cox2:Q0250
K09265	Arg80:YMR042W
K07178	Rio1:YOR119C
K02207	Cdc34:YDR054C
K14554	Utp21:YLR409C
K14170	Pha2:YNL316C
K08139	Gal2:YLR081W
K14223	Cdc65:tQ_CUG_M
K14221	Td(Guc)k:tD_GUC_K
K00062	Ara2:YMR041C
K14221	Td(Guc)o:tD_GUC_O
K01507	Ppa2:YMR267W
K14221	Td(Guc)m:tD_GUC_M
K14171	Ahp1:YLR109W
K00100	Fox2:YKR009C
K01268	Lap4:YKL103C
K14221	Td(Guc)d:tD_GUC_D
K11269	Ctf18:YMR078C
K00863	Dak1:YML070W
K00643	Hem1:YDR232W
K05531	Mnn10:YDR245W
K14570	RNH70:YGR276C
K14227	Ti(Aau)p2:tI_AAU_P2
K07976	Ypt52:YKR014C
K08139	Rgt2:YDL138W
K09104	Cbf1:YJR060W
K02606	Orc4:YPR162C
K08139	Hxt15:YDL245C
K14376	Pap1:YKR002W
K10625	Ubr1:YGR184C
K00671	Nmt1:YLR195C
K03872	Elc1:YPL046C
K14539	Lsg1:YGL099W
K00830	Agx1:YFL030W
K05355	Coq1:YBR003W
K08516	Ykt6:YKL196C
K03885	Nde2:YDL085W
K10524	Nrk1:YNL129W
K00003	Hom6:YJR139C
K02138	Atp7:YKL016C
K01476	Car1:YPL111W
K11776	Swp82:YFL049W
K08504	Bet1:YIL004C
K05284	Gpi14:YJR013W
K03350	Cdc27:YBL084C
K14962	SWD2:YKL018W
K01515	Ysa1:YBR111C
K14227	Ti(Uau)l:tI_UAU_L
K03283	Ssa3:YBL075C
K03115	Ckb1:YGL019W
K14227	Ti(Uau)d:tI_UAU_D
K03348	Apc1:YNL172W
K03434	Gpi12:YMR281W
K01869	Cdc60:YPL160W
K14231	Tf(Gaa)h1:tF_GAA_H1
K14231	Tf(Gaa)h2:tF_GAA_H2
K00866	Cki1:YLR133W
K08141	Mal11:YGR289C
K11888	Sts1:YIR011C
K14220	Tn(Guu)p:tN_GUU_P
K11786	Sth1:YIL126W
K14220	Tn(Guu)l:tN_GUU_L
K14220	Tn(Guu)k:tN_GUU_K
K14234	Tt(Ugu)g2:tT_UGU_G2
K14234	Tt(Ugu)g1:tT_UGU_G1
K02141	Atp14:YLR295C
K14220	Tn(Guu)g:tN_GUU_G
K14220	Tn(Guu)f:tN_GUU_F
K11215	Ste12:YHR084W
K14220	Tn(Guu)c:tN_GUU_C
K11562	Nnf1:YJR112W
K11379	Yng1:YOR064C
K02830	Rad17:YOR368W
K01736	Aro2:YGL148W
K03848	Alg6:YOR002W
K01530	Neo1:YIL048W
K02984	Rps1a:YLR441C
K01834	Gpm3:YOL056W
K14234	Tt(Ugu)q1:tT_UGU_Q1
K11763	Rsc9:YML127W
K03031	Rpn12:YFR052W
K14152	His4:YCL030C
K08783	Ecm14:YHR132C
K02180	Bub3:YOR026W
K06628	Cdc45:YLR103C
K09419	Hsf1:YGL073W
K14237	Tv(Aac)k1:tV_AAC_K1
K14237	Tv(Aac)k2:tV_AAC_K2
K03847	Alg12:YNR030W
K00281	Gcv2:YMR189W
K07952	Arl3:YPL051W
K14575	Afg2:YLR397C
sce_YNR067C	Dse4:YNR067C
sce_YIL011W	Tir3:YIL011W
K06679	Mad1:YGL086W
K11294	Nsr1:YGR159C
K00100	Aad10:YJR155W
sce_YAL044C	Gcv3:YAL044C
K02304	Met8:YBR213W
K01880	Grs2:YPR081C
K12613	Dcp2:YNL118C
K11775	Snf12:YNR023W
K00591	Coq3:YOL096C
K06013	Ste24:YJR117W
K10703	Phs1:YJL097W
K00965	Gal7:YBR018C
K11713	Cdc43:YGL155W
K12619	Rat1:YOR048C
K04564	Rsm26:YJR101W
K12626	Lsm7:YNL147W
K14228	Tl(Uag)l1:tL_UAG_L1
sce_YHR143W	Dse2:YHR143W
K00670	Nat1:YDL040C
K00995	Pgs1:YCL004W
K00924	Ssn3:YPL042C
K14405	Fip1:YJR093C
K02155	Cup5:YEL027W
K14225	Tg(Gcc)m:tG_GCC_M
sce_YMR305C	Scw10:YMR305C
K00772	Meu1:YLR017W
K14225	Tg(Gcc)e:tG_GCC_E
K14225	Tg(Gcc)b:tG_GCC_B
K14225	Suf16:tG_GCC_C
K02858	Rib3:YDR487C
K08331	Atg13:YPR185W
K00547	Sam4:YPL273W
sce_YDR077W	Sed1:YDR077W
K02910	Rpl31b:YLR406C
K03846	Alg9:YNL219C
K04567	Krs1:YDR037W
K04371	Kss1:YGR040W
K00161	Pda1:YER178W
K01230	Mnl2:YLR057W
K04640	Gpa1:YHR005C
K00908	Cmk1:YFR014C
K10772	Apn2:YBL019W
K06673	Scc4:YER147C
sce_YDR130C	Fin1:YDR130C
K01383	Bar1:YIL015W
K06674	Smc2:YFR031C
K12618	Kem1:YGL173C
K02731	Pre6:YOL038W
K08141	Mph3:YJR160C
K01923	Ade1:YAR015W
K00521	Fre5:YOR384W
K14649	Taf8:YML114C
K01514	Ppx1:YHR201C
K11092	Lea1:YPL213W
K10858	Pms1:YNL082W
K12596	Trf5:YNL299W
K03039	Rpn9:YDR427W
K03016	Rpb8:YOR224C
K01656	Trp3:YKL211C
K03085	Sic1:YLR079W
K02537	Mad2:YJL030W
K02981	Rps2:YGL123W
K00428	Ccp1:YKR066C
K01057	Sol4:YGR248W
K01251	Sah1:YER043C
K02871	MrpL23:YOR150W
sce_YDR055W	Pst1:YDR055W
K03232	Efb1:YAL003W
K11434	Hmt1:YBR034C
K01652	Ilv2:YMR108W
sce_YLR040C	YLR040C:YLR040C
K05544	Dus3:YLR401C
K13342	Pex5:YDR244W
K07977	Arf2:YDL137W
K03000	Rpa12:YJR063W
K02966	Rps19b:YNL302C
K09518	Hlj1:YMR161W
K00318	Put1:YLR142W
K03258	Tif3:YPR163C
K09238	Ace2:YLR131C
K03242	Gcd11:YER025W
K10258	Tsc13:YDL015C
K12815	Prp16:YKR086W
K11663	Vps71:YML041C
K01423	Icp55:YER078C
K12578	Lcd1:YDR499W
K13126	Pab1b:YER165W
K10885	Yku80:YMR106C
K08293	Smk1:YPR054W
K14222	Tc(Gca)g:tC_GCA_G
K14222	Tc(Gca)b:tC_GCA_B
sce_YDR233C	Rtn1:YDR233C
K03131	Taf6:YGL112C
K08330	Atg11:YPR049C
K01104	Mtm1:YGR257C
K01868	Ths1:YIL078W
K11338	Rvb2:YPL235W
K03358	Apc11:YDL008W
K11135	Pxr1:YGR280C
K01424	Asp3-1:YLR155C
K08139	Hxt13:YEL069C
K11226	Ste7:YDL159W
K02894	Rpl23a:YBL087C
K01127	YJL132W:YJL132W
K04354	Cdc55:YGL190C
K03842	Alg1:YBR110W
K06009	Mkc7:YDR144C
K11554	Ctf19:YPL018W
K04082	Jac1:YGL018C
K00968	Pct1:YGR202C
K11501	Ctf3:YLR381W
K08197	Arn2:YHL047C
K01529	Dbp8:YHR169W
K12668	Ost2:YOR103C
K12597	Air2:YDL175C
K02962	Rps17b:YDR447C
K00004	Bdh2:YAL061W
K11672	Arp5:YNL059C
K11213	Ste2:YFL026W
K02327	Pol3:YDL102W
K00134	Tdh2:YJR009C
K01953	Asn1:YPR145W
K12670	Wbp1:YEL002C
K11560	Dsn1:YIR010W
K05290	Gpi8:YDR331W
K02947	Rps10a:YOR293W
K00088	Imd4:YML056C
K04348	Cna1:YLR433C
K14219	Hsx1:tR_CCU_J
K06072	Lia1:YJR070C
K14219	Tr(Ucu)g1:tR_UCU_G1
K14219	Tr(Ucu)g3:tR_UCU_G3
K14219	Tr(Ucu)g2:tR_UCU_G2
K03036	Rpn6:YDL097C
K08851	Bud32:YGR262C
K01111	Dog2:YHR043C
K12589	Rrp42:YDL111C
K00134	Tdh1:YJL052W
K06668	Gin4:YDR507C
K11371	Ahc2:YCR082W
K00931	Pro1:YDR300C
K12591	Rrp6:YOR001W
K03231	Tef1:YPR080W
K01598	Cab3:YKL088W
K00599	Rmt2:YDR465C
K01529	Dbp9:YLR276C
K14543	Mtr2:YKL186C
K08660	Dug1:YFR044C
K00416	Qcr6:YFR033C
K08860	Gcn2:YDR283C
K09247	Hap1:YLR256W
K01090	Ptc4:YBR125C
K00162	Pdb1:YBR221C
K03283	Ssa1:YAL005C
K08507	Use1:YGL098W
K01689	Eno2:YHR174W
K03235	Hef3:YNL014W
K01783	Rpe1:YJL121C
K14237	Tv(Aac)o:tV_AAC_O
K03245	Hcr1:YLR192C
K00804	Bts1:YPL069C
K14237	Tv(Aac)j:tV_AAC_J
K14237	Tv(Aac)h:tV_AAC_H
K01918	Pan6:YIL145C
K10956	Sec61:YLR378C
K11121	Sir2:YDL042C
K09481	Sbh1:YER087C-B
K09248	Put3:YKL015W
K13338	Pex1:YKL197C
K13367	Fms1:YMR020W
K02139	Atp17:YDR377W
sce_YNL126W	Spc98:YNL126W
K05954	Ram1:YDL090C
K01106	Inp52:YNL106C
K08513	Snc2:YOR327C
K00693	Gsy1:YFR015C
K02947	Rps10b:YMR230W
K03259	Cdc33:YOL139C
K14229	Suf4:tG_UCC_G
K11770	Sfh1:YLR321C
K14224	Soe1:tE_UUC_G1
K14229	Suf6:tG_UCC_N
K14229	Suf1:tG_UCC_O
K05749	Kre28:YDR532C
K10969	Mnt3:YIL014W
K03029	Rpn10:YHR200W
K14559	MPP10:YJR002W
K12814	Prp2:YNR011C
K05530	Van1:YML115C
K01164	Pop1:YNL221C
K01719	Hem4:YOR278W
K12624	Lsm5:YER146W
sce_YNL066W	Sun4:YNL066W
K09481	Sbh2:YER019C-A
K03063	Rpt3:YDR394W
K03108	Srp72:YPL210C
K02332	Mip1:YOR330C
K09885	Aqy2:YLL052C
K02258	Cox11:YPL132W
K11788	Ade5:YGL234W
K00877	Thi20:YOL055C
K08054	Cne1:YAL058W
K10863	Hnt3:YOR258W
K05755	Arc19:YKL013C
K00844	Hxk1:YFR053C
K00413	Cyt1:YOR065W
K12345	Dfg10:YIL049W
K05663	Atm1:YMR301C
K01634	Dpl1:YDR294C
K01529	Slh1:YGR271W
K14309	Nic96:YFR002W
K00924	Yck1:YHR135C
K10866	Rad50:YNL250W
K08139	Hxt2:YMR011W
K14218	Ta(Agc)j:tA_AGC_J
K06678	Ycg1:YDR325W
K02991	Rps6b:YBR181C
K14234	Trt2:tT_CGU_K
K03283	Ssb1:YDL229W
K07432	Alg13:YGL047W
K15728	Pah1:YMR165C
K00850	Pfk2:YMR205C
K14233	Ts(Aga)e:tS_AGA_E
K14233	Ts(Aga)b:tS_AGA_B
K01647	Cit2:YCR005C
K00002	Adh7:YCR105W
K14233	Ts(Aga)a:tS_AGA_A
K11367	Chd1:YER164W
K14233	Ts(Aga)l:tS_AGA_L
K02976	Rps26b:YER131W
K14233	Ts(Aga)j:tS_AGA_J
K14233	Ts(Aga)h:tS_AGA_H
K14017	Snl1:YIL016W
K01529	Rad5:YLR032W
K03687	Mge1:YOR232W
K00814	Alt1:YLR089C
K11679	Ies5:YER092W
K10415	Pac11:YDR488C
K00033	Gnd2:YGR256W
K01526	Gda1:YEL042W
K04441	Hog1:YLR113W
K02885	Rpl19b:YBL027W
K00100	Aad4:YDL243C
sce_YOR382W	Fit2:YOR382W
K07573	Csl4:YNL232W
K08333	Vps15:YBR097W
K09503	Ydj1:YNL064C
K00555	Trm1:YDR120C
K03132	Taf7:YMR227C
K00854	Xks1:YGR194C
K12198	Vps60:YDR486C
K10570	Rad28:YDR030C
K00877	Thi21:YPL258C
K02149	Vma8:YEL051W
K11274	Ctf4:YPR135W
K07203	Tor2:YKL203C
K11644	Sin3:YOL004W
K08850	Ipl1:YPL209C
K10872	Dmc1:YER179W
K02896	Rlp24:YLR009W
K09647	Imp1:YMR150C
K06699	Blm10:YFL007W
K11251	Hta1:YDR225W
K14676	Nte1:YML059C
K00927	Pgk1:YCR012W
K01695	Trp5:YGL026C
K02262	Cox3:Q0275
K11551	Chl4:YDR254W
K01170	Sen2:YLR105C
K01254	Lap2:YNL045W
K11270	Ctf8:YHR191C
K00766	Trp4:YDR354W
K12848	Snu23:YDL098C
K14401	Cft1:YDR301W
K02998	Rps0a:YGR214W
K15634	YOR283W:YOR283W
K01720	Pdh1:YPR002W
K01537	Pmc1:YGL006W
K03234	Eft1:YOR133W
K13507	Gpt2:YKR067W
K02960	Rps16a:YMR143W
K03010	Rpb2:YOR151C
K03386	Tsa1:YML028W
K12873	Bud31:YCR063W
K01528	Dnm1:YLL001W
K01886	Gln4:YOR168W
K02309	Dbf4:YDR052C
K12412	Mcm1:YMR043W
K12196	Vps4:YPR173C
K10632	Etp1:YHL010C
K14050	Bet4:YJL031C
K10643	Mot2:YER068W
K12818	Prp22:YER013W
K01834	Gpm2:YDL021W
K03671	Trx1:YLR043C
K09500	Cct8:YJL008C
K10878	Spo11:YHL022C
K03660	Ogg1:YML060W
K01463	Nta1:YJR062C
K00100	Gcy1:YOR120W
K00275	Pdx3:YBR035C
K00688	Gph1:YPR160W
K01078	Ltp1:YPR073C
K14219	Tr(Acg)k:tR_ACG_K
K14219	Tr(Acg)j:tR_ACG_J
K14219	Tr(Acg)l:tR_ACG_L
K14219	Tr(Acg)o:tR_ACG_O
K10418	Dyn2:YDR424C
K02918	Rpl35b:YDL136W
K14219	Tr(Acg)e:tR_ACG_E
K14219	Tr(Acg)d:tR_ACG_D
K01784	Gal10:YBR019C
K09051	Sko1:YNL167C
K00004	Bdh1:YAL060W
K05294	Bst1:YFL025C
K02993	Rps7a:YOR096W
sce_YIL144W	Tid3:YIL144W
K11849	Ubp2:YOR124C
K12609	Caf120:YNL278W
K00948	Prs4:YBL068W
K00943	Cdc8:YJR057W
K02730	Scl1:YGL011C
sce_YJL159W	Hsp150:YJL159W
K02872	Rpl16a:YIL133C
K00077	Pan5:YHR063C
K01681	Aco2:YJL200C
K14168	Ncs6:YGL211W
K14549	Utp15:YMR093W
K14227	Ti(Aau)i1:tI_AAU_I1
K14227	Ti(Aau)i2:tI_AAU_I2
K12193	Vps24:YKL041W
K03841	Fbp1:YLR377C
K11341	Yaf9:YNL107W
K03025	Rpc34:YNR003C
K14225	Tg(Gcc)o1:tG_GCC_O1
K11768	Arp9:YMR033W
K01868	Mst1:YKL194C
sce_YKL096W	Cwp1:YKL096W
K00381	Met5:YJR137C
K14219	Tr(Ucu)b:tR_UCU_B
K05393	Gef1:YJR040W
K14219	Tr(Ucu)e:tR_UCU_E
K14219	Tr(Ucu)d:tR_UCU_D
K14219	Tr(Ucu)k:tR_UCU_K
K12625	Lsm6:YDR378C
K02872	Rpl16b:YNL069C
K02266	Cox13:YGL191W
K00540	Fet5:YFL041W
K11423	Set2:YJL168C
K03126	Taf12:YDR145W
K03361	Cdc4:YFL009W
K00102	Dld1:YDL174C
K00549	Met6:YER091C
K05310	Las21:YJL062W
K00972	Qri1:YDL103C
K01507	Ipp1:YBR011C
K01739	YML082W:YML082W
K09466	Adr1:YDR216W
K11407	Hda1:YNL021W
K03515	Rev1:YOR346W
K14817	Loc1:YFR001W
K02932	Rpl5:YPL131W
K12590	Rrp46:YGR095C
K06646	Cln3:YAL040C
K00611	Arg3:YJL088W
sce_YGR113W	Dam1:YGR113W
K13348	Sym1:YLR251W
K02999	Rpa190:YOR341W
K03671	Trx2:YGR209C
K08596	Ulp2:YIL031W
K03537	Pop5:YAL033W
K01697	Cys4:YGR155W
K00764	Ade4:YMR300C
K00994	Cpt1:YNL130C
K14016	Ufd1:YGR048W
K00008	Sor1:YJR159W
K12189	Vps25:YJR102C
sce_YPL130W	Spo19:YPL130W
K04078	Hsp10:YOR020C
K07942	Arl1:YBR164C
K14221	Td(Guc)g1:tD_GUC_G1
K14221	Td(Guc)g2:tD_GUC_G2
K01950	Qns1:YHR074W
K11556	Ame1:YBR211C
K14237	Tv(Aac)g3:tV_AAC_G3
K14237	Tv(Aac)g2:tV_AAC_G2
K11684	Bdf1:YLR399C
K00380	Met10:YFR030W
K11497	Mif2:YKL089W
K14403	Ysh1:YLR277C
K11682	Swc3:YAL011W
K00432	Gpx2:YBR244W
K05537	Ktr6:YPL053C
K00849	Gal3:YDR009W
K10755	Rfc4:YOL094C
K11229	Bck1:YJL095W
K01755	Arg4:YHR018C
K00601	Ade8:YDR408C
K00697	Tps1:YBR126C
K12612	Dcp1:YOL149W
K00838	Aro8:YGL202W
K09485	Sse1:YPL106C
K01529	Dbp5:YOR046C
K12197	Did2:YKR035W-A
K01488	Aah1:YNL141W
K12621	Lsm2:YBL026W
K00938	Erg8:YMR220W
K03014	Rpo26:YPR187W
K11398	Eaf5:YEL018W
K02326	Dpb4:YDR121W
K10591	Rsp5:YER125W
K11984	Snu66:YOR308C
K01591	Ura3:YEL021W
K00948	Prs5:YOL061W
K12771	Sps1:YDR523C
K02865	Rpl1a:YPL220W
K09539	Pam18:YLR008C
K12811	Prp5:YBR237W
K02955	Rps14b:YJL191W
K12188	Snf8:YPL002C
K11360	Spt8:YLR055C
K03008	Rpb11:YOL005C
K11403	Sas5:YOR213C
K01178	Bsc1:YDL037C
K00021	Hmg2:YLR450W
K14224	Te(Uuc)c:tE_UUC_C
K14224	Te(Uuc)l:tE_UUC_L
K14224	Te(Uuc)m:tE_UUC_M
K14224	Te(Uuc)i:tE_UUC_I
K14224	Te(Uuc)j:tE_UUC_J
K14224	Te(Uuc)k:tE_UUC_K
K14224	Te(Uuc)p:tE_UUC_P
K14224	Te(Uuc)q:tE_UUC_Q
K14411	Hrp1:YOL123W
K08165	Atr1:YML116W
K11365	Sgf73:YGL066W
K14407	Pti1:YGR156W
K02885	Rpl19a:YBR084C-A
K02259	Cox15:YER141W
K14675	Tgl3:YMR313C
K14018	Doa1:YKL213C
K01939	Ade12:YNL220W
K07750	Erg25:YGR060W
K01752	Cha1:YCL064C
K14024	Usa1:YML029W
K14230	Imt3:tM_CAU_J3
K14219	Emt3:tM_CAU_J2
K14219	Emt5:tM_CAU_J1
K08139	Hxt1:YHR094C
K02873	Rpl13b:YMR142C
K09522	Zuo1:YGR285C
K02896	Rpl24a:YGL031C
K00637	Are1:YCR048W
K01655	Lys20:YDL182W
K12659	Arg5:YER069W
K11761	Npl6:YMR091C
K02734	Pre1:YER012W
K11872	Ubp13:YBL067C
K11339	Eaf3:YPR023C
K12604	Cdc39:YCR093W
K03257	Tif1:YKR059W
K03034	Rpn4:YDL020C
sce_YMR307W	Gas1:YMR307W
K09554	Cdc37:YDR168W
K13237	Sps19:YNL202W
K02918	Rpl35a:YDL191W
K05536	Mnn5:YJL186W
K00286	Pro3:YER023W
K01116	Plc1:YPL268W
K08294	Mkk2:YPL140C
K01090	Ppz1:YML016C
K00122	Fdh1:YOR388C
K01698	Hem2:YGL040C
K03231	Hbs1:YKR084C
K02214	Cdc7:YDL017W
K02627	Pds1:YDR113C
K05288	Gpi13:YLL031C
K14228	Tl(Uag)j:tL_UAG_J
K11766	Rsc58:YLR033W
K05289	Gaa1:YLR088W
K06126	Coq6:YGR255C
K14228	Tl(Uaa)k:tL_UAA_K
K14228	Sup51:tL_UAA_J
K14228	Tl(Uaa)n:tL_UAA_N
K14228	Tl(Uaa)l:tL_UAA_L
K02882	Rpl20a:YMR242C
K03238	Sui3:YPL237W
sce_YGR282C	Bgl2:YGR282C
K14228	Tl(Uaa)d:tL_UAA_D
K03097	Cka2:YOR061W
K12195	Vps20:YMR077C
K08963	Mri1:YPR118W
K00288	Ade3:YGR204W
K01768	Cyr1:YJL005W
K12598	Mtr4:YJL050W
K07977	Arf1:YDL192W
K09202	Swi5:YDR146C
K06630	Bmh1:YER177W
K11758	Rsc30:YHR056C
K06665	Cyc8:YBR112C
K00851	YDR248C:YDR248C
K01687	Ilv3:YJR016C
K01551	Get3:YDL100C
K06636	Smc1:YFL008W
K00507	Ole1:YGL055W
K06027	Sec18:YBR080C
K10884	Yku70:YMR284W
K08508	Spo20:YMR017W
K06661	Rad9:YDR217C
K00759	Apt2:YDR441C
K12275	Sec62:YPL094C
K00297	Met12:YPL023C
K01657	Trp2:YER090W
sce_YIL123W	Sim1:YIL123W
K08294	Mkk1:YOR231W
K09648	Imp2:YMR035W
K07760	Sgv1:YPR161C
sce_YKL117W	Sba1:YKL117W
K01170	Sen15:YMR059W
K00654	Lcb2:YDR062W
K01689	Err1:YOR393W
K01228	Cwh41:YGL027C
K00801	Erg9:YHR190W
K14572	Mdn1:YLR106C
K13721	Ape2:YKL157W
K14227	Ti(Aau)n1:tI_AAU_N1
K14227	Ti(Aau)n2:tI_AAU_N2
K14223	Tq(Uug)l:tQ_UUG_L
K14546	Utp5:YDR398W
K14223	Tq(Uug)h:tQ_UUG_H
K00100	Aad14:YNL331C
K01170	Sen54:YPL083C
K12691	Ost5:YGL226C-A
K14223	Tq(Uug)c:tQ_UUG_C
K02209	Mcm5:YLR274W
K02922	Rpl37a:YLR185W
K06664	Pex2:YJL210W
K12599	Ski2:YLR398C
K08339	Atg5:YPL149W
K08737	Msh6:YDR097C
K11115	Cdc13:YDL220C
K01613	Psd2:YGR170W
K13617	Ppe1:YHR075C
K01104	Ptp2:YOR208W
K11361	Spt20:YOL148C
K12859	Dib1:YPR082C
K01381	Pep4:YPL154C
K01893	Ded81:YHR019C
K01288	Kex1:YGL203C
K09291	Mlp2:YIL149C
K11375	Elp4:YPL101W
K00693	Gsy2:YLR258W
K05543	Smm1:YNR015W
K02147	Vma2:YBR127C
K11322	Epl1:YFL024C
sce_YBR301W	Pau24:YBR301W
K01702	Leu1:YGL009C
sce_YKL163W	Pir3:YKL163W
K08150	Itr1:YDR497C
K03353	Cdc16:YKL022C
K00540	Oar1:YKL055C
K02912	Rpl32:YBL092W
K14236	Sup4:tY_GUA_J2
K14236	Sup7:tY_GUA_J1
K00863	Dak2:YFL053W
K00100	Ypr1:YDR368W
sce_YJL158C	Cis3:YJL158C
K10747	Cdc9:YDL164C
K12870	Isy1:YJR050W
K11254	Hhf1:YBR009C
K04710	Lac1:YKL008C
K03165	Top3:YLR234W
K00787	Erg20:YJL167W
K00063	Ara1:YBR149W
K07976	Ypt32:YGL210W
K12819	Slu7:YDR088C
sce_YKL042W	Spc42:YKL042W
K06663	Ddc1:YPL194W
K14237	Tv(Aac)l:tV_AAC_L
K14222	Tc(Gca)p1:tC_GCA_P1
K14222	Tc(Gca)p2:tC_GCA_P2
K06018	Ppn1:YDR452W
K14234	Tt(Agu)o2:tT_AGU_O2
K14234	Tt(Agu)o1:tT_AGU_O1
K01090	Ptc2:YER089C
K12767	Rim15:YFL033C
K05824	Lys12:YIL094C
K00294	Put2:YHR037W
K09242	Leu3:YLR451W
sce_YDR534C	Fit1:YDR534C
K14560	Imp3:YHR148W
K01935	Bio4:YNR057C
K12669	Ost3:YOR085W
K11364	Sgf29:YCL010C
sce_YGR189C	Crh1:YGR189C
K02150	Vma4:YOR332W
K08342	Atg4:YNL223W
K03544	Mcx1:YBR227C
K11126	Est2:YLR318W
K03506	Dpb3:YBR278W
K01760	Irc7:YFR055W
K03849	Alg8:YOR067C
sce_YML124C	Tub3:YML124C
K09051	Hac1:YFL031W
K10661	Ssm4:YIL030C
K00817	His5:YIL116W
K01873	Vas1:YGR094W
sce_YHR064C	Ssz1:YHR064C
K14219	Emt1:tM_CAU_D
K14230	Imt4:tM_CAU_E
K06651	Clb6:YGR109C
K01937	Ura8:YJR103W
K04708	Tsc10:YBR265W
K14230	Tm(Cau)c:tM_CAU_C
K14219	Emt4:tM_CAU_M
K08139	Hxt16:YJR158W
K14230	Imt2:tM_CAU_P
K11396	Yng2:YHR090C
K06063	Prp45:YAL032C
K05821	Aro9:YHR137W
K11244	Wsc2:YNL283C
K06269	Glc7:YER133W
K01120	Pde1:YGL248W
K03163	Top1:YOL006C
K12585	Dis3:YOL021C
K04640	Gpa2:YER020W
K10838	Rad4:YER162C
K10597	Ufd2:YDL190C
K04464	Slt2:YHR030C
K01580	Gad1:YMR250W
K01104	Ptp3:YER075C
K03114	Swe1:YJL187C
K14399	Clp1:YOR250C
K12615	Edc3:YEL015W
K01689	Eno1:YGR254W
sce_YEL040W	Utr2:YEL040W
K00849	Gal1:YBR020W
K02917	Rpl33b:YOR234C
K11648	Snf5:YBR289W
K14655	Rib2:YOL066C
K01537	Pmr1:YGL167C
K09553	Sti1:YOR027W
K06116	Rhr2:YIL053W
K10696	Bre1:YDL074C
K00668	Fas1:YKL182W
K00128	Ald4:YOR374W
K02957	Rps22a:YJL190C
K07390	Grx5:YPL059W
K11677	Ies3:YLR052W
K07972	Ste4:YOR212W
K06650	Cln2:YPL256C
K09468	Msn2:YMR037C
K03235	Yef3:YLR249W
sce_YHR211W	Flo5:YHR211W
K00861	Fmn1:YDR236C
sce_YJL042W	Mhp1:YJL042W
K14235	Tw(Uca)q:tW_UCA_Q
K02883	Rpl18b:YNL301C
K08075	Tpp1:YMR156C
K09499	Cct7:YJL111W
K10981	Pol4:YCR014C
K10807	Rnr3:YIL066C
K00698	Chs1:YNL192W
K11662	Arp6:YLR085C
K00540	Fet3:YMR058W
K01424	Asp3-3:YLR158C
K10771	Apn1:YKL114C
K02962	Rps17a:YML024W
K14567	Utp14:YML093W
K11778	Rer2:YBR002C
K09043	Cad1:YDR423C
K03522	Aim45:YPR004C
K06067	Rpd3:YNL330C
K12272	Srp102:YKL154W
K01098	Cet1:YPL228W
K00133	Hom2:YDR158W
sce_YMR116C	Asc1:YMR116C
K00412	Cob:Q0105
K03781	Cta1:YDR256C
K02908	Rpl30:YGL030W
K13509	Slc1:YDL052C
K02256	Ai5_alpha:Q0070
K01529	Hca4:YJL033W
K00021	Hmg1:YML075C
K02983	Rps30b:YOR182C
K01803	Tpi1:YDR050C
K01952	Ade6:YGR061C
K10739	Rfa2:YNL312W
sce_YER011W	Tir1:YER011W
K12820	Prp43:YGL120C
sce_YLR045C	Stu2:YLR045C
K08486	Sso2:YMR183C
sce_YLR110C	Ccw12:YLR110C
K00799	Gtt1:YIR038C
K04382	Pph21:YDL134C
K03037	Rpn7:YPR108W
K10868	Xrs2:YDR369C
K01930	Rma1:YKL132C
K00262	Gdh3:YAL062W
K11119	Rif2:YLR453C
K08337	Atg7:YHR171W
K03260	YGR162W:YGR162W
K12605	Cdc36:YDL165W
K12620	Lsm1:YJL124C
K14224	Te(Uuc)g2:tE_UUC_G2
K14224	Te(Uuc)g3:tE_UUC_G3
K01210	Exg2:YDR261C
K00031	Idp3:YNL009W
K11552	Mcm21:YDR318W
K11676	Ies2:YNL215W
K06655	Pho85:YPL031C
K10896	Mph1:YIR002C
K12821	Prp40:YKL012W
K04345	Tpk1:YJL164C
K08141	Mph2:YDL247W
K01068	Tes1:YJR019C
K11254	Hhf2:YNL030W
K13344	Pex13:YLR191W
K01424	Asp1:YDR321W
K02905	Rpl29:YFR032C-A
K01264	Ape3:YBR286W
K01647	Cit1:YNR001C
K02985	Rps3:YNL178W
K00894	Eki1:YDR147W
K02434	Pet112:YBL080C
K11267	Pds5:YMR076C
K15918	Tda10:YGR205W
sce_YDR356W	Spc110:YDR356W
K03134	Taf10:YDR167W
K02960	Rps16b:YDL083C
K09578	Ess1:YJR017C
K04799	Rad27:YKL113C
K12770	Gip1:YBR045C
K12765	Ime2:YJL106W
K10848	Rad1:YPL022W
K11427	Dot1:YDR440W
K14264	Bna3:YJL060W
K06641	Dun1:YDL101C
K01749	Hem3:YDL205C
K05542	Dus1:YML080W
sce_YNL327W	Egt2:YNL327W
K03754	Gcd7:YLR291C
K13511	Taz1:YPR140W
K00088	Imd2:YHR216W
K14396	Sgn1:YIR001C
K01104	Ptp1:YDL230W
K03178	Uba1:YKL210W
K14234	Tt(Ugu)p:tT_UGU_P
K02989	Rsm7:YJR113C
sce_YGL075C	Mps2:YGL075C
K03004	Rpa43:YOR340C
K11574	Cbf2:YGR140W
K08197	Enb1:YOL158C
K14234	Tt(Ugu)h:tT_UGU_H
K08150	Itr2:YOL103W
K08736	Msh3:YCR092C
K01057	Sol1:YNR034W
K00551	Cho2:YGR157W
K14522	Pop3:YNL282W
K12880	Tex1:YNL253W
K04713	Sur2:YDR297W
K11764	Ldb7:YBL006C
K02941	Rpp0:YLR340W
K00706	Fks3:YMR306W
K14219	Tr(Ucu)j2:tR_UCU_J2
K02220	Clb1:YGR108W
K14219	Tr(Ucu)j1:tR_UCU_J1
K14234	Tt(Agu)n1:tT_AGU_N1
K14234	Tt(Agu)n2:tT_AGU_N2
K06316	Rft1:YBL020W
K11096	Smd2:YLR275W
K14237	Tv(Aac)e2:tV_AAC_E2
K14237	Tv(Aac)e1:tV_AAC_E1
K00111	Gut2:YIL155C
K01874	Msm1:YGR171C
K11559	Mtw1:YAL034W-A
K03003	Rpa34:YJL148W
K12184	Vps28:YPL065W
sce_YGL093W	Spc105:YGL093W
K02927	Rpl40a:YIL148W
K11262	Acc1:YNR016C
K05609	Yuh1:YJR099W
K04077	Hsp60:YLR259C
K00107	Alo1:YML086C
K01760	Str3:YGL184C
K03359	Cdc26:YFR036W
K14292	Tgs1:YPL157W
K03678	Rrp45:YDR280W
K14403	Syc1:YOR179C
K01469	Oxp1:YKL215C
K14233	Sup16:tS_UGA_P
K09281	Cup2:YGL166W
K10627	Rad18:YCR066W
K04627	Ste3:YKL178C
K12600	Ski3:YPR189W
K12200	Rim20:YOR275C
K02910	Rpl31a:YDL075W
sce_YER150W	Spi1:YER150W
K13830	Aro1:YDR127W
K03351	Apc4:YDR118W
K08489	Tlg2:YOL018C
K14233	Sup19:tS_UGA_E
K14233	Sup17:tS_UGA_I
K03064	Rpt4:YOR259C
K01187	Fsp2:YJL221C
K14231	Tf(Gaa)p1:tF_GAA_P1
K14231	Tf(Gaa)p2:tF_GAA_P2
K11786	Snf2:YOR290C
K01178	Sga1:YIL099W
K03283	Ssa2:YLL024C
K05291	Gpi17:YDR434W
K00262	Gdh1:YOR375C
K00873	Pyk2:YOR347C
K08334	Vps30:YPL120W
K03032	Rpn2:YIL075C
K11122	Sir3:YLR442C
K02838	Rrf1:YHR038W
K01814	His6:YIL020C
K01457	Dur1:YBR208C
K10967	Ktr1:YOR099W
K11773	Snf6:YHL025W
K11843	Ubp6:YFR010W
K15544	Ssu72:YNL222W
sce_YOL155C	Hpf1:YOL155C
sce_YKL052C	Ask1:YKL052C
K03243	Fun12:YAL035W
K02966	Rps19a:YOL121C
K01937	Ura7:YBL039C
K02178	Bub1:YGR188C
K00833	Bio3:YNR058W
K02727	Pre10:YOR362C
K05759	Pfy1:YOR122C
K12829	Cus1:YMR240C
K13996	Eps1:YIL005W
K01802	Fpr3:YML074C
K02955	Rps14a:YCR031C
K00797	Spe3:YPR069C
K04798	Yke2:YLR200W
sce_YMR215W	Gas3:YMR215W
K02202	Kin28:YDL108W
sce_YBR078W	Ecm33:YBR078W
K11002	Eri1:YPL096C-A
K02256	Ai4:Q0065
K00006	Gpd1:YDL022W
K01568	Pdc1:YLR044C
K01900	Lsc2:YGR244C
K00762	Ura10:YMR271C
K12872	Ecm2:YBR065C
K08098	Smp3:YOR149C
K00560	Cdc21:YOR074C
K00045	Dsf1:YEL070W
K10873	Rad52:YML032C
K00802	Spe4:YLR146C
K03027	Rpc40:YPR110C
K12773	Spr3:YGR059W
K03248	Tif35:YDR429C
K08852	Ire1:YHR079C
K12760	Cln1:YMR199W
K11246	Sho1:YER118C
K02974	Rps24a:YER074W
K03033	Rpn3:YER021W
K00869	Erg12:YMR208W
K01530	Dnf3:YMR162C
K06943	Nog1:YPL093W
K09464	Gcn4:YEL009C
K09450	Tec1:YBR083W
K08497	Sec20:YDR498C
sce_YOR257W	Cdc31:YOR257W
K11324	Swc4:YGR002C
K12851	Prp38:YGR075C
K00814	Alt2:YDR111C
K02729	Pup2:YGR253C
K12160	Smt3:YDR510W
K14300	Nup133:YKR082W
K03514	Pap2:YOL115W
K03854	Ktr4:YBR199W
K00698	Chs3:YBR023C
K00412	Bi3:Q0115
K03002	Rpa135:YPR010C
K00667	Fas2:YPL231W
K00327	Ncp1:YHR042W
K02873	Rpl13a:YDL082W
K11230	Ssk2:YNR031C
K07975	Rho4:YKR055W
K02997	Rps9a:YPL081W
K00658	Kgd2:YDR148C
K06659	Clb4:YLR210W
K01456	Png1:YPL096W
sce_YDL204W	Rtn2:YDL204W
K02646	Pho2:YDL106C
K14289	Msn5:YDR335W
K03854	Ktr2:YKR061W
K12592	Lrp1:YHR081W
K01115	Spo14:YKR031C
K02976	Rps26a:YGL189C
K08139	Hxt7:YDR342C
K02127	Atp4:YPL078C
K03240	Gcd6:YDR211W
K06134	Cat5:YOR125C
K00390	Met16:YPR167C
K12617	Pat1:YCR077C
K00987	Ceg1:YGL130W
K02984	Rps1b:YML063W
K12190	Vps36:YLR417W
K02995	Rps8a:YBL072C
K14326	Nam7:YMR080C
K02265	Cox4:YGL187C
K03122	Toa1:YOR194C
K14227	Ti(Aau)l1:tI_AAU_L1
K13343	Pex14:YGL153W
K04532	Ula1:YPL003W
K14551	Utp9:YHR196W
K14225	Tg(Gcc)j1:tG_GCC_J1
K14225	Tg(Gcc)j2:tG_GCC_J2
K02726	Pre8:YML092C
K02979	Rps28a:YOR167C
K12780	Rec8:YPR007C
sce_YMR117C	Spc24:YMR117C
K14404	Yth1:YPR107C
K05275	YPR127W:YPR127W
K09827	Erg27:YLR100W
K03859	Gpi2:YPL076W
K01758	Cys3:YAL012W
K01057	Sol3:YHR163W
K12828	Hsh155:YMR288W
K14526	Pop7:YBR167C
K11871	Ubp7:YIL156W
K06677	Ycs4:YLR272C
K10777	Dnl4:YOR005C
K12492	Gcs1:YDL226C
K15541	Mpe1:YKL059C
K11762	Rsc8:YFR037C
K12816	Cdc40:YDR364C
K14327	Nmd2:YHR077C
K02875	Rpl14a:YKL006W
K09043	Yap1:YML007W
K08711	Pdr5:YOR153W
K12609	Skg3:YLR187W
K11235	Mfa1:YDR461W
K02542	Mcm6:YGL201C
K03020	Rpc19:YNL113W
K06630	Bmh2:YDR099W
K01880	Grs1:YBR121C
K04393	Cdc42:YLR229C
K15628	Pxa2:YKL188C
K00620	Arg7:YMR062C
K09831	Erg5:YMR015C
K07562	Nmd3:YHR170W
K07442	Gcd14:YJL125C
sce_YAL063C	Flo9:YAL063C
K02365	Esp1:YGR098C
K03133	Fap7:YDL166C
K14233	Ts(Aga)g:tS_AGA_G
K11241	Dig1:YPL049C
K00008	Sor2:YDL246C
K11253	Hht2:YNL031C
K00058	Ser3:YER081W
K12883	Cbc2:YPL178W
K01535	Pma2:YPL036W
K11870	Ubp1:YDL122W
K02964	Rps18a:YDR450W
K11370	Ahc1:YOR023C
K10958	Rad57:YDR004W
K10590	Ufd4:YKL010C
K02938	Rpl2b:YIL018W
K00058	Ser33:YIL074C
K11377	Elp6:YMR312W
K03011	Rpb3:YIL021W
K02216	Chk1:YBR274W
K14233	Ts(Aga)m:tS_AGA_M
K02920	Rpl36b:YPL249C-A
K04382	Pph22:YDL188C
K07252	Cax4:YGR036C
K02973	Rps23a:YGR118W
K02928	Rpl41a:YDL184C
K03843	Alg2:YGL065C
K06672	Scc2:YDR180W
K02883	Rpl18a:YOL120C
K14227	Ti(Aau)p1:tI_AAU_P1
K08874	Tra1:YHR099W
K01895	Acs1:YAL054C
K10669	Tpt1:YOL102C
K01520	Dut1:YBR252W
K11292	Spt6:YGR116W
K02974	Rps24b:YIL069C
K09485	Sse2:YBR169C
K09568	Fpr1:YNL135C
K08513	Snc1:YAL030W
K02940	Rpl9a:YGL147C
K00600	Shm1:YBR263W
K13953	Adh1:YOL086C
K05758	Arc35:YNR035C
K08141	Mal31:YBR298C
K00605	Gcv1:YDR019C
K01739	YLL058W:YLL058W
K12614	Dhh1:YDL160C
K11252	Htb1:YDR224C
K14236	Sup6:tY_GUA_F2
K14236	Sup11:tY_GUA_F1
K02331	Pol5:YEL055C
K14013	Ubx2:YML013W
K07179	Rio2:YNL207W
K14263	Bna7:YDR428C
K02877	Rpl15a:YLR029C
K06689	Ubc4:YBR082C
K03007	Rpb10:YOR210W
sce_YBL034C	Stu1:YBL034C
K00011	Gre3:YHR104W
K03019	Rpc11:YDR045C
K08139	Hxt4:YHR092C
K08486	Sso1:YPL232W
sce_YKR083C	Dad2:YKR083C
K06062	Gcn5:YGR252W
K06670	Mcd1:YDL003W
K10881	Sem1:YDR363W-A
K00260	Gdh2:YDL215C
K00026	Mdh3:YDL078C
K03869	Cul3:YGR003W
K11087	Smd1:YGR074W
K12577	Fob1:YDR110W
K02891	Rpl22a:YLR061W
sce_YLR390W-A	Ccw14:YLR390W-A
K03509	Rad30:YDR419W
K03253	Prt1:YOR361C
K00645	Mct1:YOR221C
K10731	Sld3:YGL113W
K09291	Mlp1:YKR095W
K11366	Ubp8:YMR223W
K14154	Thi6:YPL214C
K02427	Trm7:YBR061C
K01082	Met22:YOL064C
K02540	Mcm2:YBL023C
K00791	Mod5:YOR274W
K11841	Ubp3:YER151C
K03142	Ssl1:YLR005W
K06687	Net1:YJL076W
K00888	Pik1:YNL267W
K13950	Abz1:YNR033W
K07466	Rfa1:YAR007C
K11362	Hfi1:YPL254W
K06210	Nma2:YGR010W
K06682	Tem1:YML064C
K12261	YEL020C:YEL020C
K00765	His1:YER055C
K00924	Mck1:YNL307C
K02220	Clb2:YPR119W
K07541	Pbn1:YCL052C
K00819	Car2:YLR438W
K14315	Ndc1:YML031W
K02555	Mih1:YMR036C
K01705	Lys4:YDR234W
K08508	Sec9:YGR009C
K01477	Dal2:YIR029W
K01336	Prb1:YEL060C
K01495	Fol2:YGR267C
K01637	Icl2:YPR006C
K02964	Rps18b:YML026C
K10686	Uba3:YPR066W
K07151	Stt3:YGL022W
K11824	Apl3:YBL037W
K01858	Ino1:YJL153C
K00412	Bi4:Q0120
K05534	Hoc1:YJR075W
K10842	Tfb3:YDR460W
K01262	Fra1:YLL029W
K03349	Apc2:YLR127C
K11482	Hos1:YPR068C
K08956	Afg3:YER017C
K14002	Scj1:YMR214W
K00287	Dfr1:YOR236W
K00670	Nat3:YPR131C
K02922	Rpl37b:YDR500C
K02140	Atp20:YPR020W
K12823	Dbp2:YNL112W
K00813	Aat2:YLR027C
K02930	Rpl4a:YBR031W
K03347	Cdc53:YDL132W
K03386	Prx1:YBL064C
K03107	Srp68:YPL243W
K06215	Snz1:YMR096W
K11088	Smd3:YLR147C
K02977	Rps31:YLR167W
K07936	Gsp1:YLR293C
K03035	Rpn5:YDL147W
K02181	Bfa1:YJR053W
K00100	Aad6:YFL056C
K06667	Cak1:YFL029C
K01265	Map2:YBL091C
K03386	Tsa2:YDR453C
sce_YGL061C	Duo1:YGL061C
K03233	Cam1:YPL048W
K02980	Rps29a:YLR388W
K00618	ARG2:YJL071W
K08968	Ykg9:YKL069W
K01527	Egd1:YPL037C
K03061	Rpt1:YKL145W
K01090	Ppq1:YPL179W
K10752	Hat2:YEL056W
K12411	Yhp1:YDR451C
K04718	Lcb5:YLR260W
K01823	Idi1:YPL117C
K01834	Gpm1:YKL152C
K10841	Rad26:YJR035W
K03850	Die2:YGR227W
K10413	Dyn1:YKR054C
K06660	Cdc5:YMR001C
K00924	Ctk2:YJL006C
K03845	Alg3:YBL082C
K02942	Rpp1a:YDL081C
K00290	Lys1:YIR034C
K07943	Cin4:YMR138W
K00382	Lpd1:YFL018C
K10755	Rfc2:YJR068W
K03854	Yur1:YJL139C
K03521	Cir1:YGR207C
K04482	Rad51:YER095W
K02263	Cox5a:YNL052W
K01866	Msy1:YPL097W
K06688	Ubc11:YOR339C
K02889	Rpl21b:YPL079W
K11121	Hst2:YPL015C
K12601	Ski8:YGL213C
K01743	Ccs1:YMR038C
K00627	Lat1:YNL071W
K08488	Vam3:YOR106W
K12844	Prp31:YGR091W
K00730	Ost4:YDL232W
K12761	Snf1:YDR477W
K11244	Wsc3:YOL105C
K11594	Dbp1:YPL119C
K00826	Bat2:YJR148W
K03097	Cka1:YIL035C
K02263	Cox5b:YIL111W
K08675	Pim1:YBL022C
K00082	Rib7:YBR153W
K11344	Eaf6:YJR082C
K11582	Sgo1:YOR073W
sce_YJL174W	Kre9:YJL174W
K11244	Slg1:YOR008C
K11838	Ubp15:YMR304W
K02943	Rpp2a:YOL039W
K11251	Htz1:YOL012C
K10773	Ntg1:YAL015C
K10908	Rpo41:YFL036W
K00664	Atf2:YGR177C
sce_YIR019C	Muc1:YIR019C
K02685	Pri2:YKL045W
K12627	Lsm8:YJR022W
sce_YIL051C	Mmf1:YIL051C
K11872	Ubp9:YER098W
K12862	Prp46:YPL151C
K10364	Cap1:YKL007W
K01452	Cda2:YLR308W
K01613	Psd1:YNL169C
K06658	Pho4:YFR034C
K04646	Chc1:YGL206C
K06902	Atg22:YCL038C
K00789	Sam1:YLR180W
K14233	Ts(Aga)d2:tS_AGA_D2
K14233	Ts(Aga)d1:tS_AGA_D1
K03123	Toa2:YKL058W
K00026	Mdh1:YKL085W
K01597	Mvd1:YNR043W
K01120	Pde2:YOR360C
K01872	Ala1:YOR335C
K12867	Syf1:YDR416W
K10352	Myo1:YHR023W
K01106	Inp54:YOL065C
K01529	Hfm1:YGL251C
K08178	Jen1:YKL217W
K02927	Rpl40b:YKR094C
sce_YPL255W	Bbp1:YPL255W
K01802	Cpr2:YHR057C
K14311	Nup188:YML103C
K09880	Utr4:YEL038W
K00664	Atf1:YOR377W
K01090	Ppz2:YDR436W
K00728	Pmt6:YGR199W
K10579	Ubc12:YLR306W
K00222	Erg24:YNL280C
K01817	Trp1:YDR007W
K00632	Pot1:YIL160C
K08139	Hxt17:YNR072W
K03144	Tfb2:YPL122C
K12776	Mek1:YOR351C
K01061	YDL086W:YDL086W
K03005	Rpa49:YNL248C
K01718	Pus2:YGL063W
sce_YAL047C	Spc72:YAL047C
K12831	Hsh49:YOR319W
K11402	Sas4:YDR181C
K02893	Rpl25:YOL127W
K11118	Rif1:YBR275C
K00604	Fmt1:YBL013W
K07897	Ypt7:YML001W
K08157	Tpo1:YLL028W
K14235	Tw(Cca)p:tW_CCA_P
sce_YER016W	Bim1:YER016W
K01012	Bio2:YGR286C
K08991	Mus81:YDR386W
K01951	Gua1:YMR217W
K09467	Mig1:YGL035C
K14235	Tw(Cca)m:tW_CCA_M
K00939	Adk2:YER170W
K14235	Tw(Cca)j:tW_CCA_J
K14235	Tw(Cca)k:tW_CCA_K
K11380	Nto1:YPR031W
K08490	Sed5:YLR026C
K14408	Rna14:YMR061W
K01490	Amd1:YML035C
K01655	Lys21:YDL131W
K01090	Fcp1:YMR277W
K02256	Cox1:Q0045
K08681	Sno1:YMR095C
K12830	Rse1:YML049C
sce_YBR067C	Tip1:YBR067C
K11132	Ebs1:YDR206W
K02605	Orc3:YLL004W
K00297	Met13:YGL125W
K01078	Dia3:YDL024C
K02870	Rpl12a:YEL054C
K03685	Rnt1:YMR239C
K00602	Ade16:YLR028C
K11359	Spt7:YBR081C
sce_YDR201W	Spc19:YDR201W
K02915	Rpl34a:YER056C-A
K09885	Aqy1:YPR192W
K10754	Rfc1:YOR217W
K02321	Pol12:YBL035C
K14558	Pwp2:YCR057C
K08493	Vti1:YMR197C
K01078	Pho11:YAR071W
K01890	Frs1:YLR060W
K12763	Sok2:YMR016C
K02128	Oli1:Q0130
K11561	Nsl1:YPL233W
K01412	Mas2:YHR024C
K01889	Msf1:YPR047W
K02978	Rps27a:YKL156W
K09424	Reb1:YBR049C
K00228	Hem13:YDR044W
K01090	Sit4:YDL047W
K00295	Mtd1:YKR080W
K14228	Tl(Gag)g:tL_GAG_G
K08282	Mrk1:YDL079C
K11680	Nhp10:YDL002C
K01802	Cpr7:YJR032W
K00432	Hyr1:YIR037W
sce_YDR071C	Paa1:YDR071C
K00223	Erg4:YGL012W
K11204	Gsh1:YJL101C
K02971	Rps21a:YKR057W
K08857	Kin3:YAR018C
K00384	Trr1:YDR353W
K12766	Rim11:YMR139W
K02738	Pre3:YJL001W
K01568	Thi3:YDL080C
K15053	YJL049W:YJL049W
K00033	Gnd1:YHR183W
K03257	Tif2:YJL138C
sce_YML085C	Tub1:YML085C
K11240	Msg5:YNL053W
K10751	Cac2:YML102W
K11253	Hht1:YBR010W
K01092	Inm2:YDR287W
K14233	Ts(Aga)d3:tS_AGA_D3
K01409	Qri7:YDL104C
K02991	Rps6a:YPL090C
K11771	Swi1:YPL016W
K12781	Mnd2:YIR025W
K14012	Shp1:YBL058W
K00784	Trz1:YKR079C
K13993	Hsp42:YDR171W
K06675	Smc4:YLR086W
K02179	Bub2:YMR055C
K02603	Orc1:YML065W
K01210	Spr1:YOR190W
K09358	HmrA1:YCR097W
K05538	Mnn1:YER001W
K07975	Rho1:YPR165W
K10735	Sld5:YDR489W
K12411	Yox1:YML027W
K13525	Cdc48:YDL126C
K14400	Pcf11:YDR228C
K14290	Crm1:YGR218W
K01568	Pdc6:YGR087C
K03236	Tif11:YMR260C
K01874	Mes1:YGR264C
K01802	Cpr3:YML078W
K12662	Prp4:YPR178W
K11129	Nhp2:YDL208W
K14225	Suf20:tG_GCC_F1
K14225	Tg(Gcc)f2:tG_GCC_F2
K08257	Dcw1:YKL046C
K13953	Adh5:YBR145W
K14566	Fcf1:YDR339C
K08501	Syn8:YAL014C
sce_YFL037W	Tub2:YFL037W
K11236	Cdc24:YAL041W
K02937	Rpl7b:YPL198W
K14237	Tv(Cac)h:tV_CAC_H
K01001	Alg7:YBR243C
K12199	Vta1:YLR181C
K10982	Lif1:YGL090W
K09359	HmlAlpha2:YCL067C
K01090	Ptc3:YBL056W
K12584	Dcs1:YLR270W
K05848	Ypc1:YBR183W
K03124	Sua7:YPR086W
K12260	Srx1:YKL086W
K04079	Hsc82:YMR186W
K11275	Hho1:YPL127C
K00432	Gpx1:YKL026C
K12608	Caf16:YFL028C
K00463	Bna2:YJR078W
K01183	Cts2:YDR371W
K10246	Sur4:YLR372W
K11484	Hos3:YPL116W
K03231	Tef2:YBR118W
K14548	Utp4:YDR324C
K01408	Ste23:YLR389C
K10733	Psf2:YJL072C
sce_YHR172W	Spc97:YHR172W
K00621	Gna1:YFL017C
K00121	Sfa1:YDL168W
K02973	Rps23b:YPR132W
K03022	Rpc25:YKL144C
K03507	Dpb11:YJL090C
K14233	Ts(Gcu)f:tS_GCU_F
K05757	Arc40:YBR234C
K01452	Cda1:YLR307W
K07974	Rsr1:YGR152C
K03106	Srp54:YPR088C
K14229	Tk(Uuu)g1:tK_UUU_G1
K14229	Tk(Uuu)g2:tK_UUU_G2
K00670	Ard1:YHR013C
K03680	Gcd2:YGR083C
K02958	Rps15:YOL040C
K02358	Tuf1:YOR187W
K01493	Dcd1:YHR144C
K01166	Rny1:YPL123C
K12778	Hop1:YIL072W
K02898	Rpl26b:YGR034W
K05546	Rot2:YBR229C
K04499	Rvb1:YDR190C
K10756	Rfc3:YNL290W
K04460	Ppt1:YGR123C
K02725	Pre5:YMR314W
K12603	Ccr4:YAL021C
K01883	YNL247W:YNL247W
K00761	Fur1:YHR128W
K00026	Mdh2:YOL126C
K09506	Jjj1:YNL227C
K03130	Taf5:YBR198C
K14544	Utp22:YGR090W
K06639	Cdc14:YFR028C
K01802	Cpr8:YNR028W
K00459	YJR149W:YJR149W
K00326	Cbr1:YIL043C
K14229	Tk(Uuu)p:tK_UUU_P
K14674	Tgl4:YKR089C
sce_YOR009W	Tir4:YOR009W
K01973	Trl1:YJL087C
K14293	Kap95:YLR347C
K13431	Srp101:YDR292C
K07976	Ypt10:YBR264C
K14229	Tk(Uuu)d:tK_UUU_D
K14221	Td(Guc)j3:tD_GUC_J3
K14221	Td(Guc)j1:tD_GUC_J1
K14221	Td(Guc)j4:tD_GUC_J4
K14229	Tk(Uuu)l:tK_UUU_L
K14229	Tk(Uuu)o:tK_UUU_O
K11251	Hta2:YBL003C
K14229	Tk(Uuu)k:tK_UUU_K
K00384	Trr2:YHR106W
K00586	Dph5:YLR172C
sce_YHR126C	Ans1:YHR126C
K00826	Bat1:YHR208W
K13337	Pex19:YDL065C
K02920	Rpl36a:YMR194W
K03352	Apc5:YOR249C
K00419	Qcr9:YGR183C
K08257	Dfg5:YMR238W
K00415	Qcr2:YPR191W
K12827	Prp9:YDL030W
K02894	Rpl23b:YER117W
sce_YDL049C	Knh1:YDL049C
K00809	Dys1:YHR068W
K08139	Snf3:YDL194W
K14218	Ta(Ugc)o:tA_UGC_O
K14218	Ta(Ugc)l:tA_UGC_L
K14218	Ta(Ugc)a:tA_UGC_A
K00700	Glc3:YEL011W
K14218	Ta(Ugc)g:tA_UGC_G
K14218	Ta(Ugc)e:tA_UGC_E
K10601	Hrd1:YOL013C
K05532	Mnn11:YJL183W
K07953	Sar1:YPL218W
K01599	Hem12:YDR047W
K09540	Sec63:YOR254C
K00599	Mrm1:YOR201C
K03261	Caf20:YOR276W
K03252	Nip1:YMR309C
K07976	Vps21:YOR089C
K14001	Sil1:YOL031C
K11422	Set1:YHR119W
sce_YOR230W	Wtm1:YOR230W
K00211	Tyr1:YBR166C
K01098	Ctl1:YMR180C
K10875	Rad54:YGL163C
K11718	Kre5:YOR336W
K02921	Rpl43b:YJR094W-A
K00226	Ura1:YKL216W
K01738	YGR012W:YGR012W
K01078	Pho12:YHR215W
K02967	Mrp4:YHL004W
K02936	Rpl8b:YLL045C
K05916	Yhb1:YGR234W
K07974	Ras2:YNL098C
K01610	Pck1:YKR097W
K07977	Arf3:YOR094W
K10839	Rad23:YEL037C
K03861	Gpi19:YDR437W
K03539	Rpp1:YHR062C
K02154	Stv1:YMR054W
K09359	HmrA2:YCR096C
K11778	Srt1:YMR101C
K03800	Aim22:YJL046W
K14219	Trr4:tR_CCG_L
K04554	Ubc6:YER100W
K14225	Suf3:tG_CCC_D
K10089	Mrl1:YPR079W
K01535	Pma1:YGL008C
sce_YJL026W	Rnr2:YJL026W
K14225	Suf5:tG_CCC_O
K06657	Pcl2:YDL127W
K14232	Suf7:tP_UGG_M
K14232	Tp(Ugg)l:tP_UGG_L
K01069	Glo2:YDR272W
K11130	Nop10:YHR072W-A
K14232	Suf8:tP_UGG_H
K14232	Suf9:tP_UGG_F
K11097	Sme1:YOR159C
K14232	Trn1:tP_UGG_A
K12187	Mvb12:YGR206W
K13953	Adh3:YMR083W
K11378	Sas3:YBL052C
K00697	Tps3:YMR261C
K14310	Nup192:YJL039C
K14228	Tl(Uag)l2:tL_UAG_L2
K00135	Uga2:YBR006W
K02267	Cox12:YLR038C
K02993	Rps7b:YNL096C
K00852	Rbk1:YCR036W
K01897	Faa2:YER015W
K08831	Sky1:YMR216C
K03456	Tpd3:YAL016W
K00129	Ald2:YMR170C
K11272	Mrc1:YCL061C
K12775	Lrs4:YDR439W
K00789	Sam2:YDR502C
K06117	Hor2:YER062C
K10844	Rad3:YER171W
K12161	Urm1:YIL008W
K01194	Ath1:YPR026W
K05351	Xyl2:YLR070C
K02942	Rpp1b:YDL130W
K04523	Dsk2:YMR276W
K09550	Gim3:YNL153C
K12667	Swp1:YMR149W
K12194	Snf7:YLR025W
K01802	Cpr4:YCR069W
K11576	Ctf13:YMR094W
K00924	Kin1:YDR122W
K01887	Rrs1:YDR341C
K06680	Mad3:YJL013C
K03254	Rpg1:YBR079C
K14228	Tl(Caa)d:tL_CAA_D
K00566	Slm3:YDL033C
K14228	Sup56:tL_CAA_A
K14228	Sup53:tL_CAA_C
K14228	Tl(Caa)m:tL_CAA_M
K14228	Tl(Caa)l:tL_CAA_L
K11227	Pbs2:YJL128C
K14228	Tl(Caa)n:tL_CAA_N
K14228	Tl(Caa)k:tL_CAA_K
K06676	Brn1:YBL097W
K01835	Pgm1:YKL127W
K14218	Ta(Agc)m1:tA_AGC_M1
K14218	Ta(Agc)m2:tA_AGC_M2
sce_YFL014W	Hsp12:YFL014W
K10592	Tom1:YDR457W
sce_YKL056C	Tma19:YKL056C
K09523	Jem1:YJL073W
K00940	Ynk1:YKL067W
K14226	Th(Gug)k:tH_GUG_K
K14226	Th(Gug)h:tH_GUG_H
K07976	Ypt6:YLR262C
K14226	Th(Gug)m:tH_GUG_M
K02213	Cdc6:YJL194W
sce_YMR294W	Jnm1:YMR294W
K13346	Pex10:YDR265W
K03857	Spt14:YPL175W
K14228	Sup54:tL_CAA_G2
K00236	Sdh3:YKL141W
K08329	Atg17:YLR423C
K14225	Tg(Gcc)g2:tG_GCC_G2
K12782	Ama1:YGR225W
K02355	Mef2:YJL102W
K14225	Tg(Gcc)g1:tG_GCC_G1
K11769	Htl1:YCR020W-B
K01638	Mls1:YNL117W
K00326	Mcr1:YKL150W
K00540	Irc24:YIR036C
K12863	Cwc15:YDR163W
K12783	Ssp1:YHR184W
K11808	Ade2:YOR128C
K02938	Rpl2a:YFR031C-A
K12858	Prp28:YDR243C
K14219	Emt2:tM_CAU_O2
K00383	Glr1:YPL091W
K11971	Itt1:YML068W
K00382	Irc15:YPL017C
K00999	Pis1:YPR113W
K08293	Mlp1:YKL161C
sce_YJR150C	Dan1:YJR150C
K02988	MrpS5:YBR251W
K01104	Sdp1:YIL113W
K02684	Pri1:YIR008C
K00914	Vps34:YLR240W
K03115	Ckb2:YOR039W
K02870	Rpl12b:YDR418W
K02901	Rpl27b:YDR471W
K02728	Pre9:YGR135W
K14569	Bms1:YPL217C
K01069	Glo4:YOR040W
K14225	Suf17:tG_GCC_O2
K02898	Rpl26a:YLR344W
K01802	Fpr4:YLR449W
K11399	Eaf7:YNL136W
K01170	Sen34:YAR008W
K11252	Htb2:YBL002W
K08740	Msh4:YFL003C
K00528	Arh1:YDR376W
K12576	Spo12:YHR152W
K08176	Pho84:YML123C
K03801	Lip2:YLR239C
sce_YJL160C	YJL160C:YJL160C
K08964	Mde1:YJR024C
K07874	Ypt1:YFL038C
K04345	Tpk2:YPL203W
K03854	Ktr5:YNL029C
K01529	Mak5:YBR142W
K03355	Cdc23:YHR166C
K00511	Erg1:YGR175C
K01230	Mns1:YJR131W
K00876	Urk1:YNR012W
K01764	Cyt2:YKL087C
K02831	Rad53:YPL153C
K01852	Erg7:YHR072W
K00860	Met14:YKL001C
K11599	Ump1:YBR173C
K02930	Rpl4b:YDR012W
K02978	Rps27b:YHR021C
K00844	Hxk2:YGL253W
K00864	Gut1:YHL032C
K00521	Fre7:YOL152W
K06125	Coq2:YNR041C
K10689	Pex4:YGR133W
sce_YOL030W	Gas5:YOL030W
K02608	Orc6:YHR118C
K14235	Tw(Cca)g1:tW_CCA_G1
K14235	Tw(Cca)g2:tW_CCA_G2
K10761	Thg1:YGR024C
K02519	Ifm1:YOL023W
K01611	Spe2:YOL052C
K14221	Td(Guc)i2:tD_GUC_I2
K14221	Td(Guc)i1:tD_GUC_I1
K02264	Cox6:YHR051W
K04709	Lag1:YHL003C
K03217	Oxa1:YER154W
K11271	Dcc1:YCL016C
K05533	Anp1:YEL036C
K02901	Rpl27a:YHR010W
K01240	Urh1:YDR400W
K04565	Sod1:YJR104C
K11116	Ten1:YLR010C
K12764	Ime1:YJR094C
sce_YPL124W	Spc29:YPL124W
K01681	Aco1:YLR304C
K01194	Nth1:YDR001C
K01193	Suc2:YIL162W
K13507	Sct1:YBL011W
sce_YHR129C	Arp1:YHR129C
K01897	Faa1:YOR317W
K01187	Mal32:YBR299W
K03260	YGL049C:YGL049C
K06210	Nma1:YLR328W
K01164	Rpm2:YML091C
K14226	Th(Gug)g1:tH_GUG_G1
K01536	Ena2:YDR039C
K01077	Pho8:YDR481C
K00231	Hem14:YER014W
K03262	Tif5:YPR041W
K09493	Tcp1:YDR212W
K12854	Brr2:YER172C
K07975	Rho5:YNL180C
K03128	Taf2:YCR042C
K07936	Gsp2:YOR185C
K11304	Esa1:YOR244W
K09549	Gim4:YEL003W
K01440	Pnc1:YGL037C
K11836	Ubp14:YBR058C
K02998	Rps0b:YLR048W
K00850	Pfk1:YGR240C
K01836	Pcm1:YEL058W
K02891	Rpl22b:YFL034C-A
K04409	Ste20:YHL007C
K11884	Pno1:YOR145C
K00959	Apa1:YCL050C
K06634	Ccl1:YPR025C
K10756	Rfc5:YBR087W
K11233	Ssk1:YLR006C
sce_YKR102W	Flo10:YKR102W
K02126	Atp6:Q0085
K08505	Sft1:YKL006C-A
K02125	Atp8:Q0080
K03023	Rpc82:YPR190C
K10577	Ubc9:YDL064W
K01529	Dbp10:YDL031W
K12948	Spc3:YLR066W
K00868	Bud16:YEL029C
K04348	Cmp2:YML057W
K01693	His3:YOR202W
K01885	Gus1:YGL245W
K10997	Tof1:YNL273W
sce_YER070W	Rnr1:YER070W
K01679	Fum1:YPL262W
K12817	Prp18:YGR006W
K09274	Rox1:YPR065W
K01792	YMR099C:YMR099C
K08592	Ulp1:YPL020C
sce_YGL028C	Scw11:YGL028C
K00820	Gfa1:YKL104C
K00844	Glk1:YCL040W
K01529	Ddp1:YOR163W
K11245	Mid2:YLR332W
K08564	Nyv1:YLR093C
K01638	Dal7:YIR031C
K11774	Snf11:YDR073W
K01466	Dal1:YIR027C
K00615	Tkl1:YPR074C
K08197	Arn1:YHL040C
K02137	Atp5:YDR298C
K09272	Pob3:YML069W
K10753	Asf1:YJL115W
K01426	Amd2:YDR242W
K11131	Cbf5:YLR175W
sce_YGR279C	Scw4:YGR279C
K02953	Rps13:YDR064W
K11230	Ssk22:YCR073C
K00928	Hom3:YER052C
K09829	Erg2:YMR202W
K06669	Smc3:YJL074C
K08956	Yta12:YMR089C
K01809	Pmi40:YER003C
K03283	Ssa4:YER103W
K08681	Sno3:YFL060C
K00328	Arg82:YDR173C
K01405	Prd1:YCL057W
K13993	Hsp26:YBR072W
K00981	Cds1:YBR029C
K01895	Acs2:YLR153C
K01870	Ils1:YBL076C
K01930	Fol3:YMR113W
K13289	Prc1:YMR297W
K03648	Ung1:YML021C
K03265	Sup45:YBR143C
K03263	Anb1:YJR047C
K07342	Sss1:YDR086C
sce_YMR006C	Plb2:YMR006C
K01739	Str2:YJR130C
K11874	Ubp16:YPL072W
K14225	Tg(Gcc)d2:tG_GCC_D2
K14225	Tg(Gcc)d1:tG_GCC_D1
K05692	Act1:YFL039C
K04716	Lcb3:YJL134W
K14557	Utp6:YDR449C
K02957	Rps22b:YLR367W
K02148	Vma5:YKL080W
K01802	Rrd2:YPL152W
K14226	Th(Gug)g2:tH_GUG_G2
K02915	Rpl34b:YIL052C
K00232	Pox1:YGL205W
K11758	Rsc3:YDR303C
K02183	Cmd1:YBR109C
K13280	Sec11:YIR022W
K01293	Cps1:YJL172W
K08341	Atg8:YBL078C
sce_YNL322C	Kre1:YNL322C
sce_YKR042W	Uth1:YKR042W
K01079	Ser2:YGR208W
K02143	Atp19:YOL077W-A
K14301	Nup84:YDL116W
K08744	Crd1:YDL142C
K11243	Fus1:YCL027W
K13800	Ura6:YKL024C
K03105	Sec65:YML105C
K08282	Ypk1:YKL126W
K03783	Pnp1:YLR209C
K14219	Tr(Ucu)m2:tR_UCU_M2
K14219	Tr(Ucu)m1:tR_UCU_M1
K10983	Nej1:YLR265C
K13345	Pex12:YMR026C
sce_YLR212C	Tub4:YLR212C
K00128	Ald6:YPL061W
K05756	Arc18:YLR370C
K08139	Hxt6:YDR343C
K00942	Guk1:YDR454C
K00856	Ado1:YJR105W
K01875	Dia4:YHR011W
K06100	Pta1:YAL043C
K07304	Mxr1:YER042W
K00565	Abd1:YBR236C
K02997	Rps9b:YBR189W
K09062	Opi1:YHL020C
K01897	Faa3:YIL009W
K00888	Stt4:YLR305C
K00818	Arg8:YOL140W
K08488	Pep12:YOR036W
K03360	Grr1:YJR090C
K00706	Gsc2:YGR032W
K11665	Ino80:YGL150C
K02987	Rps4a:YJR145C
K03177	Pus4:YNL292W
K12594	Mpp6:YNR024W
K09102	Ino4:YOL108C
K03657	Srs2:YJL092W
K00728	Pmt2:YAL023C
K02937	Rpl7a:YGL076C
K14573	Nop4:YPL043W
K10843	Ssl2:YIL143C
K06684	Dbf2:YGR092W
K00793	Rib5:YBR256C
K12191	Did4:YKL002W
K03094	Skp1:YDR328C
K04371	Fus3:YBL016W
K11232	Ypd1:YDL235C
K01103	YLR345W:YLR345W
K09486	Lhs1:YKL073W
K02934	Rpl6b:YLR448W
K03141	Tfb1:YDR311W
K08496	Bos1:YLR078C
K03013	Rpb5:YBR154C
K12879	Tho2:YNL139C
K02835	Mrf1:YGL143C
K00002	Adh6:YMR318C
K00052	Leu2:YCL018W
sce_YOR214C	YOR214C:YOR214C
K02269	Cox9:YDL067C
K02949	Rps11a:YDR025W
K12769	Ndt80:YHR124W
K14221	Td(Guc)b:tD_GUC_B
K02269	Cox7:YMR256C
K03133	Taf9:YMR236W
K03120	Spt15:YER148W
K00706	Fks1:YLR342W
K02969	Rps20:YHL015W
K14223	Tq(Uug)b:tQ_UUG_B
K13333	Plb3:YOL011W
K00521	Fre3:YOR381W
K00128	Ald5:YER073W
K03137	Tfa2:YKR062W
K00967	Muq1:YGR007W
K11883	Nob1:YOR056C
K10732	Psf1:YDR013W
K14231	Tf(Gaa)q:tF_GAA_Q
K02936	Rpl8a:YHL033C
K14231	Tf(Gaa)n:tF_GAA_N
K14231	Tf(Gaa)m:tF_GAA_M
K02154	Vph1:YOR270C
sce_YDR106W	Arp10:YDR106W
K14231	Tf(Gaa)g:tF_GAA_G
K14231	Tf(Gaa)f:tF_GAA_F
K11121	Hst1:YOL068C
K14231	Tf(Gaa)d:tF_GAA_D
K14231	Tf(Gaa)b:tF_GAA_B
K01885	Mse1:YOL033W
K13989	Der1:YBR201W
K01835	Pgm2:YMR105C
K03441	Fps1:YLL043W
K03868	Hrt1:YOL133W
K08741	Msh5:YDL154W
K10573	Rad6:YGL058W
K12580	Not3:YIL038C
K09423	Bas1:YKR099W
K00697	Tsl1:YML100W
K11303	Hat1:YPL001W
K08658	Rce1:YMR274C
K10276	Jhd1:YER051W
K08869	Abc1:YGL119W
K09467	Mig3:YER028C
K02677	Pkc1:YBL105C
K01111	Dog1:YHR044C
K10599	Prp19:YLL036C
K09569	Fpr2:YDR519W
K02995	Rps8b:YER102W
K04794	Pth2:YBL057C
K10877	Rdh54:YBR073W
K01128	Isc1:YER019W
K02152	Vma10:YHR039C-A
K02325	Dpb2:YPR175W
K01533	Ccc2:YDR270W
K00589	Met1:YKR069W
K08158	Flr1:YBR008C
K07542	Gpi18:YBR004C
K01892	Hts1:YPR033C
K02865	Rpl1b:YGL135W
K14556	Dip2:YLR129W
K06651	Clb5:YPR120C
K01485	Fcy1:YPR062W
K02732	Pre7:YBL041W
K03356	Apc9:YLR102C
K07512	Etr1:YBR026C
K02145	Tfp1:YDL185W
K10684	Aos1:YPR180W
K08332	Vac8:YEL013W
K03062	Rpt2:YDL007W
K03234	Eft2:YDR385W
K11242	Dig2:YDR480W
K01759	Glo1:YML004C
K00729	Alg5:YPL227C
K02260	Cox17:YLL009C
K04079	Hsp82:YPL240C
K12669	Ost6:YML019W
K08955	Yme1:YPR024W
K00953	Fad1:YDL045C
K01412	Mas1:YLR163C
K02604	Orc2:YBR060C
K11239	Ste5:YDR103W
K14571	Rix7:YLL034C
K03104	Srp14:YDL092W
K15634	Shb17:YKR043C
K08139	Hxt5:YHR096C
K09496	Cct4:YDL143W
K14312	Nup170:YBL079W
K09184	Dal80:YKR034W
K00626	Erg10:YPL028W
K01855	Deg1:YFL001W
K12572	Pan3:YKL025C
K01754	Ilv1:YER086W
K11584	Rts1:YOR014W
K14218	Ta(Agc)k2:tA_AGC_K2
K14521	Kre33:YNL132W
K02979	Rps28b:YLR264W
K00452	Bna1:YJR025C
K00654	Lcb1:YMR296C
sce_YLR286C	Cts1:YLR286C
K11373	Iki3:YLR384C
K00728	YDR307W:YDR307W
K09246	Arg81:YML099C
K06691	Rpn13:YLR421C
K03885	Nde1:YMR145C
K12586	Rrp43:YCR035C
K09497	Cct5:YJR064W
K00924	Npr1:YNL183C
K12666	Ost1:YJL002C
K00759	Apt1:YML022W
K09413	Hcm1:YCR065W
K02544	Mec3:YLR288C
K00697	Tps2:YDR074W
K14237	Tv(Cac)d:tV_CAC_D
K12486	Age2:YIL044C
K02877	Rpl15b:YMR121C
K14650	Taf3:YPL011C
K00685	Ate1:YGL017W
K09313	Coy1:YKL179C
K00948	Prs2:YER099C
K03026	Rpc53:YDL150W
K04718	Lcb4:YOR171C
K06686	Dbf20:YPR111W
K00031	Idp2:YLR174W
K03858	Gpi15:YNL038W
K03538	Pop4:YBR257W
K00420	Qcr10:YHR001W-A
K03508	Rev7:YIL139C
sce_YLR301w	Hri1:YLR301w
K01756	Ade13:YLR359W
K12597	Air1:YIL079C
K03679	Rrp4:YHR069C
K13336	Pex3:YDR329C
K09494	Cct2:YIL142W
K04486	His2:YFR025C
K01529	Rrp3:YHR065C
K12762	Gpr1:YDL035C
K03012	Rpb4:YJL140W
K12843	Prp3:YDR473C
K14284	Mex67:YPL169C
K03955	Acp1:YKL192C
K12779	Sum1:YDR310C
K08336	Atg12:YBR217W
K02218	Yck2:YNL154C
K06965	Dom34:YNL001W
K01101	Pho13:YDL236W
K10259	Met30:YIL046W
K05286	Gpi10:YGL142C
sce_YJR151C	Dan4:YJR151C
K11555	Okp1:YGR179C
K09237	Rgm1:YMR182C
K07973	Ste18:YJR086W
K00143	Lys2:YBR115C
K03540	Rpr2:YIR015W
K11314	Ada2:YDR448W
K12414	Tah11:YJR046W
K05292	Gpi16:YHR188C
K12493	Glo3:YER122C
K00831	Ser1:YOR184W
K14218	Ta(Agc)p:tA_AGC_P
K03233	Tef4:YKL081W
K10580	Ubc13:YDR092W
K08739	Mlh3:YPL164C
K12273	Sec66:YBR171W
K14218	Ta(Agc)f:tA_AGC_F
K14218	Ta(Agc)g:tA_AGC_G
K14218	Ta(Agc)d:tA_AGC_D
K03164	Top2:YNL088W
K06652	Far1:YJL157C
K14218	Ta(Agc)l:tA_AGC_L
K00948	Prs1:YKL181W
K14218	Ta(Agc)h:tA_AGC_H
K14229	Tk(Cuu)j:tK_CUU_J
K14229	Tk(Cuu)k:tK_CUU_K
K14229	Tk(Cuu)i:tK_CUU_I
K14229	Tk(Cuu)m:tK_CUU_M
K03028	Rpn1:YHR027C
K14229	Tk(Cuu)c:tK_CUU_C
K14229	Tk(Cuu)f:tK_CUU_F
K01556	Bna5:YLR231C
K02975	Rps25b:YLR333C
K14229	Tk(Cuu)p:tK_CUU_P
K11237	Bem1:YBR200W
K02324	Pol2:YNL262W
K10845	Tfb5:YDR079C-A
K02218	Hrr25:YPL204W
K11871	Ubp11:YKR098C
sce_YOL069W	Nuf2:YOL069W
K01581	Spe1:YKL184W
K11133	Est3:YIL009C-A
K11120	Sir1:YKR101W
K14232	Tp(Ugg)o1:tP_UGG_O1
K14232	Tp(Ugg)o3:tP_UGG_O3
K14232	Suf11:tP_UGG_O2
K08269	Atg1:YGL180W
K02516	Hsl7:YBR133C
K00794	Rib4:YOL143C
K10773	Ntg2:YOL043C
K11600	Ski6:YGR195W
K00493	Dit2:YDR402C
K06671	Irr1:YIL026C
K07359	Sak1:YER129W
K14233	Sup61:tS_CGA_C
K01953	Asn2:YGR124W
K14552	Nan1:YPL126W
K03113	Sui1:YNL244C
K00868	Bud17:YNR027W
K06681	Lte1:YAL024C
K12622	Lsm3:YLR438C-A
K11835	Ubp12:YJL197W
K12860	Cef1:YMR213W
K01187	Mal12:YGR292W
K11568	Dad3:YBR233W-A
K01011	Tum1:YOR251C
K14006	Sec23:YPR181C
K12183	Stp22:YCL008C
K14237	Tv(Uac)b:tV_UAC_B
K01078	Pho3:YBR092C
K14237	Tv(Uac)d:tV_UAC_D
K00417	Qcr7:YDR529C
K09235	Rme1:YGR044C
K10959	Rad59:YDL059C
K11594	Ded1:YOR204W
K10576	Ubc8:YEL012W
K01090	Ptc1:YDL006W
K00924	Yck3:YER123W
K02921	Rpl43a:YPR043W
K02943	Rpp2b:YDR382W
K10967	Kre2:YDR483W
K13181	Drs1:YLL008W
K08787	Ste13:YOR219C
K09458	Cem1:YER061C
K14574	Sdo1:YLR022C
K03235	New1:YPL226W
K05545	Dus4:YLR405W
K01934	Fau1:YER183C
K01424	Asp3-4:YLR160C
K00031	Idp1:YDL066W
K12623	Lsm4:YER112W
K01533	Pca1:YBR295W
K14319	Rna1:YMR235C
K14220	Tn(Guu)o1:tN_GUU_O1
K03263	Hyp2:YEL034W
K02875	Rpl14b:YHL001W
K14220	Tn(Guu)o2:tN_GUU_O2
K00293	Lys9:YNR050C
sce_YOR373W	Nud1:YOR373W
K04487	Nfs1:YCL017C
sce_YGR180C	Rnr4:YGR180C
K03241	Gcd1:YOR260W
K06127	Coq5:YML110C
K01956	Cpa1:YOR303W
K11108	Rcl1:YOL010W
K11238	Bni1:YNL271C
K03066	Rpt6:YGL048C
K00412	Bi2:Q0110
K08770	Ubi4:YLL039C
K01733	Thr4:YCR053W
K00813	Aat1:YKL106W
K04717	Ysr3:YKR053C
K03127	Taf13:YML098W
K09490	Kar2:YJL034W
K01465	Ura4:YLR420W
K00889	Mss4:YDR208W
K01090	Pph3:YDR075W
K12869	Clf1:YLR117C
K02328	Pol31:YJR006W
K01772	Hem15:YOR176W
K11376	Iki1:YHR187W
K01106	Inp53:YOR109W
K12812	Sub2:YDL084W
K09613	Rri1:YDL216C
K01057	Sol2:YCR073W-A
K00602	Ade17:YMR120C
K11372	Hif1:YLL022C
K00949	Thi80:YOR143C
K11086	Smb1:YER029C
K01510	Ynd1:YER005W
K03363	Cdc20:YGL116W
K08866	Mps1:YDL028C
K01893	Slm5:YCR024C
K09580	Eug1:YDR518W
K10704	Mms2:YGL087C
K11767	Arp7:YPR034W
K08340	Atg16:YMR159C
K11678	Ies4:YOR189W
K06653	Pho81:YGR233C
K14022	Cue1:YMR264W
K02427	Mrm2:YGL136C
K07441	Alg14:YBR070C
K00344	Zta1:YBR046C
sce_YER018C	Spc25:YER018C
K08197	Sit1:YEL065W
K04043	Ssc1:YJR045C
K01056	Pth1:YHR189W
K11683	Swc7:YLR385C
K00164	Kgd1:YIL125W
K13333	Plb1:YMR008C
K02971	Rps21b:YJL136C
K00234	Sdh1:YKL148C
K02928	Rpl41b:YDL133C-A
K00264	Glt1:YDL171C
K09468	Msn4:YKL062W
K00958	Met3:YJR010W
K14226	Th(Gug)e2:tH_GUG_E2
K14226	Th(Gug)e1:tH_GUG_E1
K02737	Pre2:YPR103W
K12856	Prp8:YHR165C
K00680	YJL218W:YJL218W
K14224	Te(Uuc)b:tE_UUC_B
K03136	Tfa1:YKL028W
K14555	Utp13:YLR222C
K02929	Rpl42a:YNL162W
K01530	Dnf2:YDR093W
K14007	Sec24:YIL109C
K01889	Frs2:YFL022C
K10998	Csm3:YMR048W
K02880	Rpl17a:YKL180W
K04345	Tpk3:YKL166C
K03237	Sui2:YJR007W
K00916	Ctk1:YKL139W
K00728	Pmt5:YDL093W
K14553	Utp18:YJL069C
K14233	Ts(Gcu)o:tS_GCU_O
K11095	Yhc1:YLR298C
K03439	Trm8:YDL201W
K08499	Tlg1:YDR468C
K00354	Oye2:YHR179W
K07748	Erg26:YGL001C
K11827	Aps2:YJR058C
K01881	Aim10:YER087W
K03006	Rpo21:YDL140C
K11397	Eaf1:YDR359C
K03770	Cpr5:YDR304C
K00030	Idh2:YOR136W
K11483	Hos2:YGL194C
K02257	Cox10:YPL172C
K12777	Red1:YLR263W
K03018	Rpo31:YOR116C
K14023	Hrd3:YLR207W
K00030	Idh1:YNL037C
K11675	Ies1:YFL013C
K01066	Tgl1:YKL140W
K12595	Ski7:YOR076C
K00900	Pfk26:YIL107C
K03681	Rrp40:YOL142W
K14234	Tt(Agu)i1:tT_AGU_I1
K09467	Mig2:YGL209W
K14234	Tt(Agu)i2:tT_AGU_I2
K01738	Met17:YLR303W
K14234	Tt(Agu)c:tT_AGU_C
K14234	Tt(Agu)b:tT_AGU_B
K14234	Tt(Agu)d:tT_AGU_D
K01881	YHR020W:YHR020W
K14545	Rrp7:YCL031C
K14234	Tt(Agu)h:tT_AGU_H
K14234	Tt(Agu)j:tT_AGU_J
K05293	Gab1:YLR459W
K01191	Ams1:YGL156W
K14225	Tg(Gcc)p2:tG_GCC_P2
K14225	Tg(Gcc)p1:tG_GCC_P1
K00728	Pmt4:YJR143C
K01810	Pgi1:YBR196C
K11369	Rtg2:YGL252C
K00670	Nat2:YGR147C
K14524	Pop6:YGR030C
K01522	Hnt2:YDR305C
K12571	Pan2:YGL094C
K14015	Npl4:YBR170C
K02133	Atp2:YJR121W
K09074	Tye7:YOR344C
K02543	Mec1:YBR136W
K01489	Cdd1:YLR245C
K14223	Tq(Uug)d1:tQ_UUG_D1
K14223	Tq(Uug)d3:tQ_UUG_D3
K14223	Tq(Uug)d2:tQ_UUG_D2
K09650	Pcp1:YGR101W
K14228	Tl(Caa)g3:tL_CAA_G3
K00679	Lro1:YNR008W
K14228	Tl(Caa)g1:tL_CAA_G1
K00924	Yak1:YJL141C
K01626	Aro4:YBR249C
K02320	Pol1:YNL102W
K15628	Pxa1:YPL147W
K14232	Tp(Ugg)n2:tP_UGG_N2
K03469	Rnh1:YMR234W
K14232	Tp(Ugg)n1:tP_UGG_N1
K05658	Ste6:YKL209C
K00288	Mis1:YBR084W
K01669	Phr1:YOR386W
K02980	Rps29b:YDL061C
K03564	Dot5:YIL010W
K03038	Rpn8:YOR261C
K10734	Psf3:YOL146W
K00234	YJL045W:YJL045W
K04705	Hse1:YHL002W
K02952	Sws2:YNL081C
K10685	Uba2:YDR390C
sce_YKL164C	Pir1:YKL164C
K00411	Rip1:YEL024W
sce_YOR383C	Fit3:YOR383C
K01423	Spc1:YJR010C-A
K03854	Ktr7:YIL085C
K10901	Sgs1:YMR190C
K03139	Tfg2:YGR005C
K12413	Whi5:YOR083W
K01875	Ses1:YDR023W
K03357	Doc1:YGL240W
K11760	Rsc6:YCR052W
K03283	Ssb2:YNL209W
K02882	Rpl20b:YOR312C
K14236	Sup3:tY_GUA_O
K14236	Sup2:tY_GUA_D
K08712	Snq2:YDR011W
K11093	Snp1:YIL061C
K00006	Gpd2:YOL059W
K08495	Gos1:YHL031C
K01807	Rki1:YOR095C
K03661	Ppa1:YHR026W
K03781	Ctt1:YGR088W
K01341	Kex2:YNL238W
K14262	Dug2:YBR281C
K11571	Hsk3:YKL138C-A
K12832	Ysf3:YNL138W-A
K02975	Rps25a:YGR027C
K06656	Pcl1:YNL289W
K00147	Pro2:YOR323C
K00235	Sdh2:YLL041C
K00762	Ura5:YML106W
K00599	Spb1:YCL054W
K00129	Ald3:YMR169C
K12575	Slk19:YOR195W
K14538	Nug1:YER006W
K00998	Cho1:YER026C
K10847	Rad14:YMR201C
K14220	Tn(Guu)n2:tN_GUU_N2
K00670	Mak3:YPR051W
K02355	Mef1:YLR069C
K14220	Tn(Guu)n1:tN_GUU_N1
K00624	Cat2:YML042W
K01899	Lsc1:YOR142W
K01689	Err2:YPL281C
K11839	Doa4:YDR069C
K01920	Gsh2:YOL049W
K11279	Nap1:YKR048C
K11134	Elg1:YOR144C
K01620	Gly1:YEL046C
K01915	Gln1:YPR035W
K14228	Tl(Uaa)b2:tL_UAA_B2
K14228	Tl(Uaa)b1:tL_UAA_B1
K01876	Dps1:YLL018C
K01104	Pps1:YBR276C
K11123	Sir4:YDR227W
K01850	Aro7:YPR060C
K00559	Erg6:YML008C
K02212	Mcm4:YPR019W
K02934	Rpl6a:YML073C
K02739	Pup1:YOR157C
K03009	Rpc10:YHR143W-A
K14227	Ti(Aau)l2:tI_AAU_L2
K01653	Ilv6:YCL009C
K14009	Yet3:YDL072C
K01194	Nth2:YBR001C
K08502	Vam7:YGL212W
K01078	Pho5:YBR093C
K11098	Smx3:YPR182W
K10245	Elo1:YJL196C
K15040	Por1:YNL055C
K12468	Pad1:YDR538W
K00600	Shm2:YLR058C
sce_YOR247W	Srl1:YOR247W
K04103	Pdc5:YLR134W
K01046	Tgl2:YDR058C
K05528	Och1:YGL038C
K09426	Rap1:YNL216W
K14229	Tk(Cuu)g2:tK_CUU_G2
K14229	Tk(Cuu)g3:tK_CUU_G3
K14229	Tk(Cuu)g1:tK_CUU_G1
K12826	Prp11:YDL043C
K01887	Msr1:YHR091C
K07976	Ypt31:YER031C
K00681	Ecm38:YLR299W
K08139	Hxt3:YDR345C
K02880	Rpl17b:YJL177W
K05285	Mcd4:YKL165C
K01070	YJL068C:YJL068C
K09249	Abf1:YKL112W
K10729	Sld2:YKL108W
K01092	Inm1:YHR046C
K03001	Rpa14:YDR156W
K10849	Rad10:YML095C
K03065	Rpt5:YOR117W
K07203	Tor1:YJR066W
K14721	Rpc37:YKR025W
K13179	Has1:YMR290C
K01942	Bpl1:YDL141W
K12471	Ent2:YLR206W
K00354	Oye3:YPL171C
K10957	Rad55:YDR076W
K02515	Hsl1:YKL101W
K11309	Rtt109:YLL002W
K09580	Pdi1:YCL043C
K14297	Nup116:YMR047C
K09184	Gln3:YER040W
sce_YCR089W	Fig2:YCR089W
K01483	Dal3:YIR032C
K03125	Taf1:YGR274C
K05535	Mnn2:YBR015C
K12947	Spc2:YML055W
K09175	Rfx1:YLR176C
K11400	Arp4:YJL081C
K11401	Sas2:YMR127C
