K03348	Cut4:SPBC106.09
K01760	SPCC11E10.01:SPCC11E10.01
K09485	Pss1:SPAC110.04c
K00599	SPAC26A3.17c:SPAC26A3.17c
K08866	Mph1:SPBC106.01
K01490	Ada1:SPBC106.04
K09496	Cct4:SPBC106.06
K12599	SPCC550.03c:SPCC550.03c
K12848	Snu23:SPAC22F3.11c
K02998	Rps002:SPAPJ698.02c
K14402	Cft2:SPBC1709.15c
K14566	SPBC32H8.04c:SPBC32H8.04c
K10610	Ddb1:SPAC17H9.10c
K13093	Uap2:SPBC1289.02c
K00262	SPCC622.12c:SPCC622.12c
K01247	Mag1:SPAPB24D3.04c
K11360	Spt8:SPBC14C8.17c
K11649	Ssr1:SPAC17G6.10
K03347	Cul1:SPAC17G6.12
K08505	Sft1:SPAC31A2.13c
K07936	Spi1:SPBC1289.03c
K12845	Snu13:SPAC607.03c
K03800	SPBC17A3.09c:SPBC17A3.09c
K06276	Ksg1:SPCC576.15c
K11838	Ubp22:SPCC188.08c
K00697	Tpp1:SPAC19G12.15c
K01103	SPAC144.17c:SPAC144.17c
K03783	SPAC1805.16c:SPAC1805.16c
K07976	Ryh1:SPAC4C5.02c
K03260	Tif471:SPAC17C9.03
K01507	SPAC3A12.02:SPAC3A12.02
K03849	Alg8:SPAC17C9.07
K02358	Tuf1:SPBC9B6.04c
K00223	Sts1:SPAC20G4.07c
K00549	Met26:SPAC9.09
K02870	Rpl1201:SPCC16C4.13c
K11501	Mis6:SPAC1687.20c
K10896	Mfh1:SPAC9.05
K14277	Snu2:SPSNRNA.02
K00873	Pyk1:SPAC4H3.10c
K01930	SPAC227.09:SPAC227.09
K12668	SPAC6F6.05:SPAC6F6.05
K02882	Rpl2001:SPAC3A12.10
K10991	Swi5:SPBC409.03
K01187	Agl1:SPAPB24D3.10c
K05610	Uch2:SPBC409.06
K03094	Skp1:SPBC409.05
K07542	Gpi18:SPAC18B11.05
K00938	Erg8:SPAC343.01c
K06210	SPAC806.06c:SPAC806.06c
K09493	Cct1:SPBC12D12.03
K11844	Ubp7:SPAC23G3.08c
K08341	Atg8:SPBP8B7.24c
K13728	Rev7:SPBC12D12.09
K10661	Doa10:SPBC14F5.07
K01551	Get3:SPAC1142.06
K03232	Tef5:SPCC1450.04
K16330	SPBC1861.05:SPBC1861.05
K03685	Pac1:SPBC119.11c
K11684	Bdf1:SPCC1450.02
K14546	SPCC1450.03:SPCC1450.03
K08269	Ppk36:SPCC63.08c
K03258	Sce3:SPBC18H10.04c
K03231	Ef1A-a:SPCC794.09c
K01890	Frs1:SPAC23A1.12c
K01424	SPBPB21E7.09:SPBPB21E7.09
K01193	Inv1:SPCC191.11
K08334	SPAC20G8.10c:SPAC20G8.10c
spo_SPBC21B10.08c	P450:SPBC21B10.08c
K02966	Rps1901:SPBC21C3.13
K00728	Ogm2:SPAPB1E7.09
K10745	SPAC12B10.15c:SPAC12B10.15c
K02214	Spo4:SPBC21C3.18
K00264	Glt1:SPAPB1E7.07
K04441	Sty1:SPAC24B11.06c
K00924	Pck1:SPAC17G8.14c
K02918	Rpl35:SPCC613.05c
K02178	Bub1:SPCC1322.12c
K11650	Ssr3:SPAC23G3.10c
K02516	Skb1:SPBC16H5.11c
K04532	Uba5:SPAC323.06c
K06677	Cnd1:SPBC776.13
K02900	Rpl2801:SPBC776.11
K14545	SPBC776.17:SPBC776.17
K02264	Cox6:SPAC1B2.04
K00679	Plh1:SPBC776.14
K03257	SPAC1006.07:SPAC1006.07
K05286	Gpi10:SPCC16A11.06c
K02684	Spp1:SPAC6B12.10c
K09424	Reb1:SPBC1198.11c
K00286	SPAPYUG7.05:SPAPYUG7.05
K13126	PabP:SPAC57A7.04c
K05019	SPAC1610.01:SPAC1610.01
K07203	Tor2:SPBC216.07c
K06943	Nog1:SPBC651.01c
K05290	Gpi8:SPCC11E10.02c
K11361	Spt20:SPAC4D7.10c
K07375	Nda3:SPBC26H8.07c
K02730	SPBC646.16:SPBC646.16
K09498	Cct6:SPBC646.11
K01408	Mug138:SPACUNK4.12c
K06672	Mis4:SPAC31A2.05c
K01807	SPAC144.12:SPAC144.12
K11095	Usp103:SPBP35G2.09
K01652	Ilv1:SPBP35G2.07
K03133	Taf9:SPAC12G12.05c
K12608	Caf16:SPAC20G4.01
K01876	Drs1:SPCC1223.07c
K05609	Uch1:SPAC27F1.03c
K01869	SPAC4G8.09:SPAC4G8.09
K03801	SPAC4F10.05c:SPAC4F10.05c
K00382	Dld1:SPAC1002.09c
K12184	Vps28:SPAC1B3.07c
K02993	Rps7:SPAC18G6.14c
K10751	Pcf2:SPAC26H5.03
K11109	Pot1:SPAC26H5.06
K00858	SPCC24B10.02c:SPCC24B10.02c
K02320	Pol1:SPAC3H5.06c
K02146	Vma6:SPAC17A2.03c
K10696	Brl2:SPCC970.10c
K11644	Pst1:SPBC12C2.10c
K02971	Rps21:SPBC18E5.06
K02866	Rpl1001:SPBC18E5.04
K12260	Srx1:SPBC106.02c
K02930	Rpl402:SPBP8B7.03c
K02736	SPBC577.10:SPBC577.10
K05755	Arc4:SPAC6G9.07c
K02151	Vma7:SPBC3B9.18c
K12603	Ccr4:SPCC31H12.08c
K00761	SPAC1B3.01c:SPAC1B3.01c
K03386	SPCC330.06c:SPCC330.06c
K02738	Pre3:SPBC4C3.10c
K10733	Psf2:SPBC725.13c
K11314	Ada2:SPCC24B10.08c
K10524	SPBP22H7.06:SPBP22H7.06
K12584	Nhm1:SPBP4H10.20
K02605	Orp3:SPAC3H1.01c
K03351	Cut20:SPAC19G12.01c
K02307	Dam1:SPAC589.08c
K00772	SPAC16C9.02c:SPAC16C9.02c
K00134	Gpd3:SPBC354.12
K09495	Cct3:SPBC1A4.08c
K01104	Pyp1:SPAC26F1.10c
K01476	Car1:SPBP26C9.02c
K08502	SPCC594.06c:SPCC594.06c
K10848	Rad16:SPCC970.01
K01836	SPAC1296.01c:SPAC1296.01c
K12767	Ppk18:SPAPB18E9.02c
K02932	Rpl502:SPBC11C11.09c
K14558	SPBC713.04c:SPBC713.04c
K02938	Rpl803:SPBC839.04
K01537	Cta3:SPBC839.06
K11569	Dad4:SPBC3B9.22c
K13954	Adh4:SPAC5H10.06c
K00290	Lys3:SPAC227.18
K00667	Fas2:SPAC4A8.11c
K12662	SPAC227.12:SPAC227.12
K11126	Trt1:SPBC29A3.14c
K11204	Gcs1:SPAC22F3.10c
K00924	Ppk24:SPBC21.07c
K00931	SPAC17H9.13c:SPAC17H9.13c
K02896	Rpl24:SPAC6G9.09c
K08150	Itr1:SPAC4F8.15
K13333	SPAC977.09c:SPAC977.09c
K12820	Prp43:SPBC16H5.10c
K03011	Rpb3:SPCC1442.10c
K11665	Ino80:SPAC29B12.01
K06666	Tup11:SPAC18B11.10
K11766	Rsc58:SPAC1F3.07c
K06215	Snz1:SPAC29B12.04
K02937	Rpl701:SPBC18H10.12c
K11324	Swc4:SPAC9G1.13c
K03234	Eft201:SPAC513.01c
K12160	Pmt3:SPBC365.06
K03843	Alg2:SPBC11B10.01
K04563	Cdc2:SPBC11B10.09
K10590	SPAC12B10.01c:SPAC12B10.01c
K01001	Gpt2:SPBC15D4.04
K11293	Slm9:SPBC15D4.03
K00133	SPCC1827.06c:SPCC1827.06c
K05288	Gpi13:SPBC27B12.06
K13431	SPBC3B9.03:SPBC3B9.03
K00940	Ndk1:SPAC806.07
K12190	Vps36:SPBC3B9.09
K06125	Coq2:SPAC56F8.04c
K02962	Rps1702:SPCC24B10.09
K08282	Gad8:SPCC24B10.07
K02901	Rpl2702:SPCC74.05
K01681	SPAC24C9.06c:SPAC24C9.06c
K02486	Mak3:SPCC74.06
K10598	Cyp8:SPAC21E11.05c
K11762	Ssr2:SPAC23H3.10
K08876	Ppk3:SPAC15A10.13
spo_SPAC27F1.02c	Cdc8:SPAC27F1.02c
K03538	SPBC1703.01c:SPBC1703.01c
K10885	Pku80:SPBC543.03c
K08150	Itr2:SPAC20G8.03
K10747	Cdc17:SPAC20G8.01
K00993	SPAC22A12.10:SPAC22A12.10
K07203	Tor1:SPBC30D10.10c
K03861	Mug84:SPAC22A12.13
K01648	SPAC22A12.16:SPAC22A12.16
K11129	Nhp2:SPAC1782.10c
K10686	Uba3:SPAC24H6.12c
K01850	SPAC16E8.04c:SPAC16E8.04c
K09830	Erg3:SPAC1687.16c
K03178	Ptr3:SPBC1604.21c
K08337	SPBC6B1.05c:SPBC6B1.05c
K03240	Tif225:SPAC8C9.15c
K03262	SPAC2F7.05c:SPAC2F7.05c
K11870	Ubp1:SPCC16A11.12c
K11366	Ubp8:SPAC13A11.04c
K13336	SPAC29A4.14c:SPAC29A4.14c
K11270	Ctf8:SPAC19D5.11c
K00759	Apt1:SPAC23A1.03
K01515	SPBP35G2.12:SPBP35G2.12
K10838	Rhp41:SPAC12B10.12c
K14454	SPAC10F6.13c:SPAC10F6.13c
K10956	Sec61:SPBC354.02c
K11134	Elg1:SPBC947.11c
K01489	Cdd1:SPAC1556.04c
K03010	Rpb2:SPAC23G3.01
K14399	SPAC22H10.05c:SPAC22H10.05c
K13345	SPAPB17E12.03:SPAPB17E12.03
K14565	SPAC23G3.06:SPAC23G3.06
K10685	Fub2:SPBC16H5.03c
spo_SPCC613.04c	Rng3:SPCC613.04c
K03848	Alg6:SPBC342.01c
K00706	Bgs3:SPAC19B12.03
K08495	Gos1:SPAC4G8.10
K01591	Ura4:SPCC330.05c
K11293	Hip1:SPBC31F10.13c
K00026	SPCC306.08c:SPCC306.08c
K02981	Rps2:SPCC576.08c
K04718	SPAC4A8.07c:SPAC4A8.07c
K01011	SPCC4B3.01:SPCC4B3.01
K01673	SPBP8B7.05c:SPBP8B7.05c
K00681	Ggt2:SPAC56E4.06c
K11562	Nnf1:SPAC29E6.04
K03123	SPCC553.11c:SPCC553.11c
K03362	Pof11:SPAC29E6.01
K14005	Sec31:SPBC8D2.20c
K03845	Alg3:SPAC7D4.06c
K03120	Tbp1:SPAC29E6.08
K14544	SPBC776.08c:SPBC776.08c
K12625	Lsm6:SPAC2F3.17c
K11363	Sgf11:SPAC57A10.14
K00036	SPAC3C7.13c:SPAC3C7.13c
K10875	Rhp54:SPAC15A10.03c
K02893	Rpl2502:SPBC4F6.04
K14007	SPBC4.03c:SPBC4.03c
K00924	Kin1:SPBC4F6.06
K02603	Orc1:SPBC29A10.15
K02138	Atp7:SPBC29A10.13
K10908	Rpo41:SPAC26H5.12
K01887	Mrs1:SPBC25B2.09c
K10246	SPAC1B2.03c:SPAC1B2.03c
K12761	Ssp2:SPCC74.03c
K13719	Otu1:SPAC24C9.14
K11108	SPAC12G12.06c:SPAC12G12.06c
K05289	Gaa1:SPAC1002.11
K00972	Uap1:SPBC1289.08
K11971	Itt1:SPAC1002.14
K01480	SPAC11D3.09:SPAC11D3.09
K06133	Lys7:SPAC17C9.02c
K02923	Rpl3801:SPBC577.02
K12847	Ubp10:SPBC577.07
K02932	Rpl501:SPAC3H5.12c
K14022	SPCC4G3.13c:SPCC4G3.13c
K15428	SPBC1198.08:SPBC1198.08
K10689	Ubc16:SPBC1198.09
K01488	Dea2:SPBC1198.02
K06670	Rad21:SPCC338.17c
K00924	Cdc7:SPBC21.06c
K00942	SPBC1198.05:SPBC1198.05
K00326	SPAC17H9.12c:SPAC17H9.12c
K02272	Cox8:SPAC24C9.16c
K12879	Tho2:SPAC1D4.14
K03245	SPAC3A12.13c:SPAC3A12.13c
K09184	Fep1:SPAC23E2.01
K00928	SPBC19F5.04:SPBC19F5.04
K00784	Trz2:SPAC1D4.10
K11271	Dcc1:SPAC31A2.15c
K14553	SPBC29A3.06:SPBC29A3.06
K02953	Rps13:SPAC6F6.07c
K13095	Bpb1:SPCC962.06c
K03106	Srp54:SPCC188.06c
K03024	Rpc31:SPBC839.12
K00507	SPCC1281.06c:SPCC1281.06c
K00288	SPBC839.16:SPBC839.16
K11205	SPCC737.06c:SPCC737.06c
K00236	Sdh3:SPCC330.12c
K12669	SPAPB17E12.11:SPAPB17E12.11
K01755	Arg7:SPBC1773.14
K09467	Scr1:SPBC1D7.02c
K03434	Gpi12:SPAPB2B4.01c
K14655	SPCC4G3.16:SPCC4G3.16
K07208	Rhb1:SPBC428.16c
K12598	Mtr4:SPAC6F12.16c
K02995	Rps802:SPAC521.05
K03000	Rpa12:SPCC1259.03
K00728	Ogm1:SPAC22A12.07c
K14563	Fib1:SPBC2D10.10c
K01069	SPAC824.07:SPAC824.07
K12191	Did4:SPAC4F8.01
K01809	SPBC2G2.16:SPBC2G2.16
K13348	SPAC3G6.05:SPAC3G6.05
spo_SPAC4F8.13c	Rng2:SPAC4F8.13c
K01526	Gda1:SPAC824.08
K09680	SPBC4B4.01c:SPBC4B4.01c
K07977	Arf1:SPBC4F6.18c
K01230	Mns1:SPAC2E1P5.01c
K01641	Hcs1:SPAC4F8.14c
K11595	Chp1:SPAC18G6.02c
K01520	SPAC644.05c:SPAC644.05c
K00860	Met14:SPAC1782.11
K11672	Arp5:SPBC365.10
K12626	Lsm7:SPCC285.12
K08874	Tra2:SPAC1F5.11c
K12844	Prp31:SPBC119.13c
K12825	Sap114:SPAC22A12.09c
K03130	Taf73:SPBC15D4.14
K01101	Pho2:SPBC15D4.15
K01529	Rad8:SPAC13G6.01c
K11667	Ies6:SPAC222.04c
K14962	Swd2:SPBC18H10.06c
K03032	Rpn2:SPBC17D11.07c
K11553	Dad1:SPAC16A10.05c
K01078	Pho1:SPBP4G3.02
K01424	SPBPB8B6.05c:SPBPB8B6.05c
K11541	Ura1:SPAC22G7.06c
K00831	SPAC1F12.07:SPAC1F12.07
K02984	Rps102:SPAC22H12.04c
K11213	Mam2:SPAC11H11.04
K01599	Hem12:SPCC4B3.05c
K03847	Alg12:SPBC1734.12c
K01814	SPAC3F10.09:SPAC3F10.09
K01880	Grs1:SPAC3F10.03
K01920	Gsa1:SPAC3F10.04
K14301	Nup107:SPBC428.01c
K00380	SPCC584.01c:SPCC584.01c
K02259	Etp1:SPAC22E12.10c
K10971	Gma12:SPCC736.04c
K00817	His3:SPBC11B10.02c
K03019	Rpc11:SPAC22A12.05
K02951	Rps1202:SPBC1685.02c
K03259	Tif452:SPBC1709.18
K01456	SPBC1709.14:SPBC1709.14
K01930	SPBC1709.17:SPBC1709.17
K03687	Mge1:SPBC3B9.19
K11253	Hht3:SPBC1105.11c
K03104	Srp14:SPAC19B12.09
K02983	Rps3001:SPAC19B12.04
K08493	Vti1:SPBC3B9.10
K03360	Pof2:SPBC25B2.11
K10597	Ufd2:SPAC20H4.10
K01755	SPBC1539.03c:SPBC1539.03c
K03113	Sui1:SPBC23G7.05
K02929	Rpl42:SPAC15E1.03
K03231	Ef1A-b:SPAC23A1.10
K02872	Rpl1602:SPAC23A1.11
K16066	SPAC521.03:SPAC521.03
K03036	Rpn6:SPAC23G3.11
K01750	SPAP11E10.01:SPAP11E10.01
K11648	Snf5:SPAC2F7.08c
K02922	Rpl3702:SPCC1223.05c
K14293	Kap95:SPAC1B1.03c
K00276	Cao1:SPAC2E1P3.04
K00162	Pdb1:SPBC30D10.13c
K09291	Alm1:SPAC1486.04c
K11254	Hhf1:SPAC1834.03c
K02930	Rpl401:SPBC1711.06
K00295	SPBC1711.04:SPBC1711.04
K10841	Rhp26:SPCP25A2.02c
K02485	Prr1:SPAC8C9.14
K03248	Tif35:SPBC18H10.03
K13989	SPAC1687.17c:SPAC1687.17c
K04409	Shk1:SPBC1604.14c
K01116	Plc1:SPAC22F8.11
K14564	SPBC646.10c:SPBC646.10c
K10746	Exo1:SPBC29A10.05
K06636	Psm1:SPBC29A10.04
K00327	Ccr1:SPBC29A10.01
K11310	Sfc9:SPBC8D2.07c
K10744	SPBC1347.08c:SPBC1347.08c
K12857	Spf38:SPBC1289.11
K13289	Cpy1:SPAC19G12.10c
K01597	Mvd1:SPAC24C9.03
K01868	SPAC24C9.09:SPAC24C9.09
K01897	Lcf1:SPBC18H10.02
K07943	Alp41:SPAC22F3.05c
K01469	SPAC11D3.15:SPAC11D3.15
K12881	Mlo3:SPBC1D7.04
K11888	Cut8:SPAC17C9.13c
K03676	Grx1:SPAC4F10.20
K01104	Pyp2:SPAC19D5.01
K13524	Uga1:SPAC19D5.07
K10592	Ptr1:SPAC19D5.04
K02943	Rpp202:SPBC23G7.15c
K03217	Oxa102:SPBP4H10.03
K04348	Ppb1:SPBP4H10.04
K03122	SPBC28F2.09:SPBC28F2.09
K10992	Sfr1:SPBC28F2.07
K00420	Qcr10:SPBP4H10.08
K03671	Trx1:SPAC7D4.07c
K01802	Ppi1:SPBC28F2.03
K04565	Sod1:SPAC821.10c
K01613	SPAC25B8.03:SPAC25B8.03
K00599	Spb1:SPAC1687.11
K08860	Gcn2:SPBC36B7.09
K03023	Rpc82:SPAPB1E7.03
K01885	SPAC17A5.15c:SPAC17A5.15c
K14400	SPAC4G9.04c:SPAC4G9.04c
K12811	Prp11:SPCC10H11.01
K03128	Taf2:SPAC3A12.05c
K14573	SPBC4F6.14:SPBC4F6.14
K10589	SPAC167.07c:SPAC167.07c
K10356	Myo1:SPBC146.13c
K01012	Bio2:SPCC1235.02
K07390	Grx5:SPAPB2B4.02
K08860	Hri2:SPAC222.07c
K10579	Ubc12:SPCC777.10c
K02984	Rps101:SPAC13G6.02c
K02976	Rps2601:SPAC806.03c
K14327	Upf2:SPAC19A8.08
K09503	SPBC1734.11:SPBC1734.11
K02216	Chk1:SPCC1259.13
K01409	Pgp1:SPCC1259.10
K11759	Rsc4:SPBC1734.15
K12619	Dhp1:SPAC26A3.12c
K02737	Pts1:SPAC4A8.13c
K06134	Coq7:SPBC337.15c
K01637	SPBC1683.11c:SPBC1683.11c
K04499	Rvb1:SPAPB8E5.09
K01733	SPAC9E9.06c:SPAC9E9.06c
K02142	Atp18:SPAC23C4.11
K08504	Bet1:SPAC23C4.13
K00924	Hhp2:SPAC23C4.12
K03013	Rpb5:SPAC23C4.15
K03842	Alg1:SPAC23C4.14
K02350	Rev3:SPAC688.10
K02921	Rpl4301:SPBC800.04c
K06665	Ssn6:SPBC23E6.09
K11483	Hos2:SPAC3G9.07c
K00826	Eca39:SPBC428.02c
K00418	Qcr8:SPAC1782.07
K11824	Apl3:SPBC691.03c
K05528	Och1:SPAC1006.05c
K06674	Cut14:SPBP4H10.06c
K03850	Alg10:SPAC56F8.06c
K12846	SPCC162.01c:SPCC162.01c
K00587	Mam4:SPAC10F6.12c
K10259	Pof1:SPAC57A10.05c
K07407	Mel1:SPAC869.07c
K14536	SPCC553.08c:SPCC553.08c
K00728	Ogm4:SPBC16C6.09
K13333	SPAC1786.02:SPAC1786.02
K14315	Cut11:SPAC1786.03
K02332	Pog1:SPCC24B10.22
spo_SPBC19G7.05c	Cps1:SPBC19G7.05c
K01803	Tpi1:SPCC24B10.21
K10258	SPBC646.07c:SPBC646.07c
K03237	Tif211:SPAC3G9.09c
K11996	SPAC2G11.10c:SPAC2G11.10c
K00276	Cao2:SPBC1289.16c
K13953	Adh1:SPCC13B11.01
K07750	Erg25:SPAC630.08c
K09829	Erg2:SPAC20G8.07c
K10739	Ssb2:SPCC1753.01c
K10753	Cia1:SPCC663.05c
K11436	Rmt3:SPBC8D2.10c
K00511	Erg1:SPBC713.12
K05543	Dus2:SPBC1709.06
K09827	Erg27:SPBC1709.07
K10736	Cdc23:SPBC1347.10
K14401	Cft1:SPBC1709.08
K02896	Rpl2403:SPAC22E12.13c
K11365	Sgf73:SPCC126.04c
K10958	Rhp57:SPAC20H4.07
K14546	SPAC20H4.01:SPAC20H4.01
K11866	Sst2:SPAC19B12.10
K01082	Tol1:SPCC1753.04
spo_SPAC9G1.06c	Cyk3:SPAC9G1.06c
K12870	Cwf12:SPBC32F12.05c
K01693	His5:SPBC21H7.07c
K00927	Pgk1:SPBC14F5.04c
K04554	Ubc6:SPAC10F6.05c
K09499	Cct7:SPBC25H2.12c
K14561	SPAC19A8.07c:SPAC19A8.07c
K00384	Trr1:SPBC3F6.03
K08489	Tlg2:SPAC823.05c
K03507	Rad4:SPAC23C4.18c
K04640	Gpa2:SPAC23H3.13c
K07972	Git5:SPBC32H8.07
K11262	Cut6:SPAC56E4.04c
K11092	SPBC1861.08c:SPBC1861.08c
K12869	Cwf4:SPBC31F10.11c
K02541	Mcm3:SPCC1682.02c
K14569	Bms1:SPBC31E1.06
K12815	Prp16:SPBC1711.17
K13113	Hub1:SPBC31E1.03
K08736	Msh3:SPAC8F11.03
K00013	His2:SPBC1711.13
K01191	Ams1:SPAC513.05
K14007	SPAC22F8.08:SPAC22F8.08
K02960	Rps1601:SPBC18H10.14
K16055	SPAC22F8.05:SPAC22F8.05
K02732	Pam1:SPAC22F8.06
K07976	Spg1:SPAC1565.06c
K02989	Rps5:SPAC8C9.08
K08054	Cnx1:SPAC3C7.11c
K08508	Sec9:SPBC26H8.02c
K04627	Map3:SPAC3F10.10c
K07760	Srb10:SPAC23H4.17c
K01265	Fma2:SPBC14C8.03
K12593	SPACUNK4.11c:SPACUNK4.11c
K01883	SPAC29E6.06c:SPAC29E6.06c
K05757	Arc1:SPBC14C8.06
K01653	SPBC14C8.04:SPBC14C8.04
K12860	Cdc5:SPAC644.12
K13171	SPCC825.05c:SPCC825.05c
K02942	Rpp101:SPAC644.15
K14407	SPAC644.16:SPAC644.16
K01130	SPBPB10D8.02c:SPBPB10D8.02c
K02912	Rpl3201:SPBC16C6.11
K14319	Rna1:SPAC22E12.07
K02144	Vma13:SPAC7D4.10
K02975	Rps2502:SPAC694.05c
K11338	Rvb2:SPBC83.08
K11786	Snf22:SPCC1620.14c
spo_SPAC25B8.12c	SPAC25B8.12c:SPAC25B8.12c
K10703	SPBC19C2.15c:SPBC19C2.15c
K01958	Pyr1:SPBC17G9.11c
K01681	SPBP4H10.15:SPBP4H10.15
K02973	Rps2302:SPBP4H10.13
K03006	Rpb1:SPBC28F2.12
K01581	Spe1:SPAC144.04c
K02997	Rps902:SPBC29A3.12
K09494	Cct2:SPAC1D4.04
K11788	Ade1:SPBC405.01
K07901	Ypt2:SPAC9E9.07c
K13519	SPBC16A3.10:SPBC16A3.10
K10276	Epe1:SPCC622.16c
K00413	Cyt1:SPBC29A3.18
K00999	Pis1:SPAC1D4.08
K03135	Taf11:SPAC1002.04c
K03364	Srw1:SPAC144.13c
K08513	Syb1:SPAC6G9.11
K13535	SPAC6G10.03c:SPAC6G10.03c
K01090	Ptc2:SPCC1223.11
K13996	SPBC3D6.13c:SPBC3D6.13c
K00077	SPBPB2B2.09c:SPBPB2B2.09c
K01736	SPCC1223.14:SPCC1223.14
K03015	Rpb7:SPACUNK4.06c
K01483	SPAC19G12.04:SPAC19G12.04
K03124	SPAC16E8.16:SPAC16E8.16
K03259	Tif45:SPAC16E8.15
K11558	Spc25:SPCC188.04c
K14654	SPBC21C3.10c:SPBC21C3.10c
K11272	Mrc1:SPAC694.06c
K02941	Rpp0:SPCC18.14c
K08964	SPAC20H4.05c:SPAC20H4.05c
K00411	Rip1:SPBC16H5.06
K00850	Pfk1:SPBC16H5.02
K12613	Dcp2:SPAC19A8.12
K11093	Usp101:SPAC19A8.13
K01874	SPAC27E2.06c:SPAC27E2.06c
K02980	Rps29:SPBC1685.09
K02321	Spb70:SPCC553.09c
K04705	Hse1:SPBC1734.08
K01695	Trp2:SPAC19A8.15
K10627	Rhp18:SPBC1734.06
K05533	SPBC1734.04:SPBC1734.04
K11240	Pmp1:SPBC1685.01
K13939	SPBC1734.03:SPBC1734.03
K13280	Sec11:SPBC1685.03
K03022	Rpc25:SPBC2G5.07c
K13179	Has1:SPAC1F7.02c
K08681	SPAC222.08c:SPAC222.08c
K11768	Arp9:SPAC1071.06
K07975	Rho3:SPAC23C4.08
K02943	Rpp203:SPAC1071.08
K15918	Mug58:SPAC630.09c
K08832	Dsk1:SPBC530.14c
K12856	Spp42:SPAC4F8.12c
K01188	Psu1:SPAC1002.13c
K04078	Hsp10:SPCC550.06c
K00600	Shm2:SPAC18G6.04c
K10576	Ubc8:SPBC211.07c
K14318	SPBC13A2.02:SPBC13A2.02
K00981	SPBC13A2.03:SPBC13A2.03
K01487	SPCC1672.03c:SPCC1672.03c
K11592	Dcr1:SPCC188.13c
K09522	Zuo1:SPBC1778.01c
K11563	Spc7:SPCC1020.02
K01626	SPAP8A3.07c:SPAP8A3.07c
K10735	Sld5:SPBP4H10.21c
K11836	Ubp14:SPBC6B1.06c
K00789	Sam1:SPBC14F5.05c
K00838	SPAC56E4.03:SPAC56E4.03
spo_SPCC1739.11c	Cdc11:SPCC1739.11c
K11786	Snf21:SPAC1250.01
K06689	Ubc14:SPAC1250.03
K02324	Cdc20:SPBC25H2.13c
K02908	Rpl3002:SPAC1250.05
K12819	Slu7:SPBC365.05c
K03511	Mug40:SPCC553.07c
K02958	Rps1501:SPCC1393.03
K01663	His4:SPBC418.01c
K01078	Pho4:SPBC428.03c
K02729	Pup2:SPAC323.02c
K06269	Dis2:SPBC776.02c
K01951	Gua2:SPAP7G5.02c
K10696	Brl1:SPCC1919.15
K10747	Adl1:SPBC713.06
K13288	Rex2:SPBC1347.07
K00559	Erg6:SPBC16E9.05
K01802	FkbP39:SPBC1347.02
K01497	SPAP27G11.09c:SPAP27G11.09c
K09250	Byr3:SPAC13D6.02c
K00859	SPCC14G10.01:SPCC14G10.01
K12188	Dot2:SPBC651.05c
K00602	Ade10:SPCPB16A4.03c
K01775	Alr2:SPBC359.02
K04077	Mcp60:SPAC12G12.04
K00967	SPAC15E1.05c:SPAC15E1.05c
K11131	SPAC29A4.04c:SPAC29A4.04c
K02537	Mad2:SPBC20F10.06
K02958	Rps1502:SPAC1071.07c
K00164	SPBC3H7.03c:SPBC3H7.03c
K14559	SPAC23C11.03:SPAC23C11.03
K11128	Gar1:SPBC20F10.01
K14404	Yth1:SPAC227.08c
K12624	Lsm5:SPBC20F10.09
K03680	Tif224:SPAC21E11.06
K01529	Dbp8:SPBC543.06c
K01527	SPAC4F10.14c:SPAC4F10.14c
K11373	Iki3:SPBC36.07
K01738	Cys11:SPBC36.04
K04523	Dph1:SPAC26A3.16
K04393	Cdc42:SPAC110.03
K11267	Pds5:SPAC110.02
K03114	Wee1:SPCC18B5.03
K00222	Erg24:SPBC16G5.18
K12589	SPBC16G5.10:SPBC16G5.10
K10967	SPBC19C7.12c:SPBC19C7.12c
K01079	SPBC3H7.07c:SPBC3H7.07c
K03283	Ssa1:SPAC13G7.02c
K12666	SPAC27F1.07:SPAC27F1.07
spo_SPAC24B11.11c	Sid2:SPAC24B11.11c
K01955	Arg4:SPBC215.08c
K02901	Rpl2701:SPBC685.07c
K11368	Sus1:SPBC6B1.12c
K02880	rpl1701:SPBC2F12.04
K11251	Hta1:SPCC622.08c
K11426	Set6:SPBP8B7.07c
K03016	Rpb8:SPBC14C8.12
K02218	Cki1:SPBC1347.06c
K09880	SPAC644.08:SPAC644.08
K01098	Pct1:SPAC644.04
K14015	Npl4:SPBC1711.10c
K00784	TrzL:SPBC3D6.03c
K10877	Rdh54:SPAC22F3.03c
K11770	Sfh1:SPCC16A11.14
K08744	SPAC22A12.08c:SPAC22A12.08c
K06675	Cut3:SPBC146.03c
K10625	Ubr11:SPAC15A10.11
K08770	Ubi4:SPBC337.08c
K02870	Rpl1202:SPCC31H12.04c
K06173	Pus1:SPCC126.03
K02872	Rpl1601:SPBC839.13c
K05658	Pmd1:SPCC663.03
K09659	Dpm3:SPBC1677.02
K12877	SPBC3B9.08c:SPBC3B9.08c
K02924	Rpl39:SPCC663.04
K10727	Cdt1:SPBC428.18
K01740	SPBC428.11:SPBC428.11
K01533	Ccc2:SPBC29A3.01
K01870	SPCC18B5.08c:SPCC18B5.08c
K14326	Upf1:SPAC16C9.06c
K02936	Rpl8:SPBC29A3.04
K11663	Vps71:SPBC29A3.05
K00924	Byr1:SPAC1D4.13
K10844	Rad15:SPAC1D4.12
K01953	Asn1:SPBC119.10
K10873	Rti1:SPBC119.14
K01892	Hrs1:SPBC2G2.12
K00135	SPAC1002.12c:SPAC1002.12c
K03014	Rpb6:SPCC1020.04c
K02910	Rpl31:SPAC890.08
K11843	Ubp6:SPAC6G9.08
spo_SPCC1223.02	Nmt1:SPCC1223.02
K08339	Mug77:SPBC4B4.10c
K01067	SPAC1952.09c:SPAC1952.09c
K00365	SPCC1223.09:SPCC1223.09
K11713	Cwg2:SPAC2E1P5.04c
K01875	SPAC25B8.06c:SPAC25B8.06c
K03469	Rnh1:SPBC336.06c
K00654	Lcb2:SPAC21E11.08
K01598	SPAC15E1.04:SPAC15E1.04
K11236	Scd1:SPAC16E8.09
K08343	Apg3:SPBC3B9.06c
K11566	Ask1:SPBC27.02c
K07342	Sss1:SPAC4G8.02c
K00517	Erg5:SPAC19A8.04
K01178	Meu17:SPBC14C8.05c
K11681	Swr1:SPAC11E3.01c
K02136	Atp3:SPBC1734.13
K13721	Ape2:SPBC1921.05
K02978	Rps27:SPBC1685.10
K14753	SPAC6B12.15:SPAC6B12.15
K11397	Vid21:SPCC1795.08c
K05759	Cdc3:SPAC4A8.15c
K03061	Rpt1:SPBC16C6.07c
K10729	Drc1:SPAC6B12.11
K03521	SPAC1805.02c:SPAC1805.02c
spo_SPCC576.03c	Tpx1:SPCC576.03c
K01062	Plg7:SPBC106.11c
K05864	Wis2:SPAC1B3.03c
K01724	Omt2:SPAC27D7.04
K03522	SPAC27D7.06:SPAC27D7.06
spo_SPBC2G5.05	SPBC2G5.05:SPBC2G5.05
K03254	Tif32:SPBC17D11.05
K02685	Spp2:SPBC17D11.06
K00914	Pik3:SPAC458.05
K03136	Tfa1:SPAC458.07
K10808	Suc22:SPBC25D12.04
K00555	Trm1:SPBC25D12.05
K03131	Taf6:SPCC16C4.18c
K11292	Spt6:SPAC1F7.01c
K11088	Smd3:SPBC19C2.14
K00968	SPCC1827.02c:SPCC1827.02c
K03504	Cdc27:SPBC1734.02c
K03039	Rpn9:SPAC607.05
K02877	Rpl15:SPCC576.11
K02957	Rps2201:SPAC22A12.04c
K02868	Rpl1101:SPAC26A3.07c
K11313	Spt3:SPCC61.02
K14568	Mra1:SPAC18G6.07c
K02220	Cdc13:SPBC582.03
K03143	Tfb4:SPBC30B4.07c
K00814	SPBC582.08:SPBC582.08
K02269	Cox9:SPCC1259.05c
K04649	Ubc1:SPBC2D10.20
K00606	SPAC5H10.09c:SPAC5H10.09c
K10884	Pku70:SPCC126.02c
K03264	Tif6:SPCC1919.09
K02962	Rps1701:SPBC839.05c
K12600	SPCC1919.05:SPCC1919.05
K02365	Cut1:SPCC5E4.04
K02900	Rpl2802:SPCC5E4.07
K02331	Pol5:SPBC14C8.14c
K03679	SPAC2F7.14c:SPAC2F7.14c
K00626	Erg10:SPBC215.09c
K01852	Erg7:SPAC13G7.01c
K12861	Cwf7:SPBC28F2.04c
K11251	Pht1:SPBC11B10.10c
K11098	Smf1:SPBC3E7.14
K03018	Rpc1:SPBC651.08c
K11086	Smb1:SPAC26A3.08
K12597	Air1:SPBP35G2.08c
K12182	Sst4:SPAC19A8.05c
K03575	Myh1:SPAC26A3.02
K02257	Cox10:SPBC365.02c
K02735	Pup3:SPCC63.12c
K06671	Psc3:SPAC17H9.20
K03885	SPBC947.15c:SPBC947.15c
K07178	SPAC10F6.10:SPAC10F6.10
K14264	SPAC6B12.04c:SPAC6B12.04c
K00819	SPBC21C3.08c:SPBC21C3.08c
K01915	Gln1:SPAC23H4.06
K02677	Pck2:SPBC12D12.04c
K07432	Alg13:SPAC56E4.02c
K14304	Nup85:SPBC17G9.04c
K03031	Rpn12:SPBC16G5.01
K02871	MrpL23:SPBC16G5.04
K00766	Trp4:SPBC16G5.08
K02155	Vma11:SPAC732.01
K01090	Sds21:SPCC31H12.05c
K04709	Lac1:SPBC3E7.15c
K07359	Ssp1:SPCC297.03
K01265	Fma1:SPBC3E7.10
K11572	Spc19:SPCC1223.15c
K13118	Bis1:SPCC364.02c
K01942	SPBC30D10.07c:SPBC30D10.07c
K03062	Rpt2:SPBC4.07c
K02437	SPBP19A11.01:SPBP19A11.01
K01899	SPAC16E8.17c:SPAC16E8.17c
K10591	Pub1:SPAC11G7.02
K00030	Idh1:SPAC11G7.03
K08254	Agn2:SPBC646.06c
K12862	Prp5:SPBP22H7.07
K02927	Ubi1:SPAC11G7.04
K07975	Rho4:SPAC16A10.04
K05758	Arc2:SPAC6F6.10c
K07374	Nda2:SPBC16A3.15c
K11504	Fta1:SPAC4F10.12
K03236	Tif11:SPBC25H2.07
K01868	Trs1:SPBC25H2.02
K02882	Rpl2002:SPAC26A3.04
K12733	Cyp1:SPAC57A10.03
K00416	Qcr6:SPBC16C6.08c
K14169	Ctu2:SPBC19C2.13c
spo_SPCC4B3.15	Mid1:SPCC4B3.15
K11700	Cid12:SPCC663.12
K11429	Set9:SPCC4B3.12
K10872	Dmc1:SPAC8E11.03c
K03357	Apc10:SPBC1A4.01
K12881	SPBC106.12c:SPBC106.12c
K08293	Pmk1:SPBC119.08
K01568	SPAC1F8.07c:SPAC1F8.07c
K03885	SPAC3A11.07:SPAC3A11.07
K03033	Rpn3:SPBC119.01
K03686	Mdj1:SPCC4G3.14
K06689	Ubc4:SPBC119.02
K10609	Pcu4:SPAC3A11.08
K01738	Cys12:SPAC3A12.17c
K08333	Ppk19:SPBC119.07
K06628	Cdc45:SPAC17D4.02
K01090	Ptc1:SPCC4F11.02
K13341	Pex7:SPAC17D4.01
K09046	Atf1:SPBC29B5.01
K00383	Pgr1:SPBC17A3.07
K01193	SPAC8E11.01c:SPAC8E11.01c
K00288	Ade9:SPBC2G2.08
K12161	Urm1:SPCC548.04
K14002	SPBC1347.05c:SPBC1347.05c
K14537	SPAC6F6.03c:SPAC6F6.03c
K10847	Rhp14:SPBC649.03
K02966	Rps1902:SPBC649.02
K12839	Spf30:SPCC1281.02c
K12621	Lsm2:SPCC1620.01c
K00861	Fmn1:SPCC18.16c
K08517	Sec22:SPBC2A9.08c
K02987	Rps403:SPAC959.07
K14650	Taf3:SPAC823.06
K12817	Prp18:SPCC126.14
K12196	Vps4:SPAC2G11.06
K01568	SPAC3G9.11c:SPAC3G9.11c
K14312	SPAC890.06:SPAC890.06
K11827	Aps2:SPBC685.04c
K06100	Pta1:SPAC1071.01c
K03247	SPAC821.05:SPAC821.05
K13800	SPCC1795.05c:SPCC1795.05c
K11872	Ubp9:SPBC1703.12
K02149	Vma8:SPCC965.03
K07874	Ypt1:SPBC1703.10
K14292	Tgs1:SPAC2G11.15c
K03859	Gpi2:SPCC550.04c
K12849	Prp38:SPBC19C2.08
K01866	Yrs1:SPCC1672.05c
K00558	Pmt1:SPBC19C2.02
K03009	Rpc10:SPBC19C2.03
K12813	Cdc28:SPBC19C2.01
K01624	Fba1:SPBC19C2.07
K00924	Ran1:SPBC19C2.05
K01104	Pyp3:SPAC11E3.09
K03004	Rpa43:SPBC3B9.07c
K11883	SPAC1486.09:SPAC1486.09
K14297	Nup189:SPAC1486.05
K00763	SPAC1486.06:SPAC1486.06
K04564	SPAC1486.01:SPAC1486.01
K02150	Vma4:SPAC11E3.07
K02969	Rps20:SPCC576.09
K00287	Dfr1:SPCC1223.08c
K11884	Rbp28:SPAC2C4.11c
K02942	Rpp103:SPCP1E11.09c
K15917	SPBPB2B2.12c:SPBPB2B2.12c
K12601	Rec14:SPBC32F12.02
K06688	Ubc11:SPCC1259.15c
K10389	Tug1:SPBC32F12.04
K02889	Rpl2101:SPBC365.03c
K03105	Sec65:SPCC126.15c
K14557	SPBC244.02c:SPBC244.02c
K10866	Rad50:SPAC1556.01c
K11676	Ies2:SPAC6B12.05c
K01783	SPAC31G5.05c:SPAC31G5.05c
K14403	Ysh1:SPAC17G6.16c
K11359	Spt7:SPBC25H2.11c
K01940	Arg12:SPBC428.05c
K08869	Abc1:SPBC2D10.18
K00006	Gpd2:SPAC23D3.04c
K08332	Vac8:SPBC354.14c
K02875	Rpl14:SPAC1805.13
K14290	Crm1:SPAC1805.17
K01210	Bgl2:SPAC26H5.08c
K04713	SPBC887.15c:SPBC887.15c
K00143	Lys1:SPAP7G5.04c
K01611	Spe2:SPBP4H10.05c
K02951	Rps1201:SPCC962.04
K03263	Tif512:SPBC336.10c
K03868	Rbx1:SPAC23H4.18c
K08139	Ght4:SPBC1683.08
K01187	Mal1:SPBC1683.07
K05349	SPBC1683.04:SPBC1683.04
K01488	SPBC1683.02:SPBC1683.02
K14285	Nxt1:SPAPB1A10.03
K02540	Mcm2:SPBC4.04c
K01620	Gly1:SPAC23H3.09c
K02877	Rpl1502:SPAC1783.08c
K00921	Fab1:SPBC3E7.01
K01537	Pmr1:SPBC31E1.02c
K02210	Mcm7:SPBC25D12.03c
K04728	Tel1:SPCC23B6.03c
K11594	Sum3:SPCC1795.11
K11855	Ubp16:SPCC1682.12c
K09062	Ste4:SPAC1565.04c
K11561	Mis14:SPAC688.02c
K09613	Csn5:SPAC1687.13c
K00889	Its3:SPAC19G12.14
K00706	Bgs4:SPCC1840.02c
K01784	SPBC365.14c:SPBC365.14c
K01254	SPCC1322.05c:SPCC1322.05c
K01170	Sen34:SPBC19C7.07c
K01834	Gpm1:SPAC26F1.06
K00161	Pda1:SPAC26F1.03
K02917	Rpl35b:SPBC1921.01c
K05283	Gwt1:SPAC144.10c
K11551	Mis15:SPBP22H7.09c
K15371	SPCC132.04c:SPCC132.04c
K10754	Rfc1:SPBC23E6.07c
K05546	Gls2:SPAC1002.03c
K14016	Ufd1:SPBC16A3.09c
K13501	Trp1:SPBC1539.09c
K12735	Rct1:SPBC17G9.05
K02974	Rps2402:SPBC17G9.07
K08874	Tra1:SPBP16F5.03c
K12606	Rcd1:SPAC29B12.06c
K03242	Tif213:SPBC17G9.09
K11339	Alp13:SPAC23H4.12
K02988	MrpS5:SPAC4G9.17c
K01881	Prs1:SPBC19C7.06
K01768	Cyr1:SPBC19C7.03
K10625	Ubr1:SPBC19C7.02
K03231	Ef1A-c:SPBC839.15c
K00637	SPAC13G7.05:SPAC13G7.05
K00390	Met16:SPAC13G7.06
K10643	Mot2:SPAC16C9.04c
K11559	Mis12:SPBC409.04c
K09510	Psi1:SPCC830.07c
K08139	Ght8:SPCC548.06c
K00030	Idh2:SPBC902.05c
K00121	SPBC1539.07c:SPBC1539.07c
K02987	Rps401:SPBC19F8.08
K02202	Mcs6:SPBC19F8.07
K01518	Aph1:SPCC4G3.02
K00616	Tal1:SPCC1020.06c
K11984	Snu66:SPAC167.03c
K13346	Pas4:SPBC17A3.10
K00281	Gcv2:SPAC13G6.06c
K00953	SPCC1235.04c:SPCC1235.04c
K02989	Rps502:SPAC328.10c
K08963	SPBC23E6.10c:SPBC23E6.10c
K00749	Mok14:SPCC63.04
K07466	Ssb1:SPBC660.13c
K00668	Fas1:SPAC926.09c
K02213	Cdc18:SPBC14C8.07c
K04382	Ppa1:SPAC823.15
K04717	SPAC823.11:SPAC823.11
K05692	Act1:SPBC32H8.12c
K08991	Mus81:SPCC4G3.05c
K10901	Rqh1:SPAC2G11.12
K06902	Atg22:SPAC2G11.13
K03125	Taf111:SPAC2G11.14
K01764	SPAC24C9.02c:SPAC24C9.02c
K01950	SPCC553.02:SPCC553.02
K00868	SPAC6F6.11c:SPAC6F6.11c
K00031	Idp1:SPAC6G10.08
K01228	SPAC6G10.09:SPAC6G10.09
K10752	Pcf3:SPAC25H1.06
K00147	Pro1:SPAC821.11
K00877	SPBP8B7.18c:SPBP8B7.18c
K02947	SPBP22H7.08:SPBP22H7.08
K11254	Hhf2:SPBC8D2.03c
K12882	SPAC6G10.07:SPAC6G10.07
K11763	Rsc9:SPBC1703.02
K08734	Mlh1:SPBC1703.04
K07179	SPBC1703.05:SPBC1703.05
K01648	SPBC1703.07:SPBC1703.07
K06676	Cnd2:SPCC306.03c
K03540	Rpr2:SPBC1105.16c
K11596	Ago1:SPCC736.11
K09490	Bip1:SPAC22A12.15c
K00641	Met6:SPBC56F2.11
K00053	Ilv5:SPBC56F2.12
K03115	SPBC2G5.02c:SPBC2G5.02c
K12883	SPBC13A2.01c:SPBC13A2.01c
K12867	Cwf3:SPBC211.02c
K03509	Eso1:SPBC16A3.11
K02214	Hsk1:SPBC776.12c
K01176	Meu7:SPBC16A3.13
K01702	Leu2:SPAC9E9.03
K04564	SPBC16A3.14:SPBC16A3.14
K13107	Cwf29:SPBC887.05c
K11761	Rsc7:SPCC1281.05
K00749	Ags1:SPCC1281.01
K11367	Hrp1:SPAC1783.05
K11600	Ski6:SPAC3G9.10c
K14549	SPBC428.19c:SPBC428.19c
K11367	Hrp3:SPAC3G6.01
K10881	Dss1:SPAC3G6.02
K08288	SPCC825.02:SPCC825.02
K01626	SPAC24H6.10c:SPAC24H6.10c
K00134	Tdh1:SPBC32F12.11
K01835	SPBC32F12.10:SPBC32F12.10
K10845	Tfb5:SPBC32F12.15
spo_SPBC1709.05	Sks2:SPBC1709.05
K02727	Pre10:SPCC1795.04c
K03126	Taf12:SPAC15A10.02
K05663	Atm1:SPAC15A10.01
K01613	SPBC16E9.18:SPBC16E9.18
K08827	Prp4:SPCC777.14
K01115	SPAC2F7.16c:SPAC2F7.16c
K14300	Nup132:SPAC1805.04
K00924	Cki3:SPAC1805.05
K03115	Ckb1:SPAC1851.03
K13509	SPAC1851.02:SPAC1851.02
K03012	Rpb4:SPBC337.14
K00550	Cho1:SPBC337.16
K06639	Clp1:SPAC1782.09c
K00088	Gua1:SPBC2F12.14c
K00417	Qcr7:SPCC737.02c
K01679	Fum1:SPCC18.18c
K08857	Fin1:SPAC19E9.02
K14405	SPAC22G7.10:SPAC22G7.10
K01078	SPBC21H7.03c:SPBC21H7.03c
K02960	Rps1602:SPAC664.04c
K11778	SPAC4D7.04c:SPAC4D7.04c
K12176	Csn2:SPAPB17E12.04c
K13025	SPAC1F5.10:SPAC1F5.10
K14307	Nup45:SPAC22G7.09c
K05605	SPBC2D10.09:SPBC2D10.09
K00234	Sdh1:SPAC1556.02c
K01176	Aah2:SPAC23D3.14c
K00381	Sir1:SPAC10F6.01c
K03678	SPCC757.08:SPCC757.08
K11227	Wis1:SPBC409.07c
K11087	Smd1:SPAC27D7.07c
K01922	SPCC4B3.18:SPCC4B3.18
K02309	Dfp1:SPCC550.13
K09500	Cct8:SPBC337.05c
K02135	Atp15:SPBC31F10.15c
K00130	Meu8:SPCC550.10
K02728	SPAC13C5.01c:SPAC13C5.01c
K13335	SPBC646.15c:SPBC646.15c
K11303	Hat1:SPAC139.06
K08139	Ght1:SPCC548.07c
K07975	Rho2:SPAC16.01
K02180	Bub3:SPAC23H3.08c
K05544	Dus3:SPAC16.04
K02865	Rpl102:SPBC30D10.18c
K06640	Rad3:SPBC216.05
K14674	SPAC1A6.05c:SPAC1A6.05c
K04799	Rad2:SPAC3G6.06c
K06027	Sec18:SPAC1834.11c
K02868	Rpl1102:SPBC17G9.10
K03163	Top1:SPBC1703.14c
K00799	Gst2:SPCC965.07c
K03141	Tfb1:SPAC16E8.11c
K01239	SPBC1683.06c:SPBC1683.06c
K12486	Ucp3:SPBC21D10.05c
K01893	Nrs1:SPBC1773.10c
K00974	SPAC1093.04c:SPAC1093.04c
K11885	Mud1:SPAC56F8.08
K14571	SPBC16E9.10c:SPBC16E9.10c
K03243	SPAC56F8.03:SPAC56F8.03
K06655	Pef1:SPCC16C4.11
K01057	SPCC16C4.10:SPCC16C4.10
K11560	Mis13:SPBC409.09c
K01126	SPAC4D7.02c:SPAC4D7.02c
K11567	Dad2:SPAC1805.07c
K02942	Rpp102:SPBC3B9.13c
K11274	Mcl1:SPAPB1E7.02c
K14550	Utp10:SPBC23E6.04c
K00415	Qcr2:SPCC613.10
K03781	Ctt1:SPCC757.07c
K00006	Gpd1:SPBC215.05
K04797	Bob1:SPBC215.02
K12858	Prp28:SPCC63.11
K02137	Atp5:SPCC1840.06
K12189	Vps25:SPBC4B4.06
K11099	Smg1:SPBC4B4.05
K11756	Rsc1:SPBC4B4.03
K08139	Ght2:SPBC4B4.08
K13217	Usp105:SPBC4B4.09
K14018	Lub1:SPBC887.04c
K07974	Ras1:SPAC17H9.09c
K04079	Hsp90:SPAC926.04c
K01427	Ure2:SPAC1952.11c
K10862	Tdp1:SPCP31B10.05
K03234	Eft202:SPCP31B10.07
K01867	Msw1:SPAC3G9.13c
K01739	SPBC15D4.09c:SPBC15D4.09c
K14548	SPBC19F5.02c:SPBC19F5.02c
K10865	Rad32:SPAC13C5.07
K08139	Ght3:SPAC1F8.01
K02218	Hhp1:SPBC3H7.15
K02256	Cox1:ScpofMp01
K01412	Qcr1:SPBP23A10.15c
K00412	Cob:ScpofMp04
K12591	Rrp6:SPAC1F3.01
K03235	Tef3:SPCC417.08
K11755	His7:SPBC29A3.02c
K01876	SPCC736.06:SPCC736.06
K12872	Cwf5:SPCC550.02c
K02991	Rps601:SPAC13G6.07c
K07127	SPCC285.04:SPCC285.04
K02885	Rpl1901:SPBC56F2.02
K00761	Urg2:SPAC1002.17c
K07748	SPBC3F6.02c:SPBC3F6.02c
K03064	Rpt4:SPCC1682.16
K11662	Arp6:SPCC550.12
K03252	Tif33:SPAC4A8.16c
K04712	Dsd1:SPBC3B8.07c
K06127	Coq5:SPCC4G3.04c
K10684	Rad31:SPAC4C5.04
K00749	Mok12:SPBC32H8.13c
K12193	Vps24:SPAC9E9.14
K05275	Plr1:SPAC9E9.11
K12871	Cwf18:SPCP1E11.07c
K00948	SPCC1620.06c:SPCC1620.06c
K11309	Rtt109:SPBC342.06c
K00036	SPCC794.01c:SPCC794.01c
K02908	Rpl3001:SPAC9G1.03c
K08294	Pek1:SPBC543.07
K00627	SPCC794.07:SPCC794.07
K00573	Pcm2:SPAC869.08
K12818	Prp22:SPAC10F6.02c
K12812	Uap56:SPAC17G6.14c
K01455	SPAC869.04:SPAC869.04
K02219	Suc1:SPBC1734.14c
K02889	Rpl2102:SPAC959.08
K00787	Spo9:SPBC36.06c
K09458	SPBC887.13c:SPBC887.13c
K00643	Hem1:SPAC2F3.09
K00888	Pik1:SPAC22E12.16c
K10997	Swi1:SPBC216.06c
K02940	Rpl901:SPAC4G9.16c
K10846	Rad13:SPBC3E7.08c
K12864	SPAC1952.06c:SPAC1952.06c
K00658	SPBC776.15c:SPBC776.15c
K13333	Plb1:SPAC1A6.04c
K02973	Rps23:SPAC23C11.02c
K01210	Exg2:SPAC12B10.11
K12571	Ubp13:SPAC22G7.04
K00540	Fio1:SPAC1F7.08
K13525	Cdc48:SPAC1565.08
K10807	Cdc22:SPAC1F7.05
K07975	Rho1:SPAC1F7.04
K05529	Mnn9:SPAC4F10.10c
K09486	SPAC1F5.06:SPAC1F5.06
K09580	SPAC1F5.02:SPAC1F5.02
K02260	Cox17:SPBC26H8.14c
K01176	SPCC757.12:SPCC757.12
K00801	Erg9:SPBC646.05c
K00987	Ceg1:SPBC2F12.08c
K00027	Mae2:SPCC794.12c
K00924	Cki2:SPBP35G2.05c
K14560	SPAC19D5.05c:SPAC19D5.05c
K03132	Ptr6:SPAC13F5.02c
K09553	Sti1:SPCC645.14c
K04371	Spk1:SPAC31G5.09c
K09291	Nup211:SPCC162.08c
K01756	Ade8:SPBC14F5.09c
K00949	Tnr3:SPAC6F12.05c
K14284	Mex67:SPBC1921.03c
K04487	Nfs1:SPBC21D10.11c
K11121	Sir2:SPBC16D10.07c
K00854	SPCPJ732.02c:SPCPJ732.02c
K08488	Pep12:SPBC31E1.04
K03448	Liz1:SPBC2G2.01c
K03028	Mts4:SPBP19A11.03c
K01870	Irs1:SPBC8D2.06
K11253	Hht2:SPBC8D2.04
K09497	Cct5:SPAC1420.02c
K04567	Krs1:SPBC17G9.03c
K01078	Stp1:SPAC1071.12c
K06662	Rad17:SPAC14C4.13
K11568	Dad3:SPAC14C4.16
K02132	Atp1:SPAC14C4.14
K11322	Epl1:SPCC830.05c
K12826	Sap62:SPBC21C3.05
K00297	Met9:SPAC56F8.10
K12948	Spc3:SPAC56F8.11
K09568	Fkh1:SPBC839.17c
K09578	Pin1:SPCC16C4.03
K00228	Hem13:SPAC222.11
K11142	SPAC13A11.05:SPAC13A11.05
K10599	Prp19:SPAC29A4.08c
K09184	Gaf1:SPCC1902.01
K00856	SPCC338.14:SPCC338.14
K12670	SPCC338.15:SPCC338.15
K03858	Gpi15:SPBC685.05
K02998	Rps001:SPBC685.06
K03035	Rpn501:SPAC1420.03
K01687	SPAC17G8.06c:SPAC17G8.06c
K02604	Orc2:SPBC685.09
K10773	Nth1:SPAC30D11.07
K03025	Rpc34:SPCC290.02
K13181	Ddx27:SPAC30D11.03
K12581	Caf1:SPCC18.06c
K12852	Cwf10:SPBC215.12
K02915	Rpl3402:SPCC1322.15
K11808	Ade6:SPCC1322.13
K02894	Rpl2302:SPCC1322.11
K02940	Rpl902:SPCC613.06
K01895	SPCC191.02c:SPCC191.02c
K14288	Los1:SPBP8B7.09c
K01657	Trp3:SPCC1442.09
K08139	Ght6:SPCC1235.13
K02976	Rps2602:SPAC1805.11c
K03063	Rpt3:SPCC576.10c
K02726	Pre8:SPCC1442.06
K12627	Lsm8:SPCC1840.10
K07573	Csl4:SPCC1840.11
K14298	Rae1:SPBC16A3.05c
K02952	SPCC1795.07:SPCC1795.07
K02977	Ubi3:SPAC6G10.11c
K12863	Cwf15:SPBC337.06c
K10591	Pub3:SPBC16E9.11c
K10752	Mis16:SPCC1672.10
K11584	Par1:SPCC188.02
K06678	Cnd3:SPCC188.03
K03361	Pop1:SPBC1718.01
K13507	SPBC1718.04:SPBC1718.04
K13091	Rsd1:SPAC19G12.07c
K12816	Prp17:SPBC6B1.10
K00888	SPBC577.06c:SPBC577.06c
K01698	Hem2:SPAC1805.06c
K00797	SPBC12C2.07c:SPBC12C2.07c
K02261	Cox2:ScpofMp10
K09506	Mug185:SPAC6B12.08
K02266	Cox13:SPCC1739.09c
K06123	Ayr1:SPAC23D3.11
K03439	Trm8:SPCPB16A4.04c
K01090	Ppe1:SPCC1739.12
K00052	Leu1:SPBC1A4.02c
K11419	Clr4:SPBC428.08c
K07976	Ypt3:SPAC18G6.03
K06067	Clr6:SPBC36.05c
K14168	Ctu1:SPBC2G5.03
K03648	Ung1:SPCC1183.06
K12200	SPAC2G11.05c:SPAC2G11.05c
K08852	Ire1:SPAC167.01
K05956	Ptb1:SPAC167.02
K14289	SPAC328.01c:SPAC328.01c
K02263	Cox5:SPCC338.10c
K00958	Sua1:SPBC27.08c
K11838	Ubp21:SPBC713.02c
K12604	Not1:SPAC20G8.06
K13950	SPBP8B7.29:SPBP8B7.29
K12232	Mug30:SPBP8B7.27
K03768	Cyp4:SPBP8B7.25
K11841	Ubp3:SPBP8B7.21
K01514	SPAC2F3.11:SPAC2F3.11
K08819	Lsk1:SPAC2F3.15
K00863	Dak1:SPAC22A12.11
K12586	SPBC17D1.03c:SPBC17D1.03c
K01754	SPBC1677.03c:SPBC1677.03c
K00432	Gpx1:SPBC32F12.03c
K00021	Hmg1:SPCC162.09c
K03246	Sum1:SPAC4D7.05
K03361	Pop2:SPAC4D7.03
K10742	Dna2:SPBC16D10.04c
K03241	Tif223:SPAC4D7.09
K05954	Cpp1:SPAC17G6.04c
K11254	Hhf3:SPBC1105.12
K10364	Acp1:SPAC12B10.07
K11495	Cnp1:SPBC1105.17
K10295	Pof7:SPCC1827.08c
K03841	Fbp1:SPBC1198.14c
K11673	Arp8:SPAC664.02c
K02155	Vma3:SPAC1B3.14
K14552	SPAC1B3.13:SPAC1B3.13
K12854	Brr2:SPAC9.03c
K01937	Cts1:SPAC10F6.03c
K11341	Yaf9:SPAC17G8.07
K08329	SPAC10F6.11c:SPAC10F6.11c
K02928	Rpl4101:SPAC3G6.13c
K01103	SPAC732.02c:SPAC732.02c
K14535	SPCC830.11c:SPCC830.11c
K11269	Ctf18:SPBC902.02c
K08486	Psy1:SPCC825.03c
K10756	Rfc5:SPBC83.14c
K02830	Rad1:SPAC1952.07
K06062	Gcn5:SPAC1952.05
K11597	Tas3:SPBC83.03c
K03253	SPAC25G10.08:SPAC25G10.08
K03649	Thp1:SPCC965.05c
K10251	SPAC4G9.15:SPAC4G9.15
K00851	SPAC4G9.12:SPAC4G9.12
K00611	Arg3:SPAC4G9.10
K12175	Csn1:SPBC215.03c
K03644	SPBC8D2.15:SPBC8D2.15
K05532	SPBC8D2.17:SPBC8D2.17
K02979	Rps2801:SPAC25G10.06
K00966	Mpg1:SPCC1906.01
K08825	Pom1:SPAC2F7.03c
K10413	Dhc1:SPAC1093.06c
K00924	Gsk3:SPAC1687.15
K00866	SPAC13G7.12c:SPAC13G7.12c
K05917	Erg11:SPAC13A11.02c
K02148	Vma5:SPAPB2B4.05
K08254	Agn1:SPAC14C4.09
K12587	SPBC211.08c:SPBC211.08c
K02220	Cig2:SPAPB2B4.03
K12620	Lsm1:SPBC3D6.08c
K09238	Ace2:SPAC6G10.12c
K12776	Mek1:SPAC14C4.03
K03363	Slp1:SPAC821.08c
K14396	Pab2:SPBC16E9.12c
K02152	Vma10:SPBC1289.05c
K00128	SPAC9E9.09c:SPAC9E9.09c
K10704	Mms2:SPCC338.05c
K14570	SPAC637.09:SPAC637.09
K03515	Rev1:SPBC1347.01c
K01866	SPCC576.06c:SPCC576.06c
K11251	Hta2:SPAC19G12.06c
K03251	Moe1:SPAC637.07
K05531	SPAC637.06:SPAC637.06
K15541	SPBP8B7.15c:SPBP8B7.15c
K01493	SPBC2G2.13c:SPBC2G2.13c
K03035	Rpn502:SPAPB8E5.02c
K10577	Hus5:SPAC30D11.13
K02923	Rpl3802:SPAC30D11.12
K10873	Rad22:SPAC30D11.10
K02898	Rpl26:SPBC29B5.03c
K00863	Dak2:SPAC977.16c
K00963	SPCC1322.04:SPCC1322.04
K00924	Srk1:SPCC1322.08
K00998	Pps1:SPCC1442.12
K04709	Lag1:SPAC1A6.09c
K03239	SPCC11E10.07c:SPCC11E10.07c
K00697	Tps1:SPAC328.03
K11849	Ubp2:SPAC328.06
K02872	Rpl1603:SPBC2G2.05
K02928	Rpl4102:SPAC3F10.18c
K14311	Nup184:SPAP27G11.10c
K06063	Prp45:SPCC188.11
K14554	SPCC1672.07:SPCC1672.07
K01495	SPAC17A5.13:SPAC17A5.13
K10878	Rec12:SPAC17A5.11
K12618	Exo2:SPAC17A5.14
K12873	Cwf14:SPBC24C6.11
K06965	SPCC18B5.06:SPCC18B5.06
K11121	Hst2:SPCC132.02
K02920	Rpl3602:SPBC405.07
K06680	Mad3:SPCC1795.01c
K11552	Mal2:SPAC25B8.14
K12855	Prp1:SPBC6B1.07
K02212	Cdc21:SPCC16A11.17
K03217	Oxa101:SPAC9G1.04
K11230	Wis4:SPAC9G1.02
K08853	Ppk30:SPBC6B1.02
K12605	Not2:SPCC4G3.15c
K00275	SPAC1093.02:SPAC1093.02
K02739	Pup1:SPAC23D3.07
K10755	Rfc2:SPAC23D3.02
K13993	SPCC338.06c:SPCC338.06c
K10580	Ubc13:SPAC11E3.04c
K12592	SPCC1739.07:SPCC1739.07
K11400	Arp42:SPAC23D3.09
K11701	Hrr1:SPCC1739.03
spo_SPAC1F5.04c	Cdc12:SPAC1F5.04c
K09584	SPAC17H9.14c:SPAC17H9.14c
K07252	Pdf1:SPBC530.12c
K02967	Mrp4:SPAC24C9.10c
K02927	Uep1:SPAC1805.12c
K00844	Hxk2:SPAC4F8.07c
K00528	Arh1:SPBC3B8.01c
K00706	Bgs2:SPAC24C9.07c
K07976	Ypt4:SPAC1B3.11c
K14676	Nte1:SPCC4B3.04c
K00599	SPBP8B7.08c:SPBP8B7.08c
K01952	Ade3:SPAC6F12.10c
K10777	Lig4:SPCC1183.05c
K00793	SPCC1450.13c:SPCC1450.13c
K05355	Dps1:SPBPJ4664.01
K11718	Gpt1:SPBPJ4664.06
K02267	Cox12:SPCC1442.08c
K01529	Mug81:SPBC13G1.10c
K01835	SPCC1840.05c:SPCC1840.05c
K00995	SPBP18G5.02:SPBP18G5.02
K01410	Oct1:SPAC1F3.10c
K03661	Vma16:SPAC2C4.13
K02938	Rpl801:SPAC1F7.13c
K08860	Hri1:SPAC20G4.03c
K03164	Top2:SPBC1A4.03c
K01939	Ade2:SPAC144.03
K02896	Rpl2402:SPCC330.14c
K01412	Mas2:SPBC18E5.12c
K12572	Ppk26:SPBC336.14c
K12821	Usp104:SPAC4D7.13
K03146	Thi2:SPBC26H8.01
K00551	Cho2:SPBC26H8.03
K12197	Did2:SPBC13G1.12
K00966	SPBC13G1.02:SPBC13G1.02
K08073	Pnk1:SPAC23C11.04c
spo_SPCC645.05c	Myo2:SPCC645.05c
K01210	Exg1:SPBC1105.05
K02328	Cdc1:SPAC27E2.05
K12736	Cyp9:SPCC553.04
K10575	Ubc15:SPBC1105.09
K02486	Mak2:SPAC27E2.09
K02921	Rpl4302:SPBC83.02c
K13176	SPCC24B10.11c:SPCC24B10.11c
K06130	SPAC8E11.04c:SPAC8E11.04c
K02427	Mrm2:SPBC2G2.15c
K12580	Not3:SPAC1B3.05
K05955	Cwp1:SPAPB1A10.04c
K12828	Prp10:SPAC27F1.09c
K01881	SPBC24C6.03:SPBC24C6.03
K11839	Ubp4:SPBC18H10.08c
K12829	Sap145:SPAC22F8.10c
K14006	Sec231:SPCC31H12.07
K02903	Rpl44:SPAC1687.06c
K01867	Wrs1:SPAC2F7.13c
K00101	SPAPB1A11.03:SPAPB1A11.03
K00129	SPAC922.07c:SPAC922.07c
K01613	SPAC31G5.15:SPAC31G5.15
K00605	Gcv1:SPAC31G5.14
K03030	Rpn11:SPAC31G5.13
K12198	SPCC162.06c:SPCC162.06c
K00589	SPCC1739.06c:SPCC1739.06c
K08501	Fsv1:SPAC6F12.03c
K15728	Ned1:SPAC1952.13
K09540	Sec63:SPBC36B7.03
K09481	Sbh1:SPBC2G2.03c
K08499	Tlg1:SPBC36B7.07
K01874	Rar1:SPBC17A3.04c
K16055	SPACUNK4.16c:SPACUNK4.16c
K11826	Apm4:SPAC31A2.09c
K03008	Rpb11:SPAC3A12.07
K00939	Adk1:SPAC4G9.03
K10743	Rnh201:SPAC4G9.02
K02985	Rps3:SPBC16G5.14c
K02725	SPAC6G10.04c:SPAC6G10.04c
K07941	Arf6:SPBC1539.08
K02608	Orc6:SPBC2A9.12
K00111	Gut2:SPCC1223.03c
K10839	Rhp23:SPBC2D10.12
K14555	Utp13:SPCC16A11.02
K01251	SPBC8D2.18c:SPBC8D2.18c
K04706	Pli1:SPAC1687.05
K11423	Set2:SPAC29B12.02c
K03020	Rpc19:SPAC1687.01
K11233	Mcs4:SPBC887.10
K03539	SPAC3A12.04c:SPAC3A12.04c
K06316	Rft1:SPBC887.19
K03250	Int6:SPBC646.09c
K11599	Ump1:SPCC14G10.03c
K01535	Pma1:SPAC1071.10c
K12843	Prp3:SPAC29E6.02
K11564	Mis18:SPCC970.12
K00876	SPCC162.11c:SPCC162.11c
K05754	Arc5:SPAC17G8.04c
K03107	Srp68:SPCC1682.05c
K03027	Rpc40:SPBC1289.07c
K00231	Hem14:SPAC1F5.07c
K00601	Ade5:SPCC569.08c
K02147	Vma2:SPAC637.05c
K12833	SPBC29A3.07c:SPBC29A3.07c
K03007	Rpb10:SPAC1B3.12c
K01918	Pan6:SPAC5H10.08c
K11771	Sol1:SPBC30B4.04c
K01873	Vrs1:SPBC1709.02c
K01647	Cit1:SPAC6C3.04
K03137	Tfa2:SPCC1672.08c
K00963	SPCC794.10:SPCC794.10
K06666	Tup12:SPAC630.14c
K06126	Coq6:SPBC146.12
K02934	Rpl6:SPCC622.18
K10771	Apn1:SPCC622.17
K12492	SPCC622.14:SPCC622.14
K13339	Pex6:SPAC17A5.01
K02925	Rpl301:SPAC17A5.03
K10843	Ptr8:SPAC17A5.06
K03005	Rpa49:SPAC2F3.03c
K04640	Gpa1:SPBC24C6.06
K00294	SPBC24C6.04:SPBC24C6.04
K00765	His1:SPAC25G10.05c
K14521	Nat10:SPAC20G8.09c
K10573	Rhp6:SPAC18B11.07c
K01772	Hem15:SPCC320.09
K07975	Rho5:SPAC20H4.11c
K02325	Dpb2:SPBP8B7.14c
K07442	Cpd1:SPAC9G1.12
K01505	SPAC922.03:SPAC922.03
K00641	Cys2:SPBC106.17c
K12617	SPBC19G7.10c:SPBC19G7.10c
K03127	Taf13:SPCC1494.02c
K12836	SPAP8A3.06:SPAP8A3.06
K02133	Atp2:SPAC222.12c
spo_SPAP8A3.08	Cdc4:SPAP8A3.08
K10772	Apn2:SPBC3D6.10
K14556	SPBC3D6.12:SPBC3D6.12
K02975	Rps2501:SPBC3D6.15
K04567	SPCC18.08:SPCC18.08
K03026	Rpc53:SPCC18.07
K13342	Pex5:SPBC725.07
K14455	SPBC725.01:SPBC725.01
K11232	Mpr1:SPBC725.02
K00943	Tmp1:SPCC70.07c
K01090	Ptc3:SPAC2G11.07c
K09584	SPAC13F5.05:SPAC13F5.05
K10418	Dlc2:SPAC926.07c
K11130	Nop10:SPAP27G11.13c
K11304	Mst1:SPAC637.12c
spo_SPAC3C7.14c	Uhp1:SPAC3C7.14c
K09658	Dpm2:SPBC21B10.11
K02987	Rps402:SPBC21B10.10
K11096	Smd2:SPAC2C4.03c
K11396	Png1:SPAC3G9.08
K00729	Alg5:SPBC56F2.10c
K15544	Ssu72:SPAC3G9.04
K01889	Frs2:SPAC3G9.06
K02894	Rpl2301:SPAC3G9.03
K12261	SPBC725.04:SPBC725.04
K01480	SPBC8E4.03:SPBC8E4.03
K14721	Rpc37:SPCC330.13
K00565	Pcm1:SPCC330.10
K02949	Rps1102:SPAC144.11
K12859	Dim1:SPCC16A11.05c
K08856	Ppk13:SPAC3H1.13
K00293	SPBC3B8.03:SPBC3B8.03
K07739	Elp3:SPAC29A4.20
K12585	Dis3:SPBC26H8.10
K03505	Cdm1:SPBC12D12.02c
K11362	Hfi1:SPBC887.18c
K14522	SPCC16C4.05:SPCC16C4.05
K03097	Cka1:SPAC23C11.11
K06631	Plo1:SPAC23C11.16
K03144	Tfb2:SPBC13G1.13
K08516	Ykt6:SPBC13G1.11
K10849	Swi10:SPBC4F6.15c
K00787	Fps1:SPAC6F12.13c
K01090	Pzh1:SPAC57A7.08
K00924	Ppk11:SPAC2C4.14c
K06685	Mob1:SPBC428.13c
K02983	Rps3002:SPBC19G7.03c
K11664	Swc2:SPBP35G2.13c
K10967	SPBC16H5.09c:SPBC16H5.09c
K02265	Cox4:SPAC1296.02
K10842	Pmh1:SPBC776.18c
K14575	SPBC56F2.07c:SPBC56F2.07c
K10903	Hus1:SPAC20G4.04c
K07976	Ypt71:SPAPB1A10.10c
K12878	SPCP25A2.03:SPCP25A2.03
K14310	Nup186:SPCC290.03c
K02949	Rps1101:SPAC31G5.03
K03140	Tfg3:SPAC22H12.02
K12831	Sap49:SPAC31G5.01
K05824	SPAC31G5.04:SPAC31G5.04
K11237	Scd2:SPAC22H10.07
K01719	Ups1:SPAC31G5.08
K14675	SPCC1450.16c:SPCC1450.16c
K10405	Klp2:SPAC664.10
K04043	Ssc1:SPAC664.11
K08592	Ulp1:SPBC19G7.09
K13333	SPAC1A6.03c:SPAC1A6.03c
K11294	Gar2:SPAC140.02
K00235	Sdh2:SPAC140.01
K11400	Alp5:SPBP23A10.08
K03002	Rpa2:SPBP23A10.07
K03349	Apc2:SPBP23A10.04
K00003	SPBC776.03:SPBC776.03
K00036	Zwf1:SPAC3A12.18
K00764	Ade4:SPAC4D7.08c
K02183	Cam1:SPAC3A12.14
K05284	Gpi14:SPBC13E7.05
K02134	Atp16:SPBC13E7.04
K13100	Cwf22:SPBC13E7.01
K03872	SPBC1861.07:SPBC1861.07
K13127	Cwf24:SPBC13E7.02
K01840	Pmm1:SPAC1556.07
K08850	Ark1:SPCC320.13c
K03352	Apc5:SPAC959.09c
K02865	Rpl101:SPCC1183.08c
K10601	Hrd1:SPBC17D11.02c
K11699	Rdp1:SPAC6F12.09
K00852	SPBC16G5.02c:SPBC16G5.02c
K11378	Mst2:SPAC17G8.13c
K02915	Rpl3401:SPAC23A1.08c
K04382	Ppa2:SPBC16H5.07c
K08967	SPBC887.01:SPBC887.01
K11422	Set1:SPCC306.04c
K11547	Ndc80:SPBC11C11.03
K12880	SPCC18B5.10c:SPCC18B5.10c
K02883	Rpl1801:SPBC11C11.07
K00326	SPCC970.03:SPCC970.03
K03138	Tfg1:SPCC1620.09c
K02920	Rpl3601:SPCC970.05
K02937	Rpl702:SPAC3H5.07
K14299	Seh1:SPAC15F9.02
K12659	Arg11:SPAC4G9.09c
K12272	Srp102:SPAC23H4.07c
K09518	SPBC17A3.05c:SPBC17A3.05c
K12765	Pit1:SPAC3C7.06c
K12834	Ini1:SPAC23H3.02c
K00591	Coq3:SPCC162.05
K12471	Ent1:SPCC162.07
spo_SPBC244.01c	Sid4:SPBC244.01c
K03134	Taf10:SPBC21H7.02
K07441	SPAC5D6.06c:SPAC5D6.06c
K01836	SPAC13C5.05c:SPAC13C5.05c
K14539	SPAC3F10.16c:SPAC3F10.16c
K12837	Prp2:SPBC146.07
K08596	Ulp2:SPAC17A5.07c
K11252	Htb1:SPCC622.09
K07897	Ypt7:SPBC405.04c
K14004	Sec13:SPBC215.15
K00419	Qcr9:SPCC1682.01
K03142	Ssl1:SPCC1682.07
K03456	Paa1:SPAP8A3.09c
spo_SPBC530.07c	SPBC530.07c:SPBC530.07c
K03108	Srp72:SPCC320.10
K14306	Nsp1:SPAC26A3.15c
K00698	Chs1:SPAC13G6.12c
K02955	Rps1401:SPAC3H5.05c
K00600	SPAC24C9.12c:SPAC24C9.12c
K00604	Fmt1:SPAC1805.09c
K03857	Gpi3:SPBC3D6.07
K00762	Ura5:SPBC725.15
K00618	Arg6:SPBC725.14
K01900	SPCC1620.08:SPCC1620.08
K02326	Dpb4:SPBC3D6.09
K12623	Lsm4:SPBC30D10.06
K10998	Swi3:SPBC30D10.04
K01078	SPBC4.06:SPBC4.06
K11979	Mlo2:SPBC4.05
K07512	Etr1:SPAC26F1.04c
K03754	SPAC343.14c:SPAC343.14c
K08737	Msh6:SPCC285.16c
K13993	Hsp16:SPBC3E7.02c
K10088	SPAC227.11c:SPAC227.11c
K03037	Rpn7:SPBC582.07c
K02943	Rpp201:SPBP8B7.06
K09175	Sak1:SPAC3G9.14
K01705	Lys2:SPAC343.16
K00791	Tit1:SPAC343.15
K03681	SPAC22A12.12c:SPAC22A12.12c
K02434	SPAC343.13:SPAC343.13
K00297	Met11:SPAC343.10
K01885	SPAPB1A10.11c:SPAPB1A10.11c
K01655	Lys4:SPBC1105.02c
K00838	SPCC569.07:SPCC569.07
K01528	Dnm1:SPBC12C2.08
K12273	Sec66:SPBC409.21
K03844	Alg11:SPCC330.08
K14321	Amo1:SPBC15D4.10c
K03017	Rpb9:SPAPYUG7.04c
K02957	Rps2202:SPAC5D6.01
K00900	SPAC222.13c:SPAC222.13c
K00754	SPBC1289.13c:SPBC1289.13c
K01869	Lrs1:SPAC26F1.13c
K01875	SPAC29A4.15:SPAC29A4.15
K01872	Ala1:SPAC23C11.09
K01507	SPAC23C11.05:SPAC23C11.05
K04482	Rhp51:SPAC644.14c
K02880	Rpl1702:SPCC364.03
K10752	Prw1:SPAC29A4.18
K11279	Nap1:SPCC364.06
K00058	SPCC364.07:SPCC364.07
K14572	SPCC737.08:SPCC737.08
K04802	Pcn1:SPBC16D10.09
K02866	Rpl1002:SPAP7G5.05
K11407	Clr3:SPBC800.03
K01409	Pgp2:SPBC16D10.03
K01280	Tpp2:SPAP8A3.12c
K00749	Mok13:SPBC16D10.05
K10981	Pol4:SPAC2F7.06c
K02327	Cdc6:SPBC336.04
K01739	SPAC23A1.14c:SPAC23A1.14c
K02154	Vph1:SPAC16E8.07c
K11557	Spc24:SPBC336.08
K00721	Dpm1:SPAC31G5.16c
K15053	SPBC1604.18c:SPBC1604.18c
K00620	SPBC1271.14:SPBC1271.14
K07562	Nmd3:SPAC16C9.03
K01476	SPAC3H1.07:SPAC3H1.07
K06013	SPAC3H1.05:SPAC3H1.05
K01764	SPBC26H8.12:SPBC26H8.12
K01120	Cgs2:SPCC285.09c
K01689	Eno101:SPBC1815.01
K11364	Sgf29:SPBC1921.07c
K00900	SPAPB17E12.14c:SPAPB17E12.14c
K00681	Ggt1:SPAC664.09
K02873	Rpl13:SPAC664.05
K02937	Rpl703:SPAC664.06
K03139	Tfg2:SPBC1198.13c
K10956	SPBC19G7.17:SPBC19G7.17
K09528	Spf31:SPBC1734.05c
K02912	Rpl3202:SPAC3H5.10
K00924	Mkh1:SPAC1F3.02c
K02606	Orc4:SPBP23A10.13
K00849	SPBPB2B2.13:SPBPB2B2.13
K00237	Sdh4:SPBP23A10.16
K01529	Dbp10:SPAC31A2.07c
K11835	Ubp12:SPCC1494.05c
K03165	Top3:SPBC16G5.12c
K03869	Cul3:SPAC24H6.03
K10731	Sld3:SPAC24H6.06
K02997	Rps901:SPAC24H6.07
K00844	Hxk1:SPAC24H6.04
K01104	Cdc25:SPAC24H6.05
K11584	Par2:SPAC6F12.12
K01775	Alr1:SPCC965.08c
K14408	Rna14:SPAC6F12.17
K03355	Cut23:SPAC6F12.14
K15634	SPAC1687.21:SPAC1687.21
K01886	Qrs1:SPBC342.02
K14154	Thi4:SPAC23H4.10c
K11497	Cnp3:SPBC1861.01c
K03350	Nuc2:SPAC17C9.01c
K03657	Srs2:SPAC4H3.05
K13830	Aro1:SPAC1834.02
K09554	Cdc37:SPBC9B6.10
K03955	SPAC4H3.09:SPAC4H3.09
K01194	Ntp1:SPBC660.07
K08331	Atg13:SPAC4F10.07c
K08336	Atg12:SPAC1783.06c
K04555	Ubc7:SPBP16F5.04
K02607	Orc5:SPBC646.14c
K06634	Mcs2:SPBP16F5.02
K01087	Tps2:SPAC3G6.09c
K15542	Pfs2:SPAC12G12.14c
K14324	SPCC126.13c:SPCC126.13c
K00948	SPBC3D6.06c:SPBC3D6.06c
K02999	Nuc1:SPBC4C3.05c
K02139	Atp17:SPBC1604.11
K00924	Ppk33:SPCC162.10
K08287	Lkh1:SPAC1D4.11c
K03065	Rpt5:SPAC3A11.12c
K05756	Arc3:SPBC1778.08c
K02917	Rpl35a:SPCP31B10.08c
K02964	Rps1801:SPBC16D10.11c
K02858	SPBC23E6.06c:SPBC23E6.06c
K09567	Cyp3:SPBC1709.04c
K01759	Glo1:SPBC12C2.12c
K14567	SPAC57A7.06:SPAC57A7.06
K11372	Sim3:SPBC577.15c
K10591	Pub2:SPAC1805.15c
K12622	Lsm3:SPBC9B6.05c
K02893	Rpl2501:SPBC106.18
K12823	Dbp2:SPBP8B7.16c
K04345	Pka1:SPBC106.10
K02731	Pre6:SPBC106.16
K14303	Nup120:SPBC3B9.16c
K01823	Idi1:SPBC106.15
K02831	Cds1:SPCC18B5.11c
K08490	Sed5:SPBC8D2.14c
K02885	Rpl1902:SPCC1682.14
K03038	Rpn8:SPCC1682.10
K10398	Cut7:SPAC25G10.07c
K08492	Ufe1:SPCC895.04c
K01873	Vas1:SPAC4A8.08c
K10401	Klp5:SPBC2F12.13
K08496	Bos1:SPAP14E8.03
K01749	Hem3:SPAC24B11.13
K03021	Rpc2:SPAC4G9.08c
K12275	Sec62:SPAC17G6.09
K03267	Sup35:SPCC584.04
K02974	Rps2401:SPAC17G6.06
K02542	Mcm6:SPBC211.04c
K12615	Edc3:SPBC18E5.11c
K09051	Pcr1:SPAC21E11.03c
K00749	Mok11:SPAC1527.01
K12194	Vps32:SPAC1142.07c
K07374	Atb2:SPBC800.05c
K13106	Cwf26:SPCC1620.10
K14309	Nup97:SPCC1620.11
K03846	Alg9:SPAC1834.05
K03860	Gpi1:SPBC30D10.11
K01477	SPAC1F7.09c:SPAC1F7.09c
K01713	Pha2:SPBC30D10.16
K03263	Tif51:SPAC26H5.10c
K11279	Nap2:SPBC2D10.11c
K00818	Arg1:SPCC777.09c
K07760	Csk1:SPAC1D4.06c
K03283	Ssa2:SPCC1739.13
K09419	Hsf1:SPAC2E12.02
K04354	Pab1:SPAC227.07c
K00654	SPBC18E5.02c:SPBC18E5.02c
K14012	Ubx3:SPAC343.09
K12830	Prp12:SPAPJ698.03c
K02145	Vma1:SPAC343.05
K11097	Sme1:SPBC11G11.06c
K03358	Apc11:SPAC343.03
K10838	Rhp42:SPCC4G3.10c
K07976	Ypt5:SPAC6F6.15
K00869	Erg12:SPAC13G6.11c
K00820	SPBC12C2.11:SPBC12C2.11
K01923	Ade7:SPBC409.10
K00794	SPBC409.13:SPBC409.13
K06669	Psm3:SPAC10F6.09c
K02938	Rpl802:SPBC2F12.07c
K00226	Ura3:SPAC57A10.12c
K06072	Mmd1:SPAC30C2.02
K01077	SPBC14F5.13c:SPBC14F5.13c
K02183	Cam2:SPAC29A4.05
K12493	Glo3:SPAC22E12.17c
K01893	Slm5:SPBC1198.10c
K01889	SPCC736.03c:SPCC736.03c
K10756	Rfc3:SPAC27E2.10c
K00273	SPCC1450.07c:SPCC1450.07c
K14574	SPAC4F8.03:SPAC4F8.03
K01110	Ptn1:SPBC609.02
K08735	Msh2:SPBC19G7.01c
K05765	Adf1:SPAC20G4.06c
K02979	Rps2802:SPCC285.15c
K03353	Cut9:SPAC6F12.15c
K02995	Rps801:SPAC2C4.16c
K01956	Arg5:SPBC56F2.09c
K01897	Lcf2:SPBP4H10.11c
K01164	SPAC25B8.16:SPAC25B8.16
K07151	Stt3:SPBC1271.02
K02991	Rps602:SPAPB1E7.12
K11548	Nuf2:SPAC27F1.04c
K12614	Ste13:SPBC776.09
K02905	Rpl29:SPBC776.01
K10084	Mnl1:SPAC23A1.04c
K03514	Cid14:SPAC12G12.13c
K14538	Grn1:SPBC26H8.08c
K10415	Dic1:SPBC646.17c
K00008	Tms1:SPBC1773.05c
K03249	SPBC4C3.07:SPBC4C3.07
K13205	Aar2:SPAC3H5.04
K00872	SPBC4C3.03:SPBC4C3.03
K01951	SPBPB2B2.05:SPBPB2B2.05
K09043	Pap1:SPAC1783.07c
K02304	SPAC4D7.06c:SPAC4D7.06c
K01465	Ura2:SPAC16.03c
K12874	Cwf11:SPBC646.02
K14376	Pla1:SPBC646.04
K02947	Rps1001:SPAC31G5.17c
K04646	Chc1:SPAC26A3.05
K10755	Rfc4:SPAC1687.03c
K12737	Cyp7:SPBC16H5.05c
K12195	Vps20:SPBC215.14c
K02925	Rpl302:SPAPB8E5.06c
K11434	Rmt1:SPAC890.07c
K03130	Taf5:SPCC5E4.03c
K06679	Mad1:SPBC3D6.04c
K08675	Lon1:SPAC22F3.06c
K00033	SPBC660.16:SPBC660.16
K14411	SPBC660.15:SPBC660.15
K00948	SPAC4A8.14:SPAC4A8.14
K10858	Pms1:SPAC19G12.02c
K03066	Rpt6:SPBC23G7.12c
K11253	Hht1:SPAC1834.04
K03029	Rpn10:SPAC637.10c
K03265	Sup45:SPAC1834.01
K00005	Gld1:SPAC13F5.03c
K00924	Psk1:SPCC4G3.08
K03235	Elf1:SPAC3C7.08c
K02734	SPAC31A2.04c:SPAC31A2.04c
K00211	Tyr1:SPCC1494.04c
K02127	Atp4:SPBC1604.07
K01810	Pgi1:SPBC1604.05
K09272	Pob3:SPBC609.05
K08158	Caf5:SPBC609.04
K12827	Sap61:SPBC36.09
K12590	Rrp46:SPBC115.01c
K07953	Sar1:SPBC31F10.06c
NotMapped	 Not mapped:NotMapped
