K03609	MinD:sll0289
K04079	HtpG:sll0430
K02048	SbpA:slr1452
K13541	CbiH:slr0969
K01679	FumC:slr0018
K02047	CysW:slr1454
K02045	CysA:slr1455
K00748	LpxB:slr0015
K00790	MurZ:slr0017
K02097	ApcF:slr1459
K01602	RbcS:slr0012
K03046	RpoC1:slr1265
K03588	MrdB:slr1267
K02548	MenA:slr1518
K00703	GlgA:sll0945
K00648	FabH:slr1511
K03621	PlsX:slr1510
K00681	Ggt:slr1269
K10563	MutM:slr1689
K01784	GalE:slr1067
K00290	slr0049:slr0049
K02639	PetF:sll1382
K01092	SuhB:sll1383
K03671	TrxA:slr1139
K09001	AnmK:slr1179
K02469	GyrA:sll1941
K07259	DacB:slr0646
K01662	sll1945:sll1945
K01874	MetG:slr0649
K00721	Dpm1:sll1540
K01647	GltA:sll0401
K00812	AspC:sll0402
K00075	MurB:slr1424
K00104	GlcD:sll0404
K00800	AroA:slr0444
K02501	HisH:slr0084
K02046	CysT:slr1453
K02669	PilT:slr0161
K02372	FabZ:sll1605
K02292	CrtO:slr0088
K05928	Erg6:slr0089
K01358	ClpP:slr0165
K01358	ClpP:slr0164
K00099	sll0019:sll0019
K04485	Sms:slr0448
K01669	Phr:slr0854
K03821	PhbC:slr1830
K02698	PsaK:sll0629
K02689	PsaA:slr1834
K02690	PsaB:slr1835
K00873	PykF:sll0587
K01915	GlnN:slr0288
K03517	NadA:sll0622
K02698	PsaK:ssr0390
K01985	Rrn5sb:6803r06
K01772	HemH:slr0839
K01933	PurM:slr0838
K01980	Rrn23sa:6803r02
K01977	Rrn16sa:6803r03
K01985	Rrn5sa:6803r01
K02314	DnaB:slr0833
K01897	slr1609:slr1609
K00005	GldA:slr1167
K00525	NrdA:slr1164
K00958	Sat:slr1165
K03711	Fur:sll1937
K05516	DnaJ:sll1933
K04043	DnaK:sll1932
K00600	GlyA:sll1931
K04043	DnaK:sll0058
K01802	YtfC:slr1761
K00162	PdhB:sll1721
K03587	FtsI:sll1833
K11473	GlcF:sll1831
K01808	RpiB:ssl2153
K01358	ClpP:sll0534
K03544	ClpX:sll0535
K04077	GroEl:slr2076
K01784	GalE:sll0244
K09458	FabF:slr1332
K02658	sll1292:sll1292
K01147	Rnb:sll1290
K00764	PurF:sll0757
K08479	SarA:sll0750
K01817	TrpF:sll0356
K02660	PilJ:sll1294
K01491	FolD:sll0753
K01961	AccC:sll0053
K02892	RplW:sll1801
K01061	ClcD:sll1298
K00925	AckA:sll1299
K03687	GrpE:sll0057
K02952	RpsM:sll1816
K03564	Bcp:sll0221
K11329	slr0947:slr0947
K01591	PyrF:sll0838
K01749	HemC:slr1887
K04773	SppA:sll1703
K01623	Fda:slr0943
K00002	slr0942:slr0942
K11753	RibF:slr1882
K02933	RplF:sll1810
K05936	CbiF:slr0239
K11956	LivH:slr0949
K01652	IlvG:slr2088
K06045	Shc:slr2089
K11754	FolC:sll1612
K02988	RpsE:sll1812
K02852	RffM:slr1118
K00210	TyrA:slr2081
K01940	ArgG:slr0585
K02276	CtaE:slr2083
K11523	sll0039:sll0039
K01963	AccD:sll0336
K02986	RpsD:slr0469
K01972	LigA:sll1209
K02519	InfB:slr0744
K10112	GgtA:slr0747
K03431	GlmM:sll1758
K04037	ChlL:slr0749
K01916	NadE:slr1691
K02471	sll0182:sll0182
K01428	UreC:sll1750
K02285	CpcB:sll1577
K02016	FecB:slr1492
K02337	DnaE:sll1572
K01057	DevB:sll1479
K02939	RplI:sll1244
K00052	LeuB:slr1517
K02286	CpcC:sll1579
K02290	CpcG:sll1471
K01588	PurE:sll0901
K00765	HisG:sll0900
K11472	GlcE:sll1189
K13292	Lgt:sll1187
K00510	Ho1:sll1184
K00228	HemF:sll1185
K02636	PetC:sll1182
K01834	YibO:slr1945
K06147	HlyB:sll1180
K01007	PpsA:slr0301
K01881	ProS:sll1425
K01673	IcfA:slr1347
K00640	CysE:slr1348
K01810	Pgi:slr1349
K00284	GltB:sll1502
K02289	CpcF:sll1051
K02224	CbiA:sll1501
K01515	sll1054:sll1054
K02703	PsbA1:slr1181
K01952	PurL:sll1056
K03671	Trx:sll1057
K00215	DapB:sll1058
K00939	Adk:sll1059
K02535	LpxC:sll1508
K06118	sqdB:slr1020
K01952	slr0519:slr0519
K00091	DfrA:slr1706
K03782	KatG:sll1987
K02916	RpmI:ssl1426
K00721	sll1004:sll1004
K01652	IlvB:sll1981
K04083	HslO:sll1988
K02067	Ycf22:sll1002
K11953	NrtD:slr0044
K11952	NrtC:slr0043
K11950	CmpA:slr0040
K11951	CmpB:slr0041
K10255	DesA:slr1350
K03088	RpoE:slr1545
K03536	RnpA:slr1469
K01091	slr0458:slr0458
K01770	IspF:slr1542
K03073	SecE:ssl3335
K02355	Fus:slr1463
K03798	FtsH:slr0228
K01462	Def:slr1549
K03088	RpoE:sll0856
K00971	RfbM:sll1370
K01920	GshB:slr1238
K02114	AtpC:slr1330
K01485	CodA:slr1237
K00239	SdhA:slr1233
K00973	RfbA:sll0207
K01885	GltX:sll0179
K02437	gcvH:slr0879
K02709	PsbH:ssl2598
K04043	DnaK:sll0170
K00605	GcvT:sll0171
K01876	AspS:slr1720
K00088	GuaB:slr1722
K10190	LacG:slr1723
K02495	HemN:sll1876
K04035	At103:sll1874
K00510	Ho2:sll1875
K01546	KdpA:slr1728
K01547	KdpB:slr1729
K01878	GlyQ:slr0638
K00926	ArcC:sll0573
K01992	RfbA:sll0574
K01990	RfbB:sll0575
K13993	Hsp17:sll1514
K01589	PurK:sll0578
K03149	ThiG:slr0633
K02233	CobS:slr0636
K03631	RecN:sll1520
K03608	MinE:ssl0546
K11522	sll0038:sll0038
K01724	PhhB:ssl2296
K00059	FabG:slr0886
K00134	Gap1:slr0884
K02234	CobW:slr0502
K03046	RpoC2:sll1789
K03116	ssl2823:ssl2823
K01000	MraY:sll0657
K14606	sll0659:sll0659
K03087	RpoD:sll0306
K01738	CysM:sll0712
K03550	RuvA:sll0876
K13747	NapC:sll0873
K03043	RpoB:sll1787
K00520	MerA:slr1849
K00013	HisD:slr1848
K03186	UbiX:slr1099
K08289	PurT:slr0861
K07031	lmbP:slr0862
K02931	RplE:sll1808
K03635	MoaE:slr0903
K00950	FolK:slr1093
K00036	Zwf:slr1843
K01738	CysK:slr1842
K00382	PhdD:slr1096
K02704	PsbB:slr0906
K04034	BchE:slr0905
K09815	ZntC:slr2043
K02895	RplX:sll1807
K02874	RplN:sll1806
K02335	PolA:slr0707
K02982	RpsC:sll1804
K00390	CysH:slr1791
K02886	RplB:sll1802
K00616	TalB:slr1793
K01502	MerR:sll0784
K02699	PsaL:slr1655
K02563	MurG:slr1656
K06148	HlyB:slr1651
K02994	RpsH:sll1809
K01586	LysA:sll0504
K02911	RpmF:ssr1736
K02303	CysG:sll0378
K00677	LpxA:sll0379
K00147	ProA:sll0373
K01955	CarB:sll0370
K03723	Mfd:sll0377
K11963	BraG:sll0374
K10206	AspC:sll0006
K05349	Bgl:sll1538
K01470	slr0596:slr0596
K03676	GrxC:ssr2061
K02669	PilT:sll1533
K02945	Rps1:slr1984
K01903	SucC:sll1023
K03644	LipA:slr1598
K11996	MoeB:sll1536
K00266	GltD:sll1027
K06187	RecR:slr1426
K03798	FtsH:slr1390
K00426	CydB:slr1380
K02635	PetB:slr0342
K01129	Dgt:sll0398
K03527	slr0348:slr0348
K11962	LivG:sll0764
K03531	FtsZ:sll1633
K00798	CobA:slr0260
K05579	NdhH:slr0261
K03154	Ycf40:ssr0102
K11954	NatB:slr0559
K00970	PcnB:sll1253
K02640	PetG:smr0010
K02914	RpmH:smr0011
K01714	DapA:slr0550
K01356	LexA:sll1626
K00240	SdhB:sll1625
K01494	Dcd:sll1258
K01873	ValS:slr0557
K01704	LeuD:sll1444
K01937	PyrG:sll1443
K10257	DesB:sll1441
K00275	PdxH:sll1440
K02111	AtpA:sll1326
K02115	AtpC:sll1327
K02109	AtpF:sll1324
K02113	AtpD:sll1325
K02108	AtpI:sll1322
K02109	AtpG:sll1323
K01866	TyrS:ssr1720
K02116	Atp1:sll1321
K01790	RfbC:slr1933
K01601	RbcL:slr0009
K02357	Tsf:sll1261
K08963	MtnA:slr1938
K02967	RpsB:sll1260
K08309	Slt:slr0534
K03686	DnaJ:sll0897
K02970	RpsU:ssl0601
K02852	RffM:slr1271
K01579	PanD:sll0892
K00024	CitH:sll0891
K05592	DeaD:slr0083
K05574	NdhC:slr1279
K04042	GlmU:sll0899
K01868	ThrS:sll0078
K02723	Ycf32:sml0007
K02919	Rpl36:sml0006
K00425	CydA:slr1379
K03689	Ycf6:sml0004
K02714	PsbM:sml0003
K02722	PsbX:sml0002
K01711	YefA:slr1072
K02434	GatB:sll1435
K03394	CbiL:slr1879
K01784	GalE:slr1078
K02653	PilC:slr0163
K02697	PsaJ:sml0008
K03502	UmuC:slr0790
K02653	GspF:slr0162
K03469	RnhA:slr0080
K01265	Map:slr0918
K02639	PetF:ssl0020
K00441	slr1923:slr1923
K10189	LacF:slr1202
K03500	Fmu:slr0679
K00860	CysC:slr0676
K03526	IspG:slr2136
K00325	PntB:slr1434
K03592	PmbA:slr1435
K07657	slr0081:slr0081
K11717	NifS:slr0077
K01883	CysS:slr0958
K09013	Ycf16:slr0075
K02487	slr0073:slr0073
K03501	GidB:slr0072
K00604	Fmt:slr0070
K02470	GyrB:sll2005
K05586	sll1220:sll1220
K04487	NifS:slr0387
K11961	slr1201:slr1201
K11960	LivH:slr1200
K03087	RpoD:sll0184
K01480	sll0228:sll0228
K02492	HemA:slr1808
K05568	NdhD:slr2007
K05568	NdhF:slr2009
K03768	PpiB:sll0227
K00820	GlmS:sll0220
K00845	Glk:sll0593
K06223	MbpA:slr1803
K05573	NdhB:sll0223
K00012	slr1299:slr1299
K03100	LepB:sll0716
K01955	slr1616:slr1616
K03657	UvrD:sll1143
K05979	slr1718:slr1718
K00793	RibC:sll0300
K01775	Alr:slr0827
K00655	sll1848:sll1848
K05583	NdhL:ssr1386
K08680	slr1916:slr1916
K03797	Prc:slr1751
K00627	OdhB:sll1841
K04567	LysS:slr1550
K00057	GpsA:slr1755
K02238	ComEc:sll1929
K01915	GlnA:slr1756
K00773	Tgt:slr0713
K03438	MraW:sll1144
K01262	PepP:sll0136
K03584	RecO:slr0181
K01887	ArgS:sll0502
K01649	LeuA:slr0186
K00762	PyrE:slr0185
K09686	Ycf38:sll0760
K00970	PcnB:sll0825
K00240	SdhB:sll0823
K02887	RplT:sll0767
K11525	Tsr or:sll0041
K11525	Tar:sll0042
K00696	Sps:sll0045
K01426	NylA:sll0828
K00599	RapQ:sll0829
K00937	Ppk:sll0290
K01879	GlyS:slr0220
K00991	IspD:slr0951
K03841	Fbp:slr0952
K03637	MoaC:slr0902
K01759	slr0381:slr0381
K00767	NadC:slr0936
K00930	ArgB:slr1898
K00020	MmsB:slr0229
K01735	AroB:slr2130
K01945	PurD:slr1159
K13788	Pta:slr2132
K02050	NrtB:sll1451
K04518	PheA:sll1662
K03177	TruB:slr0457
K01687	IlvD:slr0452
K02286	CpcC:sll1580
K00602	PurH:slr0597
K00526	slr0591:slr0591
K01978	RnpB:6803s01
K03701	UvrA:slr1844
K03070	SecA:sll0616
K03551	RuvB:sll0613
K01711	RfbD:sll1212
K02864	RplJ:sll1745
K02935	RplL:sll1746
K01736	AroC:sll1747
K01689	Eno:slr0752
K04038	ChlN:slr0750
K02867	RplK:sll1743
K01649	LeuA:sll1564
K07304	MsrA:slr1795
K03692	OtsA:sll1566
K13821	PutA:sll1561
K00891	AroK:sll1669
K01657	TrpE:slr1979
K02878	RplP:sll1805
K03787	SurE:sll1459
K02863	RplA:sll1744
K11781	CofH:sll1659
K06042	CbiC:sll0916
K02377	sll1213:sll1213
K02890	RplV:sll1803
K07304	MsrA:sll1394
K03797	CtpB:slr0257
K05895	CobK:slr0252
K06861	slr0251:slr0251
K01467	BlaOxa-3:slr0319
K02884	RplS:sll1740
K02926	RplD:sll1800
K01977	Rrn16sb:6803r04
K01952	PurL:slr0520
K01935	BioD:slr0523
K01980	Rrn23sb:6803r05
K09458	FabF:sll1069
K04035	sll1214:sll1214
K06920	exsB:slr0527
K00606	PanB:slr0526
K03405	ChlI:slr1030
K01928	MurE:slr0528
K03787	SurE:sll1108
K02634	PetA:sll1317
K02636	PetC:sll1316
K00324	PntA:slr1239
K03798	FtsH:slr1604
K02012	slr0513:slr0513
K02488	PleD:slr1798
K02435	slr0033:slr0033
K00826	IlvE:slr0032
K00111	GlpD:sll1085
K02049	NrtD:sll1082
K01436	Ama:slr1653
K02693	PsaE:ssr2831
K00919	sll0711:sll0711
K03217	slr1471:slr1471
K00609	PyrB:slr1476
K01710	RfbB:slr0836
K01870	IleS:sll1362
K01139	SpoT:slr1325
K02343	DnaX:sll1360
K04066	PriA:sll0270
K13542	HemD:sll0166
K02040	PstS:slr1247
K02112	AtpB:slr1329
K02657	sll1291:sll1291
K03075	SecG:ssr3307
K02015	FecC:slr1316
K02838	Frr:sll0145
K09903	PyrH:sll0144
K01893	AsnC:sll0495
K02897	sll1824:sll1824
K02016	FecB:slr1319
K01791	slr0624:slr0624
K03671	TrxA:slr0623
K01802	Cyp:slr1251
K01265	Map:slr0786
K00620	ArgJ:sll1883
K02909	RpmE:ssl3445
K01803	TpiA:slr0783
K00274	slr0782:slr0782
K07568	QueA:sll0467
K03183	UbiE:sll1653
K00147	ProA:sll0461
K02293	Pds:slr1254
K02040	sll0540:sll0540
K07646	KdpD:slr1731
K01895	Acs:sll0542
K03685	Rnc:slr0346
K02438	GlgX:slr1857
K03644	LipA:sll0868
K00684	Aat:sll0869
K12574	slr0551:slr0551
K01768	CyaA:sll0646
K07106	MurQ:sll0861
K03703	UvrC:sll0865
K03885	Ndh:slr0851
K03789	RimI:slr0853
K00845	XylR:slr0329
K01754	IlvA:slr2072
K04078	GroEs:slr2075
K00971	ManA:slr2074
K00652	BioF:slr0917
K03076	SecY:sll1814
K00939	Adk:sll1815
K00262	GdhA:slr0710
K02948	Rps11:sll1817
K06042	MerR:sll0794
K02881	RplR:sll1811
K00214	BvdR:slr1784
K02876	RplO:sll1813
K00034	Gdh:sll1709
K01809	RfbM:slr0493
K01911	MenE:slr0492
K03040	RpoA:sll1818
K02879	RplQ:sll1819
K02316	DnaG:sll1868
K00978	RfbF:slr0983
K09691	RfbB:slr0982
K01790	RfbC:slr0985
K01709	RfbG:slr0984
K02093	ApcB:slr1986
K01582	Cad:sll1683
K00259	sll1682:sll1682
K03087	RpoD:sll1689
K01733	ThrC:sll1688
K00995	PgsA:sll1522
K03116	slr1046:slr1046
K00855	Prk:sll1525
K01682	slr0665:slr0665
K01892	HisS:slr0357
K02694	PsaF:sll0819
K00791	MiaA:sll0817
K03711	Fur:sll0567
K02275	CtaC:sll0813
K01951	GuaA:slr0213
K00548	MetH:slr0212
K02231	CobU:slr0216
K08884	PknA:slr1697
K05588	HoxU:sll1223
K05587	HoxF:sll1221
K01835	Pgm:sll0726
K01465	PyrC:slr0406
K03465	ThyX:sll1635
K00145	ArgC:sll0080
K01962	AccA:sll0728
K00858	PpnK:slr0400
K03271	GmhA:sll0083
K00367	NarB:sll1454
K01569	sll1358:sll1358
K02051	NrtA:sll1450
K02637	PetD:slr0343
K02049	NrtC:sll1452
K02049	NrtD:sll1453
K00688	GlgP:sll1356
K07462	RecJ:sll1354
K02284	CpcA:sll1578
K03654	RecQ:slr1536
K03106	Ffh:slr1531
K02959	RpsP:ssr0482
K03524	BirA:sll1655
K02487	sll1296:sll1296
K02227	CobD:slr1925
K02188	CbiD:slr1538
K02067	Ycf22:sll0751
K02011	HitB:slr0327
K02095	ApcD:sll0928
K01191	Ams1:slr0323
K06596	slr0322:slr0322
K00031	Icd:slr1289
K07785	NreB:slr0796
K01595	Ppc:sll0920
K00789	MetX:sll0927
K10039	GlnH:sll1104
K05581	NdhJ:slr1281
K05582	NdhK:slr1280
K02191	CbiT:slr1368
K00981	CdsA:slr1369
K02659	slr1043:slr1043
K00761	Upp:sll1035
K02660	McpA:slr1044
K02488	PleD:slr1047
K02835	PrfA:sll1110
K03428	ChlM:slr0525
K02500	HisF:sll1893
K01012	BioB:slr1364
K03101	LspA:slr1366
K00688	GlgP:slr1367
K03786	AroQ:sll1112
K02946	RpsJ:sll1101
K01866	TyrS:slr1031
K01585	SpeA:slr0662
K00286	ProC:slr0661
K04077	GroEl-2:sll0416
K01867	TrpS:slr1884
K01424	sll0422:sll0422
K01429	UreB:sll0420
K01756	PurB:sll0421
K02716	PsbO:sll0427
K02652	GspE:slr0063
K02230	CobN:slr1211
K11958	LivF:slr1881
K02552	EntC:slr0817
K03118	Ycf43:sll0194
K00931	ProB:slr2035
K06153	UppP:sll0210
K02638	PetE:sll0199
K03820	Lnt:slr0819
K01234	NplT:sll0842
K01776	MurI:slr1746
K01448	AmiA:slr1744
K03885	Ndh:slr1743
K02355	Fus:sll0830
K00566	MnmA:sll0844
K01633	slr1626:slr1626
K05584	slr1623:slr1623
K01507	Ppa:slr1622
K12573	Zam:sll1910
K07769	Dfr:sll0698
K02495	HemN:sll1917
K00969	NadD:sll1916
K02913	RpmG:ssr1398
K02963	RpsR:ssr1399
K00940	NdkR:sll1852
K01142	XthA:sll1854
K05356	Sds:slr0611
K05572	NdhA:sll0519
K02313	DnaA:sll0848
K06208	AroH:sll0109
K03702	UvrB:sll0459
K00003	ThrA:sll0455
K01889	PheS:sll0454
K01807	RpiA:slr0194
K04561	NorB:sll0450
K01924	MurC:slr1423
K00927	Pgk:slr0394
K00595	CbiE:sll0099
K08884	PknA:sll0776
K00873	PykF:sll1275
K07738	NrdR:slr0780
K03629	RecF:sll1277
K02029	GlnH:sll1270
K02040	SphX:sll0679
K08906	PetJ:sll1796
K01925	MurD:sll2010
K00392	Sir:slr0963
K03087	RpoD:sll2012
K02338	DnaN:slr0965
K03610	MinC:sll0288
K01695	TrpA:slr0966
K00766	TrpD:slr1867
K11603	MntA:sll1599
K04487	NifS:sll0704
K01992	KpsM:slr2107
K11601	MntC:sll1598
K03705	HrcA:sll1670
K02276	CtaE:slr1138
K02341	DnaX:slr0446
K11959	AmiC:slr0447
K00705	MalQ:sll1676
K02902	RpmB:ssr1604
K03470	RhnB:slr1130
K01755	ArgH:slr1133
K02274	CtaD:slr1137
K02275	CtaC:slr1136
K02551	MenD:sll0603
K02488	PleD:slr0687
K01999	sll0606:sll0606
K00013	HisD:slr0682
K00027	Me:slr0721
K07456	MutS:sll1772
K17108	sll1775:sll1775
K02274	CtaD:slr2082
K01619	DeoC:sll1776
K02717	sll1418:sll1418
K00033	Gnd:sll0329
K01890	PheT:sll1553
K02654	HofD:slr1120
K01902	SucD:sll1557
K10773	Nth:slr1822
K00966	sll1558:sll1558
K02428	MazG:sll1005
K03185	UbiH:slr1300
K00858	PpnK:sll1415
K06188	ApqZ:slr2057
K02438	GlgX:slr0237
K03741	ArsC:slr0946
K03564	Bcp:slr0242
K03885	Ndh:sll1484
K02956	RpsO:ssl1784
K01092	sll1329:sll1329
K01733	ThrC:sll1172
K02160	AccB:slr0435
K02356	Efp:slr0434
K01433	PurU:sll0070
K01599	HemE:slr0536
K00615	TktA:sll1070
K08300	Rne:slr1129
K01529	ZiaA:sll1076
K01480	SpeB:sll1077
K01869	LeuS:sll1074
K03439	TrmB:sll1300
K05978	StpA:slr0746
K04564	SodB:slr1516
K03655	RecG:slr0020
K04773	SppA:slr0021
K02950	RpsL:sll1096
K02992	Rps7:sll1097
K10960	sll1091:sll1091
K08884	PknA:slr1443
K01448	AmiA:slr1910
K02355	Fus:sll1098
K00847	CscK:slr1448
K05585	sll1262:sll1262
K03090	RpoF:slr1564
K03676	GrxC:slr1562
K03797	CtpA:slr0008
K02502	HisZ:slr1560
K02110	AtpH:ssl2615
K02703	PsbA2:slr1311
K02358	Tuf:sll1099
K01585	SpeA:slr1312
K00759	Apt:sll1430
K02015	FecD:slr1317
K08903	Psb13:sll1398
K02036	PstB:slr1250
K02013	FecE:slr1318
K00067	RfbD:sll1395
K11957	NatA:slr0467
K00703	GlgA:sll1393
K02291	Pys:slr1255
K01430	UreA:slr1256
K00161	slr1934:slr1934
K02650	HofG:sll1695
K02469	GyrA:slr0417
K01580	Gad:sll1641
K02899	RpmA:ssr2799
K01778	DapF:slr1665
K03086	RpoDi:slr0653
K01814	HisA:slr0652
K03892	ArsA:sll1957
K00928	LysC:slr0657
K02301	CtaB:sll1899
K01497	RibA:sll1894
K01875	SerS:slr1703
K01414	PrlC:slr0659
K02230	CobN:sll1890
K00817	HisC:sll1958
K01437	AspA:slr1705
K03639	MoaA:slr0901
K01657	TrpE:slr0738
K00128	slr0091:slr0091
K00457	Ppd:slr0090
K05516	DnaJ:slr0093
K00053	IlvC:sll1363
K03695	ClpB:slr0156
K02016	FecB:slr1491
K02639	PetF:slr0150
K02038	PstA:slr1249
K00535	FtrC:sll0554
K01265	Map:sll0555
K02037	PstC:slr1248
K02023	MalK:slr1224
K03111	Ssb:slr0925
K02518	InfA:ssl3441
K02094	ApcC:ssr3383
K02691	PsaC:ssl0563
K00281	GcvP:slr0293
K02092	ApcA:slr2067
K02706	PsbD2:slr0927
K03179	UbiA:slr0926
K02221	Ycf19:ssr2142
K01056	Pth:slr0922
K14605	sll0147:sll0147
K03684	Rnd:sll0320
K00278	NadB:sll0631
K02639	PetF:slr1828
K01082	cysQ:sll0895
K00788	ThiE:sll0635
K10206	sll0480:sll0480
K00748	slr1677:slr1677
K00864	GlpK:slr1672
K01703	LeuC:sll1470
K04751	GlnB:ssl0707
K00954	CoaD:slr0847
K05577	NdhF:slr0844
K00975	GlgC:slr1176
K00432	slr1171:slr1171
K02888	RplU:slr1678
K02666	GspD:slr1277
K02871	RplM:sll1821
K06173	TruA:sll1820
K01939	PurA:sll1823
K02996	RpsI:sll1822
K02662	PilM:slr1274
K03474	PdxJ:slr1779
K03404	ChlD:slr1777
K01669	Phr:sll1629
K01442	slr1772:slr1772
K05575	NdhD3:sll1733
K05577	NdhF:sll1732
K03801	LipB:slr0994
K02720	PsbV:sll0258
K01872	AlaS:sll0362
K05576	NdhE:sll0522
K00700	GlgB:sll0158
K05580	NdhI:sll0520
K11780	CofG:sll1285
K00850	PfkA:sll0745
K02724	PsbZ:sll1281
K00794	RibH:sll1282
K05577	NdhF:sll0026
K05575	NdhD:sll0027
K02650	HofG:sll1694
K00611	ArgF:sll0902
K03696	ClpC:sll0020
K03555	MutS:sll1165
K11752	RibG:slr0066
K01783	CfxE:sll0807
K00721	Dpm1:slr1943
K00517	Cyp:slr0574
K03389	HdrB:slr0201
K02712	PsbK:sml0005
K11532	GlpX:slr2094
K03072	SecD:slr0774
K03074	SecF:slr0775
K02536	LpxD:slr0776
K01251	AhcY:sll1234
K04039	ChlB:slr0772
K02493	HemK:sll1237
K11354	Phy:slr0473
K11602	MntB:sll1600
K02020	ModA:sll0738
K11175	PurN:slr0477
K07636	SphS:sll0337
K01091	CbbZp:sll1349
K03798	FtsH:sll1463
K00799	Gst1:sll1545
K02710	PsbI:sml0001
K02294	Bhy:sll1468
K00150	Gap2:sll1342
K01256	Ape2:sll1343
K02719	PsbU:sll1194
K00850	PfkA:sll1196
K00554	TrmD:sll1198
K03110	FtsY:slr2102
K11955	sll0146:sll0146
K02096	ApcE:slr0335
K02945	Rps1:slr1356
K01929	MurF:slr1351
K05575	NdhD:slr0331
K03100	LepB:slr1377
K02232	CbiP:slr0618
K03856	CcmA:sll0934
K05575	NdhD2:slr1291
K13038	Dfp:sll0250
K00962	Pnp:sll1043
K00218	Pcr:slr0506
K05578	NdhG:sll0521
K03574	MutT:sll1045
K01693	HisB:slr0500
K02287	CpcD:ssl3093
K03403	ChlH:slr1055
K03572	MutL:slr1199
K00208	EnvM:slr1051
K02968	RpsT:ssl2233
K10697	slr0115:slr0115
K03429	sll1377:sll1377
K03147	ThiC:slr0118
K01698	HemB:sll1994
K03778	Ddh:slr1556
K00226	PyrD:slr1418
K02636	PetC:slr1185
K01673	IcfA:slr0051
K01658	TrpG:slr0055
K00901	DgkA:slr0054
K00014	AroE:slr1559
K04040	ChlG:slr0056
K08884	PknA:slr1225
K02954	RpsN:slr0628
K01923	PurC:slr1226
K02837	PrfC:slr1228
K01661	MenB:sll1127
K02707	PsbE:ssr3451
K01409	Gcp:slr0807
K07259	DacB:slr0804
K00645	FabD:slr2023
K01710	RfbB:slr0809
K00796	FolP:slr2026
K02836	PrfB:sll1865
K02703	PsbA3:sll1867
K01548	KdpC:slr1730
K02027	SrrA:slr1897
K09833	UbiA:slr1736
K17063	slr1735:slr1735
K00818	ArgD:slr1022
K09835	sll0033:sll0033
K00517	CbaB:sll1869
K01625	Eda:sll0107
K11755	HisI:slr0608
K00058	SerA:sll1908
K02687	PrmA:sll1909
K02038	PstA:sll0682
K02036	PstB:sll0683
K03553	RecA:sll0569
K02037	PstC:sll0681
K00384	slr0600:slr0600
K02036	PstB:sll0684
K02337	DnaE:slr0603
K00135	GabD:slr0370
K02965	RpsS:ssl3432
K01725	CynS:slr0899
K00366	NirA:slr0898
K02961	RpsQ:ssl3437
K02904	RpmC:ssl3436
K01448	AmiA:slr0891
K00514	CrtQ:slr0940
K13799	PanC:sll1249
K02711	PsbJ:smr0008
K02906	RplC:sll1799
K02528	KsgA:sll0708
K00097	PdxA:sll0660
K02718	PsbT:smr0001
K02706	PsbD:sll0849
K02643	PetM:smr0003
K02700	PsaM:smr0005
K02696	PsaI:smr0004
K02713	PsbL:smr0007
K02708	PsbF:smr0006
K02433	GatA:slr0877
K17218	slr0876:slr0876
K01834	GpmB:slr1124
K02288	CpcE:slr1878
K00942	Gmk:slr1123
K02012	SufA:slr1295
K03168	TopA:slr2058
K01921	Ddl:slr1874
K02520	InfC:slr0974
K00948	PrsA:sll0469
K02290	CpcG:slr2051
K01255	Lap:sll2001
K02990	Rps6:sll1767
K00872	ThrB:sll1760
K02642	PetL:sll1994a
K03685	Rnc:slr1646
K08902	PsbZ:slr1645
K02641	PetH:slr1643
K01495	FolE:slr0426
K03695	ClpB:slr1641
K02705	PsbC:sll0851
K13789	CrtE:slr0739
K04094	GidA:sll0204
K03495	GidA:sll0202
K02825	PyrR:sll0368
K03733	XerC:slr0733
K00121	sll0990:sll0990
K02692	PsaD:slr0737
K01845	HemL:sll0017
K08304	MltA:sll0016
K01465	PyrC:sll1018
K01069	HagH1:sll1019
K01514	Ppx:sll1546
K00059	FabG:slr1994
K00626	Thl:slr1993
K00432	slr1992:slr1992
K01768	CyaA:slr1991
K01624	CbbA:sll0018
K02007	CbiM:sll0383
K08139	GlcP:sll0771
K01787	slr1975:slr1975
K00943	slr0379:slr0379
K01990	KpsT:slr2108
K01956	CarA:sll1498
K00284	GltB:sll1499
K02040	PstS:sll0680
K01768	sll1161:sll1161
K00133	Asd:slr0549
K00799	Gst:sll0067
K01653	IlvH:sll0065
K01696	TrpB:slr0543
K01358	ClpP:slr0542
K00059	sll5079:sll5079
K01609	TrpC:slr0546
