69187	69187	NotMapped	50571.429
11354	11354	NotMapped	130571.43
12889	12889	NotMapped	22571429
12960	12960	NotMapped	58571.429
110187	110187	NotMapped	90285.714
18823	18823	NotMapped	13971429
19194	19194	NotMapped	50571.429
G3UXD0	G3UXD0	NotMapped	63142.857
12373	12373	NotMapped	448571.43
70350	70350	NotMapped	14371429
11723	11723	NotMapped	2134285.7
68416	68416	NotMapped	1791.8857
19660	19660	NotMapped	882857.14
282619	282619	NotMapped	42857.143
227120	227120	NotMapped	457142.86
12307	12307	NotMapped	49142857
12308	12308	NotMapped	35714286
59006	59006	NotMapped	37142.857
215384	215384	NotMapped	154571.43
26950	26950	NotMapped	41142857
18378	18378	NotMapped	86857.143
12797	12797	NotMapped	474285.71
22287	22287	NotMapped	222285.71
22074	22074	NotMapped	186571.43
69117	69117	NotMapped	188857.14
21345	21345	NotMapped	2454285.7
23795	23795	NotMapped	241142.86
56370	56370	NotMapped	21371429
66284	66284	NotMapped	34571.429
106393	106393	NotMapped	382857.14
53318	53318	NotMapped	72857.143
20215	20215	NotMapped	79142.857
20618	20618	NotMapped	3028571.4
99709	99709	NotMapped	97142.857
67931	67931	NotMapped	243714.29
66283	66283	NotMapped	213714.29
20199	20199	NotMapped	14062.571
380683	380683	NotMapped	170571.43
59011	59011	NotMapped	117142.86
19285	19285	NotMapped	1822857.1
20200	20200	NotMapped	362857.14
77337	77337	NotMapped	19645.714
67373	67373	NotMapped	141142.86
75600	75600	NotMapped	13490.571
17957	17957	NotMapped	15885714
24131	24131	NotMapped	116571.43
69824	69824	NotMapped	60571.429
223809	223809	NotMapped	70571.429
20964	20964	NotMapped	49428571
53322	53322	NotMapped	243714.29
104069	104069	NotMapped	25771429
12925	12925	NotMapped	140000
20203	20203	NotMapped	23085714
20910	20910	NotMapped	1.4057143e+08
67182	67182	NotMapped	220.55143
14199	14199	NotMapped	1062857.1
16763	16763	NotMapped	7807.1429
109042	109042	NotMapped	17333.143
216350	216350	NotMapped	8548.8571
109272	109272	NotMapped	112000
72088	72088	NotMapped	2062.9714
67399	67399	NotMapped	67428.571
12372	12372	NotMapped	149428.57
20198	20198	NotMapped	176571.43
104183	104183	NotMapped	242857.14
64661	64661	NotMapped	22282.286
69787	69787	NotMapped	81714.286
330440	330440	NotMapped	61428.571
12971	12971	NotMapped	9971428.6
17929	17929	NotMapped	229714.29
433470	433470	NotMapped	32285.714
17035	17035	NotMapped	1414285.7
20195	20195	NotMapped	314285.71
226041	226041	NotMapped	58571.429
67326	67326	NotMapped	800000
18489	18489	NotMapped	2947.7143
118449	118449	NotMapped	58857.143
76293	76293	NotMapped	80285.714
67971	67971	NotMapped	9885714.3
270097	270097	NotMapped	4857142.9
13602	13602	NotMapped	1354285.7
14457	14457	NotMapped	571428.57
171580	171580	NotMapped	25251.714
26558	26558	NotMapped	2734285.7
22240	22240	NotMapped	5885714.3
232400	232400	NotMapped	351428.57
17930	17930	NotMapped	193428.57
18483	18483	NotMapped	5485714.3
23969	23969	NotMapped	23457143
11983	11983	NotMapped	9685714.3
14467	14467	NotMapped	6542857.1
72948	72948	NotMapped	8542857.1
21985	21985	NotMapped	2648571.4
12933	12933	NotMapped	47714286
20965	20965	NotMapped	31142857
20194	20194	NotMapped	777142.86
21753	21753	NotMapped	24627.714
229731	229731	NotMapped	382857.14
17988	17988	NotMapped	2885714.3
73723	73723	NotMapped	2594285.7
13184	13184	NotMapped	34000
107684	107684	NotMapped	108285.71
18611	18611	NotMapped	3857142.9
19652	19652	K13186	1732026.1
16952	16952	NotMapped	190571.43
12306	12306	NotMapped	2265714.3
66395	66395	NotMapped	21685714
56356	56356	NotMapped	2220000
11808	11808	NotMapped	2742857.1
109934	109934	NotMapped	3200000
83397	83397	NotMapped	994285.71
216810	216810	NotMapped	1725714.3
217124	217124	NotMapped	4514285.7
67865	67865	NotMapped	210000
20324	20324	NotMapped	545714.29
29877	29877	NotMapped	3028571.4
380698	380698	NotMapped	8169.7143
11766	11766	NotMapped	1282.1143
26556	26556	NotMapped	4057142.9
65969	65969	NotMapped	23585.143
21346	21346	NotMapped	771428.57
76281	76281	NotMapped	146571.43
102502	102502	NotMapped	1914285.7
66098	66098	NotMapped	1797142.9
16019	16019	NotMapped	113428.57
76932	76932	NotMapped	700000
30948	30948	NotMapped	11742857
12696	12696	K13195	709302.33
67861	67861	NotMapped	1562857.1
56205	56205	NotMapped	1602857.1
12798	12798	NotMapped	61428.571
56526	56526	NotMapped	2605714.3
234267	234267	NotMapped	6885714.3
50706	50706	NotMapped	16840.857
21804	21804	NotMapped	77714.286
229593	229593	NotMapped	130571.43
68196	68196	NotMapped	1805714.3
14432	14432	NotMapped	5885714.3
66471	66471	NotMapped	822857.14
72042	72042	NotMapped	9571428.6
73442	73442	NotMapped	8542857.1
59046	59046	NotMapped	594285.71
66849	66849	NotMapped	1200000
11641	11641	NotMapped	2885714.3
227737	227737	NotMapped	114571.43
20692	20692	NotMapped	568571.43
12810	12810	NotMapped	377142.86
11745	11745	NotMapped	1780000
14086	14086	NotMapped	1120000
20193	20193	NotMapped	2391428.6
13476	13476	NotMapped	1565714.3
68106	68106	NotMapped	611428.57
71733	71733	NotMapped	44285.714
219072	219072	NotMapped	1540000
13860	13860	NotMapped	511428.57
11518	11518	NotMapped	12257143
19231	19231	NotMapped	2180000
75974	75974	NotMapped	88571.429
93686	93686	NotMapped	974285.71
26611	26611	NotMapped	90857.143
56360	56360	NotMapped	2694285.7
20362	20362	NotMapped	7714285.7
353170	353170	NotMapped	385714.29
56195	56195	NotMapped	3628571.4
66111	66111	NotMapped	12112.286
104001	104001	NotMapped	7114285.7
223601	223601	NotMapped	1577142.9
15444	15444	NotMapped	3971428.6
107975	107975	NotMapped	1480000
209378	209378	NotMapped	115428.57
68420	68420	NotMapped	118571.43
23825	23825	NotMapped	3114285.7
14007	14007	K13207	1088582.7
230972	230972	NotMapped	18617.714
654795	654795	NotMapped	602857.14
57915	57915	NotMapped	240000
68519	68519	NotMapped	802857.14
17524	17524	NotMapped	1628571.4
19672	19672	NotMapped	30857.143
67803	67803	NotMapped	123714.29
14245	14245	NotMapped	22908.286
268996	268996	NotMapped	554285.71
73112	73112	NotMapped	368571.43
71148	71148	NotMapped	235428.57
52589	52589	NotMapped	5657142.9
101314	101314	NotMapped	591428.57
66273	66273	NotMapped	300000
14269	14269	NotMapped	2400000
18739	18739	NotMapped	662857.14
18536	18536	NotMapped	254285.71
14026	14026	NotMapped	251428.57
74044	74044	NotMapped	213428.57
12759	12759	NotMapped	3171428.6
16170	16170	NotMapped	14933.429
228359	228359	NotMapped	2468571.4
380711	380711	NotMapped	1397142.9
380686	380686	NotMapped	3428571.4
66128	66128	NotMapped	1285714.3
P01867-2	P01867-2	NotMapped	625714.29
21987	21987	NotMapped	112000
229877	229877	NotMapped	9714285.7
66310	66310	NotMapped	602857.14
66645	66645	NotMapped	1277142.9
235627	235627	NotMapped	1206.4857
20202	20202	NotMapped	48571.429
239217	239217	NotMapped	1985714.3
109552	109552	NotMapped	365714.29
11630	11630	NotMapped	605714.29
108911	108911	NotMapped	965714.29
66128	66128	NotMapped	183142.86
320183	320183	NotMapped	1362.9714
27360	27360	NotMapped	5285714.3
72108	72108	NotMapped	68857.143
65106	65106	NotMapped	905714.29
105298	105298	NotMapped	168571.43
15193	15193	NotMapped	2148571.4
52398	52398	NotMapped	23857143
29812	29812	NotMapped	2182857.1
18220	18220	NotMapped	568571.43
68614	68614	NotMapped	54857.143
53378	53378	NotMapped	642857.14
57138	57138	NotMapped	780000
27984	27984	NotMapped	3000000
13688	13688	NotMapped	42857.143
20201	20201	NotMapped	13644
244373	244373	NotMapped	4685714.3
63986	63986	NotMapped	2601.7429
382643	382643	NotMapped	542857.14
22343	22343	NotMapped	4457142.9
66469	66469	NotMapped	1040000
76626	76626	NotMapped	1408571.4
668218	668218	NotMapped	534285.71
114886	114886	NotMapped	714285.71
227960	227960	NotMapped	60000
214459	214459	NotMapped	103428.57
54120	54120	NotMapped	305714.29
76497	76497	NotMapped	3142857.1
76820	76820	NotMapped	440000
67683	67683	NotMapped	72571.429
63913	63913	NotMapped	117428.57
20024	20024	NotMapped	2134285.7
232201	232201	NotMapped	1684.3429
72096	72096	NotMapped	58571.429
29817	29817	NotMapped	14693.714
545030	545030	NotMapped	41.877143
50926	50926	K13044	3687707.6
56426	56426	NotMapped	628571.43
18738	18738	NotMapped	8742857.1
30059	30059	NotMapped	6400000
54519	54519	NotMapped	11818
93730	93730	NotMapped	1262857.1
329154	329154	NotMapped	90000
75007	75007	NotMapped	92857.143
68732	68732	NotMapped	10878.857
19291	19291	NotMapped	934285.71
94184	94184	NotMapped	751428.57
66905	66905	NotMapped	588571.43
67860	67860	NotMapped	183714.29
11308	11308	NotMapped	2140000
72565	72565	NotMapped	181714.29
224650	224650	NotMapped	88000
57258	57258	NotMapped	8768.8571
20650	20650	NotMapped	97428.571
13169	13169	NotMapped	1291428.6
54130	54130	NotMapped	9600000
76895	76895	NotMapped	120000
53602	53602	NotMapped	10085714
51886	51886	K13210	2519201.2
77134	77134	K12894	5377049.2
99889	99889	NotMapped	417142.86
67808	67808	NotMapped	385714.29
67881	67881	NotMapped	49142.857
66540	66540	NotMapped	2025714.3
23943	23943	NotMapped	560000
64899	64899	NotMapped	3538
19385	19385	NotMapped	2914285.7
235380	235380	NotMapped	9914285.7
83965	83965	NotMapped	202285.71
52700	52700	NotMapped	89428.571
20163	20163	NotMapped	1720000
17876	17876	NotMapped	3457142.9
69151	69151	NotMapped	337142.86
67581	67581	NotMapped	16286.571
54132	54132	NotMapped	488571.43
56398	56398	NotMapped	93142.857
108123	108123	NotMapped	18342857
21961	21961	NotMapped	408571.43
53424	53424	NotMapped	1420000
30056	30056	NotMapped	1025714.3
76467	76467	NotMapped	93142.857
73833	73833	NotMapped	19000.857
22388	22388	NotMapped	19314286
56330	56330	NotMapped	771428.57
13877	13877	NotMapped	212857.14
230872	230872	NotMapped	465714.29
66365	66365	NotMapped	428571.43
71766	71766	NotMapped	171714.29
66094	66094	NotMapped	17760.571
63985	63985	NotMapped	4000000
67628	67628	NotMapped	305714.29
216190	216190	NotMapped	1088571.4
226977	226977	NotMapped	2885714.3
56440	56440	NotMapped	2420000
192196	192196	K13212	1410714.3
68539	68539	NotMapped	108857.14
65964	65964	NotMapped	7919.1429
66999	66999	NotMapped	5433.1429
70314	70314	NotMapped	74285.714
52551	52551	NotMapped	942857.14
66983	66983	K13104	47107.438
15463	15463	NotMapped	1480000
13014	13014	NotMapped	181142.86
13191	13191	NotMapped	3542857.1
380752	380752	NotMapped	551428.57
72931	72931	NotMapped	94000
66385	66385	NotMapped	3971428.6
76088	76088	NotMapped	118857.14
52009	52009	NotMapped	6321.4286
108903	108903	NotMapped	594285.71
59013	59013	K12898	8708240.5
105559	105559	NotMapped	156857.14
76737	76737	NotMapped	13167.714
12400	12400	NotMapped	55714.286
67488	67488	NotMapped	124285.71
67457	67457	NotMapped	74000
232807	232807	NotMapped	98285.714
94186	94186	NotMapped	3885714.3
20168	20168	NotMapped	7628571.4
21835	21835	NotMapped	32000
20947	20947	NotMapped	266571.43
18000	18000	NotMapped	8600000
170719	170719	NotMapped	10714286
110854	110854	NotMapped	3714285.7
238330	238330	NotMapped	258571.43
12331	12331	NotMapped	15914286
67299	67299	NotMapped	57142.857
227624	227624	NotMapped	175428.57
78830	78830	NotMapped	18714286
216873	216873	NotMapped	258857.14
68051	68051	NotMapped	897142.86
23964	23964	NotMapped	742857.14
14567	14567	NotMapped	56857143
12380	12380	NotMapped	500000
30949	30949	NotMapped	2154285.7
13486	13486	NotMapped	585714.29
101739	101739	NotMapped	2497142.9
69499	69499	NotMapped	342857.14
52822	52822	NotMapped	10428571
210126	210126	NotMapped	222285.71
56726	56726	NotMapped	211714.29
66892	66892	NotMapped	3121.1429
234069	234069	NotMapped	264571.43
319965	319965	NotMapped	101714.29
21917	21917	NotMapped	874285.71
56376	56376	NotMapped	1080000
75739	75739	NotMapped	36857.143
268980	268980	NotMapped	1157142.9
53610	53610	K13214	7167019
66226	66226	NotMapped	174000
18952	18952	NotMapped	8285714.3
20911	20911	NotMapped	68285.714
D3YV37	D3YV37	NotMapped	113714.29
54394	54394	NotMapped	25044
60409	60409	NotMapped	371428.57
66231	66231	NotMapped	93714.286
12401	12401	NotMapped	128571.43
52639	52639	NotMapped	42857.143
19663	19663	NotMapped	20181.714
216001	216001	NotMapped	780000
235072	235072	NotMapped	28342857
19070	19070	NotMapped	49428.571
26941	26941	NotMapped	4171428.6
P01868	P01868	NotMapped	28102.286
66531	66531	NotMapped	777142.86
20218	20218	K13198	1142212.2
218460	218460	NotMapped	64285.714
18569	18569	NotMapped	204000
83997	83997	NotMapped	223428.57
140546	140546	NotMapped	1368571.4
23970	23970	NotMapped	1888571.4
269593	269593	NotMapped	542857.14
56372	56372	NotMapped	41428.571
110082	110082	NotMapped	1257142.9
270110	270110	NotMapped	408571.43
108160	108160	K13119	110324.48
75734	75734	NotMapped	834285.71
216527	216527	NotMapped	182285.71
83431	83431	NotMapped	694285.71
66601	66601	NotMapped	12714286
23837	23837	NotMapped	380000
22327	22327	NotMapped	782857.14
12321	12321	NotMapped	3514285.7
208618	208618	NotMapped	161428.57
68971	68971	NotMapped	8589.4286
21887	21887	NotMapped	188.43429
71810	71810	NotMapped	1068571.4
59020	59020	NotMapped	1685714.3
15384	15384	K13044	3210526.3
54196	54196	NotMapped	914285.71
66075	66075	NotMapped	4257142.9
170760	170760	NotMapped	1100000
70650	70650	K13128	24823.695
57230	57230	NotMapped	49428.571
21807	21807	NotMapped	805714.29
12835	12835	NotMapped	270285.71
231887	231887	NotMapped	2117142.9
212531	212531	NotMapped	768571.43
68833	68833	NotMapped	34571.429
56358	56358	NotMapped	11856.857
18221	18221	NotMapped	2914285.7
72404	72404	NotMapped	1380000
22384	22384	NotMapped	1848571.4
109006	109006	NotMapped	497142.86
75530	75530	NotMapped	203428.57
98238	98238	NotMapped	325714.29
72567	72567	K13087	759521.22
105348	105348	NotMapped	28563.143
432508	432508	NotMapped	174857.14
216131	216131	NotMapped	149428.57
66314	66314	NotMapped	2382857.1
53379	53379	NotMapped	36857143
76614	76614	NotMapped	32000000
100986	100986	NotMapped	141142.86
14489	14489	NotMapped	4514285.7
52428	52428	NotMapped	54285.714
17472	17472	NotMapped	1161.0286
69091	69091	NotMapped	2674285.7
74355	74355	NotMapped	105714.29
192174	192174	NotMapped	104285.71
433904	433904	NotMapped	106571.43
67010	67010	K13188	22530.943
55988	55988	NotMapped	3228571.4
100034361	100034361	K13110	471428.57
229542	229542	NotMapped	497142.86
236732	236732	K13094	64623.656
29806	29806	NotMapped	980.91429
321022	321022	NotMapped	505714.29
18826	18826	NotMapped	1922857.1
11991	11991	K13044	8676056.3
11746	11746	NotMapped	1588571.4
19889	19889	NotMapped	122285.71
56309	56309	NotMapped	462857.14
80877	80877	NotMapped	422857.14
67851	67851	NotMapped	55142.857
228836	228836	NotMapped	337142.86
66437	66437	NotMapped	4742857.1
94242	94242	NotMapped	157714.29
228983	228983	NotMapped	246000
16796	16796	NotMapped	4828571.4
15388	15388	K13159	9846416.4
69459	69459	NotMapped	88285.714
69024	69024	NotMapped	56571.429
68693	68693	NotMapped	3971428.6
20318	20318	NotMapped	247714.29
15161	15161	NotMapped	1128571.4
217692	217692	NotMapped	135428.57
72552	72552	NotMapped	202857.14
223696	223696	NotMapped	248285.71
70572	70572	NotMapped	2677142.9
67781	67781	K13089	1984615.4
23808	23808	NotMapped	87428.571
230649	230649	NotMapped	233142.86
74200	74200	NotMapped	15785.143
56697	56697	NotMapped	137142.86
98758	98758	K12898	5325301.2
66118	66118	NotMapped	774285.71
21399	21399	NotMapped	1108571.4
84094	84094	NotMapped	10010.571
64136	64136	NotMapped	106285.71
16976	16976	NotMapped	5057142.9
72313	72313	NotMapped	134857.14
56399	56399	NotMapped	170571.43
102566	102566	NotMapped	10823.714
68219	68219	NotMapped	394285.71
74125	74125	NotMapped	46857.143
71514	71514	K13219	2088698.1
66912	66912	NotMapped	161714.29
21968	21968	NotMapped	150571.43
68682	68682	NotMapped	8762.5714
59005	59005	NotMapped	371428.57
54214	54214	NotMapped	382857.14
19707	19707	NotMapped	485714.29
19290	19290	NotMapped	3514285.7
76055	76055	NotMapped	551428.57
76137	76137	NotMapped	297142.86
68585	68585	NotMapped	3885714.3
20409	20409	NotMapped	700000
76302	76302	NotMapped	181714.29
217030	217030	NotMapped	230857.14
109232	109232	NotMapped	345714.29
66899	66899	NotMapped	9656.8571
14790	14790	NotMapped	100571.43
224111	224111	NotMapped	257428.57
70470	70470	NotMapped	377142.86
269061	269061	NotMapped	374285.71
72333	72333	NotMapped	27670
213760	213760	NotMapped	1397142.9
72542	72542	NotMapped	817142.86
56699	56699	NotMapped	660000
70296	70296	NotMapped	141142.86
101706	101706	NotMapped	1368571.4
72170	72170	NotMapped	76000
23790	23790	NotMapped	2714285.7
19317	19317	NotMapped	1100000
224903	224903	NotMapped	454285.71
20410	20410	NotMapped	24335.143
236573	236573	NotMapped	1334285.7
16426	16426	NotMapped	480000
67886	67886	NotMapped	48000
14797	14797	NotMapped	86000
104457	104457	NotMapped	118285.71
216705	216705	NotMapped	1305714.3
68607	68607	NotMapped	68571.429
103466	103466	NotMapped	2131428.6
23980	23980	NotMapped	32285714
57435	57435	NotMapped	213142.86
68926	68926	NotMapped	134571.43
381308	381308	NotMapped	1819.3714
109676	109676	NotMapped	18228571
69150	69150	NotMapped	602857.14
76899	76899	NotMapped	126857.14
66911	66911	NotMapped	9318
54353	54353	NotMapped	2359.0571
72183	72183	NotMapped	1862857.1
22668	22668	K13095	1228177.6
67973	67973	NotMapped	8474.8571
74117	74117	NotMapped	5514285.7
12321	12321	NotMapped	217428.57
102122	102122	NotMapped	56000
22099	22099	NotMapped	1671428.6
66629	66629	NotMapped	702857.14
22070	22070	NotMapped	5800000
225131	225131	NotMapped	23210.857
216156	216156	NotMapped	82000
19414	19414	NotMapped	397142.86
68001	68001	NotMapped	3586.5714
72205	72205	NotMapped	502857.14
73288	73288	NotMapped	780000
22680	22680	NotMapped	551428.57
67899	67899	NotMapped	545714.29
74255	74255	K13111	368421.05
230908	230908	NotMapped	6714285.7
338350	338350	NotMapped	111428.57
13859	13859	NotMapped	5057142.9
67145	67145	NotMapped	232857.14
234023	234023	K13173	1324723.2
109154	109154	NotMapped	196857.14
215951	215951	NotMapped	226285.71
75710	75710	NotMapped	204857.14
66044	66044	NotMapped	2457142.9
66827	66827	NotMapped	266571.43
57750	57750	NotMapped	235714.29
20720	20720	NotMapped	98571.429
15568	15568	K13088	2147239.3
20616	20616	NotMapped	20657143
66521	66521	NotMapped	1082857.1
52440	52440	NotMapped	360000
107182	107182	NotMapped	12746
16649	16649	NotMapped	1091428.6
18693	18693	NotMapped	737142.86
16549	16549	K13210	798128.34
75619	75619	NotMapped	4830.5714
67043	67043	NotMapped	428571.43
70248	70248	NotMapped	474285.71
75914	75914	NotMapped	253428.57
53375	53375	NotMapped	2074285.7
76425	76425	NotMapped	168571.43
56758	56758	NotMapped	465714.29
11632	11632	NotMapped	614285.71
67675	67675	NotMapped	205142.86
66411	66411	NotMapped	731428.57
230753	230753	K13112	299684.54
102595	102595	NotMapped	8594
74383	74383	NotMapped	897142.86
17938	17938	NotMapped	4571428.6
114741	114741	NotMapped	611428.57
235041	235041	NotMapped	194000
20196	20196	NotMapped	1840000
19027	19027	NotMapped	216000
66713	66713	NotMapped	9457142.9
67684	67684	NotMapped	253714.29
56748	56748	NotMapped	342857.14
27366	27366	NotMapped	187714.29
66055	66055	NotMapped	631428.57
68045	68045	NotMapped	2437142.9
66050	66050	NotMapped	10381.143
233405	233405	NotMapped	215428.57
76561	76561	NotMapped	60000
71268	71268	NotMapped	848571.43
18521	18521	K13162	6187845.3
54645	54645	NotMapped	2302857.1
109181	109181	NotMapped	104571.43
233802	233802	NotMapped	500000
20658	20658	NotMapped	291428.57
231386	231386	NotMapped	82000
98845	98845	NotMapped	880000
233204	233204	NotMapped	357142.86
68581	68581	NotMapped	771428.57
15191	15191	NotMapped	8228571.4
56045	56045	NotMapped	522857.14
71544	71544	NotMapped	926.22857
68845	68845	NotMapped	16598.286
227290	227290	NotMapped	63142.857
330474	330474	NotMapped	30857.143
71943	71943	NotMapped	231142.86
269338	269338	NotMapped	181428.57
105445	105445	NotMapped	259428.57
319565	319565	NotMapped	108571.43
78388	78388	NotMapped	2574285.7
76499	76499	NotMapped	1242857.1
74840	74840	NotMapped	1371428.6
11625	11625	NotMapped	531428.57
21922	21922	NotMapped	37142.857
232314	232314	NotMapped	157714.29
67693	67693	NotMapped	12479.714
224902	224902	NotMapped	5944
68033	68033	NotMapped	82285.714
233824	233824	NotMapped	99142.857
75597	75597	NotMapped	2105714.3
27643	27643	NotMapped	362857.14
67211	67211	NotMapped	7257.1429
67604	67604	NotMapped	116857.14
234797	234797	NotMapped	5400000
224904	224904	NotMapped	1065714.3
170625	170625	NotMapped	140000
21810	21810	NotMapped	53428.571
104444	104444	NotMapped	668571.43
72772	72772	NotMapped	33428.571
110380	110380	NotMapped	502857.14
68304	68304	NotMapped	107714.29
76707	76707	NotMapped	940000
77963	77963	NotMapped	61714.286
11744	11744	NotMapped	311428.57
14265	14265	NotMapped	300000
329877	329877	NotMapped	95142.857
77573	77573	NotMapped	625714.29
67898	67898	NotMapped	199714.29
30057	30057	NotMapped	75142.857
102058	102058	NotMapped	611428.57
192970	192970	NotMapped	14939.143
319939	319939	NotMapped	351428.57
68991	68991	NotMapped	124571.43
56433	56433	NotMapped	1297142.9
71268	71268	NotMapped	166000
56282	56282	NotMapped	1397142.9
80743	80743	NotMapped	178000
21371	21371	NotMapped	742857.14
320473	320473	NotMapped	153428.57
71169	71169	NotMapped	77714.286
66658	66658	NotMapped	62571.429
70153	70153	NotMapped	144000
23881	23881	NotMapped	2285714.3
59042	59042	NotMapped	195714.29
68505	68505	NotMapped	16738.571
70497	70497	NotMapped	84000
71678	71678	NotMapped	357142.86
99412	99412	NotMapped	460000
66072	66072	NotMapped	83142.857
56334	56334	NotMapped	365714.29
74781	74781	NotMapped	314285.71
212999	212999	NotMapped	1694285.7
110052	110052	NotMapped	640000
239667	239667	NotMapped	1605714.3
54451	54451	NotMapped	157428.57
16709	16709	NotMapped	445714.29
67282	67282	NotMapped	44571.429
76742	76742	NotMapped	880000
21917	21917	NotMapped	28571.429
233199	233199	NotMapped	4832
77305	77305	NotMapped	1322857.1
266692	266692	NotMapped	425714.29
51786	51786	NotMapped	205142.86
226591	226591	NotMapped	1028571.4
70439	70439	NotMapped	3714285.7
27965	27965	NotMapped	88571.429
67458	67458	NotMapped	248285.71
218490	218490	NotMapped	257428.57
67726	67726	NotMapped	877142.86
22134	22134	NotMapped	17554.571
66200	66200	NotMapped	104285.71
217473	217473	NotMapped	562857.14
68572	68572	NotMapped	83142.857
230721	230721	NotMapped	294285.71
210376	210376	NotMapped	272571.43
223754	223754	NotMapped	6744.2857
621156	621156	NotMapped	848571.43
18570	18570	NotMapped	3542857.1
269682	269682	NotMapped	934285.71
234671	234671	NotMapped	94571.429
215999	215999	NotMapped	671428.57
71919	71919	NotMapped	36000
226407	226407	NotMapped	1160000
170791	170791	K13091	837735.85
238024	238024	NotMapped	2591428.6
110829	110829	NotMapped	222571.43
19656	19656	NotMapped	72571.429
11747	11747	NotMapped	14371429
71732	71732	NotMapped	255428.57
17184	17184	K13213	3037825.1
223723	223723	NotMapped	611428.57
54170	54170	NotMapped	997142.86
56748	56748	NotMapped	246571.43
65970	65970	NotMapped	193142.86
18120	18120	NotMapped	198857.14
68251	68251	NotMapped	38285.714
19205	19205	K13218	605313.09
108030	108030	NotMapped	1985714.3
105504	105504	NotMapped	771428.57
23789	23789	NotMapped	480000
229524	229524	NotMapped	67142.857
27366	27366	NotMapped	65714.286
54198	54198	NotMapped	3085714.3
213350	213350	NotMapped	265142.86
71881	71881	NotMapped	2797142.9
11927	11927	NotMapped	988571.43
93684	93684	NotMapped	334285.71
223453	223453	NotMapped	45714.286
70430	70430	NotMapped	204857.14
68059	68059	NotMapped	172285.71
226144	226144	NotMapped	44857.143
83701	83701	NotMapped	1325714.3
233977	233977	NotMapped	104285.71
238123	238123	NotMapped	234857.14
320267	320267	K13210	334285.71
71955	71955	NotMapped	737142.86
268301	268301	NotMapped	35428.571
14300	14300	K13122	36976.357
66552	66552	NotMapped	1681.3429
665775	665775	NotMapped	337142.86
208263	208263	NotMapped	3081.7143
227446	227446	NotMapped	2214285.7
73473	73473	NotMapped	96857.143
66616	66616	NotMapped	226571.43
216363	216363	NotMapped	118285.71
110253	110253	NotMapped	48000
56275	56275	K13189	276532.14
107702	107702	NotMapped	1722857.1
140858	140858	NotMapped	117142.86
11737	11737	NotMapped	7057142.9
26450	26450	NotMapped	3028571.4
78798	78798	NotMapped	60571.429
21885	21885	NotMapped	27875.429
52469	52469	NotMapped	39428.571
27041	27041	NotMapped	42857.143
192231	192231	NotMapped	57142.857
103136	103136	NotMapped	31142.857
28018	28018	NotMapped	528571.43
67542	67542	NotMapped	362857.14
245828	245828	NotMapped	156857.14
72692	72692	K13159	1595600.7
70564	70564	NotMapped	4085714.3
229543	229543	K13140	54370.797
22378	22378	NotMapped	1477142.9
320938	320938	NotMapped	545714.29
28006	28006	NotMapped	380000
70297	70297	NotMapped	371428.57
228994	228994	NotMapped	517142.86
213827	213827	NotMapped	1771428.6
19383	19383	K12895	125000
66449	66449	NotMapped	62000
72754	72754	NotMapped	25110.286
66998	66998	K06692	339285.71
52502	52502	NotMapped	528571.43
102339	102339	NotMapped	164857.14
58202	58202	NotMapped	48285.714
70769	70769	NotMapped	25554.286
26383	26383	NotMapped	342857.14
208606	208606	NotMapped	76000
207352	207352	NotMapped	582857.14
319192	319192	NotMapped	3428571.4
28295	28295	NotMapped	18600000
23879	23879	NotMapped	22435.429
66164	66164	NotMapped	52000
68303	68303	NotMapped	12543.429
54138	54138	NotMapped	2531428.6
72201	72201	NotMapped	212857.14
14084	14084	NotMapped	954285.71
69368	69368	NotMapped	582857.14
69697	69697	NotMapped	53428.571
19201	19201	NotMapped	36285.714
15458	15458	NotMapped	840000
224014	224014	NotMapped	85714.286
53380	53380	K06694	159307.36
195018	195018	NotMapped	120571.43
56258	56258	K12898	795100.22
20924	20924	NotMapped	1102857.1
76563	76563	NotMapped	77142.857
233871	233871	NotMapped	1314285.7
69456	69456	NotMapped	159428.57
16978	16978	NotMapped	4742857.1
20684	20684	NotMapped	7212.5714
67939	67939	NotMapped	147714.29
14469	14469	NotMapped	7204.2857
224727	224727	NotMapped	471428.57
70231	70231	NotMapped	77142.857
67500	67500	NotMapped	1634285.7
73910	73910	NotMapped	1434.5714
70616	70616	K13096	31881.804
170720	170720	NotMapped	74285.714
71835	71835	NotMapped	1245714.3
26936	26936	NotMapped	1268571.4
232989	232989	NotMapped	221428.57
217449	217449	NotMapped	139142.86
29816	29816	NotMapped	1594285.7
226432	226432	NotMapped	702857.14
233765	233765	NotMapped	55142.857
76987	76987	NotMapped	3714285.7
66592	66592	NotMapped	1737142.9
99045	99045	NotMapped	92571.429
52477	52477	NotMapped	44000
52715	52715	NotMapped	28034.857
245945	245945	NotMapped	9374
58240	58240	NotMapped	448571.43
14768	14768	NotMapped	2214285.7
83493	83493	NotMapped	454285.71
235315	235315	NotMapped	982857.14
66383	66383	NotMapped	1514285.7
228866	228866	NotMapped	645714.29
12261	12261	NotMapped	3285714.3
74326	74326	K13161	1434285.7
107526	107526	NotMapped	124285.71
257633	257633	NotMapped	774285.71
13680	13680	NotMapped	448571.43
97387	97387	NotMapped	256857.14
22601	22601	NotMapped	1660000
68299	68299	NotMapped	308571.43
68337	68337	NotMapped	1951428.6
54367	54367	K13204	66551.724
69225	69225	NotMapped	1842857.1
266781	266781	NotMapped	305714.29
28106	28106	NotMapped	2328571.4
75553	75553	NotMapped	120571.43
223650	223650	NotMapped	52571.429
100019	100019	NotMapped	734285.71
338337	338337	NotMapped	408571.43
13722	13722	NotMapped	1560000
72515	72515	NotMapped	14233.714
213541	213541	NotMapped	17616
68653	68653	NotMapped	477142.86
76457	76457	NotMapped	1297142.9
69713	69713	NotMapped	11050.286
73830	73830	NotMapped	1062857.1
107047	107047	K11876	19035.985
75415	75415	NotMapped	121428.57
27784	27784	NotMapped	291428.57
67144	67144	NotMapped	245428.57
53310	53310	NotMapped	1645714.3
232679	232679	NotMapped	39428.571
64652	64652	NotMapped	651428.57
53890	53890	NotMapped	597142.86
234912	234912	NotMapped	13783.429
20648	20648	NotMapped	1302857.1
71994	71994	NotMapped	3914285.7
67074	67074	NotMapped	354285.71
18518	18518	NotMapped	568571.43
54161	54161	NotMapped	2394285.7
15254	15254	NotMapped	12514286
76824	76824	NotMapped	740000
98732	98732	NotMapped	1628571.4
14359	14359	NotMapped	351428.57
78885	78885	NotMapped	420000
66580	66580	NotMapped	2614.5429
56447	56447	NotMapped	540000
70127	70127	NotMapped	294285.71
66978	66978	NotMapped	125142.86
100169	100169	NotMapped	56000
67028	67028	NotMapped	239714.29
76332	76332	NotMapped	34571.429
69064	69064	NotMapped	201142.86
75956	75956	K13172	176840.55
213464	213464	NotMapped	170571.43
75751	75751	NotMapped	140857.14
69634	69634	NotMapped	2040000
100383	100383	NotMapped	109428.57
73137	73137	NotMapped	142857.14
16650	16650	NotMapped	662857.14
14694	14694	NotMapped	7657142.9
52653	52653	NotMapped	10755.143
22687	22687	NotMapped	80000
56705	56705	NotMapped	468571.43
24010	24010	K13109	153141.83
66660	66660	NotMapped	66571.429
69940	69940	NotMapped	1185714.3
23992	23992	NotMapped	250285.71
11750	11750	NotMapped	1588571.4
74467	74467	NotMapped	17450
234729	234729	NotMapped	328571.43
70349	70349	NotMapped	2685714.3
19653	19653	K13187	556786.7
27883	27883	NotMapped	21694.571
210711	210711	NotMapped	4677.7143
228410	228410	NotMapped	86000
67943	67943	NotMapped	402857.14
68126	68126	NotMapped	1168571.4
66866	66866	NotMapped	345714.29
23989	23989	NotMapped	33142.857
218503	218503	NotMapped	164285.71
380840	380840	NotMapped	253142.86
64009	64009	NotMapped	4628571.4
74375	74375	NotMapped	37428.571
78232	78232	NotMapped	531428.57
110750	110750	NotMapped	6942857.1
69232	69232	NotMapped	52285.714
230393	230393	NotMapped	11877.429
66525	66525	NotMapped	882857.14
11736	11736	NotMapped	448571.43
69641	69641	NotMapped	187714.29
102103	102103	NotMapped	50000
18100	18100	NotMapped	82000
77862	77862	NotMapped	73714.286
66898	66898	NotMapped	8150.5714
65114	65114	NotMapped	7600000
50797	50797	NotMapped	3400000
66508	66508	NotMapped	186000
30930	30930	NotMapped	1820000
225896	225896	NotMapped	765714.29
81702	81702	NotMapped	106285.71
22083	22083	NotMapped	171428.57
216551	216551	NotMapped	577142.86
231874	231874	NotMapped	1445714.3
12181	12181	NotMapped	8364.5714
76303	76303	NotMapped	3257142.9
68178	68178	NotMapped	14731.143
67267	67267	NotMapped	138857.14
64697	64697	NotMapped	348571.43
228850	228850	NotMapped	60285.714
64657	64657	NotMapped	394285.71
68499	68499	NotMapped	78857.143
14297	14297	NotMapped	600000
230257	230257	NotMapped	931428.57
238988	238988	NotMapped	3457142.9
66834	66834	NotMapped	11114286
105513	105513	NotMapped	7013.1429
67804	67804	NotMapped	3171428.6
16978	16978	NotMapped	6726.2857
20866	20866	NotMapped	1188571.4
14569	14569	NotMapped	22485714
217149	217149	NotMapped	103142.86
211948	211948	NotMapped	174000
72946	72946	NotMapped	440000
26557	26557	NotMapped	391428.57
271564	271564	NotMapped	554285.71
239719	239719	NotMapped	64857.143
66676	66676	NotMapped	70285.714
231872	231872	NotMapped	163714.29
70533	70533	NotMapped	2234285.7
19711	19711	NotMapped	7862
380773	380773	NotMapped	270285.71
109658	109658	NotMapped	580000
19659	19659	NotMapped	600000
227800	227800	NotMapped	600000
66917	66917	NotMapped	4457142.9
76130	76130	NotMapped	12686.286
75547	75547	NotMapped	216.18857
74098	74098	NotMapped	645714.29
76501	76501	NotMapped	244857.14
68796	68796	NotMapped	14556.571
28088	28088	NotMapped	4542857.1
238799	238799	NotMapped	874285.71
67914	67914	NotMapped	594285.71
20403	20403	NotMapped	314285.71
226757	226757	NotMapped	79142.857
22288	22288	NotMapped	1391428.6
74558	74558	NotMapped	11328
233726	233726	NotMapped	9057142.9
98221	98221	NotMapped	1311428.6
74143	74143	NotMapped	13457143
320191	320191	NotMapped	1054285.7
77097	77097	NotMapped	47428.571
67106	67106	NotMapped	189714.29
319801	319801	NotMapped	542857.14
28028	28028	NotMapped	101714.29
26425	26425	NotMapped	4551.4286
66840	66840	NotMapped	47142.857
21843	21843	K13201	293367.35
67510	67510	NotMapped	1309.4571
24068	24068	NotMapped	7875.1429
21379	21379	NotMapped	174571.43
68564	68564	NotMapped	210857.14
16201	16201	K13090	636971.05
101861	101861	K13141	1700.2075
245638	245638	NotMapped	38571.429
56041	56041	NotMapped	5342857.1
20716	20716	NotMapped	13217.429
66482	66482	NotMapped	728571.43
66302	66302	NotMapped	102285.71
67154	67154	NotMapped	22902.571
18114	18114	NotMapped	38571.429
21822	21822	NotMapped	13169.714
76983	76983	NotMapped	754285.71
211673	211673	NotMapped	860000
69786	69786	NotMapped	57714.286
66143	66143	NotMapped	645714.29
102098	102098	NotMapped	982857.14
67059	67059	NotMapped	7542857.1
67511	67511	NotMapped	300000
60315	60315	NotMapped	128000
66847	66847	NotMapped	177714.29
223691	223691	NotMapped	1620000
277468	277468	NotMapped	92571.429
69702	69702	NotMapped	74857.143
11800	11800	NotMapped	1185714.3
72117	72117	NotMapped	505714.29
234366	234366	NotMapped	14964
208440	208440	NotMapped	348571.43
229096	229096	NotMapped	1245714.3
212627	212627	NotMapped	645714.29
66199	66199	NotMapped	132857.14
433771	433771	NotMapped	517142.86
28114	28114	NotMapped	255714.29
224794	224794	NotMapped	36857.143
16834	16834	NotMapped	13662
66606	66606	NotMapped	600000
76582	76582	NotMapped	15795.714
103694	103694	NotMapped	428571.43
53382	53382	NotMapped	2942857.1
52245	52245	NotMapped	193714.29
76299	76299	NotMapped	968571.43
77032	77032	NotMapped	2070.6571
229707	229707	NotMapped	241714.29
107767	107767	NotMapped	1651428.6
226791	226791	NotMapped	320000
69082	69082	NotMapped	85142.857
71772	71772	NotMapped	36000
71653	71653	NotMapped	173714.29
30926	30926	NotMapped	3542857.1
68512	68512	NotMapped	531428.57
101869	101869	NotMapped	14053.714
50497	50497	NotMapped	77142.857
56088	56088	K11875	18377.163
56403	56403	K13160	550561.8
70834	70834	NotMapped	597142.86
20725	20725	NotMapped	23298.571
212986	212986	NotMapped	116857.14
68055	68055	NotMapped	768571.43
72008	72008	NotMapped	42571.429
16646	16646	NotMapped	477142.86
13046	13046	K13207	1106995.9
73942	73942	NotMapped	74571.429
68473	68473	NotMapped	102857.14
68038	68038	NotMapped	75714.286
246782	246782	NotMapped	197714.29
227683	227683	NotMapped	10746.857
94044	94044	NotMapped	348571.43
72029	72029	NotMapped	68857.143
71877	71877	NotMapped	2307.6286
27277	27277	NotMapped	80000
74022	74022	NotMapped	267428.57
13185	13185	NotMapped	129428.57
30058	30058	NotMapped	337142.86
432572	432572	NotMapped	285428.57
57312	57312	NotMapped	174571.43
56351	56351	NotMapped	2765714.3
117198	117198	NotMapped	12060.286
234388	234388	NotMapped	23211.714
64655	64655	NotMapped	488571.43
67563	67563	NotMapped	4586.8571
66074	66074	NotMapped	8594.8571
52036	52036	NotMapped	422857.14
243819	243819	NotMapped	76571.429
14113	14113	NotMapped	160000
74252	74252	NotMapped	2605714.3
66687	66687	NotMapped	325714.29
268490	268490	NotMapped	24831.429
26875	26875	NotMapped	2942857.1
101513	101513	NotMapped	68285.714
67014	67014	NotMapped	38857.143
100273	100273	NotMapped	445714.29
11426	11426	NotMapped	2371428.6
71902	71902	NotMapped	20428571
67894	67894	NotMapped	331428.57
114863	114863	NotMapped	3085714.3
71648	71648	NotMapped	33714.286
107338	107338	NotMapped	151428.57
69527	69527	NotMapped	169714.29
52665	52665	NotMapped	634285.71
68090	68090	NotMapped	2409.4
75786	75786	NotMapped	1225714.3
65102	65102	NotMapped	454285.71
54194	54194	NotMapped	54285.714
224139	224139	NotMapped	203142.86
67958	67958	NotMapped	685714.29
74237	74237	NotMapped	74571.429
69601	69601	NotMapped	128571.43
320528	320528	NotMapped	822857.14
229663	229663	NotMapped	2288571.4
210998	210998	NotMapped	340000
54160	54160	NotMapped	1308571.4
20316	20316	NotMapped	680000
320727	320727	NotMapped	17099.714
218035	218035	NotMapped	279142.86
353242	353242	NotMapped	106857.14
217737	217737	NotMapped	4714285.7
68215	68215	NotMapped	1408571.4
64656	64656	NotMapped	175142.86
66691	66691	NotMapped	388571.43
240832	240832	NotMapped	5528.2857
54122	54122	NotMapped	18652.571
67201	67201	NotMapped	4257142.9
D3YUM8	D3YUM8	NotMapped	56857.143
68276	68276	K13202	12770.646
A6X940	A6X940	NotMapped	2048571.4
69134	69134	NotMapped	3976.2857
73825	73825	NotMapped	462857.14
14670	14670	NotMapped	157428.57
18674	18674	NotMapped	7114285.7
227648	227648	NotMapped	228000
100043461	100043461	NotMapped	19538.857
30055	30055	NotMapped	2971428.6
226101	226101	NotMapped	317142.86
27393	27393	NotMapped	268857.14
237542	237542	NotMapped	55142.857
67776	67776	NotMapped	451428.57
94061	94061	NotMapped	420000
101490	101490	NotMapped	585714.29
66165	66165	NotMapped	5260.5714
56491	56491	NotMapped	1077142.9
66366	66366	NotMapped	10292.857
18813	18813	NotMapped	4571428.6
71985	71985	NotMapped	285714.29
56715	56715	NotMapped	74571.429
77065	77065	K13144	3757.0393
338355	338355	NotMapped	520000
218885	218885	NotMapped	97142.857
56284	56284	NotMapped	49142.857
99311	99311	NotMapped	95714.286
18673	18673	NotMapped	5685714.3
56530	56530	NotMapped	228857.14
74778	74778	NotMapped	421.71429
20286	20286	NotMapped	32571.429
53872	53872	NotMapped	5400000
81018	81018	NotMapped	188285.71
69178	69178	NotMapped	1822857.1
231889	231889	NotMapped	4549.4286
68095	68095	NotMapped	281428.57
64685	64685	NotMapped	760000
12607	12607	NotMapped	877.02857
53312	53312	NotMapped	360000
20185	20185	NotMapped	114285.71
219249	219249	NotMapped	16575.143
52443	52443	NotMapped	60571.429
71517	71517	NotMapped	184285.71
67429	67429	NotMapped	95142.857
17827	17827	NotMapped	451428.57
231279	231279	NotMapped	26546.571
66388	66388	NotMapped	114000
68117	68117	NotMapped	269142.86
80280	80280	NotMapped	132857.14
73024	73024	NotMapped	77142.857
11749	11749	NotMapped	17685714
72459	72459	K13093	146631.44
192169	192169	NotMapped	223714.29
68995	68995	NotMapped	808571.43
227331	227331	NotMapped	134285.71
72145	72145	NotMapped	477142.86
67179	67179	NotMapped	628571.43
114893	114893	NotMapped	305714.29
56295	56295	NotMapped	247428.57
67490	67490	NotMapped	213714.29
56436	56436	NotMapped	70000
54723	54723	K13103	21360.382
67367	67367	K13211	12431.843
22041	22041	NotMapped	101714.29
30934	30934	NotMapped	95142.857
211548	211548	NotMapped	482857.14
72634	72634	NotMapped	285714.29
213988	213988	NotMapped	21597.429
16648	16648	NotMapped	2148571.4
214498	214498	NotMapped	6429.1429
66701	66701	NotMapped	411428.57
20912	20912	NotMapped	611428.57
67707	67707	NotMapped	25564.857
80509	80509	NotMapped	1124.7714
69893	69893	NotMapped	20691.429
21856	21856	NotMapped	1605714.3
77604	77604	NotMapped	6398
76577	76577	NotMapped	179714.29
218506	218506	NotMapped	977142.86
215476	215476	NotMapped	5391.4286
320714	320714	NotMapped	144285.71
54638	54638	NotMapped	166571.43
233489	233489	NotMapped	2268571.4
74157	74157	NotMapped	320000
65111	65111	NotMapped	442857.14
231659	231659	NotMapped	631428.57
67151	67151	K06693	1585585.6
68083	68083	NotMapped	23313.143
107733	107733	NotMapped	59142.857
68734	68734	NotMapped	114285.71
66361	66361	NotMapped	2435.3429
66882	66882	NotMapped	1422857.1
94062	94062	NotMapped	60857.143
208967	208967	NotMapped	345714.29
67840	67840	NotMapped	153428.57
69617	69617	NotMapped	1331428.6
75964	75964	NotMapped	740000
18567	18567	NotMapped	10647.143
101994	101994	NotMapped	25204.857
68636	68636	NotMapped	402857.14
213326	213326	NotMapped	660000
56524	56524	NotMapped	3571428.6
76795	76795	NotMapped	40285.714
75646	75646	NotMapped	8942
52690	52690	NotMapped	300000
50887	50887	NotMapped	194571.43
107227	107227	NotMapped	251142.86
111173	111173	NotMapped	1948571.4
20932	20932	NotMapped	47714.286
70186	70186	NotMapped	551428.57
56463	56463	NotMapped	3114285.7
12238	12238	NotMapped	411428.57
56462	56462	NotMapped	334285.71
59022	59022	NotMapped	251428.57
69694	69694	NotMapped	160857.14
105083	105083	NotMapped	173714.29
65246	65246	NotMapped	1397142.9
229285	229285	NotMapped	511428.57
75909	75909	NotMapped	40857.143
114301	114301	NotMapped	235428.57
67036	67036	NotMapped	4837.4286
14453	14453	NotMapped	22186.286
16443	16443	NotMapped	2382857.1
230249	230249	K11886	434285.71
72479	72479	NotMapped	1088571.4
106326	106326	NotMapped	66285.714
226043	226043	NotMapped	55142.857
66307	66307	NotMapped	525714.29
3338890	3338890	NotMapped	240571.43
105372	105372	NotMapped	6648.2857
77040	77040	NotMapped	502857.14
72416	72416	NotMapped	5857142.9
109359	109359	NotMapped	95142.857
667370	667370	NotMapped	203714.29
55983	55983	NotMapped	988571.43
246703	246703	NotMapped	1145714.3
110611	110611	NotMapped	4171428.6
64658	64658	NotMapped	10216.571
71795	71795	NotMapped	840000
114664	114664	NotMapped	537142.86
223254	223254	NotMapped	270857.14
67308	67308	NotMapped	66571.429
223978	223978	NotMapped	300000
217830	217830	NotMapped	291428.57
70925	70925	NotMapped	229142.86
13495	13495	NotMapped	92285.714
94230	94230	NotMapped	25914.571
207425	207425	NotMapped	229428.57
105522	105522	NotMapped	48857.143
68611	68611	NotMapped	127142.86
71361	71361	NotMapped	15344
27418	27418	NotMapped	29714.286
74600	74600	NotMapped	100285.71
68195	68195	NotMapped	31428.571
69863	69863	NotMapped	114571.43
24015	24015	NotMapped	642857.14
66419	66419	NotMapped	71428.571
70599	70599	NotMapped	1832.2571
103080	103080	NotMapped	50285.714
68767	68767	NotMapped	30000
107358	107358	NotMapped	37714.286
70207	70207	NotMapped	420000
66407	66407	NotMapped	12227.429
230866	230866	NotMapped	374285.71
193813	193813	NotMapped	36857.143
68493	68493	NotMapped	96571.429
110842	110842	NotMapped	12857143
66427	66427	NotMapped	782857.14
223593	223593	NotMapped	308571.43
94282	94282	NotMapped	3885714.3
56200	56200	NotMapped	43714.286
67863	67863	NotMapped	1634285.7
66857	66857	NotMapped	420000
73139	73139	NotMapped	291428.57
109168	109168	NotMapped	69428.571
99371	99371	NotMapped	297142.86
208718	208718	NotMapped	116000
53315	53315	NotMapped	302857.14
219189	219189	NotMapped	1700000
170728	170728	NotMapped	465714.29
228140	228140	NotMapped	308571.43
56280	56280	NotMapped	243142.86
99237	99237	NotMapped	16062.286
52040	52040	NotMapped	12655.143
11640	11640	NotMapped	21655.429
76890	76890	NotMapped	56857.143
13358	13358	NotMapped	42571.429
27407	27407	NotMapped	720000
56384	56384	NotMapped	2102857.1
66711	66711	NotMapped	125142.86
69956	69956	NotMapped	258857.14
217866	217866	NotMapped	2371428.6
98828	98828	NotMapped	28857.143
107732	107732	NotMapped	98000
55951	55951	NotMapped	557142.86
381045	381045	NotMapped	614285.71
224742	224742	NotMapped	60571.429
67441	67441	NotMapped	82857.143
108654	108654	NotMapped	93428.571
73130	73130	NotMapped	15472
22139	22139	NotMapped	2437142.9
55989	55989	NotMapped	113428.57
66258	66258	NotMapped	68285.714
629974	629974	NotMapped	14441.143
73158	73158	NotMapped	374285.71
338359	338359	NotMapped	211428.57
235406	235406	NotMapped	16755.143
192136	192136	NotMapped	12444.857
66736	66736	NotMapped	18608.286
19212	19212	NotMapped	92857.143
232536	232536	NotMapped	175142.86
18139	18139	NotMapped	675.22857
110826	110826	NotMapped	10457143
69202	69202	NotMapped	2280000
257635	257635	NotMapped	256285.71
217615	217615	NotMapped	25906.857
50529	50529	NotMapped	41428.571
15441	15441	NotMapped	49428.571
27395	27395	NotMapped	16011.429
225791	225791	NotMapped	146571.43
223267	223267	NotMapped	854285.71
67006	67006	NotMapped	162571.43
226562	226562	NotMapped	183714.29
67994	67994	NotMapped	52571.429
56305	56305	NotMapped	585714.29
78523	78523	NotMapped	5926.8571
13384	13384	NotMapped	4342857.1
229900	229900	NotMapped	12218
66821	66821	NotMapped	497142.86
67163	67163	NotMapped	382857.14
78913	78913	NotMapped	6085714.3
77721	77721	NotMapped	39714.286
94064	94064	NotMapped	21998
20717	20717	NotMapped	114285.71
70829	70829	NotMapped	58571.429
67075	67075	NotMapped	11731.429
72722	72722	NotMapped	91714.286
12034	12034	NotMapped	6571428.6
97998	97998	NotMapped	19532.857
3338902	3338902	NotMapped	70857.143
66071	66071	NotMapped	434285.71
664994	664994	NotMapped	1997142.9
229317	229317	NotMapped	105714.29
27368	27368	NotMapped	23569.143
117586	117586	NotMapped	18466
231801	231801	NotMapped	414285.71
14057	14057	NotMapped	3942857.1
74580	74580	NotMapped	17732.286
68133	68133	NotMapped	625714.29
75778	75778	NotMapped	3028571.4
76740	76740	NotMapped	44285.714
68585	68585	NotMapped	191142.86
107375	107375	NotMapped	1115.7143
14148	14148	NotMapped	23150.571
24071	24071	NotMapped	201142.86
67812	67812	NotMapped	18861.429
216136	216136	NotMapped	5086.2857
212974	212974	NotMapped	27470.857
20239	20239	NotMapped	337142.86
170571	170571	NotMapped	38857.143
28185	28185	NotMapped	2154285.7
13494	13494	NotMapped	121428.57
17777	17777	NotMapped	600000
67452	67452	NotMapped	87714.286
67636	67636	NotMapped	4299.7143
56428	56428	NotMapped	2102857.1
232078	232078	NotMapped	46000
78903	78903	NotMapped	96857.143
11287	11287	NotMapped	4514285.7
67414	67414	NotMapped	158857.14
20649	20649	NotMapped	288571.43
17281	17281	NotMapped	76000
52637	52637	NotMapped	9485714.3
67976	67976	NotMapped	1659.4857
229900	229900	NotMapped	12516.571
78781	78781	NotMapped	23596
56298	56298	NotMapped	288571.43
320560	320560	NotMapped	88571.429
11818	11818	NotMapped	81142.857
319876	319876	NotMapped	52000
68917	68917	NotMapped	482857.14
20714	20714	NotMapped	1085714.3
66488	66488	NotMapped	302857.14
72502	72502	NotMapped	3536.8571
14132	14132	NotMapped	16468.286
108888	108888	NotMapped	3314285.7
80708	80708	NotMapped	148571.43
67763	67763	NotMapped	334285.71
213027	213027	NotMapped	53142.857
75599	75599	NotMapped	651428.57
103742	103742	NotMapped	465714.29
338366	338366	NotMapped	253714.29
70568	70568	NotMapped	219142.86
212442	212442	NotMapped	654285.71
218629	218629	NotMapped	32000
66477	66477	NotMapped	991428.57
56422	56422	NotMapped	102285.71
54381	54381	NotMapped	26152.857
547253	547253	NotMapped	10589.143
16424	16424	NotMapped	124285.71
218236	218236	NotMapped	345714.29
209131	209131	NotMapped	300000
70257	70257	NotMapped	80571.429
102866	102866	NotMapped	2854285.7
15953	15953	NotMapped	57142.857
78689	78689	NotMapped	50571.429
16865	16865	NotMapped	2866.2857
66154	66154	NotMapped	4261.4286
18405	18405	NotMapped	21550
53328	53328	NotMapped	1242857.1
67809	67809	NotMapped	1771428.6
70152	70152	NotMapped	38285.714
71775	71775	NotMapped	568.57143
268566	268566	NotMapped	3342857.1
77300	77300	NotMapped	147714.29
68472	68472	NotMapped	772.42857
14248	14248	NotMapped	11176.571
272589	272589	NotMapped	208285.71
98999	98999	NotMapped	62000
208869	208869	NotMapped	66857.143
67732	67732	NotMapped	91142.857
57279	57279	NotMapped	300000
70435	70435	NotMapped	230571.43
106581	106581	NotMapped	7726.5714
64291	64291	NotMapped	391428.57
53415	53415	NotMapped	70000
69656	69656	NotMapped	155142.86
20341	20341	NotMapped	1677142.9
70456	70456	NotMapped	691428.57
67979	67979	NotMapped	185714.29
68021	68021	NotMapped	3028571.4
243168	243168	NotMapped	52285.714
66536	66536	NotMapped	677142.86
15199	15199	NotMapped	1700000
74148	74148	NotMapped	240000
243385	243385	NotMapped	19919.143
170459	170459	NotMapped	9647.4286
68817	68817	K11885	204260.65
223646	223646	NotMapped	17283.429
239570	239570	NotMapped	428571.43
72748	72748	NotMapped	138285.71
15439	15439	NotMapped	12822.857
433375	433375	NotMapped	85714.286
76763	76763	NotMapped	1938.4
80285	80285	NotMapped	30857.143
15473	15473	NotMapped	3000000
170460	170460	NotMapped	38000
19159	19159	NotMapped	209142.86
14325	14325	NotMapped	365714.29
16427	16427	NotMapped	365714.29
52705	52705	NotMapped	21069.714
230161	230161	NotMapped	3285.4286
238055	238055	NotMapped	75714.286
319277	319277	NotMapped	8177.4286
11699	11699	NotMapped	7960
65967	65967	NotMapped	247714.29
235386	235386	NotMapped	11187.143
319263	319263	NotMapped	6522.2857
94175	94175	NotMapped	73714.286
80907	80907	NotMapped	2231428.6
16425	16425	NotMapped	88000
94279	94279	NotMapped	266.89143
109672	109672	NotMapped	1354285.7
67247	67247	NotMapped	178571.43
27361	27361	NotMapped	21805.714
70335	70335	NotMapped	30285.714
102022	102022	NotMapped	10624
15944	15944	NotMapped	77428.571
67856	67856	NotMapped	154285.71
67432	67432	NotMapped	18357.143
223776	223776	NotMapped	380000
110213	110213	NotMapped	6912.5714
68347	68347	NotMapped	13895.429
11520	11520	NotMapped	6799.4286
14473	14473	NotMapped	248857.14
231103	231103	NotMapped	198.11714
68646	68646	NotMapped	1108571.4
432720	432720	NotMapped	25688.571
68267	68267	NotMapped	1208571.4
G3UYJ7	G3UYJ7	NotMapped	1114285.7
75731	75731	NotMapped	7750.8571
73132	73132	NotMapped	672.4
20853	20853	NotMapped	16578.286
19733	19733	NotMapped	42857.143
14073	14073	NotMapped	402857.14
69981	69981	NotMapped	214285.71
18082	18082	NotMapped	4142857.1
50799	50799	NotMapped	3542857.1
75578	75578	NotMapped	26074.857
264895	264895	NotMapped	3657142.9
105387	105387	NotMapped	16210
74159	74159	NotMapped	11415.143
17842	17842	NotMapped	6674
67307	67307	NotMapped	47428.571
12007	12007	NotMapped	12874.571
217328	217328	NotMapped	99714.286
234564	234564	NotMapped	250.68857
103140	103140	NotMapped	114000
230696	230696	NotMapped	20960
17836	17836	NotMapped	628571.43
102632	102632	NotMapped	127142.86
209692	209692	NotMapped	44857.143
18559	18559	NotMapped	13481.429
11812	11812	NotMapped	15552.286
68371	68371	NotMapped	58000
56018	56018	NotMapped	44571.429
68591	68591	NotMapped	3561.4286
100039008	100039008	NotMapped	77142.857
266744	266744	NotMapped	6195.7143
67528	67528	NotMapped	71142.857
67815	67815	NotMapped	680000
60440	60440	NotMapped	4684.2857
12623	12623	NotMapped	56285.714
237320	237320	NotMapped	81142.857
15494	15494	NotMapped	17407.429
381110	381110	NotMapped	120857.14
14618	14618	NotMapped	22738
76974	76974	NotMapped	19749.143
240549	240549	NotMapped	4947.1429
71664	71664	NotMapped	3519.4286
54150	54150	NotMapped	3804.5714
104457	104457	NotMapped	25907.429
66193	66193	NotMapped	203142.86
66874	66874	NotMapped	38857.143
69399	69399	NotMapped	29428.571
66274	66274	NotMapped	254857.14
67892	67892	NotMapped	9093.7143
112419	112419	NotMapped	22261.714
72097	72097	NotMapped	25968.571
72275	72275	NotMapped	24169.714
70415	70415	NotMapped	11395.714
67157	67157	NotMapped	46857.143
76482	76482	NotMapped	58285.714
76161	76161	NotMapped	5433.7143
240185	240185	NotMapped	23908
69684	69684	NotMapped	75142.857
56321	56321	NotMapped	48000
106861	106861	NotMapped	38285.714
233099	233099	NotMapped	348571.43
72482	72482	NotMapped	31428.571
94180	94180	NotMapped	6057142.9
56444	56444	NotMapped	50000
242894	242894	NotMapped	465714.29
11488	11488	NotMapped	281714.29
11496	11496	NotMapped	1040000
231821	231821	NotMapped	3657142.9
11519	11519	NotMapped	7771428.6
11538	11538	NotMapped	268000
101351	101351	NotMapped	11677.143
226250	226250	NotMapped	15872
11576	11576	NotMapped	163.69143
216549	216549	NotMapped	44000
11596	11596	NotMapped	431428.57
108897	108897	NotMapped	20840.571
238276	238276	NotMapped	158000
432442	432442	NotMapped	192571.43
67605	67605	NotMapped	11639.429
621603	621603	NotMapped	27207.714
268420	268420	NotMapped	12928.857
27494	27494	NotMapped	44285.714
13929	13929	NotMapped	22681.143
109676	109676	NotMapped	497142.86
71782	71782	NotMapped	22432
225187	225187	NotMapped	82571.429
237615	237615	NotMapped	987.54286
77531	77531	NotMapped	1685714.3
68743	68743	NotMapped	900000
105722	105722	NotMapped	12695.429
26359	26359	NotMapped	10360
319924	319924	NotMapped	50571.429
11784	11784	NotMapped	5727.1429
11787	11787	NotMapped	142571.43
11815	11815	NotMapped	102000
215821	215821	NotMapped	90000
71435	71435	NotMapped	154571.43
71302	71302	NotMapped	2191428.6
544817	544817	NotMapped	7678.5714
330914	330914	NotMapped	106285.71
216831	216831	NotMapped	52000
11856	11856	NotMapped	7630.2857
207212	207212	NotMapped	30857.143
16800	16800	NotMapped	259142.86
381112	381112	NotMapped	377142.86
54208	54208	NotMapped	126285.71
76813	76813	NotMapped	140000
74100	74100	NotMapped	41428.571
11877	11877	NotMapped	32857.143
75452	75452	NotMapped	8039.4286
320817	320817	NotMapped	9772
76559	76559	NotMapped	30285.714
73991	73991	NotMapped	660000
170759	170759	NotMapped	8276.8571
382423	382423	NotMapped	13426.571
78937	78937	NotMapped	397142.86
102774	102774	NotMapped	14218.571
319845	319845	NotMapped	23186
227707	227707	NotMapped	252000
229003	229003	NotMapped	22848.857
76960	76960	NotMapped	760000
14025	14025	NotMapped	4919.4286
69556	69556	NotMapped	27166
66162	66162	NotMapped	457142.86
18843	18843	NotMapped	5416.5714
228801	228801	NotMapped	39714.286
12217	12217	NotMapped	4085714.3
77644	77644	NotMapped	13229.429
320827	320827	NotMapped	100857.14
217310	217310	NotMapped	4657.1429
239857	239857	NotMapped	748571.43
320405	320405	NotMapped	2500000
108802	108802	NotMapped	1160000
67088	67088	NotMapped	39714.286
67252	67252	NotMapped	7200000
268932	268932	NotMapped	1102857.1
140721	140721	NotMapped	23384.857
12404	12404	NotMapped	87142.857
212139	212139	NotMapped	66571.429
216618	216618	NotMapped	305714.29
67433	67433	NotMapped	13496
207607	207607	NotMapped	226571.43
108686	108686	NotMapped	43142.857
215707	215707	NotMapped	1114285.7
12454	12454	NotMapped	23736.571
67974	67974	NotMapped	405714.29
171486	171486	NotMapped	71714.286
67072	67072	NotMapped	130285.71
226751	226751	NotMapped	645714.29
104445	104445	NotMapped	195714.29
268663	268663	NotMapped	1595.3714
227526	227526	NotMapped	4271.7143
214932	214932	NotMapped	52285.714
108013	108013	K13207	90123.457
57754	57754	NotMapped	534285.71
545389	545389	NotMapped	131428.57
74081	74081	NotMapped	297142.86
225659	225659	NotMapped	265142.86
106143	106143	NotMapped	42000
68567	68567	NotMapped	24635.429
68044	68044	NotMapped	43714.286
12662	12662	NotMapped	178000
69993	69993	NotMapped	2565714.3
21771	21771	NotMapped	131.50571
229725	229725	NotMapped	10956.571
94040	94040	NotMapped	422857.14
218335	218335	NotMapped	4212.5714
65945	65945	NotMapped	462857.14
245684	245684	NotMapped	500000
94220	94220	NotMapped	1171428.6
338349	338349	NotMapped	54285.714
97484	97484	NotMapped	37714.286
17846	17846	NotMapped	152000
235431	235431	NotMapped	1568571.4
66359	66359	NotMapped	119714.29
18117	18117	NotMapped	155714.29
12890	12890	NotMapped	18257143
235415	235415	NotMapped	58857.143
234577	234577	NotMapped	33714.286
12891	12891	NotMapped	442857.14
102278	102278	NotMapped	21758
211232	211232	NotMapped	112285.71
54188	54188	NotMapped	23531.429
12903	12903	NotMapped	10502.857
12905	12905	NotMapped	4863.7143
382056	382056	NotMapped	25608.571
74343	74343	NotMapped	22784.857
12959	12959	NotMapped	10624
67337	67337	NotMapped	10533.143
108062	108062	NotMapped	25609.143
18163	18163	NotMapped	377142.86
30785	30785	NotMapped	204285.71
80281	80281	NotMapped	18232.571
67116	67116	NotMapped	39714.286
19157	19157	NotMapped	79428.571
52846	52846	NotMapped	49428.571
28040	28040	NotMapped	33142.857
231871	231871	NotMapped	7042.5714
56710	56710	NotMapped	3327.7143
56320	56320	NotMapped	2914285.7
83703	83703	NotMapped	131714.29
102323	102323	NotMapped	74857.143
234733	234733	NotMapped	11953.429
105841	105841	NotMapped	4177.7143
54722	54722	NotMapped	37714.286
23856	23856	NotMapped	7172.8571
64451	64451	NotMapped	76571.429
23859	23859	NotMapped	8200000
224997	224997	NotMapped	602857.14
240283	240283	NotMapped	188857.14
13417	13417	NotMapped	13718
99349	99349	NotMapped	17869.429
246738	246738	NotMapped	1397.8286
210293	210293	NotMapped	11763.143
238130	238130	NotMapped	777142.86
68813	68813	NotMapped	400000
70028	70028	NotMapped	7765.1429
269109	269109	NotMapped	854285.71
13483	13483	NotMapped	2305714.3
26757	26757	NotMapped	6485714.3
66556	66556	NotMapped	22504.571
70601	70601	NotMapped	19939.714
67484	67484	NotMapped	61142.857
78506	78506	NotMapped	156000
98363	98363	NotMapped	36000
668212	668212	NotMapped	3722
74203	74203	NotMapped	2432.0571
15569	15569	K13208	50000
15571	15571	K13208	1114441.4
140579	140579	NotMapped	765714.29
13723	13723	NotMapped	31142.857
237711	237711	NotMapped	90571.429
13829	13829	NotMapped	1197142.9
77781	77781	NotMapped	62857.143
77767	77767	NotMapped	1814285.7
56226	56226	NotMapped	5067.7143
74190	74190	NotMapped	5568
107371	107371	NotMapped	69714.286
23873	23873	NotMapped	95142.857
72125	72125	NotMapped	100571.43
213056	213056	NotMapped	117714.29
71721	71721	NotMapped	4070.5714
226252	226252	NotMapped	138857.14
68936	68936	NotMapped	6201.4286
320557	320557	NotMapped	64571.429
68675	68675	NotMapped	25656.286
73385	73385	NotMapped	377142.86
75906	75906	NotMapped	44571.429
192173	192173	NotMapped	255142.86
18300	18300	NotMapped	1401.0571
320609	320609	NotMapped	3052
68952	68952	NotMapped	1184
235461	235461	NotMapped	10320.857
380601	380601	NotMapped	634285.71
245827	245827	NotMapped	123714.29
216622	216622	NotMapped	7087.4286
108101	108101	NotMapped	2117.8
59083	59083	NotMapped	4215.7143
235180	235180	NotMapped	55714.286
14190	14190	NotMapped	6881.4286
58249	58249	NotMapped	41142.857
78749	78749	NotMapped	12048
57778	57778	NotMapped	144571.43
55935	55935	NotMapped	14358.286
66511	66511	NotMapped	13940.571
235169	235169	NotMapped	13416
320365	320365	NotMapped	305714.29
240121	240121	NotMapped	431428.57
319636	319636	NotMapped	40571.429
72018	72018	NotMapped	37714.286
67391	67391	NotMapped	233428.57
99326	99326	NotMapped	36857.143
80909	80909	NotMapped	93142.857
14545	14545	NotMapped	56857.143
228858	228858	NotMapped	551428.57
66569	66569	NotMapped	125142.86
14603	14603	NotMapped	3019.4286
57330	57330	NotMapped	14751.143
67903	67903	NotMapped	7518
118446	118446	NotMapped	30000
68888	68888	NotMapped	116.44571
384009	384009	NotMapped	32285.714
170823	170823	NotMapped	19909.714
100504232	100504232	NotMapped	11705.429
269700	269700	NotMapped	156285.71
381059	381059	NotMapped	27324.571
P06328	P06328	NotMapped	2165.1429
228715	228715	NotMapped	7538.8571
436523	436523	NotMapped	9202.5714
224813	224813	NotMapped	51428.571
229004	229004	NotMapped	1585.6286
30877	30877	NotMapped	142285.71
14758	14758	NotMapped	737142.86
26913	26913	NotMapped	377142.86
67839	67839	NotMapped	264857.14
14804	14804	NotMapped	434285.71
170935	170935	NotMapped	126857.14
74053	74053	NotMapped	26766.286
76758	76758	NotMapped	7937.1429
331063	331063	NotMapped	4439.7143
71752	71752	NotMapped	131.65143
98488	98488	NotMapped	11422.857
14894	14894	NotMapped	88.957143
330790	330790	NotMapped	42857.143
23897	23897	NotMapped	12271.429
68576	68576	NotMapped	57714.286
76987	76987	NotMapped	24653.429
217995	217995	NotMapped	250571.43
320487	320487	NotMapped	14899.429
217026	217026	NotMapped	3200000
56016	56016	NotMapped	176571.43
72927	72927	NotMapped	382857.14
67044	67044	NotMapped	54285.714
216019	216019	NotMapped	170857.14
20585	20585	NotMapped	801.2
66867	66867	NotMapped	228571.43
15374	15374	NotMapped	57714.286
170833	170833	NotMapped	19973.429
320191	320191	NotMapped	50857.143
74318	74318	NotMapped	10589.429
170638	170638	NotMapped	1165714.3
72630	72630	NotMapped	15597.429
15893	15893	NotMapped	61142.857
55978	55978	NotMapped	29142.857
16010	16010	NotMapped	20365.714
16061	16061	NotMapped	44.168571
67444	67444	NotMapped	162000
76614	76614	NotMapped	42000
16210	16210	NotMapped	414285.71
242291	242291	NotMapped	29428.571
72656	72656	K13145	862.27136
210925	210925	K13146	9959.2705
320495	320495	NotMapped	24288.286
54396	54396	NotMapped	12193.429
75847	75847	NotMapped	16969.143
71927	71927	NotMapped	26100
16429	16429	NotMapped	2634.7143
233011	233011	NotMapped	13114.286
67767	67767	NotMapped	72857.143
107351	107351	NotMapped	270285.71
80880	80880	NotMapped	27809.429
242553	242553	NotMapped	76000
74187	74187	NotMapped	331428.57
72320	72320	NotMapped	206857.14
74287	74287	NotMapped	55428.571
80334	80334	NotMapped	831428.57
67516	67516	NotMapped	30000
243043	243043	NotMapped	357142.86
72050	72050	NotMapped	5755.7143
13992	13992	NotMapped	101714.29
219094	219094	NotMapped	4568.8571
66132	66132	NotMapped	2982.5714
74741	74741	NotMapped	103428.57
230085	230085	NotMapped	204285.71
231570	231570	NotMapped	138285.71
67467	67467	NotMapped	21023.143
16579	16579	NotMapped	425714.29
268481	268481	NotMapped	118857.14
16706	16706	NotMapped	21449.429
207214	207214	NotMapped	8715.4286
56839	56839	NotMapped	2108571.4
246316	246316	NotMapped	102571.43
77569	77569	NotMapped	308571.43
22342	22342	NotMapped	266857.14
68421	68421	NotMapped	22951.429
30937	30937	NotMapped	53428.571
93689	93689	NotMapped	9495.7143
320502	320502	NotMapped	780000
64898	64898	NotMapped	16067.714
380916	380916	NotMapped	32857.143
216011	216011	NotMapped	4266
272381	272381	NotMapped	31714.286
243371	243371	NotMapped	7532.8571
231549	231549	NotMapped	744.6
71735	71735	NotMapped	9455.1429
67070	67070	NotMapped	24434.571
241846	241846	NotMapped	66000
353258	353258	NotMapped	4356.8571
52829	52829	NotMapped	6979.4286
23934	23934	NotMapped	21351.429
108755	108755	NotMapped	20947.143
70082	70082	NotMapped	334285.71
66863	66863	NotMapped	18300.571
11426	11426	NotMapped	64285.714
228355	228355	NotMapped	385714.29
59003	59003	NotMapped	36000
67920	67920	NotMapped	143.8
78283	78283	NotMapped	211428.57
72852	72852	NotMapped	76285.714
230125	230125	NotMapped	9083.4286
328949	328949	NotMapped	74285.714
17207	17207	NotMapped	12302.286
28077	28077	NotMapped	5341.4286
26896	26896	NotMapped	55714.286
94112	94112	NotMapped	39714.286
234959	234959	NotMapped	3380.2857
20933	20933	NotMapped	20371.143
70208	70208	NotMapped	15597.429
17536	17536	NotMapped	3959.4286
17283	17283	NotMapped	85142.857
17304	17304	NotMapped	33714.286
170731	170731	NotMapped	308571.43
216864	216864	NotMapped	331428.57
194401	194401	NotMapped	47714.286
67027	67027	NotMapped	175714.29
17441	17441	NotMapped	2737142.9
50997	50997	NotMapped	642857.14
67568	67568	NotMapped	5059.7143
67681	67681	NotMapped	653.28571
66163	66163	NotMapped	83142.857
67270	67270	NotMapped	23356.857
94067	94067	NotMapped	5982.2857
69163	69163	NotMapped	95142.857
66493	66493	NotMapped	14298
68735	68735	NotMapped	5718
14548	14548	NotMapped	15071.143
79044	79044	NotMapped	61142.857
121022	121022	NotMapped	3100.8571
69902	69902	NotMapped	5912.8571
17690	17690	NotMapped	25298.857
3338894	3338894	NotMapped	11468.571
211401	211401	NotMapped	188000
244654	244654	NotMapped	651428.57
382793	382793	NotMapped	320000
17844	17844	NotMapped	3892.8571
68016	68016	NotMapped	21015.714
66175	66175	NotMapped	14990.571
68753	68753	NotMapped	22125.143
217328	217328	NotMapped	10346.857
242702	242702	NotMapped	2259.6571
58916	58916	NotMapped	8035.1429
80750	80750	NotMapped	1707.2571
333789	333789	NotMapped	21535.714
17937	17937	NotMapped	104285.71
192950	192950	NotMapped	4744
26422	26422	NotMapped	1322857.1
269198	269198	NotMapped	31428.571
26562	26562	NotMapped	1845714.3
228869	228869	NotMapped	75142.857
211329	211329	NotMapped	149428.57
14299	14299	NotMapped	1108571.4
234593	234593	NotMapped	1894285.7
74103	74103	NotMapped	1671428.6
69352	69352	NotMapped	294285.71
117148	117148	NotMapped	272571.43
67602	67602	NotMapped	55428.571
66147	66147	NotMapped	51142.857
54003	54003	NotMapped	62285.714
66208	66208	NotMapped	106000
68810	68810	NotMapped	65428.571
18016	18016	NotMapped	109714.29
212114	212114	NotMapped	1509.4286
100608	100608	NotMapped	7288.2857
67134	67134	NotMapped	16306.571
66394	66394	K13125	20587.375
664883	664883	NotMapped	525714.29
384569	384569	NotMapped	1080000
20320	20320	NotMapped	263428.57
18164	18164	NotMapped	1111428.6
641340	641340	NotMapped	13412.857
60345	60345	K13215	67037.037
78593	78593	NotMapped	11850.571
68404	68404	NotMapped	94857.143
74455	74455	NotMapped	144000
319638	319638	NotMapped	4036.2857
209586	209586	NotMapped	380000
67725	67725	NotMapped	1831.5714
213484	213484	NotMapped	29142.857
101706	101706	NotMapped	47428.571
18230	18230	NotMapped	21655.714
108689	108689	NotMapped	52285.714
628991	628991	NotMapped	32000
270086	270086	NotMapped	38285.714
56177	56177	NotMapped	1100000
229759	229759	NotMapped	2401.8
18377	18377	NotMapped	233714.29
403187	403187	NotMapped	3965.1429
94190	94190	NotMapped	47714.286
66844	66844	NotMapped	13108.286
67749	67749	NotMapped	14983.714
74309	74309	NotMapped	13503.429
71720	71720	NotMapped	7580
99031	99031	NotMapped	360000
230751	230751	NotMapped	218571.43
170719	170719	NotMapped	5208.5714
97820	97820	NotMapped	180000
54624	54624	NotMapped	126000
27355	27355	NotMapped	37428.571
242481	242481	NotMapped	77714.286
214627	214627	NotMapped	17579.714
18789	18789	NotMapped	22521.429
59093	59093	K13162	304582.21
66425	66425	NotMapped	46285.714
240334	240334	NotMapped	38857.143
83679	83679	NotMapped	14861.714
319518	319518	NotMapped	230000
68070	68070	NotMapped	1077.2286
244895	244895	NotMapped	19932.286
18619	18619	NotMapped	8124.2857
100048644	100048644	NotMapped	29142.857
58869	58869	NotMapped	702857.14
72057	72057	NotMapped	11459.143
78246	78246	NotMapped	3745.7143
102693	102693	NotMapped	56000
208177	208177	NotMapped	177428.57
105653	105653	NotMapped	722857.14
70911	70911	NotMapped	7257142.9
18693	18693	NotMapped	139428.57
56460	56460	NotMapped	16281.429
227937	227937	NotMapped	288571.43
271844	271844	NotMapped	5400
269615	269615	NotMapped	104571.43
224860	224860	NotMapped	66000
239318	239318	NotMapped	3085714.3
56193	56193	NotMapped	1613.0857
109135	109135	NotMapped	50285.714
240753	240753	NotMapped	82000
217682	217682	NotMapped	445714.29
71801	71801	NotMapped	19409.429
67759	67759	NotMapped	21293.429
67448	67448	NotMapped	14539.143
110312	110312	NotMapped	26186.571
69693	69693	NotMapped	6443.1429
67811	67811	NotMapped	69714.286
73826	73826	NotMapped	17097.714
327814	327814	NotMapped	1634285.7
76787	76787	NotMapped	2942857.1
68507	68507	NotMapped	437142.86
243725	243725	NotMapped	282571.43
74521	74521	NotMapped	34857.143
71474	71474	NotMapped	270000
320717	320717	NotMapped	64000
22264	22264	NotMapped	2032.1429
66459	66459	NotMapped	17694.571
72981	72981	NotMapped	314
27372	27372	NotMapped	7411.7143
53761	53761	NotMapped	727.68571
69017	69017	NotMapped	1182857.1
68927	68927	NotMapped	2422.8
19249	19249	NotMapped	596.77143
69709	69709	NotMapped	132000
80912	80912	NotMapped	194857.14
80913	80913	NotMapped	28857.143
78697	78697	NotMapped	13401.429
78895	78895	NotMapped	493.68571
52118	52118	NotMapped	1785.8857
218699	218699	NotMapped	3058.5714
29809	29809	NotMapped	45714.286
56784	56784	NotMapped	23323.143
241694	241694	NotMapped	488.97143
240614	240614	NotMapped	120857.14
110351	110351	NotMapped	1440000
217944	217944	NotMapped	94571.429
19415	19415	NotMapped	54000
226525	226525	NotMapped	21695.429
215653	215653	NotMapped	212571.43
52897	52897	NotMapped	311428.57
225432	225432	K13193	1530.566
56190	56190	NotMapped	6758.5714
19654	19654	NotMapped	16432.857
56878	56878	NotMapped	59714.286
56516	56516	NotMapped	6868.5714
54720	54720	NotMapped	194857.14
214742	214742	NotMapped	43142.857
19692	19692	NotMapped	150285.71
19693	19693	NotMapped	12575.429
67709	67709	NotMapped	115.58857
194590	194590	NotMapped	193428.57
71729	71729	NotMapped	14050.857
51791	51791	NotMapped	145714.29
50779	50779	NotMapped	980000
24012	24012	NotMapped	3542857.1
101489	101489	NotMapped	196285.71
75695	75695	NotMapped	53142.857
231760	231760	NotMapped	120285.71
241770	241770	NotMapped	84857.143
19771	19771	NotMapped	109714.29
66084	66084	NotMapped	67142.857
68477	68477	NotMapped	18032.571
67150	67150	NotMapped	83142.857
67225	67225	K13157	705.79767
66049	66049	NotMapped	1440000
19894	19894	NotMapped	4571428.6
225283	225283	NotMapped	38857.143
75137	75137	NotMapped	33714.286
68441	68441	NotMapped	187428.57
52187	52187	NotMapped	15610.571
106298	106298	NotMapped	984.82857
66880	66880	NotMapped	5418.8571
76246	76246	NotMapped	106000
170799	170799	NotMapped	96285.714
104001	104001	NotMapped	2120000
51799	51799	NotMapped	351428.57
12309	12309	NotMapped	5680.5714
78935	78935	NotMapped	59714.286
50720	50720	NotMapped	26172.571
269003	269003	NotMapped	17276.857
60406	60406	NotMapped	483.97143
237868	237868	NotMapped	314285.71
70097	70097	NotMapped	12291.429
20230	20230	NotMapped	7069.4286
320271	320271	NotMapped	150857.14
320271	320271	NotMapped	288571.43
24045	24045	NotMapped	68857.143
56807	56807	NotMapped	49714.286
20254	20254	NotMapped	477142.86
20255	20255	NotMapped	114285.71
214189	214189	NotMapped	42571.429
52892	52892	NotMapped	3542
56367	56367	NotMapped	72571.429
20284	20284	NotMapped	273142.86
105782	105782	NotMapped	29142.857
64706	64706	NotMapped	70571.429
74136	74136	NotMapped	93714.286
114679	114679	NotMapped	173428.57
69227	69227	NotMapped	4896.2857
24050	24050	NotMapped	21457143
217847	217847	NotMapped	978.02857
20713	20713	NotMapped	23440.571
228071	228071	NotMapped	140285.71
56747	56747	NotMapped	76857.143
67788	67788	NotMapped	79142.857
231769	231769	NotMapped	5896
67158	67158	NotMapped	3808.8571
94280	94280	NotMapped	1822857.1
73094	73094	NotMapped	1517142.9
52850	52850	NotMapped	136571.43
105835	105835	NotMapped	22584
218544	218544	NotMapped	268000
20401	20401	NotMapped	3219.4286
243961	243961	NotMapped	1531428.6
210274	210274	NotMapped	928571.43
58234	58234	NotMapped	10658
435684	435684	NotMapped	202571.43
F6VQZ6	F6VQZ6	NotMapped	30000
70661	70661	NotMapped	477142.86
74206	74206	NotMapped	32857.143
20495	20495	NotMapped	23537.714
20512	20512	NotMapped	771428.57
71803	71803	NotMapped	212857.14
74011	74011	NotMapped	38000
71998	71998	NotMapped	3018.2857
67453	67453	NotMapped	297142.86
22348	22348	NotMapped	1734285.7
227059	227059	NotMapped	167142.86
94229	94229	NotMapped	210857.14
20534	20534	NotMapped	24908.286
218756	218756	NotMapped	4640.5714
241919	241919	NotMapped	205714.29
20539	20539	NotMapped	100000
83997	83997	NotMapped	3418
225655	225655	NotMapped	76571.429
13990	13990	NotMapped	9468
67241	67241	NotMapped	108857.14
237782	237782	NotMapped	62285.714
104570	104570	NotMapped	4724.2857
226517	226517	NotMapped	26424
66106	66106	NotMapped	9165.1429
29856	29856	NotMapped	2861.4286
232187	232187	NotMapped	9857.7143
20615	20615	NotMapped	69142.857
241727	241727	NotMapped	354285.71
20646	20646	NotMapped	93142.857
74718	74718	NotMapped	81142.857
234214	234214	NotMapped	19688
81840	81840	NotMapped	24925.429
20660	20660	NotMapped	162285.71
26942	26942	NotMapped	45714.286
104799	104799	NotMapped	20694.286
74392	74392	NotMapped	39428.571
77629	77629	NotMapped	308571.43
20729	20729	NotMapped	60285.714
56013	56013	NotMapped	4571428.6
269397	269397	NotMapped	49428.571
66209	66209	NotMapped	294285.71
72475	72475	NotMapped	142571.43
20257	20257	NotMapped	1948571.4
20744	20744	K13200	79017.857
234373	234373	K13166	11340.206
77053	77053	NotMapped	21787.714
68666	68666	NotMapped	65714.286
27204	27204	NotMapped	908571.43
240057	240057	NotMapped	448571.43
104027	104027	NotMapped	565714.29
20977	20977	NotMapped	2142857.1
20977	20977	NotMapped	8400000
171180	171180	NotMapped	1668571.4
20980	20980	NotMapped	4742857.1
54525	54525	NotMapped	402857.14
20979	20979	NotMapped	11228571
83671	83671	NotMapped	11278.857
68449	68449	NotMapped	36000
67249	67249	NotMapped	81714.286
224617	224617	NotMapped	653.97143
210789	210789	NotMapped	94857.143
72238	72238	NotMapped	65714.286
213773	213773	NotMapped	20135.429
594844	594844	NotMapped	668571.43
331532	331532	NotMapped	1311428.6
21452	21452	NotMapped	10408.286
21453	21453	NotMapped	59428.571
320554	320554	NotMapped	720000
100121	100121	NotMapped	9815.4286
70381	70381	NotMapped	132285.71
57816	57816	NotMapped	56571.429
224481	224481	NotMapped	13501.714
57314	57314	NotMapped	1855.2
67026	67026	NotMapped	421.42857
223626	223626	NotMapped	161142.86
14911	14911	NotMapped	5632.2857
21841	21841	NotMapped	5401.4286
53600	53600	NotMapped	78857.143
21859	21859	NotMapped	1245.8
26944	26944	NotMapped	2451.4
67366	67366	NotMapped	9295.7143
382620	382620	NotMapped	42571.429
66271	66271	NotMapped	15518.857
77106	77106	NotMapped	68000
57394	57394	NotMapped	4598.2857
74122	74122	NotMapped	7634
66146	66146	NotMapped	317142.86
74868	74868	NotMapped	238571.43
232286	232286	NotMapped	21820
19240	19240	NotMapped	102285.71
237500	237500	NotMapped	22929.143
72736	72736	NotMapped	40857.143
66958	66958	NotMapped	448571.43
52837	52837	NotMapped	206571.43
106869	106869	NotMapped	65714.286
21985	21985	NotMapped	21939.714
66648	66648	NotMapped	45428.571
97031	97031	NotMapped	21282.857
76510	76510	NotMapped	244000
73681	73681	NotMapped	1554.1429
27223	27223	NotMapped	21100.286
14605	14605	NotMapped	154571.43
211484	211484	NotMapped	26261.429
109246	109246	NotMapped	13442.857
72795	72795	NotMapped	71714.286
67515	67515	NotMapped	48857.143
72747	72747	NotMapped	62285.714
219022	219022	NotMapped	22866.857
104718	104718	NotMapped	488571.43
76260	76260	NotMapped	34571.429
51885	51885	NotMapped	9601.1429
98258	98258	NotMapped	132571.43
234723	234723	NotMapped	14862.857
72828	72828	NotMapped	380000
327900	327900	NotMapped	103714.29
68053	68053	NotMapped	88285.714
382018	382018	NotMapped	1448571.4
208898	208898	NotMapped	176285.71
56046	56046	NotMapped	176000
207932	207932	NotMapped	464.34286
19777	19777	NotMapped	160000
72554	72554	NotMapped	206.16571
22294	22294	NotMapped	14500.571
381677	381677	NotMapped	111428.57
22351	22351	NotMapped	76.448571
22359	22359	NotMapped	2261.6571
228545	228545	NotMapped	235142.86
224705	224705	NotMapped	234571.43
209018	209018	NotMapped	16773.429
246228	246228	NotMapped	115428.57
73447	73447	NotMapped	178857.14
244484	244484	NotMapped	1000.5429
213081	213081	NotMapped	1883.9143
74682	74682	NotMapped	15974.571
225348	225348	NotMapped	13327.429
207615	207615	NotMapped	94285.714
54636	54636	NotMapped	83142.857
99512	99512	NotMapped	734285.71
67561	67561	NotMapped	377142.86
104082	104082	NotMapped	3400000
192652	192652	NotMapped	18200.857
76773	76773	NotMapped	19301.714
68151	68151	NotMapped	2804.2571
80707	80707	NotMapped	105142.86
56531	56531	NotMapped	82857.143
70579	70579	NotMapped	189714.29
67302	67302	NotMapped	35142.857
67917	67917	NotMapped	72857.143
226442	226442	NotMapped	99428.571
52397	52397	NotMapped	53142.857
22763	22763	K13203	5990.9683
217695	217695	NotMapped	100571.43
320799	320799	NotMapped	31714.286
52915	52915	NotMapped	24278.571
76007	76007	NotMapped	462857.14
228880	228880	NotMapped	131714.29
52521	52521	NotMapped	19955.714
622675	622675	NotMapped	3941.4286
53861	53861	NotMapped	51428.571
52696	52696	NotMapped	41428.571
