YAL001C	394690.59
YAL002W	556554.29
YAL003W	3621758.8
YAL005C	5967462.3
YAL007C	1175178.6
YAL008W	777941.08
YAL009W	315799.59
YAL010C	293672.01
YAL011W	832842.12
YAL012W	1658319.1
YAL013W	642024.35
YAL014C	506879.77
YAL015C	258478.52
YAL016W	2528768.4
YAL017W	1185771.7
YAL019W	312127.99
YAL020C	322689.3
YAL021C	2069639
YAL022C	451909.33
YAL023C	5285395.2
YAL024C	2052997
YAL025C	347536.2
YAL026C	2333095.5
YAL027W	149310.87
YAL028W	150230.55
YAL029C	1065907.2
YAL030W	330255.89
YAL031C	555127.23
YAL032C	418630.1
YAL033W	502791.84
YAL034C	590186.42
YAL034W-A	190230.84
YAL035W	7406920.1
YAL036C	1030468.4
YAL037W	94807.101
YAL038W	9808432.5
YAL039C	930928
YAL040C	2636696.4
YAL041W	1496502.2
YAL042W	1126228.7
YAL043C	618083.55
YAL044C	2117132.6
YAL044W-A	1498357.3
YAL046C	1079104.7
YAL047C	161861.47
YAL048C	323613.05
YAL049C	2002471.9
YAL051W	501400.38
YAL053W	870929.32
YAL054C	1758282.3
YAL055W	400543.36
YAL056W	656684.8
YAL058W	391941.22
YAL059W	409763.97
YAL060W	1119563
YAL061W	286655.22
YAL062W	4893388.3
YAL063C-A	73268.321
YAL064C-A	57670.284
YAL064W	57699.876
YAL064W-B	89462.296
YAL065C	96054.242
YAL067C	122859.44
YAR002C-A	1984395
YAR002W	760762.1
YAR003W	368215.82
YAR007C	1399587.5
YAR008W	202720.91
YAR014C	635329.52
YAR015W	1857651.9
YAR018C	1170302
YAR019C	1065765
YAR023C	202722.7
YAR029W	555549.44
YAR031W	160835.91
YAR033W	64898.971
YAR035C-A	69972.854
YAR035W	4806954.5
YAR042W	732110.22
YAR050W	144406.29
YAR068W	397133.34
YBL001C	2059882.6
YBL002W	1359886.8
YBL003C	1462571.7
YBL004W	1424563.7
YBL005W	208075.7
YBL006C	452883.19
YBL007C	1232907.7
YBL008W	937706.2
YBL009W	528212.76
YBL010C	249260.97
YBL011W	3029790.8
YBL013W	151738.29
YBL014C	510798.5
YBL015W	9908551.3
YBL016W	54269.63
YBL017C	1385678.4
YBL018C	1113097.6
YBL019W	486969.56
YBL020W	1412298.5
YBL021C	566157.2
YBL022C	7236722.4
YBL023C	2233514.7
YBL024W	1155232.1
YBL025W	250136.73
YBL026W	336071.52
YBL027W	2550061.3
YBL028C	385186.31
YBL029C-A	830463.55
YBL029W	1208534.8
YBL030C	6527034.8
YBL031W	227791.68
YBL032W	1320187.6
YBL033C	1251877.4
YBL034C	449806.35
YBL035C	612428.95
YBL036C	605742.17
YBL037W	1644701.5
YBL038W	1294148.3
YBL039C	2224286.2
YBL039W-B	568671.49
YBL040C	971953.54
YBL041W	1119974.1
YBL042C	2250393.7
YBL043W	2398544.4
YBL045C	7138367.4
YBL046W	262871.48
YBL047C	1991721.7
YBL049W	523978.66
YBL050W	1424808.5
YBL051C	606260.62
YBL052C	837308.58
YBL054W	441999.6
YBL055C	229044.46
YBL056W	1194727.9
YBL057C	435350.91
YBL058W	869420.03
YBL059C-A	1066480.1
YBL059W	496095.91
YBL060W	180408.4
YBL061C	271050.72
YBL063W	1236750
YBL064C	2651176.7
YBL066C	670384.89
YBL067C	1304750.3
YBL068W	1452971.3
YBL069W	291720.89
YBL071W-A	420402.01
YBL072C	3026249.8
YBL074C	95692.352
YBL075C	670987.15
YBL076C	7992178.7
YBL078C	222819.3
YBL079W	4677835.3
YBL080C	345616.08
YBL081W	423979.15
YBL082C	768428.22
YBL084C	1482794.8
YBL085W	464536.66
YBL086C	200835.06
YBL087C	2350275.7
YBL088C	522863.81
YBL089W	631019.93
YBL090W	392580.72
YBL091C	1197692.5
YBL091C-A	355716.06
YBL092W	2450001.2
YBL093C	391402.06
YBL095W	701983.03
YBL097W	111718.97
YBL098W	555693.39
YBL099W	11449597
YBL101C	1457895.4
YBL102W	1159677.8
YBL103C	341767.78
YBL104C	823195.24
YBL105C	2381040.2
YBL106C	217481.53
YBL107C	523974.85
YBR001C	1167240.8
YBR002C	461327.81
YBR003W	1462243.2
YBR004C	457911.79
YBR005W	304749.98
YBR006W	1185465.7
YBR007C	415864.23
YBR008C	340034.81
YBR010W	1688209.3
YBR011C	3973415.1
YBR013C	117155.23
YBR014C	750037.15
YBR015C	1862593.2
YBR016W	1898013.9
YBR017C	721081.31
YBR018C	7968231.4
YBR019C	15373257
YBR020W	12583435
YBR021W	682205.19
YBR022W	267470.73
YBR023C	2824656.1
YBR024W	427093.38
YBR025C	2688613.1
YBR026C	758075.34
YBR028C	591301.52
YBR029C	2473782.4
YBR030W	286719.34
YBR033W	1199864
YBR034C	885332.11
YBR035C	789024.26
YBR036C	1512718.8
YBR037C	815959.44
YBR038W	2146553.8
YBR039W	5475053.3
YBR041W	712233.34
YBR042C	389236.05
YBR043C	736684.17
YBR044C	873073.43
YBR045C	329294.12
YBR046C	1187571.2
YBR047W	1146227.4
YBR048W	832453.89
YBR049C	2103791.5
YBR050C	215396.64
YBR052C	2542112.4
YBR053C	1233516.3
YBR054W	434447.37
YBR055C	1107604.8
YBR056W	635388.01
YBR057C	403836.23
YBR058C	1234065.4
YBR058C-A	555830.7
YBR059C	934988.7
YBR060C	1340465.8
YBR061C	513189.22
YBR062C	656594.75
YBR063C	584485.76
YBR065C	156001.17
YBR066C	810805.17
YBR067C	10838225
YBR068C	1473943.4
YBR069C	94639.307
YBR070C	161001.18
YBR071W	212288.24
YBR072W	101704.56
YBR073W	649360.18
YBR074W	553485.66
YBR077C	923571.7
YBR078W	3963439.5
YBR079C	6349482.6
YBR080C	2789413.2
YBR081C	2348501.3
YBR082C	1037262.6
YBR083W	396247.17
YBR084C-A	1977380.2
YBR084W	3141623.1
YBR085C-A	1134658.1
YBR085W	135522.64
YBR086C	2062503.5
YBR087W	436777.48
YBR088C	1321268.3
YBR089C-A	1396711.7
YBR090C	113625.15
YBR091C	603867.39
YBR092C	3914296.5
YBR093C	241541.95
YBR094W	750889.65
YBR095C	507438.68
YBR096W	897202.77
YBR097W	3756676.8
YBR098W	235719.25
YBR101C	1354185.6
YBR102C	348013.05
YBR103W	859486.53
YBR104W	1224404.2
YBR105C	520548.91
YBR106W	3440075.5
YBR107C	197791.11
YBR108W	277419.66
YBR109C	1423563.5
YBR110W	699538.63
YBR111C	1312975.8
YBR111W-A	87456.653
YBR112C	3234513.9
YBR114W	315239.94
YBR115C	4582735.7
YBR117C	548211.8
YBR119W	373826.14
YBR120C	780187.17
YBR121C	4187175.6
YBR122C	1782494.3
YBR123C	452382.98
YBR125C	891041.32
YBR126C	8495867.8
YBR127C	6933173.7
YBR128C	109684.31
YBR129C	358534.75
YBR130C	650089.47
YBR131W	308067.48
YBR132C	463475.81
YBR133C	1755377.4
YBR135W	361893.14
YBR136W	4129302.5
YBR137W	1059866.7
YBR138C	297204.12
YBR139W	2116897.1
YBR140C	1883951.7
YBR141C	183346.91
YBR142W	985192.13
YBR143C	2427009.9
YBR145W	1588698.8
YBR146W	1618623.4
YBR147W	1140764.3
YBR148W	151746.66
YBR149W	2145928.1
YBR150C	608696.34
YBR151W	2110700.2
YBR152W	91970.648
YBR153W	433246.81
YBR154C	694406.89
YBR155W	368763.54
YBR156C	261688.39
YBR157C	81090.632
YBR158W	548843.22
YBR159W	1783145.5
YBR160W	424258.01
YBR161W	265554.34
YBR162C	1807528.4
YBR162W-A	1135531.1
YBR163W	342071.1
YBR164C	528875.12
YBR165W	381325
YBR166C	972305.97
YBR167C	269654
YBR168W	263728.07
YBR169C	642318.19
YBR170C	931516.95
YBR171W	342623.57
YBR172C	1194211.4
YBR173C	613318.13
YBR175W	373870.91
YBR176W	385746.63
YBR177C	2537476.7
YBR179C	808361.01
YBR182C	255466.61
YBR183W	312041.27
YBR184W	87968.944
YBR185C	1094826.1
YBR186W	59987.011
YBR187W	1009709.7
YBR188C	261239.32
YBR189W	2298367.3
YBR191W	2261104.7
YBR192W	442050.35
YBR193C	329871.81
YBR194W	277995.5
YBR195C	423945.59
YBR196C	7442185
YBR196C-A	162151.93
YBR196C-B	147999.94
YBR197C	188149.32
YBR198C	2961982.5
YBR199W	2301927.3
YBR200W	700825.39
YBR201W	304370.35
YBR202W	3793929
YBR203W	644564.06
YBR204C	471195.03
YBR205W	1088435.8
YBR207W	1348803.6
YBR208C	1033684.4
YBR210W	628092.22
YBR211C	238777.05
YBR212W	412903.12
YBR213W	341345.28
YBR214W	993594.98
YBR215W	371960.36
YBR216C	410353.97
YBR217W	113235.49
YBR218C	5850845.7
YBR220C	600686.56
YBR221C	4710312.8
YBR222C	1507113.6
YBR223C	379523.3
YBR225W	642536.47
YBR227C	790264.07
YBR228W	159095.32
YBR229C	2275444.5
YBR230C	3209957
YBR230W-A	2612541.6
YBR231C	297899.34
YBR233W	281818.29
YBR233W-A	86015.657
YBR234C	1671599.8
YBR235W	517399.05
YBR236C	827069.11
YBR237W	919070.18
YBR238C	308960.68
YBR239C	457550.24
YBR240C	1237094.1
YBR241C	530033.59
YBR242W	487002.08
YBR243C	870272.75
YBR244W	81807.933
YBR245C	525185.92
YBR246W	417189.99
YBR247C	479127.25
YBR248C	2103019.1
YBR249C	3087831.1
YBR251W	486807.51
YBR252W	610004.14
YBR253W	309845.62
YBR254C	436089.4
YBR255C-A	1154467.7
YBR255W	384118.63
YBR256C	748298.92
YBR257W	212444.93
YBR258C	116825.9
YBR259W	157467.94
YBR260C	709742.11
YBR261C	490487.23
YBR262C	2017145.1
YBR263W	3395247.3
YBR264C	206393.09
YBR265W	1425199.5
YBR267W	733008.57
YBR268W	1531475
YBR269C	2495880.1
YBR270C	274829.19
YBR271W	247935.78
YBR272C	183808.26
YBR273C	667703.47
YBR274W	636670.49
YBR275C	1267089.1
YBR276C	1649871.3
YBR278W	140618.1
YBR279W	707719.81
YBR280C	360174.29
YBR281C	732909.46
YBR282W	1346638.4
YBR283C	4770972.5
YBR284W	82536.58
YBR285W	234515.77
YBR286W	6009383.3
YBR287W	775390.77
YBR288C	473876.9
YBR289W	1924119.7
YBR290W	664470.48
YBR291C	847286.16
YBR293W	242566.6
YBR294W	745309.01
YBR295W	1155190.2
YBR296C	79311.288
YBR297W	554234.48
YBR298C	238509.34
YCL001W	1201339.7
YCL002C	450844.45
YCL004W	648340.16
YCL005W	280219.08
YCL005W-A	2148344.7
YCL008C	537333.72
YCL009C	2790495.5
YCL010C	152619.85
YCL011C	1401674.5
YCL012C	795385.19
YCL014W	581114.17
YCL016C	337808.26
YCL017C	2570118.2
YCL018W	3404867.4
YCL021W-A	77174.244
YCL024W	256692.92
YCL025C	3464261.9
YCL026C-A	62036.461
YCL026C-B	814904.23
YCL027W	101774.62
YCL028W	949867.73
YCL029C	385563.85
YCL030C	6582470.7
YCL031C	539497.56
YCL032W	227031.24
YCL033C	1302654.3
YCL034W	825548.99
YCL035C	2413845.3
YCL036W	347221.69
YCL037C	485389.66
YCL038C	725176.53
YCL039W	864058.3
YCL040W	6234880.5
YCL042W	106907.26
YCL043C	6587871.2
YCL044C	378639.63
YCL045C	1353544.7
YCL047C	202571.94
YCL049C	959270.9
YCL050C	882963.09
YCL051W	477205.92
YCL052C	762022.35
YCL054W	1047095.6
YCL055W	223826.26
YCL056C	850504.17
YCL057C-A	5757539.9
YCL057W	2106761.8
YCL059C	362564.54
YCL061C	694285.48
YCL063W	308307.25
YCL064C	136006.6
YCR002C	1293749.1
YCR003W	784864.4
YCR004C	1969467.9
YCR005C	9014594.2
YCR007C	142824.41
YCR008W	927876.08
YCR009C	1133378.4
YCR010C	160825.5
YCR011C	1597653.2
YCR012W	10366148
YCR014C	240864.73
YCR015C	324298.86
YCR016W	267772.88
YCR017C	1011772.9
YCR018C	59787.69
YCR019W	285909.33
YCR020C	2310030.8
YCR020C-A	540260.56
YCR020W-B	22666.038
YCR021C	201615.52
YCR023C	653140.35
YCR024C	511197.54
YCR024C-A	2010166.2
YCR024C-B	2741308.1
YCR026C	483958.47
YCR027C	132172.74
YCR028C	813499.65
YCR028C-A	3299941.9
YCR030C	1017161.5
YCR031C	2714293.4
YCR032W	436556.61
YCR033W	1061205.4
YCR034W	1668482.4
YCR035C	634150.37
YCR036W	503272.49
YCR037C	730868.81
YCR038C	248568.42
YCR042C	1433181.6
YCR043C	563727.95
YCR044C	672092.51
YCR045C	49578.172
YCR046C	2100271.6
YCR047C	448280.98
YCR048W	617878.03
YCR051W	784263.52
YCR052W	459493.42
YCR053W	3707204.8
YCR054C	196836.9
YCR057C	496937.35
YCR059C	412063.92
YCR060W	170013.1
YCR061W	673504.48
YCR063W	147780.85
YCR065W	1112720.8
YCR066W	287156.95
YCR067C	956859.36
YCR068W	246176.4
YCR069W	781793.52
YCR071C	970350.25
YCR072C	785430.14
YCR073C	1004318.2
YCR073W-A	1328664.6
YCR075C	448139.69
YCR075W-A	666290.45
YCR076C	474249.68
YCR077C	3488885.7
YCR079W	595610.43
YCR081W	370718.67
YCR082W	365827.17
YCR083W	2399936.8
YCR084C	5320481.7
YCR086W	448591.99
YCR087C-A	499060.62
YCR088W	892619.1
YCR089W	190843.8
YCR090C	739954.15
YCR091W	376986.47
YCR092C	617681.03
YCR093W	9742660.3
YCR094W	657203.61
YCR095C	182242.71
YCR097W	121327.93
YCR098C	1904360.8
YCR099C	81276.391
YCR100C	147018.17
YCR101C	57888.274
YCR102C	132574.61
YCR105W	69961.421
YCR106W	124368.66
YCR107W	86104.115
YCR108C	59595.046
YDL001W	433774.67
YDL002C	198306.11
YDL003W	677357.84
YDL004W	2424996.5
YDL005C	344105.13
YDL006W	279638.98
YDL007W	1521916.9
YDL008W	234391.51
YDL010W	450593.39
YDL012C	704263.53
YDL013W	476543.34
YDL014W	2870202.5
YDL015C	1905597.4
YDL017W	391521.29
YDL018C	371635.67
YDL019C	1540734.9
YDL020C	2117780.5
YDL021W	435403.05
YDL022W	2862165.8
YDL024C	312721.72
YDL025C	718780.58
YDL027C	426638.38
YDL028C	1278315.4
YDL029W	1624715.4
YDL030W	359839.41
YDL031W	2037279
YDL033C	699161.63
YDL035C	2423155.2
YDL036C	233428.43
YDL037C	119931.77
YDL038C	411431.79
YDL039C	621102.51
YDL040C	2066127.5
YDL042C	1161440.1
YDL043C	296802.99
YDL044C	435666.14
YDL045C	607654.74
YDL045W-A	511199.96
YDL046W	1294649.1
YDL047W	700954.44
YDL048C	1368993.7
YDL049C	1336273.1
YDL051W	706795.6
YDL052C	1460514.8
YDL053C	1943753.5
YDL054C	661888.89
YDL055C	4113741.2
YDL056W	962910.27
YDL057W	185444.59
YDL058W	396399.43
YDL059C	157394.97
YDL060W	861327.49
YDL061C	994994.11
YDL063C	688004.73
YDL064W	342576.76
YDL065C	403503.16
YDL066W	6188301.3
YDL067C	756872
YDL069C	144901.54
YDL070W	947927.19
YDL072C	727158.91
YDL073W	291390.86
YDL074C	2350531.7
YDL075W	1352133.1
YDL076C	193854.58
YDL077C	306350.31
YDL078C	2914856.1
YDL079C	2388902.6
YDL080C	1401830.7
YDL081C	1142509.8
YDL082W	1820397.9
YDL083C	2600112.1
YDL084W	4594083.7
YDL085C-A	284374.43
YDL085W	1231769.1
YDL086W	2517447.1
YDL087C	134838.51
YDL088C	589316.21
YDL089W	264319.44
YDL090C	522633.27
YDL091C	443805.39
YDL092W	314856.91
YDL093W	508983.74
YDL095W	2918734.4
YDL097C	2548273
YDL098C	96578.322
YDL099W	555254.32
YDL100C	1532322.1
YDL101C	659757.04
YDL102W	1307864.8
YDL103C	724794.25
YDL104C	227056.59
YDL105W	158252.62
YDL106C	896797.16
YDL107W	270928.41
YDL108W	326209.01
YDL109C	201553.83
YDL110C	800211.47
YDL111C	361426.11
YDL112W	882391.23
YDL113C	320352.12
YDL115C	396688.98
YDL116W	1743285.4
YDL117W	770630.53
YDL119C	159842.77
YDL120W	889343.7
YDL121C	643291.84
YDL122W	2197664.2
YDL123W	391595.51
YDL124W	445544.29
YDL125C	2120346.7
YDL126C	5714594.8
YDL127W	83616.906
YDL128W	1084191
YDL129W	181588.1
YDL130W	1627807.8
YDL130W-A	3576667.8
YDL131W	2881070.1
YDL132W	1855310.1
YDL133W	508550.98
YDL134C	1275728.1
YDL135C	947438.8
YDL137W	2034191.7
YDL138W	1210576.3
YDL139C	201012.33
YDL140C	10616697
YDL141W	5054830.3
YDL142C	415276.44
YDL143W	3642561.3
YDL144C	660157.82
YDL145C	2327526.7
YDL146W	217329.09
YDL147W	2002696.6
YDL148C	381263.37
YDL149W	265580.51
YDL150W	409664.45
YDL153C	631882.33
YDL154W	577535.34
YDL155W	967386.9
YDL156W	265281.58
YDL157C	1573355.5
YDL159W	605950.29
YDL160C	1720902.3
YDL160C-A	253271.57
YDL161W	367085.67
YDL164C	593841.79
YDL165W	358540.75
YDL166C	309265.04
YDL167C	550225.44
YDL168W	2405977.3
YDL169C	361212.64
YDL170W	529328.71
YDL171C	20502353
YDL173W	845941.78
YDL174C	4015887.6
YDL175C	321137.28
YDL176W	226220.93
YDL177C	235086.91
YDL178W	1086420.9
YDL179W	315506.23
YDL180W	598880.7
YDL181W	4788103.2
YDL182W	3539695
YDL183C	200754.34
YDL185W	13543668
YDL188C	929128.6
YDL189W	650308.3
YDL190C	2991764.6
YDL192W	1550447.9
YDL193W	200825.09
YDL194W	1843094.2
YDL195W	7285913.8
YDL197C	219435.29
YDL198C	3195996
YDL199C	172038.63
YDL200C	279893.67
YDL201W	388197.58
YDL202W	1198176.8
YDL203C	500841.08
YDL204W	547345.4
YDL205C	62068.187
YDL206W	373204.75
YDL207W	457696.99
YDL208W	1090928.1
YDL209C	267776.59
YDL210W	353246.15
YDL211C	214564.9
YDL212W	2206754.4
YDL213C	594861.85
YDL214C	592499.6
YDL215C	7853304.1
YDL216C	261134.43
YDL217C	326423.37
YDL219W	468532.23
YDL220C	399330.43
YDL222C	227899.99
YDL223C	759811.54
YDL224C	1157329.1
YDL225W	578963.39
YDL226C	500486.62
YDL229W	3807322
YDL230W	387033.71
YDL231C	1605327.6
YDL232W	77522.094
YDL233W	279669.6
YDL234C	547416.48
YDL235C	215418.99
YDL236W	1145733.2
YDL237W	935557.52
YDL238C	314006.32
YDL239C	179869.57
YDL240W	658064.82
YDL241W	95889.916
YDL243C	67329.343
YDL247W	77852.575
YDR001C	3301850.5
YDR002W	2163505.3
YDR003W	472262.49
YDR003W-A	266570.87
YDR004W	608166.74
YDR005C	512297.38
YDR006C	1332921.9
YDR009W	3913537.9
YDR011W	12387331
YDR012W	507813.13
YDR013W	212552.23
YDR014W	157743.62
YDR016C	137328.69
YDR017C	644505.61
YDR018C	166908.2
YDR019C	1304909
YDR020C	176778.43
YDR021W	210666.26
YDR022C	335485.46
YDR023W	4076332.4
YDR025W	1761457.4
YDR026C	401986.55
YDR027C	846149.57
YDR028C	863056.99
YDR030C	429882.98
YDR031W	441434.03
YDR032C	3287224.5
YDR033W	1893486.6
YDR034C	1173462
YDR034C-A	102313.38
YDR034W-B	1326014.9
YDR035W	1312292.6
YDR036C	67639.891
YDR037W	385765.89
YDR041W	2253938.4
YDR043C	422380.88
YDR044W	880616.6
YDR045C	165073.71
YDR046C	161635.75
YDR047W	1131790.6
YDR049W	228575.99
YDR050C	5722532.5
YDR051C	736331.72
YDR052C	718235.02
YDR054C	533386.58
YDR055W	494728.88
YDR056C	1369148.3
YDR057W	278386.77
YDR058C	241489.16
YDR059C	362806.67
YDR060W	727875.36
YDR061W	883418.62
YDR062W	2301605.8
YDR063W	1465218.2
YDR064W	2458653.8
YDR065W	159926.59
YDR066C	169814.13
YDR067C	352136.23
YDR068W	446941.95
YDR069C	1296850.2
YDR070C	1296119.8
YDR071C	1351372.8
YDR072C	896775.25
YDR073W	272300.35
YDR074W	3465476
YDR075W	389741.94
YDR076W	120101.96
YDR077W	5215243.6
YDR078C	560961.14
YDR079C-A	100368
YDR079W	520554.48
YDR080W	238053.43
YDR081C	602330.05
YDR082W	270181.39
YDR083W	444468.85
YDR084C	906579.87
YDR085C	144580.76
YDR086C	425270.95
YDR087C	458672.34
YDR088C	190615.54
YDR089W	552633.48
YDR090C	1561840.5
YDR091C	1320595
YDR092W	618800.77
YDR093W	5073454.7
YDR096W	1426561
YDR097C	2385784.5
YDR098C	1057477
YDR099W	2587668.8
YDR100W	704719.65
YDR101C	795900.24
YDR103W	350522.27
YDR104C	384774.91
YDR105C	830960.94
YDR106W	77530.383
YDR107C	350084
YDR108W	382605.76
YDR109C	423435.46
YDR110W	424936.33
YDR111C	158407.73
YDR113C	471460.29
YDR115W	1178273.2
YDR116C	1446321.7
YDR117C	504536.76
YDR118W	447876.58
YDR119W	835832.38
YDR120C	1499090.3
YDR121W	197784.41
YDR122W	1896646.5
YDR123C	298673.55
YDR124W	93318.757
YDR125C	153915.57
YDR126W	272954.57
YDR127W	16522306
YDR128W	694222.83
YDR129C	1822610.5
YDR130C	220800.93
YDR131C	194011.88
YDR132C	330309.19
YDR135C	1421789.3
YDR137W	567427.21
YDR138W	238644
YDR139C	462177.24
YDR140W	391560.33
YDR141C	1042865.6
YDR142C	633877.61
YDR143C	624251.6
YDR144C	377041.83
YDR145W	799364.37
YDR146C	1594591.8
YDR147W	472612.59
YDR148C	4693804.6
YDR150W	3450380.9
YDR151C	409614.45
YDR152W	879686.68
YDR153C	958844.15
YDR155C	12849589
YDR156W	341289.93
YDR158W	5673879
YDR159W	449565.9
YDR160W	175498.17
YDR161W	452087.41
YDR162C	280622.27
YDR163W	129876.68
YDR164C	395394.02
YDR165W	624769.32
YDR166C	980283.54
YDR167W	555009.11
YDR168W	1393807.8
YDR169C	694092.14
YDR170C	1547080.5
YDR171W	954572.78
YDR172W	3670195.3
YDR173C	203348.25
YDR174W	3180741
YDR175C	1030280.4
YDR176W	767493.9
YDR177W	1289375.8
YDR178W	2630153.2
YDR179C	141435.22
YDR179W-A	290288.66
YDR180W	2088861.2
YDR181C	662480
YDR182W	978308.31
YDR182W-A	84783.107
YDR183W	342000.23
YDR184C	244779.37
YDR185C	121087.17
YDR186C	971983.18
YDR188W	3599599.9
YDR189W	815386.49
YDR190C	3052451.6
YDR191W	354231.11
YDR192C	180087.35
YDR194C	1573171.2
YDR195W	629916.28
YDR196C	507727.52
YDR197W	387211.58
YDR198C	248932.6
YDR200C	301791.36
YDR201W	261125.57
YDR202C	451324.47
YDR204W	695854.78
YDR205W	614921.97
YDR206W	1763222.8
YDR207C	1150922.3
YDR208W	2387402.4
YDR210W	780797.95
YDR211W	1501375.8
YDR212W	2357835.6
YDR213W	138265.43
YDR214W	1353962.5
YDR216W	2641107.1
YDR217C	1085672.3
YDR218C	65713.249
YDR219C	316864.16
YDR221W	244381.2
YDR222W	63607.086
YDR223W	104926.62
YDR224C	1365927.2
YDR225W	1739163.2
YDR226W	2799857.1
YDR227W	2253870.8
YDR228C	346803.09
YDR229W	341087.64
YDR231C	1163151.3
YDR232W	4804772.8
YDR233C	3928204.7
YDR234W	2471513.5
YDR235W	309088.73
YDR236C	484470.51
YDR237W	1459570
YDR238C	1896734.6
YDR239C	380957.18
YDR240C	157880.93
YDR242W	422597.26
YDR243C	248346.34
YDR244W	515329.53
YDR245W	1276228.5
YDR246W	490742.88
YDR246W-A	82090.992
YDR247W	743850.76
YDR248C	798188.86
YDR249C	216316.73
YDR251W	913383.66
YDR252W	163303.21
YDR253C	251143.32
YDR254W	215868.63
YDR255C	228934.08
YDR256C	273208.73
YDR257C	251071.87
YDR258C	1535071.5
YDR259C	554197.88
YDR260C	80609.825
YDR261C	518202.72
YDR262W	749246.33
YDR263C	176736.41
YDR264C	662660.84
YDR265W	432381.99
YDR266C	655118.66
YDR267C	385213.74
YDR268W	505400.44
YDR270W	6607552.2
YDR272W	461798.23
YDR273W	111176.97
YDR275W	932515.54
YDR276C	3774689.4
YDR277C	1691124.4
YDR279W	198580.49
YDR280W	614548.13
YDR281C	92889.111
YDR282C	331285.2
YDR283C	2998006.9
YDR284C	716995.26
YDR285W	184231.32
YDR286C	346711.48
YDR287W	409406.6
YDR288W	248243.52
YDR289C	185175.1
YDR291W	370337.17
YDR292C	1372121.2
YDR293C	1269656.5
YDR294C	1782283.2
YDR295C	491513.51
YDR296W	1251064.1
YDR297W	792132.31
YDR298C	2973781.2
YDR299W	956339.51
YDR300C	813048.45
YDR301W	751611.56
YDR302W	384410.63
YDR303C	1463183.7
YDR304C	881513.41
YDR305C	569905.04
YDR306C	911967.53
YDR307W	494072.01
YDR308C	420299.15
YDR309C	737839.55
YDR310C	3238774.7
YDR311W	725508.47
YDR312W	161777.85
YDR313C	499539.42
YDR314C	92223.502
YDR315C	155156.3
YDR316W	866147.1
YDR318W	268280.69
YDR319C	483528.43
YDR320C	379149.05
YDR320C-A	293027.83
YDR321W	632121.14
YDR322C-A	4281347.7
YDR322W	978819.24
YDR323C	189410.06
YDR324C	667011.91
YDR325W	1032227.6
YDR326C	789334.46
YDR328C	866873.79
YDR329C	367010.78
YDR330W	353266.83
YDR331W	598824.29
YDR332W	166903.55
YDR333C	416131.66
YDR334W	2933970
YDR335W	3011966.7
YDR336W	266125.62
YDR337W	907129.27
YDR338C	319300.44
YDR339C	791120.12
YDR341C	1330502.4
YDR345C	150243.08
YDR346C	261200.28
YDR347W	912057.52
YDR348C	443329.39
YDR349C	479976.67
YDR350C	281952.61
YDR351W	608875.3
YDR352W	199052.3
YDR353W	2371871.8
YDR354W	741901.82
YDR356W	505591.66
YDR357C	398333.95
YDR358W	296651.06
YDR359C	1683398.1
YDR361C	476239.89
YDR362C	608416.13
YDR363W	238324.55
YDR363W-A	349935.05
YDR364C	423534.68
YDR365C	242443.18
YDR366C	136428.42
YDR367W	873578.48
YDR368W	1568147.8
YDR369C	489627.03
YDR370C	337373.14
YDR371W	127748.99
YDR372C	590211.09
YDR373W	1191669
YDR375C	836282.27
YDR376W	360717.21
YDR377W	1008244.9
YDR378C	197767.31
YDR379C-A	1282856.5
YDR379W	789497.52
YDR380W	139663.37
YDR381C-A	963565.12
YDR381W	1545666.9
YDR382W	1686496
YDR383C	153969.13
YDR384C	254774.95
YDR386W	528890.25
YDR387C	520553.46
YDR388W	2018079.8
YDR389W	709328.58
YDR390C	599191.61
YDR391C	175146.61
YDR392W	388416.97
YDR393W	316957.78
YDR394W	1670874.3
YDR395W	879711.74
YDR397C	1419387.2
YDR398W	771582.7
YDR399W	1848252.5
YDR400W	639897.9
YDR402C	67980.814
YDR403W	94820.404
YDR404C	408818.44
YDR405W	1120565.6
YDR406W	797693.36
YDR407C	534716.04
YDR408C	753922.66
YDR409W	423412.71
YDR410C	150640.2
YDR411C	640756.6
YDR412W	209886.44
YDR414C	341332.89
YDR415C	396135.88
YDR416W	475323.28
YDR418W	2458282.4
YDR419W	413726.66
YDR420W	1263693.6
YDR421W	199087.06
YDR422C	607687.54
YDR423C	600696.95
YDR424C	232171.78
YDR425W	265440.58
YDR427W	1501952
YDR428C	290907.08
YDR429C	1720214.5
YDR430C	559137.92
YDR432W	1972233.6
YDR434W	1228636.6
YDR435C	719067.51
YDR436W	964650.23
YDR437W	45218.289
YDR438W	175003.89
YDR439W	265830.9
YDR440W	414088.8
YDR441C	478839.23
YDR443C	631828.33
YDR444W	551334.7
YDR447C	1865902.7
YDR448W	301426.98
YDR449C	459201.61
YDR450W	1860638.4
YDR451C	512502.94
YDR452W	2042076.4
YDR453C	137036.73
YDR454C	1740867.1
YDR456W	1052954.3
YDR457W	18049573
YDR458C	416456.49
YDR459C	340072.92
YDR460W	272566.5
YDR461W	11979.549
YDR462W	1243014.5
YDR463W	533462.12
YDR464W	613035.26
YDR465C	429132.48
YDR466W	929572.11
YDR468C	305604.88
YDR469W	467296.17
YDR470C	434791.18
YDR471W	1130278
YDR472W	379264.83
YDR473C	355779.81
YDR475C	635665.38
YDR476C	1127103.4
YDR477W	2163669.3
YDR478W	364167.62
YDR479C	485119.39
YDR480W	231240
YDR481C	850540.09
YDR482C	192943.75
YDR483W	1606323.3
YDR484W	321076.33
YDR485C	1243563.4
YDR486C	319088.94
YDR487C	1403662.6
YDR488C	314638.14
YDR489W	328256.53
YDR490C	527287.04
YDR492W	1486474.8
YDR493W	638833.06
YDR494W	1142894.6
YDR495C	273323.51
YDR496C	912197.65
YDR497C	8724562.9
YDR498C	403210.22
YDR499W	636852.92
YDR500C	1537504.8
YDR501W	171420.3
YDR502C	6113227.4
YDR503C	179794.15
YDR504C	1066653.8
YDR505C	863025.8
YDR506C	195797.4
YDR507C	2523396
YDR508C	789724.74
YDR510W	629480.72
YDR511W	1248857.9
YDR512C	288580.12
YDR513W	3070038.1
YDR514C	261296.53
YDR515W	160635.95
YDR516C	1458650.8
YDR517W	1430050
YDR518W	516663.91
YDR519W	273074.23
YDR520C	228117.37
YDR523C	77393.079
YDR524C	306309.28
YDR524C-B	6110376.7
YDR524W-C	83483.355
YDR525W-A	2099835.5
YDR527W	392201.85
YDR528W	326185.1
YDR529C	1805984.1
YDR530C	422843.27
YDR531W	874831.48
YDR532C	164145.55
YDR533C	2713146.1
YDR534C	303212.79
YDR536W	1394806.6
YDR538W	222637.92
YDR539W	579203.59
YDR540C	98256.434
YDR541C	68216.432
YEL001C	925414.42
YEL002C	2295940
YEL003W	173357.32
YEL004W	348244.54
YEL005C	477505.7
YEL006W	562672.01
YEL007W	1313530.8
YEL009C	5574003.4
YEL011W	4610580.6
YEL012W	600285.31
YEL013W	1720288.5
YEL015W	1083997.6
YEL016C	295098.27
YEL017C-A	1852929.9
YEL017W	994602.17
YEL018W	285949.53
YEL019C	75940.379
YEL020C	427546
YEL020W-A	1485151.7
YEL021W	674120.53
YEL022W	486518.69
YEL023C	159652.76
YEL024W	8562136.5
YEL025C	340760.44
YEL026W	1285799.8
YEL027W	2373589.4
YEL029C	399403.37
YEL030W	117245.79
YEL031W	2590601.9
YEL032W	3631133.2
YEL034W	2252049.4
YEL035C	132701.65
YEL036C	1414985.7
YEL037C	1301715.1
YEL038W	520883.08
YEL039C	538114.6
YEL040W	2174854.7
YEL041W	540749.93
YEL042W	2471077.3
YEL043W	945203.94
YEL044W	469492.92
YEL046C	1451861
YEL047C	451179.09
YEL048C	153818.99
YEL050C	1686866.3
YEL051W	1545592.7
YEL052W	1332315.7
YEL053C	297525.93
YEL054C	1601329.9
YEL055C	1955799.6
YEL056W	527250.76
YEL057C	1083158.2
YEL058W	1439505.8
YEL059C-A	559372.8
YEL060C	5878501.5
YEL061C	612601.74
YEL062W	501881.59
YEL063C	1885739.3
YEL064C	264663.78
YEL065W	7560959.9
YEL066W	1137607.1
YEL069C	755692.26
YEL071W	2988974.5
YEL072W	280026.23
YEL073C	549048.11
YER001W	4031397.1
YER002W	461429.46
YER003C	2085428.9
YER004W	998284.98
YER005W	583016.04
YER006W	1097457
YER007C-A	1682348.7
YER007W	215160.84
YER008C	1135306.7
YER009W	3181789.5
YER010C	921819.15
YER011W	193390.87
YER012W	954543.45
YER013W	1777991.4
YER014W	567489.06
YER015W	1701364.5
YER016W	262581.61
YER017C	2340000
YER018C	547833.01
YER019C-A	658660.97
YER019W	935890.65
YER020W	2253928.4
YER021W	2004648
YER023W	2663214.5
YER024W	2534373.9
YER025W	5424583.3
YER026C	1912811.8
YER027C	512480.26
YER028C	76407.124
YER029C	292129.22
YER030W	966922.35
YER031C	977805.05
YER032W	552922.72
YER033C	223321.36
YER034W	167310.15
YER035W	572127.46
YER036C	2436328.9
YER037W	62394.685
YER038C	74165.844
YER039C	267331.44
YER039C-A	145544.41
YER040W	957599.69
YER041W	223443.53
YER042W	282790.39
YER043C	7668976.6
YER044C	3540355.7
YER045C	1673446.1
YER046W	796525.94
YER047C	258063.99
YER048C	1080516
YER048W-A	598789.52
YER049W	823215.51
YER050C	848674.92
YER051W	353322.5
YER052C	3493306.9
YER053C	1562914.6
YER053C-A	1622338
YER054C	96235.206
YER055C	2086885.8
YER056C	1578760.1
YER056C-A	1116939.5
YER057C	2697703.7
YER058W	343644.95
YER059W	437711.19
YER060W	68301.622
YER060W-A	86077.569
YER061C	141829.25
YER062C	1362736.1
YER063W	1114766.1
YER064C	837687.73
YER065C	1264283.2
YER066W	279297.32
YER067W	3243355.4
YER068W	1398639.9
YER069W	3586891
YER070W	5856234
YER071C	299843.58
YER072W	1588623.7
YER073W	1287455.6
YER074W	1735761.7
YER074W-A	882526.15
YER075C	2412677.6
YER076C	129159.8
YER077C	268956.04
YER078C	1137692.3
YER078W-A	77691.344
YER079W	902709.08
YER080W	1232686.6
YER081W	570026.63
YER082C	439031.46
YER083C	649962.88
YER086W	2372336.8
YER087C-B	379978.85
YER087W	1241012.8
YER088C	672584.15
YER089C	1380318.8
YER090W	1761419.1
YER091C	14098038
YER092W	250164.41
YER093C	287643.5
YER093C-A	293143.4
YER094C	1671913.6
YER095W	761628.52
YER096W	134823.23
YER098W	709541.08
YER099C	689403.39
YER100W	407458.23
YER101C	411298.93
YER102W	2704734.4
YER103W	727244.05
YER104W	208890.01
YER105C	1674606.9
YER106W	44465.42
YER107C	722570.86
YER109C	758044.28
YER110C	947518.64
YER111C	952721.81
YER112W	394053.47
YER113C	286967.71
YER114C	804920.86
YER115C	468062.14
YER116C	177024.26
YER117W	2380351.1
YER118C	447526.66
YER119C	802518.92
YER120W	3809269.8
YER122C	1250135.4
YER123W	729228.48
YER124C	377818.07
YER125W	4769169.9
YER126C	1387513.6
YER127W	432692.47
YER128W	257239.88
YER129W	1094837.3
YER130C	307994.1
YER131W	1039993.2
YER132C	313910.37
YER133W	1759717.4
YER134C	514433.08
YER136W	1584738.4
YER137C	535442.25
YER139C	358778.24
YER140W	351497.3
YER141W	3794583.7
YER142C	198320.73
YER143W	363675.26
YER144C	1033715.5
YER145C	3328029.1
YER146W	407618.74
YER147C	574601.26
YER148W	1395011.8
YER149C	451090.53
YER150W	176637.59
YER151C	1495598.7
YER152C	1071074.2
YER153C	183782.39
YER154W	1475663
YER155C	878154.72
YER156C	1224297.6
YER157W	365383.83
YER158C	1082469
YER159C	1313551.2
YER161C	253928.86
YER162C	439739.49
YER163C	767624.72
YER164W	3149657.7
YER165W	3803651.9
YER166W	6274829.6
YER167W	1348740.5
YER168C	835523.71
YER169W	579445.23
YER170W	187229.62
YER171W	1169899.2
YER172C	5030301.1
YER173W	590690.12
YER174C	957007.42
YER175C	1589712.7
YER176W	419653.6
YER177W	3009922.1
YER178W	7905764.6
YER179W	65818.267
YER180C	300027.34
YER180C-A	68586.311
YER182W	928329.81
YER183C	426219.43
YER184C	131700.5
YER185W	90389.243
YER186C	492881.38
YER188C-A	80641.264
YFL001W	349211.21
YFL002C	427515.41
YFL003C	138875.81
YFL004W	925369.17
YFL005W	1462150.3
YFL007W	7495947
YFL008W	1710812.1
YFL009W	1280076.6
YFL010C	381554.46
YFL010W-A	69437.946
YFL011W	78179.698
YFL013C	973324.57
YFL014W	1027038.1
YFL016C	1168114.6
YFL017C	590454.4
YFL017W-A	180009.17
YFL018C	5414561.2
YFL020C	231744.64
YFL021W	2258237
YFL022C	2192000.3
YFL023W	373447.23
YFL024C	885367.46
YFL025C	1731335.7
YFL026W	258609.87
YFL027C	399027.79
YFL028C	673342.31
YFL029C	207126.63
YFL030W	5901658.5
YFL031W	2851424.2
YFL033C	1296259.2
YFL034C-A	878341.59
YFL034C-B	337797.28
YFL034W	222896.69
YFL036W	7427610.8
YFL037W	3929409.8
YFL038C	2136291.7
YFL039C	7789798.1
YFL041W	1794665.6
YFL041W-A	127790.72
YFL042C	1026837.6
YFL044C	599499.59
YFL045C	1596523.7
YFL046W	351583.43
YFL047W	295589.5
YFL048C	504806.43
YFL049W	891182.81
YFL050C	162940.89
YFL051C	101029.06
YFL052W	666756.16
YFL053W	91126.633
YFL054C	427529.69
YFL055W	69079.787
YFL056C	80411.066
YFL068W	93519.864
YFR001W	555059.08
YFR002W	2145452
YFR003C	327672.79
YFR004W	972909.56
YFR005C	805216.48
YFR006W	1078924.8
YFR007W	704195.91
YFR008W	138727.03
YFR009W	1215092.5
YFR010W	1642905.3
YFR011C	2013837.2
YFR012W-A	61048.215
YFR013W	297846.59
YFR014C	979488.83
YFR015C	3587114.5
YFR016C	357405.27
YFR017C	475775.09
YFR018C	595034.12
YFR019W	6228245.9
YFR021W	283828.37
YFR022W	82100.071
YFR024C-A	1174731.2
YFR025C	419095.08
YFR026C	107925.12
YFR027W	131068.33
YFR028C	1240241.5
YFR029W	517974.07
YFR030W	3716924.8
YFR031C	2184170.3
YFR031C-A	1333552.7
YFR032C	57848.245
YFR032C-A	759616.98
YFR032C-B	92138.981
YFR033C	1832618.1
YFR034C	792401.28
YFR035C	87955.014
YFR036W	85669.467
YFR037C	1072092.5
YFR038W	425999.28
YFR039C	374686.66
YFR040W	895800.99
YFR041C	306394.1
YFR042W	363752.66
YFR043C	472135.12
YFR044C	4708470.2
YFR045W	383992.46
YFR046C	208056.93
YFR047C	1031605
YFR048W	504521.89
YFR049W	2070744.3
YFR050C	1556732.2
YFR051C	1370639.8
YFR052W	826889.37
YFR053C	8651082.7
YFR055W	80432.187
YGL001C	2042349.7
YGL002W	336648.85
YGL003C	911365.22
YGL004C	430366.64
YGL005C	359981.12
YGL006W	5824931.4
YGL006W-A	59035.683
YGL007C-A	86969.666
YGL008C	5520148.3
YGL009C	4489594.7
YGL010W	211296.34
YGL011C	1181305.7
YGL012W	2966967.3
YGL013C	1232877.1
YGL014W	1071269.7
YGL015C	59275.143
YGL016W	434936.57
YGL017W	413784.77
YGL018C	179587.93
YGL019W	1056366.6
YGL020C	674780.12
YGL021W	976635.07
YGL022W	3159549.4
YGL023C	750785.21
YGL025C	343958.44
YGL026C	3672798.8
YGL027C	704523.19
YGL028C	799771.56
YGL029W	296733.18
YGL030W	2078813.8
YGL031C	2437359.7
YGL032C	120150.24
YGL035C	414526.79
YGL036W	246107.13
YGL037C	1337852
YGL038C	703625.38
YGL039W	428047.79
YGL040C	2422717.6
YGL043W	497946.82
YGL044C	382026.51
YGL045W	963091.01
YGL047W	229195.26
YGL048C	1919317
YGL049C	666103.69
YGL050W	315025.91
YGL053W	141147.28
YGL054C	1523156.6
YGL055W	7532222.1
YGL056C	1204978.7
YGL057C	435273.44
YGL058W	280305.48
YGL059W	436893.42
YGL060W	351387.51
YGL061C	178495.93
YGL062W	17169621
YGL063W	240217.47
YGL064C	337222.42
YGL065C	540781.64
YGL066W	717478.69
YGL067W	764596.1
YGL068W	2244543.8
YGL070C	300537.76
YGL071W	805995.68
YGL073W	1442674.4
YGL075C	170840.28
YGL077C	3103793.2
YGL078C	794915.98
YGL079W	470290.24
YGL080W	736326.22
YGL081W	95061.334
YGL082W	475727
YGL083W	375761.15
YGL084C	1004278.7
YGL085W	346943.94
YGL086W	766412.58
YGL087C	330728
YGL089C	63842.86
YGL090W	115433.56
YGL091C	371507.64
YGL092W	1593747.5
YGL093W	1144547
YGL094C	1766414.4
YGL095C	375716.6
YGL096W	469126.28
YGL097W	719448.59
YGL098W	128554.14
YGL099W	742402.71
YGL100W	857513.52
YGL101W	843315.93
YGL103W	1839126.8
YGL104C	260963.32
YGL105W	1453799.3
YGL106W	1006980.4
YGL107C	907798.78
YGL108C	320413.11
YGL110C	325358.22
YGL111W	599873.12
YGL112C	1148255.6
YGL113W	440732.02
YGL114W	495354.61
YGL115W	1200757.5
YGL116W	1007088.6
YGL117W	1338179.3
YGL119W	1048765.9
YGL120C	1700999.5
YGL121C	932356.46
YGL122C	1043152.7
YGL123W	4571456.2
YGL124C	236519.86
YGL125W	3393917.3
YGL126W	537043.89
YGL127C	318472.88
YGL128C	260008.35
YGL129C	1269450.9
YGL130W	469342
YGL131C	337763.39
YGL133W	370871.55
YGL134W	1459701.9
YGL136C	442540.58
YGL137W	1664496.2
YGL139W	731347.96
YGL140C	653595.46
YGL141W	1620604.8
YGL142C	585017.28
YGL143C	1016528.5
YGL144C	255571.83
YGL145W	254938.1
YGL146C	370613.11
YGL147C	1647198.2
YGL148W	2186862.9
YGL150C	3396398.4
YGL151W	343467.27
YGL153W	577094.15
YGL154C	246131.46
YGL155W	277250.2
YGL156W	3536575.6
YGL157W	157562.09
YGL158W	48456.716
YGL159W	428207.57
YGL160W	569089.36
YGL161C	1562677.1
YGL162W	241033.22
YGL163C	1068175.3
YGL164C	270675.45
YGL166W	188478.67
YGL167C	3014840.1
YGL168W	66963.043
YGL169W	405583.82
YGL170C	74093.208
YGL171W	441878.99
YGL172W	1429206.3
YGL173C	7782612.1
YGL174W	145483.98
YGL175C	90356.308
YGL176C	290578.8
YGL178W	859007.55
YGL179C	132656.48
YGL180W	902741.16
YGL181W	536743.16
YGL184C	324871.99
YGL185C	135423.74
YGL186C	734252.82
YGL187C	2012743.2
YGL189C	1114066.4
YGL190C	1385806.5
YGL191W	2181835.2
YGL192W	305436.27
YGL194C	99830.401
YGL195W	657840.44
YGL196W	962135.16
YGL197W	1598973.7
YGL198W	1164812.9
YGL200C	2793354.9
YGL201C	1490210
YGL202W	2716129.8
YGL203C	792575.76
YGL205W	954104.74
YGL206C	8272835.7
YGL207W	811788.6
YGL208W	459947.74
YGL209W	76404.794
YGL210W	350638.19
YGL211W	529967.5
YGL212W	181577.75
YGL213C	428493.97
YGL215W	1916367
YGL216W	435482.08
YGL219C	1532359.2
YGL220W	846433.66
YGL221C	1072406.1
YGL222C	83485.798
YGL223C	421496.14
YGL224C	281883.43
YGL225W	1504548.2
YGL226C-A	325298.13
YGL226W	383755.4
YGL227W	426006
YGL228W	809636.87
YGL229C	168446.76
YGL230C	63017.941
YGL231C	1008385.5
YGL232W	366214.24
YGL233W	721672.21
YGL234W	2563747.4
YGL235W	72000.834
YGL236C	1121253.3
YGL237C	522631.03
YGL238W	1248817.5
YGL240W	48668.145
YGL241W	392590.1
YGL242C	483688.87
YGL243W	296777.87
YGL244W	773706.12
YGL245W	8580043.8
YGL246C	294254.05
YGL247W	377741.88
YGL248W	527947.71
YGL250W	381473.89
YGL251C	208399.15
YGL252C	1178333.1
YGL253W	3922711.5
YGL254W	261889.8
YGL255W	1269021
YGL256W	712999.75
YGL257C	508236.41
YGL258W-A	75756.068
YGL262W	151639.48
YGL263W	91748.454
YGR001C	846578.46
YGR002C	526926.38
YGR003W	852669.83
YGR004W	223239.03
YGR005C	523085.04
YGR006W	119472.53
YGR007W	1293675.3
YGR008C	1458699.9
YGR009C	1306411.5
YGR010W	444821.31
YGR012W	432824.46
YGR013W	283676.12
YGR014W	1502482.8
YGR015C	351604.75
YGR016W	142612
YGR017W	697161.71
YGR019W	2572086.3
YGR020C	860873.79
YGR021W	562245.11
YGR023W	176789.94
YGR024C	912083.6
YGR026W	1038354.5
YGR027C	1151075.7
YGR028W	490800.9
YGR029W	1041148.2
YGR030C	542671.71
YGR031W	1005855
YGR032W	20702996
YGR033C	785996.99
YGR034W	548595.57
YGR035C	91934.42
YGR036C	185044.84
YGR037C	4379565.4
YGR038W	1260681.6
YGR040W	195622.2
YGR041W	589454.64
YGR042W	175415.12
YGR043C	113032.51
YGR044C	119802.85
YGR046W	644195.86
YGR047C	530057.43
YGR048W	396569.11
YGR049W	1063093.3
YGR052W	229376.14
YGR053C	122050.7
YGR054W	680164.87
YGR055W	468871.27
YGR056W	2125496.5
YGR057C	464760.35
YGR058W	348300.89
YGR059W	80411.689
YGR060W	4075571.6
YGR061C	11779791
YGR062C	320115.68
YGR063C	887413.28
YGR065C	6087675.3
YGR066C	76788.467
YGR067C	447456.38
YGR068C	284793.28
YGR070W	289494.71
YGR071C	382712.99
YGR072W	132502.59
YGR074W	183310.05
YGR075C	128865.35
YGR076C	668566.15
YGR077C	689412.99
YGR078C	553350.63
YGR079W	636928.7
YGR080W	668798.83
YGR081C	266594.87
YGR082W	1469446.8
YGR083C	1330742.9
YGR084C	1062816.6
YGR085C	2106892.1
YGR086C	5461678.2
YGR087C	295297.76
YGR088W	661210.65
YGR089W	401563.79
YGR090W	680418.94
YGR091W	453387.99
YGR092W	934949.56
YGR093W	519026.86
YGR094W	7298983.3
YGR095C	342191.07
YGR096W	189881.72
YGR097W	557651.78
YGR098C	3676778.4
YGR099W	548787.61
YGR100W	430837.89
YGR101W	691748.49
YGR102C	982428.02
YGR103W	637456.36
YGR104C	140837.44
YGR105W	1101537
YGR106C	1382696.8
YGR108W	959156.13
YGR109C	230284.65
YGR110W	771616.12
YGR111W	609321.19
YGR112W	469393.82
YGR113W	373262.17
YGR116W	3803802.7
YGR117C	172339.39
YGR118W	1746237.8
YGR119C	704731.72
YGR120C	244470.75
YGR121C	1649808.9
YGR121W-A	63000.728
YGR122W	151811.12
YGR123C	647211.16
YGR124W	2474132.5
YGR125W	1272637.6
YGR126W	109149.31
YGR127W	389629.24
YGR128C	523581.66
YGR129W	145178.89
YGR130C	1411424.6
YGR131W	114391.33
YGR132C	2510179.3
YGR133W	112524
YGR134W	597575.23
YGR135W	1195155.8
YGR136W	720132.7
YGR138C	502260.71
YGR140W	1072072.9
YGR141W	603079.71
YGR142W	234557.08
YGR143W	1587187.7
YGR144W	113127.04
YGR145W	559985.72
YGR146C	454925.66
YGR147C	997438.98
YGR148C	1310792.1
YGR149W	687161.4
YGR150C	333617.58
YGR152C	408599.32
YGR153W	92562.061
YGR154C	83446.566
YGR155W	4336314.4
YGR156W	760488.33
YGR157W	8931794
YGR158C	282064.25
YGR159C	2554650.5
YGR161C	715903.9
YGR162W	1311800.8
YGR163W	469377.68
YGR165W	490013.12
YGR166W	319771.11
YGR167W	1106004.4
YGR168C	204623.31
YGR169C	204836.25
YGR169C-A	259425.69
YGR170W	815014.79
YGR171C	788445.75
YGR172C	752415.51
YGR173W	484813.1
YGR174C	592319.59
YGR175C	4988934.2
YGR177C	160572.09
YGR178C	1467384.3
YGR179C	535718.99
YGR180C	3878220.9
YGR181W	1738608.2
YGR183C	621609.21
YGR184C	6709871
YGR185C	2907008.4
YGR186W	1720666.9
YGR187C	440996.12
YGR188C	572189.12
YGR189C	1260842.7
YGR191W	657609.36
YGR192C	9261772.1
YGR193C	885426.29
YGR194C	1876045.4
YGR195W	697952.97
YGR196C	344555.48
YGR197C	964576.9
YGR198W	1020526.5
YGR199W	1482296.3
YGR200C	2143668.7
YGR201C	186011.3
YGR202C	936536.5
YGR203W	480044.81
YGR204W	7795534.9
YGR205W	304959.42
YGR206W	104821.06
YGR207C	1043208
YGR208W	430516.07
YGR209C	825478.02
YGR210C	790730.46
YGR211W	1368911.5
YGR212W	191788.78
YGR213C	60229.092
YGR214W	3422817
YGR215W	780188.82
YGR216C	647362.19
YGR217W	411067.02
YGR218W	2944716.7
YGR220C	1386759.6
YGR221C	257839.63
YGR222W	566274.17
YGR223C	328319.76
YGR225W	87566.167
YGR227W	619731.84
YGR229C	487881.21
YGR230W	244987.93
YGR231C	2727022.7
YGR232W	833039.76
YGR233C	1700369.4
YGR234W	4826979.9
YGR235C	1417455.3
YGR236C	84114.835
YGR237C	419253.2
YGR238C	507403.29
YGR239C	631004.5
YGR240C	12725801
YGR240C-A	79294.428
YGR241C	709480.52
YGR243W	4678639.3
YGR244C	3082580
YGR245C	807404.29
YGR246C	564957.54
YGR247W	96495.514
YGR248W	129855.95
YGR249W	109412.81
YGR250C	665318.95
YGR251W	264406.05
YGR252W	698467.57
YGR253C	1154911.3
YGR254W	7302678.6
YGR255C	518913.59
YGR256W	858462.61
YGR257C	573564.46
YGR258C	766084.21
YGR260W	1294297.6
YGR261C	251266.81
YGR262C	455061.59
YGR263C	271493.53
YGR264C	4422977.3
YGR266W	425499.38
YGR267C	1011154.4
YGR268C	488548.93
YGR270W	892610.46
YGR271C-A	254822.13
YGR271W	3046291.3
YGR274C	1733621.5
YGR275W	609456.19
YGR276C	313463.84
YGR277C	500722.11
YGR278W	274224.56
YGR279C	7495765.2
YGR280C	428173.63
YGR281W	1455460.6
YGR282C	5167068.8
YGR283C	286001.91
YGR284C	993740.58
YGR285C	3347217.7
YGR286C	6938856.7
YGR287C	290045.43
YGR288W	344489.16
YGR289C	540889.27
YHL001W	1045517.7
YHL002W	949117.42
YHL003C	1011062.4
YHL004W	1251233.6
YHL006C	136501.94
YHL007C	3662734.8
YHL008C	226836.26
YHL009C	219007.31
YHL010C	178308.6
YHL011C	1867900.7
YHL013C	269838.17
YHL014C	290746.93
YHL015W	1956428.2
YHL016C	912259.04
YHL017W	405619.93
YHL018W	101800.25
YHL019C	467832.54
YHL020C	1023755.1
YHL021C	1257650.8
YHL022C	57373.34
YHL023C	445590.43
YHL024W	1176199.3
YHL025W	764048.07
YHL026C	472327.52
YHL027W	991923.9
YHL028W	590640.61
YHL029C	972873.97
YHL030W	3159335
YHL031C	534521.39
YHL032C	10559950
YHL033C	3547445
YHL034C	2235258.2
YHL035C	743092.38
YHL036W	682220.98
YHL038C	339488.24
YHL039W	1173156.4
YHL040C	7712769.6
YHL042W	62471.304
YHL047C	95551.151
YHL048W	94902.538
YHR001W	606895.56
YHR001W-A	724301.07
YHR002W	416317.62
YHR003C	532814.8
YHR004C	436832.87
YHR005C	123477.42
YHR005C-A	3376255
YHR006W	964874.26
YHR007C	5377865.5
YHR007C-A	68026.84
YHR008C	2966933.2
YHR009C	2167268.3
YHR010W	1290086.1
YHR011W	511628.9
YHR012W	643430.23
YHR013C	400522.13
YHR014W	65642.668
YHR015W	128741.52
YHR016C	594431.7
YHR017W	462056.42
YHR018C	5669424.8
YHR019C	5668991.7
YHR020W	1849404.3
YHR021C	1312675.4
YHR023W	2610078.6
YHR024C	1230858.1
YHR025W	2502561.1
YHR026W	2397260.7
YHR027C	7820186.8
YHR028C	963070.95
YHR029C	434054.49
YHR030C	665245.03
YHR031C	362244.29
YHR032W	626345.02
YHR033W	1166560.7
YHR034C	303378.14
YHR035W	134281.02
YHR036W	363086.33
YHR037W	3220113
YHR038W	228081.63
YHR039C	1310907
YHR039C-A	1001139.8
YHR040W	288948.17
YHR041C	1081307.1
YHR042W	6719644.6
YHR043C	34504.698
YHR044C	46817.109
YHR045W	515664.48
YHR046C	239381.47
YHR047C	252233.73
YHR048W	80682.101
YHR049W	2606693.5
YHR050W	1427363.4
YHR050W-A	169394.35
YHR051W	2137768.1
YHR052W	1110064.4
YHR057C	530643.36
YHR058C	254618.99
YHR059W	448273.28
YHR060W	495914.3
YHR061C	473482.35
YHR062C	325900.62
YHR063C	1175605.6
YHR064C	2574997.9
YHR065C	1172401.5
YHR066W	262093.38
YHR067W	295564.53
YHR068W	871179.8
YHR069C	505901.97
YHR070W	314487.25
YHR071W	924161.45
YHR072W	2514651.7
YHR072W-A	243020.17
YHR073W	630305.27
YHR074W	2426232.3
YHR075C	169872.36
YHR076W	792071.67
YHR077C	2463195.2
YHR078W	438938.54
YHR079C	1675067.4
YHR080C	699043.62
YHR081W	245457.25
YHR082C	1681341.5
YHR083W	723651.18
YHR084W	1017114.9
YHR085W	350881.58
YHR086W	877518.04
YHR087W	271663.97
YHR088W	628368.96
YHR089C	1159792.6
YHR090C	206319.4
YHR091C	788727.78
YHR092C	181865.59
YHR094C	85903.554
YHR096C	958934.8
YHR097C	354701.2
YHR098C	1204367
YHR099W	18759944
YHR100C	583892.36
YHR101C	307393.31
YHR102W	786557.38
YHR103W	570149.27
YHR104W	2262634
YHR105W	88047.124
YHR106W	1188569.4
YHR107C	861949.55
YHR108W	893157.02
YHR109W	244947.8
YHR110W	910532.07
YHR111W	385496.45
YHR112C	1048903
YHR113W	1294492.8
YHR114W	480691.05
YHR115C	542253.74
YHR116W	189986.17
YHR117W	745584.53
YHR118C	284674.99
YHR119W	1680304.5
YHR120W	285786.79
YHR121W	1277136.2
YHR122W	468003.97
YHR123W	520518.05
YHR124W	146577.33
YHR126C	43752.636
YHR127W	256580.98
YHR128W	295187.91
YHR129C	249505.48
YHR131C	494630.04
YHR132C	1783855
YHR132W-A	1067108.5
YHR133C	591283.67
YHR134W	150749.94
YHR135C	957700.69
YHR136C	64216.775
YHR137W	83305.552
YHR138C	572180
YHR139C	89200.041
YHR140W	270177.01
YHR142W	773890.18
YHR143W	577877.23
YHR143W-A	276327.62
YHR144C	285726.61
YHR146W	617160.32
YHR147C	960642.38
YHR148W	640925.64
YHR149C	632699.83
YHR150W	338237.9
YHR151C	408205.24
YHR152W	214514.69
YHR153C	95609.055
YHR154W	230005.74
YHR155W	622052.27
YHR156C	164780.68
YHR157W	96523.109
YHR158C	634554.06
YHR159W	143060.56
YHR160C	66762.944
YHR161C	559262.93
YHR162W	5147382.8
YHR163W	1470450.8
YHR164C	2266584.6
YHR165C	8398723.5
YHR166C	484790.85
YHR167W	235072.88
YHR168W	217288.55
YHR169W	452355.32
YHR170W	1195255
YHR171W	599572.75
YHR172W	356384.07
YHR174W	7309657.9
YHR175W	1166245.1
YHR175W-A	569799.93
YHR176W	505672.72
YHR177W	99952.192
YHR178W	447476.79
YHR179W	2384793.9
YHR181W	677835.48
YHR182W	268440.43
YHR183W	7286907.3
YHR184W	82136.043
YHR186C	1013440.6
YHR187W	326820.74
YHR188C	984694.64
YHR189W	108257.49
YHR190W	2792314.4
YHR191C	66047.374
YHR192W	510208.44
YHR193C	4596318
YHR194W	382754.82
YHR195W	417690.88
YHR196W	965012.86
YHR197W	444039.92
YHR198C	776742.54
YHR199C	1058774.8
YHR199C-A	113660.63
YHR200W	1192852.5
YHR201C	623043.58
YHR202W	664403.85
YHR204W	530974.74
YHR205W	858790.45
YHR206W	921803.25
YHR207C	385558.5
YHR208W	13059380
YHR209W	592863.92
YHR210C	137346.32
YHR213W-A	88099.046
YHR214C-D	68847.163
YIL001W	362997.15
YIL002C	524995.03
YIL002W-A	582035.9
YIL003W	274760.23
YIL004C	224571.38
YIL005W	1368732.4
YIL006W	440977.28
YIL007C	314660.24
YIL008W	204734.22
YIL009C-A	156949.95
YIL009W	1647851.5
YIL010W	441872.43
YIL011W	206996.65
YIL013C	211444.63
YIL014C-A	792991.29
YIL014W	847290.91
YIL015W	99559.614
YIL016W	168418.68
YIL017C	399705.39
YIL018W	2933700.2
YIL019W	230371.63
YIL020C	227498.05
YIL021W	886405.7
YIL022W	1314804.1
YIL023C	596650.46
YIL024C	366217.7
YIL026C	2378910.9
YIL027C	1007264.5
YIL030C	5276120.4
YIL031W	1185178.9
YIL033C	1342523.8
YIL034C	739549.82
YIL035C	640150.06
YIL036W	580066.62
YIL038C	1838661.1
YIL039W	1361835.3
YIL040W	734097.77
YIL041W	2102699.7
YIL042C	764027.39
YIL043C	2048778.1
YIL044C	419370.21
YIL045W	167638.31
YIL046W	2505393.5
YIL046W-A	62052.165
YIL047C	2620166
YIL048W	4481132.9
YIL049W	221195.46
YIL050W	870229.47
YIL051C	2929862.6
YIL052C	1271140.9
YIL053W	989635.25
YIL055C	522030.6
YIL056W	1012135.2
YIL057C	4494989.1
YIL060W	67816.36
YIL061C	204018.93
YIL062C	1306705.8
YIL063C	397620.3
YIL064W	805901.35
YIL065C	1588675.2
YIL066C	903844.64
YIL067C	566374.48
YIL068C	792382.74
YIL069C	1599821.1
YIL070C	2129136
YIL071C	91211.179
YIL072W	83430.196
YIL073C	71100.166
YIL074C	1250085.8
YIL075C	2817676.8
YIL076W	936647.46
YIL077C	710598.14
YIL078W	5188658.6
YIL079C	362303.6
YIL083C	1716676.8
YIL084C	135570.93
YIL085C	1468342.1
YIL087C	1218589.6
YIL088C	1214848.7
YIL089W	130115.37
YIL090W	974070.79
YIL091C	636811.91
YIL092W	234650
YIL093C	763001.33
YIL094C	1832941.5
YIL095W	288406.24
YIL096C	210732.86
YIL097W	317660.36
YIL098C	539691.25
YIL099W	157216.15
YIL101C	122243.69
YIL103W	505394.89
YIL104C	258668.77
YIL105C	672121.52
YIL106W	771899.01
YIL107C	1414405.7
YIL108W	861267.19
YIL109C	4095254.5
YIL110W	557418.19
YIL111W	82699.884
YIL112W	338654.74
YIL113W	146281.27
YIL114C	305198.62
YIL115C	1364514
YIL116W	1589853
YIL117C	67873.656
YIL118W	654360.21
YIL119C	824918.67
YIL120W	150879.2
YIL121W	709078.12
YIL122W	303286.6
YIL123W	2574207.6
YIL124W	1563211.1
YIL125W	9971981
YIL126W	4081133
YIL127C	431168.26
YIL128W	821787.58
YIL129C	1452788
YIL130W	628398.96
YIL131C	252304.55
YIL132C	181565.99
YIL133C	3180749.6
YIL134W	374720.78
YIL135C	339653.23
YIL136W	1594937.3
YIL137C	479832.08
YIL138C	699973.61
YIL139C	113996.48
YIL140W	333010.67
YIL142W	2269023.3
YIL143C	1248318.4
YIL144W	677563.62
YIL145C	531508.24
YIL146C	525719.04
YIL147C	2546960.9
YIL148W	1624273.9
YIL149C	3534434
YIL150C	187658.5
YIL151C	516580.33
YIL152W	295986
YIL153W	709352.73
YIL154C	394328.48
YIL155C	5525649.1
YIL156W	1264122.2
YIL157C	1363885.7
YIL158W	734514.48
YIL159W	136581.16
YIL160C	513729.52
YIL161W	367961.76
YIL162W	3746457.6
YIL164C	664329.33
YIL165C	975198.73
YIL166C	143790.11
YIL169C	291671.42
YIR001C	473463.23
YIR002C	1343194.3
YIR003W	780724.7
YIR004W	459111.94
YIR005W	167170.44
YIR006C	1659520.4
YIR007W	343831.15
YIR008C	517580.01
YIR009W	183921.51
YIR010W	874041.24
YIR011C	2572962.2
YIR012W	656534.2
YIR013C	72570.568
YIR014W	284121.77
YIR015W	78956.027
YIR016W	2240113.8
YIR017C	999104.05
YIR018C-A	125460.03
YIR018W	391675.03
YIR019C	21498944
YIR021W	846978.82
YIR022W	408038.88
YIR023W	539404.25
YIR024C	335261.89
YIR025W	220132.44
YIR026C	257483.55
YIR027C	2539110.4
YIR028W	2274286.9
YIR029W	813966.82
YIR030C	84585.151
YIR031C	934593.4
YIR032C	1006985.4
YIR033W	1054958.2
YIR034C	940931.22
YIR035C	777156.77
YIR036C	694551.05
YIR037W	1113869.3
YIR038C	1849812.7
YIR039C	299596.57
YIR042C	315436.79
YJL001W	1742362.5
YJL002C	1684333.5
YJL003W	554882.41
YJL004C	881338.22
YJL005W	5039153.4
YJL006C	275008.31
YJL008C	2633872.8
YJL010C	306114.34
YJL011C	296865.48
YJL012C	1026849.8
YJL013C	493468.98
YJL014W	1648017.9
YJL016W	787947.86
YJL019W	236186.35
YJL020C	1110275.6
YJL023C	174255.12
YJL024C	354827.09
YJL025W	218026.27
YJL026W	3673677.5
YJL029C	462608.51
YJL030W	300652.95
YJL031C	265472.68
YJL033W	583099.45
YJL034W	6169448.2
YJL035C	250831.23
YJL036W	231626.18
YJL037W	95439.659
YJL039C	5570452.3
YJL041W	1389269.9
YJL042W	2194078.7
YJL044C	368587.7
YJL045W	220666.77
YJL046W	391885.22
YJL047C	240856.35
YJL047C-A	125590.91
YJL048C	1255033.3
YJL049W	228888.75
YJL050W	1627542.6
YJL051W	642167.82
YJL052W	3932162.8
YJL053W	831254.8
YJL054W	615765.99
YJL055W	2884642.2
YJL056C	468626.2
YJL057C	307129.4
YJL058C	175362.78
YJL059W	331747.1
YJL060W	1653448.6
YJL061W	358577.07
YJL062W	587479.97
YJL062W-A	2565447.1
YJL063C	2001889.3
YJL065C	742045.22
YJL066C	1759768.1
YJL068C	1022838.3
YJL069C	551259.2
YJL070C	370396.92
YJL071W	495682.49
YJL072C	208030.06
YJL073W	472806.61
YJL074C	2485195
YJL076W	4704817.2
YJL077C	70130.77
YJL077W-B	148535.6
YJL078C	625028.04
YJL079C	2777209.2
YJL080C	1280012.1
YJL081C	954049.46
YJL082W	750645.73
YJL083W	496916.73
YJL084C	407438.96
YJL085W	285191.7
YJL087C	582340.46
YJL088W	2677875
YJL089W	227581.94
YJL090C	1313399.7
YJL091C	637887.73
YJL092W	2106719.8
YJL093C	1293534.2
YJL094C	703633.56
YJL095W	2081123.6
YJL096W	1237049.3
YJL097W	669787.47
YJL098W	516311.25
YJL099W	129426.83
YJL100W	838063.59
YJL101C	2450486.7
YJL102W	1562137.7
YJL103C	674001.86
YJL104W	508407.2
YJL105W	66310.409
YJL106W	211618.39
YJL107C	85534.459
YJL108C	163201.12
YJL109C	1011162.6
YJL110C	575630.76
YJL111W	2554369.3
YJL112W	506248.93
YJL115W	284069.35
YJL116C	510302.94
YJL117W	948348.28
YJL118W	370768.37
YJL121C	1302718.7
YJL122W	919508.56
YJL123C	553869.57
YJL124C	380609.36
YJL125C	506199.38
YJL126W	215614.3
YJL127C	276792.48
YJL127C-B	786477.12
YJL128C	910844.25
YJL129C	795162.55
YJL130C	24127406
YJL131C	322637.39
YJL132W	207168.62
YJL133C-A	5996876.2
YJL133W	402916.95
YJL134W	752078.16
YJL136C	1310157.7
YJL136W-A	74355.677
YJL137C	480789.43
YJL139C	276701.72
YJL140W	830743.53
YJL141C	2027399.9
YJL143W	2991209.9
YJL144W	110857.72
YJL145W	370666.48
YJL146W	742690.48
YJL147C	266659.04
YJL148W	667444.62
YJL149W	412406.64
YJL151C	1596033.6
YJL153C	6718105.2
YJL154C	336701.73
YJL155C	746854.61
YJL156C	472411.27
YJL157C	124046.05
YJL158C	4165751.8
YJL159W	4216837.5
YJL160C	102537.34
YJL161W	316968.64
YJL162C	154586.16
YJL163C	337905.56
YJL164C	1604451
YJL165C	684911.95
YJL166W	776890.92
YJL167W	5331363.1
YJL168C	761235.89
YJL170C	67036.62
YJL171C	1520577.6
YJL172W	4580681.9
YJL173C	1037104
YJL174W	1999988
YJL176C	1051165.6
YJL177W	2219375.3
YJL178C	843475.64
YJL179W	80462.638
YJL180C	1505863
YJL181W	728501.8
YJL183W	1790106
YJL184W	549002.58
YJL185C	374116.82
YJL186W	1058755.7
YJL187C	877652.36
YJL189W	310204.23
YJL190C	980106.62
YJL191W	2132187.4
YJL192C	881074.32
YJL193W	307142.96
YJL194W	781397.6
YJL196C	1265088
YJL197W	3322389.6
YJL198W	1261237
YJL200C	3303689.3
YJL201W	390833.07
YJL203W	178435.46
YJL204C	315080.52
YJL205C	737285.74
YJL206C	203923.19
YJL207C	764795.92
YJL208C	1216354.7
YJL209W	188211.07
YJL210W	403294.67
YJL212C	136721.57
YJL213W	96464.543
YJL214W	407690.75
YJL216C	341610.92
YJL217W	5183030
YJL218W	990124.34
YJL219W	76922.004
YJR001W	921709.6
YJR002W	524080.17
YJR003C	289270.55
YJR004C	346610.58
YJR005W	775839.19
YJR006W	491293.83
YJR007W	1406939.4
YJR008W	1346867.1
YJR010C-A	94099.847
YJR010W	1172055.3
YJR011C	188703.77
YJR013W	475601.7
YJR014W	1092775
YJR015W	464201.25
YJR016C	6887995.3
YJR017C	609728.87
YJR019C	613485.08
YJR021C	343585.98
YJR022W	39227.92
YJR024C	605467.33
YJR025C	673692
YJR030C	361077.89
YJR031C	556606.4
YJR032W	435082.05
YJR033C	430436.13
YJR034W	771834.04
YJR035W	678076.42
YJR036C	555003.53
YJR039W	244005.65
YJR040W	1020080.4
YJR041C	585272.52
YJR042W	924303.31
YJR043C	275115.84
YJR044C	1016055.1
YJR045C	8523824
YJR046W	487931.77
YJR047C	40826.869
YJR048W	5566021.7
YJR049C	738593.13
YJR050W	169059.85
YJR051W	454788.67
YJR052W	326646.02
YJR053W	203436.88
YJR054W	292736.68
YJR055W	167340.52
YJR056C	322262.82
YJR057W	227820.04
YJR058C	476757.57
YJR059W	855613.75
YJR060W	279541.59
YJR061W	574033.46
YJR062C	251734.27
YJR063W	225470.16
YJR064W	3717475
YJR065C	1968858.1
YJR066W	8767570.6
YJR067C	348945.58
YJR068W	619749.89
YJR069C	377650.42
YJR070C	1318047
YJR072C	416808.42
YJR073C	3684511.1
YJR074W	642571.79
YJR075W	652637.66
YJR076C	779454.48
YJR077C	5556138.7
YJR078W	327165.94
YJR079W	68826.936
YJR080C	1330029.6
YJR082C	172748
YJR083C	225748.51
YJR084W	509417.23
YJR085C	3888579.5
YJR086W	20726.765
YJR088C	752898.02
YJR089W	355374.08
YJR090C	3828464.7
YJR091C	1410210
YJR092W	1407285.7
YJR093C	338653.06
YJR094C	166542.23
YJR094W-A	1310061.5
YJR095W	1332675.3
YJR096W	196213.83
YJR097W	213048.58
YJR098C	197985.15
YJR099W	239690.19
YJR100C	853504.15
YJR101W	933031.52
YJR102C	155756.92
YJR103W	1321618.9
YJR104C	2809073.5
YJR105W	3169352.9
YJR106W	172347.62
YJR107W	462915.98
YJR108W	76327.647
YJR109C	6432672
YJR110W	420392.28
YJR111C	322416.07
YJR112W	388638.67
YJR112W-A	256887.35
YJR113C	979584.56
YJR116W	338001.29
YJR117W	1506116.5
YJR118C	447644.65
YJR119C	297989.17
YJR120W	73940.958
YJR121W	11381554
YJR122W	663045.98
YJR123W	3772894.1
YJR124C	368360.9
YJR125C	1017845.5
YJR126C	523444.14
YJR127C	2092197.1
YJR129C	435552.36
YJR130C	755821.34
YJR131W	575343.05
YJR132W	636723.15
YJR133W	2486703.6
YJR134C	371256.1
YJR135C	181202.85
YJR135W-A	631623.41
YJR136C	384588.82
YJR137C	9591301.1
YJR138W	321996.59
YJR139C	2799887.6
YJR140C	444873.35
YJR141W	299637.72
YJR142W	514108.63
YJR143C	2828944.5
YJR144W	889138.01
YJR147W	253244.44
YJR148W	2734391.3
YJR149W	594403.11
YJR150C	69628.202
YJR151C	210591.95
YJR152W	2218652.6
YJR153W	55232.574
YJR154W	656484.04
YJR155W	1477836.8
YKL001C	605349.8
YKL002W	555012.71
YKL003C	949405.41
YKL004W	1950857.1
YKL005C	390853.23
YKL006C-A	194633.65
YKL006W	1781608.7
YKL007W	961174.11
YKL008C	1166669.5
YKL009W	1355061.9
YKL010C	5430021.7
YKL011C	229190.97
YKL012W	884844.4
YKL013C	774819.25
YKL014C	549441.44
YKL015W	894168.18
YKL016C	2674785.6
YKL017C	367030.83
YKL018C-A	448582.71
YKL018W	363934.03
YKL019W	658193.71
YKL020C	1119744.9
YKL021C	237628.31
YKL022C	1150631.1
YKL023W	278718.18
YKL024C	351586.7
YKL025C	650557.07
YKL026C	114343.76
YKL027W	327186.96
YKL028W	709883.72
YKL029C	2050897
YKL032C	1402834.7
YKL033W	417404.96
YKL033W-A	1356816.7
YKL034W	923401.05
YKL035W	4653104.3
YKL037W	67333.917
YKL038W	1173751.1
YKL039W	1217778.7
YKL040C	186921.17
YKL041W	200206.87
YKL042W	338939.5
YKL043W	4523571.8
YKL045W	959672.63
YKL046C	1484401
YKL047W	178988.11
YKL048C	967418.94
YKL049C	274110.18
YKL050C	154796.58
YKL051W	219489.51
YKL052C	333691.06
YKL053C-A	1054324.8
YKL054C	3170547.3
YKL055C	131060.03
YKL056C	6789784.7
YKL057C	867861.61
YKL058W	432412.73
YKL059C	289492.28
YKL060C	7624065
YKL061W	102066.95
YKL062W	2315225.4
YKL063C	304365.66
YKL064W	984127.17
YKL065C	834041.49
YKL067W	1382514
YKL068W	651730.52
YKL068W-A	392004.03
YKL069W	1429538.9
YKL071W	74079.355
YKL072W	98557.197
YKL073W	814325.96
YKL074C	491181.53
YKL075C	285857.78
YKL077W	1505951.7
YKL078W	265573.41
YKL079W	382883.97
YKL080W	2261382.2
YKL081W	2578124.9
YKL082C	456864.1
YKL084W	461056.33
YKL085W	5573230.9
YKL086W	67875.612
YKL087C	306879.48
YKL088W	534375.31
YKL089W	552935.33
YKL090W	237197.51
YKL091C	369915.49
YKL092C	629934.38
YKL093W	967118.57
YKL094W	2407936.1
YKL095W	140631.34
YKL096W	339327.73
YKL096W-A	5553501.5
YKL098W	382461.77
YKL099C	369550.65
YKL100C	763953.05
YKL101W	3319709.5
YKL103C	1972515
YKL104C	2148565.6
YKL105C	721961.91
YKL106W	388209.66
YKL108W	200543.63
YKL109W	2824190.6
YKL110C	463735.05
YKL112W	1657524.4
YKL113C	381629.45
YKL114C	386022.31
YKL116C	432659.01
YKL117W	2654922.3
YKL119C	495772.41
YKL120W	1253780.6
YKL121W	507651.34
YKL122C	682629.85
YKL124W	430410.61
YKL125W	678315.33
YKL126W	1669669
YKL127W	1147297.5
YKL128C	422194.05
YKL129C	793348.15
YKL130C	302938.5
YKL132C	77305.056
YKL133C	174561.01
YKL134C	846684.44
YKL135C	884164.12
YKL137W	826326.69
YKL138C	1581126.7
YKL138C-A	56991.215
YKL139W	586611.71
YKL140W	1139965.3
YKL141W	2020071.4
YKL142W	2505661.7
YKL143W	375697.63
YKL144C	305731.81
YKL145W	3439243.5
YKL146W	1648941.6
YKL148C	9889982.7
YKL149C	199861.38
YKL150W	4361215.5
YKL151C	1086003.7
YKL152C	5188640.3
YKL154W	232175.72
YKL155C	181193.87
YKL156W	1250619.6
YKL157W	6816178.7
YKL159C	368772.04
YKL160W	2311748.5
YKL161C	517090.91
YKL162C	234810.83
YKL163W	137941.58
YKL164C	2461319.3
YKL165C	1700199.1
YKL166C	325115.32
YKL167C	859865.16
YKL168C	534955.05
YKL170W	1487612.5
YKL171W	668367.24
YKL172W	702110.96
YKL173W	1443972.7
YKL174C	520780.47
YKL175W	1493224.5
YKL176C	1149193.5
YKL178C	89089.398
YKL179C	1125887.6
YKL180W	2679318
YKL181W	1862060.2
YKL182W	35032750
YKL183W	335114.5
YKL184W	1395511.5
YKL185W	1725005.7
YKL186C	534418.57
YKL187C	125833.68
YKL188C	193009.18
YKL189W	313098.46
YKL190W	812558.04
YKL191W	846136.45
YKL192C	1339601.4
YKL193C	759260.15
YKL194C	630238.09
YKL195W	1716103.6
YKL196C	1102258.5
YKL197C	924696.46
YKL198C	449785.53
YKL201C	1134416.6
YKL203C	6473605.2
YKL204W	832421.45
YKL205W	2591693.2
YKL206C	435770.19
YKL207W	1146594.8
YKL208W	399952.32
YKL209C	124433.8
YKL210W	6963227.4
YKL211C	1217004.9
YKL212W	692841.24
YKL213C	3083436.2
YKL214C	1111153.7
YKL215C	2522487.2
YKL216W	1325106.3
YKL217W	5629306
YKL218C	146707.54
YKL219W	163447.39
YKL220C	912144.49
YKL222C	175147.43
YKR001C	1635656.1
YKR002W	894928.72
YKR003W	442369.2
YKR004C	258099.97
YKR005C	106233.88
YKR006C	1203921.1
YKR007W	772155.12
YKR008W	1022052.6
YKR009C	1145018.2
YKR010C	377893.21
YKR011C	553171.05
YKR013W	1564915.3
YKR014C	686643.45
YKR016W	1538571.6
YKR017C	237125.95
YKR018C	1717296.7
YKR019C	179439.15
YKR020W	136688.87
YKR021W	622186.67
YKR022C	195658.05
YKR023W	133672.32
YKR024C	435131.97
YKR025W	449273.76
YKR026C	639722.04
YKR027W	307401.75
YKR028W	857287.66
YKR029C	230291.5
YKR030W	695807.91
YKR031C	5282690.3
YKR034W	135516.87
YKR035W-A	461015.32
YKR036C	263183.53
YKR037C	359891.5
YKR038C	1135050.2
YKR039W	4344929.4
YKR041W	71396.458
YKR042W	5078427.2
YKR043C	658687.75
YKR044W	204783.81
YKR045C	347197.62
YKR046C	5413875.2
YKR048C	1752914.2
YKR049C	1291736.9
YKR050W	228500.74
YKR051W	498839.71
YKR052C	423449.7
YKR053C	309960.52
YKR054C	15655188
YKR055W	277160.7
YKR056W	729437.9
YKR057W	1052624.5
YKR058W	319230.72
YKR060W	259405.21
YKR061W	134650.44
YKR062W	466595.48
YKR063C	271493.88
YKR064W	467436.97
YKR065C	1739663.7
YKR066C	3027473.3
YKR067W	2394326.7
YKR068C	837595.32
YKR069W	924267.83
YKR070W	775544.84
YKR071C	507217.76
YKR072C	854728.77
YKR074W	1152705.1
YKR075C	789073.88
YKR076W	1032420.8
YKR077W	664466.64
YKR078W	188998.71
YKR079C	826683.35
YKR080W	496166.21
YKR081C	1118989.5
YKR082W	1143745.6
YKR083C	65957.408
YKR084C	1060608.8
YKR085C	1056923.5
YKR086W	1261607.8
YKR087C	428692.88
YKR088C	843251.71
YKR089C	659136.62
YKR090W	428911.7
YKR091W	273542.64
YKR092C	851784.22
YKR093W	2463748
YKR094C	932935.95
YKR095W	3079781.2
YKR095W-A	320426.47
YKR096W	1026555.2
YKR097W	258180.09
YKR098C	826044.3
YKR099W	1644300.6
YKR100C	544064.71
YKR101W	600653.85
YKR102W	172961.76
YKR103W	97032.544
YKR104W	222510.4
YLL001W	2563805.6
YLL002W	329530.28
YLL003W	417633.86
YLL004W	751991.49
YLL005C	62111.143
YLL006W	371606.13
YLL007C	351775.76
YLL008W	1331752.6
YLL009C	247717.27
YLL010C	516311.21
YLL011W	927487.28
YLL012W	1013035.1
YLL013C	95923.523
YLL014W	1389220.8
YLL015W	2346374
YLL018C	5974319.6
YLL018C-A	544362
YLL019C	1496797.5
YLL021W	599417.18
YLL022C	388581.12
YLL023C	1179681.6
YLL024C	3874874.3
YLL025W	733183.74
YLL026W	1184660.8
YLL027W	1063028.6
YLL028W	2967604.9
YLL029W	3907804.9
YLL031C	2895902.1
YLL032C	254191.86
YLL033W	194009.32
YLL034C	621974.33
YLL035W	201162.58
YLL036C	721746.4
YLL038C	199269.16
YLL039C	2952909.6
YLL040C	1958340.5
YLL041C	3535336.8
YLL042C	138289.21
YLL043W	2109555
YLL045C	3028123.9
YLL048C	1724452
YLL049W	215126.25
YLL050C	2550946.3
YLL051C	1601754.1
YLL052C	537835.53
YLL053C	1385561.3
YLL054C	223599.46
YLL055W	372509.27
YLL056C	374271.98
YLL057C	76393.374
YLL058W	247038.94
YLL060C	154983.28
YLL061W	258466.24
YLL062C	167473.16
YLL063C	175582.85
YLL066W-B	79647.201
YLR001C	704700.64
YLR002C	684167.89
YLR003C	428633.91
YLR004C	2796220.8
YLR005W	1219047.1
YLR006C	1104894.6
YLR007W	387820.44
YLR008C	345555.62
YLR009W	797525.47
YLR010C	88394.101
YLR011W	344548.62
YLR014C	230530.72
YLR015W	144270.86
YLR016C	167861.78
YLR017W	788513.07
YLR018C	459697.63
YLR019W	849644.04
YLR020C	406556.89
YLR021W	273397.65
YLR022C	302948.1
YLR023C	2649602.6
YLR024C	279455.47
YLR025W	324639.6
YLR026C	211937.06
YLR027C	3475216.4
YLR028C	2961445.4
YLR029C	2244498.2
YLR032W	518879.06
YLR033W	582804.73
YLR034C	1234009.6
YLR035C	121850.04
YLR036C	183353.58
YLR037C	1235264.4
YLR038C	1487767.4
YLR039C	326023.29
YLR040C	47155.78
YLR043C	1137693.5
YLR044C	11668332
YLR045C	575333.43
YLR046C	558477.57
YLR047C	230103.96
YLR048W	3656982.7
YLR049C	439664.78
YLR050C	544067.76
YLR051C	410824.29
YLR052W	331287.67
YLR053C	186687.46
YLR055C	808392.21
YLR056W	2986862.8
YLR057W	298290.32
YLR058C	4700588.1
YLR059C	1545048.7
YLR060W	5109778.2
YLR061W	1733208.1
YLR063W	292570.96
YLR064W	526886.5
YLR065C	1152862.8
YLR066W	376576.77
YLR067C	379757.98
YLR068W	297643.45
YLR069C	5403089.9
YLR070C	345767.93
YLR071C	856767.48
YLR072W	267903.18
YLR073C	372696.41
YLR074C	651712.18
YLR075W	4916154.7
YLR077W	781210.43
YLR078C	426765.23
YLR079W	353295.09
YLR080W	165141.39
YLR081W	13869280
YLR082C	112054.08
YLR083C	828522.62
YLR084C	550378.64
YLR085C	489132.3
YLR086W	1683606.3
YLR087C	789646.66
YLR088W	1187431.6
YLR089C	9692570.3
YLR090W	700432.95
YLR091W	140288.12
YLR092W	1564905.4
YLR093C	799759.21
YLR094C	684366.69
YLR095C	626144.82
YLR096W	854228.06
YLR097C	524680.43
YLR098C	468300.03
YLR099C	640044.82
YLR099W-A	494423.23
YLR100W	1439369.7
YLR102C	162943.93
YLR103C	769224.04
YLR104W	362552.93
YLR105C	248057.25
YLR106C	1240288.6
YLR107W	331803.35
YLR108C	209604.1
YLR109W	3214271.3
YLR110C	8776147.1
YLR113W	1901034.7
YLR114C	186100.38
YLR115W	412837.25
YLR116W	750135.73
YLR117C	421843.23
YLR118C	506039.77
YLR119W	107381.69
YLR120C	738012.97
YLR121C	60979.415
YLR125W	74349.569
YLR126C	567862.26
YLR127C	621919.91
YLR128W	183826.87
YLR129W	653728.25
YLR130C	531702.43
YLR131C	2714912.1
YLR132C	163078.62
YLR133W	1825052.9
YLR134W	1063416.5
YLR135W	246449.41
YLR136C	2450750.7
YLR137W	226990.77
YLR138W	460915.07
YLR139C	336388.3
YLR141W	214677.31
YLR142W	1433301.6
YLR143W	204334.56
YLR144C	434679.17
YLR145W	229942.23
YLR146C	494023.17
YLR147C	123864.09
YLR148W	163607.94
YLR149C	502644.17
YLR150W	4440407
YLR151C	111480.02
YLR152C	1742887.5
YLR153C	9841249.3
YLR154C	421755.04
YLR163C	1167484.4
YLR164W	482879.84
YLR165C	233687.09
YLR166C	403175.33
YLR167W	2571244.8
YLR168C	2213520.1
YLR170C	702552.48
YLR172C	1246488.5
YLR173W	288954.24
YLR174W	1517477.5
YLR175W	2229005.7
YLR176C	1001623.3
YLR177W	726447.47
YLR178C	1502020.6
YLR179C	2579488.1
YLR180W	2335240.3
YLR181C	436697.45
YLR182W	1039513.9
YLR183C	356690.36
YLR185W	1092796.5
YLR186W	1282010.3
YLR187W	1868347.6
YLR188W	1487614.1
YLR189C	2169456.6
YLR190W	1180018.5
YLR191W	340855.61
YLR192C	1261233.3
YLR193C	1606899.8
YLR194C	501894.08
YLR195C	1060038.2
YLR196W	835232.55
YLR197W	1620900.3
YLR199C	401895.85
YLR200W	96973.361
YLR201C	822989.12
YLR203C	1899052.8
YLR204W	1163158.7
YLR205C	1851089
YLR206W	880400.18
YLR207W	992045.96
YLR208W	1388057.1
YLR209C	1007988.6
YLR210W	433571.75
YLR211C	241744.82
YLR212C	653081.32
YLR213C	67518.346
YLR214W	337214.33
YLR215C	336233.69
YLR216C	1217594
YLR218C	272539.87
YLR219W	764526.84
YLR220W	855321.39
YLR221C	303098.64
YLR222C	891252.25
YLR223C	524383.06
YLR224W	545625.47
YLR225C	230185.26
YLR226W	346334.29
YLR227C	166012.43
YLR228C	517268.19
YLR229C	1194836.2
YLR231C	569310.47
YLR233C	697626.02
YLR234W	224068.65
YLR237W	1322415.4
YLR238W	113488.48
YLR239C	300313.68
YLR240W	2365842.7
YLR241W	1189052.1
YLR242C	205066.53
YLR243W	485761.54
YLR244C	1040063
YLR245C	126344.74
YLR246W	834887.44
YLR247C	717585.68
YLR248W	1854335.7
YLR249W	17582305
YLR250W	582443.99
YLR251W	220157.02
YLR253W	689067.05
YLR254C	442078.39
YLR256W	8347395.3
YLR257W	1267327.1
YLR258W	3990084.1
YLR259C	11285211
YLR260W	603006.03
YLR262C	353383.72
YLR262C-A	1003166.7
YLR263W	426579.78
YLR264C-A	298094.42
YLR264W	1425008.1
YLR265C	62782.992
YLR266C	229892.04
YLR267W	131219.12
YLR268W	526531.27
YLR270W	1023475.5
YLR271W	201701.05
YLR272C	1581025
YLR273C	216567.87
YLR274W	1490068.9
YLR275W	101514.28
YLR276C	1815232.9
YLR277C	532351.05
YLR278C	673725.99
YLR281C	270665.07
YLR283W	568102.08
YLR284C	211564.78
YLR285C-A	140397.35
YLR285W	569450.81
YLR286C	3582573.5
YLR287C	269065.49
YLR288C	441392.6
YLR289W	516547.08
YLR290C	757083.11
YLR291C	1061988.1
YLR292C	299384.13
YLR293C	2749742.5
YLR295C	1539005.7
YLR297W	254240.12
YLR298C	233294.08
YLR299W	1342467.5
YLR300W	4716501.9
YLR301W	1144258.6
YLR303W	5336098.1
YLR304C	10478478
YLR305C	6368233.8
YLR306W	132168.31
YLR307C-A	435235.25
YLR307W	46476.031
YLR308W	57418.901
YLR309C	672282.48
YLR310C	1356369.9
YLR312C	326793.27
YLR312W-A	562581.01
YLR313C	151911.4
YLR314C	729255.66
YLR315W	196847.3
YLR316C	217118.43
YLR318W	394159.84
YLR319C	448460.25
YLR320W	320541.23
YLR321C	608356.12
YLR323C	113121.69
YLR324W	357415.87
YLR325C	1030293.8
YLR326W	346077.18
YLR327C	5496287
YLR328W	450188.02
YLR330W	693868.98
YLR332W	638224.81
YLR333C	859044.59
YLR335W	1276546.6
YLR336C	425627.09
YLR337C	657310.33
YLR340W	5744868.8
YLR342W	4059047.5
YLR342W-A	114449.08
YLR343W	85339.587
YLR344W	1031777.7
YLR345W	868362.29
YLR346C	487282.74
YLR347C	1745632
YLR348C	1303760.7
YLR350W	842685.34
YLR351C	1695682.8
YLR352W	770567.28
YLR353W	771066.8
YLR354C	4992324.8
YLR355C	6642918
YLR356W	841751.22
YLR357W	2408729.8
YLR359W	3337121.2
YLR360W	252499.05
YLR361C	493057.08
YLR361C-A	410670.92
YLR362W	658656.11
YLR363C	242004.35
YLR363W-A	309346.92
YLR364W	290832.1
YLR367W	1050762
YLR368W	253010.28
YLR369W	391521.48
YLR370C	739975.62
YLR371W	1031837.7
YLR372W	2447797.4
YLR373C	1020849.9
YLR375W	938416.05
YLR376C	89057.122
YLR377C	289917.44
YLR378C	2548846
YLR380W	705370.79
YLR381W	370974.72
YLR382C	1852206.5
YLR383W	680115.24
YLR384C	4222823.1
YLR385C	24573.03
YLR386W	320768.23
YLR387C	625626.68
YLR388W	665658.62
YLR389C	2095018.4
YLR390W	829930.74
YLR390W-A	4130556.5
YLR392C	376435.99
YLR393W	156735.84
YLR394W	485414.58
YLR395C	955220.92
YLR396C	391224.22
YLR397C	403329.11
YLR398C	4688067.4
YLR399C	4835254.8
YLR401C	748254.79
YLR403W	1097930.1
YLR404W	342318.69
YLR405W	355960.78
YLR406C	831333.87
YLR407W	372714.61
YLR408C	140255.73
YLR409C	418329.59
YLR410W	842350.91
YLR411W	670324.27
YLR412C-A	58096.787
YLR412W	583196.32
YLR413W	67477.463
YLR414C	1112397.9
YLR415C	91712.688
YLR417W	786608.97
YLR418C	817661.57
YLR419W	879735.43
YLR420W	857500.13
YLR421C	274348.76
YLR422W	1148126.8
YLR423C	197226.59
YLR424W	385800.61
YLR425W	641550.42
YLR426W	229434.88
YLR427W	445855.8
YLR429W	941562.23
YLR430W	477416.48
YLR431C	165086.74
YLR432W	1301025
YLR433C	363774.69
YLR435W	492210.08
YLR436C	495222.98
YLR437C	609267.26
YLR438C-A	318111.53
YLR438W	3587806.5
YLR439W	765557.21
YLR440C	396959.82
YLR441C	2219953.3
YLR442C	1017010.5
YLR443W	335675.04
YLR446W	202783.26
YLR447C	1498508.9
YLR448W	2838037.9
YLR449W	756541.6
YLR450W	3789024.2
YLR451W	1383653.4
YLR452C	162522.3
YLR453C	135681.89
YLR454W	1626097.6
YLR455W	955782.8
YLR456W	206619.59
YLR457C	161647.74
YLR459W	451901.49
YLR460C	214516.32
YML001W	1623883.4
YML002W	253986.03
YML003W	83206.295
YML004C	1160318
YML005W	249373.33
YML006C	579229.45
YML007C-A	110379.62
YML007W	2037304.6
YML008C	3341080.2
YML009C	2260625.8
YML010W	677521.07
YML011C	286628.72
YML012W	2615381.5
YML013W	1185102.3
YML014W	400291.92
YML015C	576058.62
YML016C	1143931
YML017W	107999.06
YML018C	594833.68
YML019W	569980.49
YML020W	357667.31
YML021C	309277.98
YML022W	829153.55
YML023C	424803.05
YML024W	2068948.7
YML025C	752511.62
YML026C	2258173.5
YML027W	702790.86
YML028W	3878862.3
YML029W	777217.51
YML030W	2171399.5
YML031W	998838.45
YML032C	522049.95
YML034W	880155.19
YML035C	2494225.4
YML036W	314470.76
YML037C	100772.75
YML038C	1033758.3
YML041C	260510.64
YML042W	3378534.4
YML043C	441883.75
YML046W	643465.05
YML048W	1319577.7
YML049C	1894109.3
YML050W	232369.26
YML051W	1609090
YML052W	1535810.6
YML053C	876168.12
YML054C	4730383.1
YML055W	284653.26
YML056C	682393.31
YML057W	1260017
YML058W	2954286.9
YML058W-A	78457.473
YML059C	802613.84
YML060W	276556.1
YML061C	548713.09
YML062C	286676.94
YML063W	2473244.3
YML064C	281783.83
YML065W	1132990
YML067C	1166416.1
YML068W	380400.98
YML069W	2196850.2
YML070W	2181865.6
YML071C	285093.43
YML072C	3687338.6
YML073C	3145054.3
YML074C	1420966.7
YML075C	10089284
YML076C	952386.89
YML077W	459324.25
YML078W	2187556.3
YML079W	1334075.2
YML080W	454815.73
YML081C-A	632726.21
YML081W	1262523.7
YML082W	700472.33
YML085C	4588450.9
YML086C	2467855.7
YML087C	630324.1
YML088W	235724.01
YML091C	8103915.1
YML092C	1500857.5
YML093W	607699.51
YML094W	242115.47
YML095C	84712.515
YML096W	341352.46
YML097C	264294.32
YML098W	346484.47
YML099C	520540.48
YML100W	6704315.2
YML101C	894524.72
YML102W	529362.29
YML103C	4617051.3
YML104C	603322.44
YML105C	479470.31
YML106W	2529000.1
YML107C	664611.89
YML108W	214021.26
YML109W	592437.51
YML110C	2143912
YML111W	330158.07
YML112W	302560.13
YML113W	353524.18
YML114C	549798.2
YML115C	740568.4
YML116W	598771.74
YML117W	1056565.8
YML118W	206157.58
YML119W	414342.81
YML120C	4948130
YML121W	726359.06
YML123C	91565.678
YML124C	1036318.7
YML125C	318540.39
YML126C	5753092.2
YML127W	1113784.5
YML128C	1511157.8
YML129C	872361.42
YML130C	390535.04
YML131W	525544.81
YMR001C	2379898.7
YMR001C-A	156063.39
YMR002W	3636344.2
YMR003W	877377.27
YMR004W	519827.95
YMR005W	591100.58
YMR006C	5007740.8
YMR008C	3703112.3
YMR009W	849426.58
YMR010W	646389.45
YMR011W	303756.74
YMR012W	3158766.8
YMR013C	476842.07
YMR014W	243844.31
YMR015C	5191419.6
YMR016C	915387.56
YMR017W	90667.94
YMR019W	1007192.1
YMR020W	413308.51
YMR021C	374633.8
YMR022W	489200.68
YMR023C	452277.07
YMR024W	1469208.2
YMR025W	117759.14
YMR026C	672678.17
YMR027W	1985658
YMR028W	215644.75
YMR029C	517578.01
YMR030W	251234.8
YMR030W-A	229434.03
YMR031C	1024239.2
YMR032W	548693.78
YMR033W	806375
YMR034C	236600.39
YMR035W	571710.68
YMR036C	435034.06
YMR037C	2020227.2
YMR038C	2581766.1
YMR039C	270439.02
YMR040W	179589.53
YMR041C	423368.08
YMR042W	138640.64
YMR043W	492394.33
YMR044W	279021.23
YMR047C	3342489.9
YMR048W	179024.63
YMR049C	834933.15
YMR052W	164031.97
YMR053C	270856.62
YMR054W	3415881.5
YMR055C	257040.34
YMR056C	882902.97
YMR058W	8040614.7
YMR059W	128613.75
YMR060C	464354.34
YMR061W	284226.68
YMR062C	1365521.1
YMR063W	190452.27
YMR064W	883242.99
YMR065W	203712.75
YMR066W	120669.15
YMR067C	522653.67
YMR068W	215809.16
YMR069W	74674.856
YMR070W	486701.57
YMR071C	1075945.7
YMR072W	1437651.8
YMR073C	483831.57
YMR074C	689712.2
YMR075W	141953.76
YMR076C	2194141.1
YMR077C	153810.78
YMR078C	493887.24
YMR079W	1401083.4
YMR080C	2953436
YMR081C	769002.11
YMR083W	4560123.8
YMR084W	84206.167
YMR085W	150462.78
YMR086W	922303.16
YMR087W	362397.8
YMR088C	2129384.4
YMR089C	3417815.4
YMR090W	908599.76
YMR091C	599461.58
YMR092C	1087282.7
YMR093W	1203646.1
YMR094W	156260.82
YMR095C	1153388.8
YMR096W	3702365.2
YMR097C	400072.72
YMR098C	703722.32
YMR099C	2550054.5
YMR100W	488462.17
YMR101C	46190.112
YMR102C	406274.29
YMR104C	853040.04
YMR105C	6996515.6
YMR105W-A	58627.747
YMR106C	393607.99
YMR107W	512727.67
YMR108W	8382054.7
YMR109W	1223447.1
YMR110C	2302827.1
YMR111C	185499.36
YMR112C	405964.58
YMR113W	376942.01
YMR114C	245954.02
YMR115W	467101.6
YMR116C	6430724.7
YMR117C	62743.872
YMR118C	88615.013
YMR119W	505116.82
YMR120C	4016708.6
YMR121C	246976.37
YMR122W-A	2198988.9
YMR123W	892490.66
YMR124W	503219.26
YMR125W	1968532.7
YMR126C	478724.68
YMR127C	222614.47
YMR128W	452108.82
YMR129W	1329362.3
YMR130W	401459.66
YMR131C	1115515.2
YMR132C	147854.91
YMR133W	57974.343
YMR134W	443911.2
YMR135C	426869.73
YMR136W	2164099.2
YMR137C	249701.98
YMR138W	150857.7
YMR139W	1285360
YMR140W	436725.84
YMR142C	2784427.8
YMR143W	1561470.3
YMR144W	314246.24
YMR145C	6688165.1
YMR146C	2990070.9
YMR147W	136750.53
YMR148W	448432.25
YMR149W	1164808
YMR150C	1335810.2
YMR152W	1579856.9
YMR153W	598019.73
YMR154C	232883.01
YMR155W	335471.3
YMR156C	152339.54
YMR157C	1115020.5
YMR158C-A	129890.73
YMR158W	1087034.2
YMR159C	30300.284
YMR160W	646450.14
YMR161W	256889.18
YMR162C	2202245.7
YMR163C	403764.24
YMR164C	235285.52
YMR165C	460620.44
YMR166C	480153.41
YMR167W	585320.64
YMR168C	500557.6
YMR169C	117875.6
YMR170C	337688.92
YMR171C	837211.3
YMR172W	216230.84
YMR173W	936899.04
YMR174C	253328.36
YMR175W	1878401.4
YMR175W-A	61781.569
YMR176W	734562.36
YMR177W	288584.73
YMR178W	630289.34
YMR179W	270552.69
YMR180C	223021.47
YMR181C	1408648.5
YMR182C	81815.904
YMR183C	601034.27
YMR184W	651755.12
YMR185W	483692.19
YMR186W	6622808.4
YMR187C	240216.01
YMR188C	763039.93
YMR189W	4270990.3
YMR190C	2015168.2
YMR191W	1249095.5
YMR192W	166434.44
YMR193W	607442.71
YMR194C-B	979103.65
YMR194W	946048.39
YMR195W	2027966.6
YMR196W	751507.61
YMR197C	472369.66
YMR198W	229596.77
YMR199W	913828.84
YMR200W	846504.86
YMR201C	258904.67
YMR202W	2684639.6
YMR203W	1877799
YMR204C	436297.37
YMR205C	14335224
YMR206W	605130.15
YMR207C	452736.27
YMR208W	1395764.8
YMR209C	220615.77
YMR210W	415176.58
YMR211W	407842.68
YMR212C	450991.83
YMR213W	646813.34
YMR214W	594603.61
YMR215W	1138660.6
YMR216C	2548696.3
YMR217W	4338602.3
YMR218C	306829.96
YMR219W	844793.64
YMR220W	1447660.8
YMR221C	674900.91
YMR222C	579734.65
YMR223W	361759.72
YMR224C	518662.48
YMR225C	863250.85
YMR226C	2921027.6
YMR227C	533114.31
YMR228W	647761.2
YMR229C	1429621.1
YMR230W	816673.2
YMR230W-A	63689.906
YMR231W	478407.44
YMR232W	79347.212
YMR233W	283089.36
YMR234W	166322.86
YMR235C	1246564.6
YMR236W	448044.9
YMR237W	837412.62
YMR238W	1521915.8
YMR239C	555128.89
YMR240C	416392.12
YMR241W	4077662
YMR242C	1296088.2
YMR243C	763338.77
YMR244C-A	1040973
YMR244W	63193.848
YMR246W	5557364.8
YMR247C	828919.39
YMR250W	594909.37
YMR251W	415823.07
YMR251W-A	5157427.1
YMR252C	430332.38
YMR253C	182033.51
YMR255W	477847.68
YMR256C	810694.32
YMR257C	560587.3
YMR258C	981818.01
YMR259C	580026.27
YMR260C	832461.33
YMR261C	2673254.5
YMR262W	204177.32
YMR263W	281492.82
YMR264W	630592.89
YMR265C	147561.08
YMR266W	882660.28
YMR267W	497791.77
YMR268C	152979.88
YMR269W	200194.6
YMR270C	304625.7
YMR271C	377926.13
YMR272C	2692177
YMR273C	556416.73
YMR274C	245332.1
YMR275C	427800.84
YMR276W	1726598.1
YMR277W	1129689.3
YMR278W	430942.68
YMR279C	235426.11
YMR280C	3884548
YMR281W	270996.14
YMR282C	546429.48
YMR283C	687407.28
YMR284W	330869.16
YMR285C	495530.66
YMR286W	1537333.6
YMR287C	332337.44
YMR288W	384404.16
YMR289W	310077.35
YMR290C	1000813.6
YMR291W	1049160.6
YMR292W	832189.85
YMR293C	617065.99
YMR294W	185536.98
YMR295C	3538306.5
YMR296C	1555506.6
YMR297W	4423816.8
YMR298W	1021958.1
YMR299C	228463.5
YMR300C	1129587.6
YMR301C	908533.14
YMR302C	1066703.1
YMR303C	215712.99
YMR304W	2421344.3
YMR305C	2508394.7
YMR306W	465514.68
YMR307W	4494445.5
YMR308C	2226416.7
YMR309C	4536656.2
YMR310C	323480.8
YMR311C	963173.12
YMR312W	451533.59
YMR313C	692602.75
YMR314W	937401.64
YMR315W	1327607
YMR316W	190950.92
YMR318C	3227937.4
YNL001W	498985.65
YNL002C	949725.83
YNL003C	495704.33
YNL004W	962772.58
YNL005C	1248828
YNL006W	631200.22
YNL007C	1420495.4
YNL008C	799742.76
YNL009W	208886.32
YNL010W	2076494.2
YNL011C	335327.79
YNL012W	131054.85
YNL014W	849502.54
YNL015W	4081064.4
YNL016W	2239725.5
YNL020C	229808.18
YNL021W	652352.85
YNL022C	416649.31
YNL023C	374758.05
YNL024C	84384.401
YNL024C-A	800439.15
YNL025C	173840.27
YNL026W	554027.53
YNL027W	523593.32
YNL029C	654708.74
YNL031C	1511666.5
YNL032W	537312.61
YNL034W	127021.61
YNL035C	169385.3
YNL036W	3115943.9
YNL037C	2442711
YNL038W	265379.56
YNL039W	293592.76
YNL040W	628438.37
YNL041C	345988.42
YNL042W	178700.56
YNL044W	1849798.3
YNL045W	3015919.1
YNL046W	266410.87
YNL047C	407582.66
YNL048W	1460812.9
YNL049C	553469.98
YNL050C	221515.84
YNL051W	394846.38
YNL052W	2634539.1
YNL053W	952094.05
YNL054W	458145.31
YNL055C	7067200
YNL056W	668122.67
YNL058C	499712.32
YNL059C	684855.73
YNL061W	1354908.9
YNL062C	978825.43
YNL063W	391681.96
YNL064C	4195226.7
YNL065W	137611.27
YNL066W	1426628.1
YNL067W	1413011.7
YNL068C	400602.4
YNL069C	3298315
YNL070W	2003638.2
YNL071W	7484237.6
YNL072W	264777.4
YNL073W	1907176
YNL074C	757536.33
YNL075W	572685.47
YNL076W	431045.33
YNL077W	363860.88
YNL078W	147803.86
YNL079C	2109296.3
YNL080C	645145.27
YNL081C	381374.89
YNL082W	261386.92
YNL083W	422103.29
YNL084C	524943.65
YNL085W	834117.27
YNL086W	134934.4
YNL087W	630186.34
YNL088W	2743023.6
YNL090W	395375.48
YNL091W	1429093.4
YNL092W	202160.28
YNL093W	87643.288
YNL094W	538334.12
YNL095C	198021.51
YNL096C	2765392.6
YNL097C	431913.27
YNL097C-B	60911.12
YNL098C	1752232
YNL099C	955981.43
YNL100W	2117970
YNL101W	1337876.8
YNL102W	2177930.7
YNL103W	587938.09
YNL104C	8177867.1
YNL106C	1067867.7
YNL107W	197075.58
YNL108C	197534.52
YNL110C	834591.38
YNL111C	1834923.8
YNL112W	1502463.7
YNL113W	453980.09
YNL115C	1070342.8
YNL116W	2130144.6
YNL117W	4652211.2
YNL118C	1904430.1
YNL119W	1068453.5
YNL121C	2305471.4
YNL122C	521904.25
YNL123W	615782.79
YNL124W	641680.2
YNL125C	638427.16
YNL126W	320175.86
YNL127W	425102.23
YNL128W	82123.685
YNL129W	290342.1
YNL130C	1614853.5
YNL131W	1377573.2
YNL132W	675417.51
YNL133C	210645.79
YNL134C	4636977.8
YNL135C	2088804.7
YNL136W	315688.97
YNL137C	1348898.8
YNL138W	1527704.6
YNL138W-A	127489.38
YNL139C	4229642.2
YNL141W	581416.68
YNL142W	2899669.9
YNL144C	341210.89
YNL145W	23838.604
YNL146C-A	69628.492
YNL146W	83431.974
YNL147W	130259.34
YNL148C	254150.62
YNL149C	672491.3
YNL151C	476758.61
YNL152W	365870.57
YNL153C	185099.64
YNL154C	1682695.6
YNL155W	243707.71
YNL156C	1479602.3
YNL157W	1421839.7
YNL158W	409310.58
YNL159C	335594.06
YNL160W	2634036.3
YNL161W	935337.66
YNL162W-A	110347.86
YNL163C	1545468.9
YNL164C	369492.2
YNL165W	288206.53
YNL166C	567773.85
YNL167C	1233221.2
YNL168C	779516.61
YNL169C	2412532.1
YNL172W	2381393
YNL173C	629137.07
YNL175C	526269.59
YNL176C	1414003.8
YNL177C	603717.62
YNL178W	5062178.6
YNL180C	925324.04
YNL181W	580349.88
YNL182C	270936.6
YNL183C	1982765.9
YNL185C	870508.52
YNL186W	4368134.3
YNL187W	150129.62
YNL188W	150962.38
YNL189W	1502887.2
YNL190W	4234317.2
YNL191W	277584.24
YNL192W	2149508
YNL193W	216897.25
YNL194C	171934.18
YNL195C	389589.06
YNL197C	1004895.1
YNL199C	426585.42
YNL200C	990474.31
YNL201C	461317.53
YNL202W	165548.34
YNL204C	109903.43
YNL206C	327192.52
YNL207W	483774.65
YNL208W	5245804.2
YNL209W	4783178
YNL210W	62410.481
YNL211C	156150.46
YNL212W	766284.79
YNL213C	463492.12
YNL214W	160944.84
YNL215W	306445.37
YNL216W	2257300.3
YNL217W	438052.13
YNL218W	237517.1
YNL219C	1702567.3
YNL220W	2813216.6
YNL221C	1220690.1
YNL222W	603198.89
YNL223W	225265.68
YNL224C	228736.55
YNL225C	505512.11
YNL227C	412286.75
YNL229C	666876.35
YNL230C	184212.06
YNL231C	857972.6
YNL232W	553858.36
YNL233W	494368.39
YNL234W	137463.05
YNL236W	623286.86
YNL237W	907491.86
YNL238W	1177836.8
YNL239W	3839568.4
YNL240C	637049.73
YNL241C	4719928.4
YNL242W	663178.95
YNL243W	2093075.7
YNL244C	919178.61
YNL245C	162059.4
YNL246W	598926.51
YNL247W	983101.25
YNL248C	885140.43
YNL249C	166166.92
YNL250W	932051.87
YNL251C	1071526.2
YNL252C	801238.48
YNL253W	722617.29
YNL254C	172038.31
YNL255C	1103092.4
YNL256W	1517319.9
YNL257C	861420.39
YNL258C	572323.82
YNL259C	1907318
YNL260C	110035.58
YNL261W	261999.88
YNL262W	4191565.9
YNL263C	762698.02
YNL264C	225007.3
YNL265C	334096.95
YNL267W	2226323.7
YNL268W	2078882.7
YNL270C	86241.393
YNL271C	6211630.5
YNL272C	299624.99
YNL273W	870608.48
YNL274C	1632916.2
YNL275W	327803.27
YNL277W	2684785
YNL278W	2494954.8
YNL280C	1741806
YNL281W	1766791.5
YNL282W	247486.19
YNL283C	1164858.9
YNL284C	2233175.5
YNL286W	165276.64
YNL287W	1262508.9
YNL288W	422524.7
YNL289W	531564.25
YNL290W	593922.85
YNL291C	301323.52
YNL292W	436443.64
YNL293W	366023.32
YNL294C	381881.43
YNL295W	295838.47
YNL297C	598905.76
YNL298W	935271.19
YNL299W	535835.09
YNL300W	2106397.8
YNL301C	634266.34
YNL302C	1181998.4
YNL304W	219124.31
YNL305C	1098055.6
YNL306W	1744878.2
YNL307C	1450518.6
YNL308C	831074.02
YNL309W	134237.07
YNL310C	343949.01
YNL311C	461438.98
YNL312W	601166.41
YNL313C	571183.97
YNL314W	364115.36
YNL315C	1589389.1
YNL316C	187043.06
YNL317W	507258.11
YNL320W	428058.89
YNL321W	1009824.1
YNL322C	2032225.2
YNL323W	992075.28
YNL325C	384778.8
YNL326C	329143.51
YNL327W	2228714
YNL328C	87413.851
YNL329C	1347837.4
YNL330C	1532068.5
YNL331C	214253.33
YNR001C	8999898.4
YNR002C	2294835
YNR003C	380149.41
YNR004W	91665.602
YNR006W	1520321.9
YNR007C	323535.59
YNR008W	943268.81
YNR009W	455430.04
YNR010W	219104.37
YNR011C	483282.66
YNR012W	1021523.8
YNR013C	566393.77
YNR014W	71457.719
YNR015W	380813.16
YNR016C	37512506
YNR017W	1850889.8
YNR018W	2242942.9
YNR019W	862452.21
YNR020C	625569.84
YNR021W	1916224.5
YNR022C	920098.73
YNR023W	686711.5
YNR024W	155260.64
YNR026C	325242.77
YNR027W	294519.11
YNR028W	289871.15
YNR029C	383835.9
YNR030W	633869.24
YNR031C	6138514.6
YNR032C-A	58678.883
YNR032W	292623.78
YNR033W	1238051.4
YNR034W	344387.93
YNR034W-A	3048435.3
YNR035C	688639.44
YNR036C	2931548.8
YNR037C	1180064.6
YNR038W	501154.33
YNR039C	479510.57
YNR040W	515356.13
YNR041C	1690301.4
YNR043W	2348978.3
YNR044W	99127.207
YNR045W	737955.96
YNR046W	1121315.5
YNR047W	1163677.5
YNR048W	254531.82
YNR049C	275256.75
YNR050C	2571804.7
YNR051C	267995.4
YNR052C	1103718.9
YNR053C	1729286.4
YNR054C	238127.87
YNR055C	951887.75
YNR056C	5330983.7
YNR057C	2438840.7
YNR058W	7570017.1
YNR059W	140777.9
YNR060W	71960.318
YNR061C	305506.31
YNR063W	89761.882
YNR064C	67455.553
YNR065C	269905.67
YNR066C	88532.489
YNR067C	750882.93
YNR068C	510911.73
YNR069C	133758.96
YNR070W	71988.416
YNR071C	1723560.3
YOL001W	488258.8
YOL002C	375589.59
YOL003C	448010.36
YOL004W	9250830.3
YOL005C	314961.37
YOL006C	731726.15
YOL007C	273479.41
YOL008W	293432.8
YOL009C	331183.88
YOL010W	542981.88
YOL011W	927864.32
YOL012C	597739.88
YOL013C	902831.63
YOL014W	134738.43
YOL016C	427222.23
YOL017W	300801.88
YOL018C	217082.44
YOL019W	714376.77
YOL020W	1033271.2
YOL021C	3013203.8
YOL022C	347334.39
YOL023W	584614.71
YOL024W	113862.96
YOL025W	322456.14
YOL026C	745884.9
YOL027C	818894.2
YOL028C	198257.99
YOL029C	502119.28
YOL030W	1130974.9
YOL031C	286466.65
YOL032W	322919.41
YOL033W	548185.96
YOL034W	493614.59
YOL036W	1373176.7
YOL038C-A	107821.79
YOL038W	1858450.4
YOL039W	1263127.7
YOL040C	2519277
YOL041C	720195.49
YOL042W	381909.54
YOL043C	408331.17
YOL044W	470986.74
YOL045W	271813.35
YOL047C	61075.067
YOL048C	100008.77
YOL049W	1594752.7
YOL051W	1522565.6
YOL052C	508213.09
YOL052C-A	3220731.5
YOL053W	420806.22
YOL054W	292526.49
YOL055C	3935865
YOL056W	203846.48
YOL057W	356029.55
YOL058W	3537823.3
YOL059W	155121.01
YOL060C	1080462.7
YOL061W	1944308.5
YOL062C	689892.63
YOL063C	674592.73
YOL064C	913525.09
YOL065C	427919.69
YOL066C	403536.7
YOL067C	152630.68
YOL068C	2957546
YOL069W	303549.61
YOL070C	432595.03
YOL071W	1271856.2
YOL072W	633280.62
YOL073C	335147.3
YOL075C	503492.78
YOL076W	217662.64
YOL077C	1688000.9
YOL077W-A	302508.28
YOL078W	321469.89
YOL080C	237600.83
YOL081W	2873822
YOL082W	275437.13
YOL083W	628606.41
YOL084W	143771.61
YOL086C	7299068.9
YOL086W-A	413672.39
YOL087C	722974.53
YOL088C	613369.26
YOL089C	323807.05
YOL090W	1011239.1
YOL091W	111441.59
YOL092W	1086371.2
YOL093W	405993.84
YOL094C	289520.04
YOL095C	183215.88
YOL096C	480165.91
YOL097C	1456983.6
YOL097W-A	106907.32
YOL098C	913187.1
YOL100W	504318.29
YOL101C	229139.87
YOL102C	323511.22
YOL103W	1878782.1
YOL105C	1128482.7
YOL107W	172521.59
YOL108C	142616.41
YOL109W	3370488.4
YOL110W	519888.18
YOL111C	976830.71
YOL112W	379724.62
YOL113W	370442.76
YOL114C	80443.318
YOL115W	618622.56
YOL116W	356035.99
YOL117W	285720.37
YOL119C	1034706.5
YOL120C	2277667.1
YOL121C	781973.88
YOL122C	599815.06
YOL123W	1317084.6
YOL124C	320049.61
YOL125W	213349.3
YOL126C	529559.88
YOL127W	2614626.1
YOL128C	208780.73
YOL129W	1814356.3
YOL130W	561458.38
YOL132W	65891.529
YOL133W	232182.17
YOL135C	336869.55
YOL136C	156987.08
YOL137W	330632.41
YOL138C	903477.58
YOL139C	2419193.7
YOL140W	2325644.9
YOL141W	116799.28
YOL142W	511065.36
YOL143C	916973.99
YOL144W	284528.69
YOL145C	274041.2
YOL146W	175051.22
YOL147C	1280176.6
YOL148C	554702.14
YOL149W	313132.51
YOL151W	290827.93
YOL152W	124866.34
YOL154W	261903.31
YOL155C	6703333.4
YOL155W-A	64703.79
YOL156W	75855.534
YOL158C	4195536.9
YOL159C	478727.34
YOL159C-A	457101.4
YOL162W	77656.341
YOL163W	69564.135
YOL164W	92526.08
YOR001W	1011184.9
YOR002W	1515764.8
YOR003W	230178.88
YOR004W	621331.48
YOR005C	683070.96
YOR006C	297803.32
YOR007C	1718775.5
YOR008C	901820.72
YOR009W	186440.72
YOR010C	402101.14
YOR011W	329411.57
YOR012W	157860.57
YOR014W	1881020.9
YOR016C	751686.67
YOR017W	401558.25
YOR018W	235733.98
YOR019W	125508.77
YOR020C	1573044.2
YOR020W-A	1169926.7
YOR021C	1067464.3
YOR022C	264268.5
YOR023C	1229591.1
YOR025W	500541.89
YOR026W	690223.42
YOR027W	4412050
YOR028C	697392.74
YOR030W	271061.75
YOR031W	1167217.4
YOR032C	241399.66
YOR032W-A	65754.129
YOR033C	785104.23
YOR034C	323551.92
YOR034C-A	279910.67
YOR035C	408420.78
YOR036W	438002.18
YOR037W	456826.37
YOR038C	706783.77
YOR039W	999905.66
YOR040W	102221.79
YOR042W	1046043.4
YOR043W	690618.28
YOR044W	394053.8
YOR045W	4403183.8
YOR046C	1680670.2
YOR047C	269067.11
YOR048C	1854126.4
YOR049C	362265.58
YOR051C	621485.55
YOR052C	926797.52
YOR054C	446035.7
YOR056C	887106.82
YOR057W	502191.79
YOR058C	607238.17
YOR059C	546293.44
YOR060C	140409.81
YOR061W	1256617.6
YOR062C	211382.71
YOR063W	6374417.1
YOR064C	502066.9
YOR065W	3906186.4
YOR066W	445139.87
YOR067C	1274704
YOR069W	298502.85
YOR070C	493785.35
YOR071C	107746.93
YOR073W	874794.36
YOR074C	386650.36
YOR075W	697690.97
YOR076C	599797.06
YOR077W	55964.279
YOR078W	516641.02
YOR079C	434039.9
YOR080W	306068.62
YOR081C	463930.67
YOR083W	443147.7
YOR084W	1332390.6
YOR085W	1040691.7
YOR086C	1420036.8
YOR087W	582830.71
YOR089C	313530.04
YOR090C	412974.66
YOR091W	606469.01
YOR092W	501950.72
YOR093C	548706.3
YOR094W	256555.92
YOR095C	2877952.9
YOR096W	3571079
YOR097C	536899.82
YOR098C	571401.98
YOR099W	2670076.4
YOR100C	728442.09
YOR101W	395502.05
YOR103C	413507.33
YOR104W	359546.11
YOR106W	222624.78
YOR107W	237442.19
YOR108W	501515.7
YOR109W	1959608
YOR110W	291451.72
YOR111W	305641.24
YOR112W	312592.96
YOR113W	645223.04
YOR114W	191277.47
YOR115C	405550.15
YOR116C	4231529.1
YOR117W	1456575.3
YOR118W	431870
YOR119C	720943.94
YOR120W	4729081.3
YOR122C	1267951.4
YOR123C	591112.03
YOR124C	2678635.1
YOR125C	562793.82
YOR126C	639463.93
YOR127W	651510.96
YOR128C	2757086.5
YOR129C	523839.54
YOR130C	347687.11
YOR131C	964002.83
YOR132W	624568.8
YOR136W	4376516.4
YOR137C	254581.88
YOR138C	641144.73
YOR140W	675299.52
YOR141C	1742500.4
YOR142W	3239979.3
YOR143C	532159.56
YOR144C	887245.24
YOR145C	873655.77
YOR147W	1080642.6
YOR148C	404823.65
YOR149C	475351.34
YOR150W	969023.17
YOR151C	7993407.2
YOR152C	365185.87
YOR153W	5844419
YOR154W	322460.13
YOR155C	513671.34
YOR156C	222456.18
YOR157C	1244770.9
YOR158W	1070870.4
YOR159C	653664.41
YOR160W	562402.05
YOR161C	367491.46
YOR161C-C	62567.939
YOR162C	284911.82
YOR163W	312810.68
YOR164C	506315.91
YOR165W	985279.64
YOR166C	146683.59
YOR167C	1711666
YOR168W	2298582.5
YOR171C	928018.23
YOR172W	440195.21
YOR173W	816903.01
YOR174W	412566.45
YOR175C	1465952.1
YOR176W	708407.65
YOR178C	1059567.9
YOR179C	306923.17
YOR180C	121889.67
YOR181W	265948.14
YOR184W	2042884.3
YOR185C	1229009.6
YOR186W	234309.46
YOR187W	5744971.5
YOR188W	748277.7
YOR189W	96641.399
YOR190W	102835.66
YOR191W	598032.36
YOR192C	104091.39
YOR192C-C	422707.64
YOR193W	118199.09
YOR194C	572601.54
YOR195W	322305.81
YOR196C	689734.31
YOR197W	1750128.5
YOR198C	1848866.4
YOR201C	636578.27
YOR202W	512416.65
YOR204W	3590497.9
YOR205C	608153.7
YOR206W	679026.49
YOR207C	4182522.6
YOR208W	747036.38
YOR209C	1172751.3
YOR210W	276180.38
YOR211C	780441.9
YOR212W	236600.78
YOR213C	282355.91
YOR214C	56641.841
YOR215C	1946728.3
YOR216C	267579.62
YOR217W	667457.95
YOR219C	664455.49
YOR220W	846110.48
YOR221C	995987.3
YOR222W	705991.96
YOR223W	264449.31
YOR224C	1107016.5
YOR226C	630899.4
YOR227W	752551.9
YOR228C	911795.82
YOR229W	384406.82
YOR230W	3102741.7
YOR231W	656784.97
YOR232W	805292.49
YOR233W	676850.12
YOR234C	1648876.9
YOR236W	264317.29
YOR238W	512147.61
YOR239W	707348.01
YOR241W	1218673.3
YOR242C	113003.36
YOR243C	726798.62
YOR244W	907791.14
YOR245C	717268.51
YOR246C	1008111.5
YOR247W	5509012.6
YOR249C	289642.73
YOR250C	306416.27
YOR251C	580782.15
YOR252W	391176.59
YOR253W	580150.52
YOR254C	2154307.8
YOR256C	880307.93
YOR257W	558644.83
YOR258W	138071.11
YOR259C	1787400.6
YOR260W	1449758.6
YOR261C	1244887.1
YOR262W	291472.27
YOR264W	267691.21
YOR265W	591216.71
YOR266W	242514.82
YOR267C	1768401.3
YOR269W	306833.53
YOR270C	7364250.8
YOR271C	1629640.8
YOR272W	803288.32
YOR273C	1347428.6
YOR274W	428061.59
YOR275C	327443.25
YOR276W	1110791.1
YOR278W	433477.36
YOR279C	174139.49
YOR280C	545218.77
YOR281C	468207.46
YOR283W	949774.04
YOR284W	209807.28
YOR285W	5836683.7
YOR286W	2049751.1
YOR287C	241907.82
YOR288C	368327.38
YOR289W	593980.52
YOR290C	7422429.1
YOR291W	934007.52
YOR292C	209809.03
YOR293W	2532230.6
YOR294W	494205.39
YOR295W	230047.97
YOR296W	471039.45
YOR297C	806189.37
YOR298C-A	2331705.4
YOR298W	71415.641
YOR299W	692040.12
YOR301W	282934.99
YOR302W	4449809.7
YOR303W	5784049
YOR304C-A	272306.3
YOR304W	960238.12
YOR305W	913220.14
YOR306C	303937.12
YOR307C	777046.66
YOR308C	267581.13
YOR310C	2742612.8
YOR311C	1111203.4
YOR312C	1605378.1
YOR313C	205215.42
YOR315W	717419.36
YOR316C	1042939.8
YOR316C-A	71118.107
YOR317W	3108228.8
YOR319W	331344.35
YOR320C	959997.05
YOR321W	721107.55
YOR322C	641775.93
YOR323C	1559766.7
YOR324C	256756.26
YOR326W	1190952
YOR327C	469330.46
YOR328W	575418.03
YOR329C	606836.47
YOR330C	2073555.1
YOR332W	2299864.5
YOR334W	279932.72
YOR335C	7416431.7
YOR336W	2619243.9
YOR337W	347619.52
YOR338W	154275.25
YOR339C	26699.957
YOR340C	481811.7
YOR341W	6971217.8
YOR342C	943746.19
YOR344C	230987.25
YOR346W	319433.48
YOR347C	573004.72
YOR348C	1161769.1
YOR349W	121867.38
YOR350C	320653.37
YOR351C	68837.87
YOR352W	441103.67
YOR353C	408830.98
YOR354C	2149454.1
YOR355W	1353510.5
YOR356W	1835243.9
YOR357C	918643.81
YOR358W	553671.65
YOR359W	729042.48
YOR360C	1793843.6
YOR361C	4738472.5
YOR362C	1814370.9
YOR363C	585308.71
YOR365C	67938.423
YOR367W	519044.99
YOR368W	309569.96
YOR369C	2619829.1
YOR370C	2132438.7
YOR371C	485876.93
YOR372C	393707.06
YOR373W	361799.93
YOR374W	7150323.7
YOR375C	9747785
YOR377W	527794.89
YOR378W	469675.22
YOR380W	620680.66
YOR381W	387886.78
YOR382W	6588941.8
YOR383C	8690773.3
YOR384W	2418360.6
YOR385W	150383.2
YOR386W	477048.25
YOR387C	68962.145
YOR388C	66287.563
YOR389W	148610.87
YOR394C-A	69797.893
YPL001W	275325.51
YPL002C	244693.57
YPL003W	254079.92
YPL004C	1467202.4
YPL005W	301948.96
YPL006W	2087984.3
YPL007C	222224.03
YPL008W	1897717.1
YPL009C	413145.49
YPL010W	1121948.2
YPL011C	386362.34
YPL012W	956739.18
YPL013C	2178825.5
YPL014W	388311.6
YPL015C	276457.88
YPL016W	5085179.5
YPL017C	151536.26
YPL018W	119523.82
YPL019C	630105.42
YPL020C	784002.63
YPL022W	2352479.8
YPL023C	1866804.8
YPL024W	807068.15
YPL026C	1951021.1
YPL028W	3306258.6
YPL029W	512159.06
YPL030W	432195.68
YPL031C	1304128.1
YPL032C	1087363.2
YPL034W	135974.81
YPL036W	792348.11
YPL037C	4280007.9
YPL038W	257566.68
YPL038W-A	105451.22
YPL039W	338735.87
YPL040C	2017607.5
YPL041C	187932.92
YPL042C	731319.61
YPL043W	681986.83
YPL045W	373008.82
YPL046C	93016.941
YPL047W	64180.166
YPL048W	2580566.8
YPL049C	541103.78
YPL050C	1020394.9
YPL051W	140285.47
YPL052W	432823.58
YPL053C	971190.33
YPL054W	258312.18
YPL055C	141017.04
YPL056C	179923.15
YPL057C	1346321.4
YPL058C	3560747
YPL059W	645136.04
YPL060W	188077.18
YPL061W	6715316.5
YPL063W	910272.65
YPL064C	146991.17
YPL065W	303095.9
YPL066W	1429694
YPL067C	688693.18
YPL068C	269511.63
YPL069C	132829.56
YPL070W	262314.24
YPL071C	337016.84
YPL072W	459343.81
YPL074W	433841.21
YPL075W	605083.29
YPL076W	136935.02
YPL077C	172237.86
YPL078C	1991636.4
YPL079W	2886631.9
YPL081W	1326705.1
YPL082C	844149.14
YPL083C	307586.47
YPL084W	392350.53
YPL085W	854169.65
YPL086C	1318214.2
YPL087W	2141973.3
YPL088W	1030807.3
YPL089C	1155292.5
YPL091W	2438830.4
YPL092W	1355944.6
YPL093W	1434076.6
YPL094C	922545.86
YPL095C	323863.77
YPL096C-A	145991.09
YPL096W	486464.76
YPL097W	902211.64
YPL098C	2465226.9
YPL099C	531730.54
YPL100W	574355.07
YPL101W	913900.56
YPL103C	831305.41
YPL104W	1306610.9
YPL105C	783485.85
YPL106C	2783706.4
YPL107W	463329.16
YPL108W	188797.38
YPL109C	691618.13
YPL110C	432002.66
YPL111W	2036872.8
YPL112C	865133.18
YPL113C	496593.93
YPL115C	892788.99
YPL116W	1420475.6
YPL117C	2131339.5
YPL118W	1351241.3
YPL119C	494593.62
YPL119C-A	170010.18
YPL120W	630555.75
YPL122C	646119.91
YPL123C	526198.44
YPL124W	220947.93
YPL125W	714091.18
YPL126W	583048.38
YPL127C	1504234.8
YPL128C	450780.08
YPL129W	737332.4
YPL130W	45854.154
YPL131W	5291473.2
YPL132W	505411.77
YPL133C	301782.9
YPL134C	1899782.3
YPL135W	3977091.7
YPL137C	811339.34
YPL138C	405449.31
YPL139C	398922.58
YPL140C	436574.22
YPL141C	424064.93
YPL143W	1788396
YPL144W	320364.35
YPL145C	1008453.8
YPL146C	330108.11
YPL147W	171739.98
YPL148C	378700.28
YPL149W	416516.62
YPL150W	507982.96
YPL151C	498068.71
YPL152W	443540.73
YPL152W-A	60472.857
YPL153C	512380.44
YPL154C	6203363.9
YPL155C	409223.99
YPL156C	406532.77
YPL157W	215983.28
YPL158C	866374.6
YPL159C	512807.3
YPL160W	5320521.1
YPL161C	335888.31
YPL162C	339885.12
YPL163C	996218.06
YPL164C	538392.22
YPL166W	104747.48
YPL167C	1036091.1
YPL168W	230435.21
YPL169C	1281221.1
YPL170W	1166292.3
YPL171C	310608.95
YPL172C	678596.5
YPL173W	812085.85
YPL174C	125366.07
YPL175W	363415.02
YPL176C	757309.77
YPL177C	1672549.9
YPL178W	435085.44
YPL179W	3630740.5
YPL180W	646279.83
YPL181W	1201025.2
YPL183C	382638.73
YPL183W-A	668785.15
YPL184C	726735.07
YPL186C	503363.21
YPL187W	102695.53
YPL188W	755389.6
YPL189C-A	1388411.7
YPL189W	90791.817
YPL190C	976688.82
YPL191C	213110.98
YPL192C	133394.88
YPL193W	182758.23
YPL194W	361130.3
YPL195W	618311.08
YPL196W	563943.48
YPL199C	1089135.2
YPL200W	96626.852
YPL201C	568241.14
YPL202C	163222.54
YPL203W	865804.96
YPL204W	1311135.8
YPL206C	1108056.5
YPL207W	487921.88
YPL208W	356599.15
YPL209C	142962.86
YPL210C	1622163.5
YPL211W	1512984.6
YPL212C	1195470.2
YPL213W	211946.59
YPL214C	2593183.2
YPL215W	596477.04
YPL216W	109914.14
YPL217C	727314.52
YPL218W	2119729.8
YPL219W	471680.26
YPL221W	1122273.1
YPL222W	873075.14
YPL223C	117702.53
YPL224C	435749.23
YPL225W	898513.49
YPL226W	8416312
YPL227C	475042.35
YPL228W	996783.4
YPL229W	420554.05
YPL230W	487946.48
YPL231W	36075204
YPL232W	1070095.4
YPL233W	108857.75
YPL234C	1200082.8
YPL235W	1254807.1
YPL236C	518500.18
YPL237W	1852573.4
YPL239W	620794.96
YPL240C	2077233.4
YPL241C	293323.46
YPL242C	960534.82
YPL243W	1845947.9
YPL244C	343864.91
YPL245W	206906.24
YPL246C	1110866.8
YPL247C	334436.9
YPL249C	363129.94
YPL249C-A	1146958.3
YPL250C	1700846.5
YPL252C	3055306.9
YPL253C	305987.04
YPL254W	501371.4
YPL255W	258933.02
YPL256C	408475.35
YPL257W	86594.645
YPL258C	635885.24
YPL259C	832930.07
YPL260W	1153207
YPL262W	7107115.9
YPL263C	468951
YPL264C	344516.14
YPL265W	4789415
YPL266W	364584.74
YPL267W	226201.03
YPL268W	825298.5
YPL269W	519341.72
YPL270W	1139775.4
YPL271W	864705.26
YPL272C	139611.89
YPL273W	188441.34
YPL274W	1364866.3
YPL279C	214150.34
YPR001W	493224.68
YPR002W	4617606.3
YPR003C	233210.76
YPR004C	2500408.6
YPR005C	363866.12
YPR006C	800459.97
YPR007C	149903.25
YPR008W	749901.39
YPR009W	356695.78
YPR010C	4834271.1
YPR011C	319606.21
YPR013C	954820.02
YPR015C	61246.868
YPR016C	1359383.9
YPR017C	162318.6
YPR018W	229581.37
YPR019W	2134098.3
YPR020W	1209851.5
YPR021C	1247634.9
YPR022C	1062120.8
YPR023C	1402719.7
YPR024W	3039637.1
YPR025C	416366.68
YPR026W	1368249.8
YPR028W	2531525.7
YPR029C	415686.67
YPR030W	2205943.1
YPR031W	623786.99
YPR032W	314715.96
YPR033C	3311858.3
YPR034W	709128.38
YPR035W	6545871.6
YPR036W	3195373.7
YPR036W-A	5913866.7
YPR037C	821576.17
YPR040W	638409.2
YPR041W	577151.28
YPR042C	632066.82
YPR043W	1499616.7
YPR045C	183559.18
YPR046W	215216.86
YPR047W	674270.79
YPR048W	204324.47
YPR049C	2739109.5
YPR051W	227314.51
YPR052C	2365793.1
YPR054W	84118.035
YPR055W	430147.45
YPR056W	464840.65
YPR057W	355060.2
YPR058W	1424622.3
YPR060C	301737.47
YPR061C	440537.2
YPR062W	912833.29
YPR063C	1701321.9
YPR065W	1531189.2
YPR066W	149766.6
YPR067W	667418.4
YPR068C	198024.56
YPR069C	922169.04
YPR070W	466294.53
YPR071W	184468.86
YPR072W	916691.97
YPR073C	356397.01
YPR074C	12226878
YPR075C	495352.51
YPR078C	76500.406
YPR079W	292789.41
YPR081C	882430.52
YPR082C	630617.19
YPR083W	594150.69
YPR084W	386390.27
YPR085C	171537.16
YPR086W	951676.88
YPR088C	3521889.5
YPR089W	774633.3
YPR091C	494604.39
YPR093C	183475.71
YPR094W	123580.01
YPR095C	458694.01
YPR097W	578283.12
YPR098C	2120279.8
YPR100W	1610464.3
YPR101W	627184.88
YPR102C	1178554.9
YPR103W	1458110.5
YPR104C	427454.9
YPR105C	629086.29
YPR106W	565519.36
YPR107C	318741.46
YPR108W	1824557.3
YPR108W-A	94359.451
YPR109W	440535.48
YPR110C	887160.77
YPR111W	857627.14
YPR112C	409032.65
YPR113W	897369.9
YPR114W	1048083.3
YPR115W	1078797.9
YPR116W	61130.045
YPR117W	1307593.2
YPR118W	303209.97
YPR119W	626283.02
YPR120C	379556.81
YPR121W	192705.45
YPR122W	109908.74
YPR124W	243465.72
YPR125W	818493.16
YPR127W	304235.12
YPR128C	708665.72
YPR129W	969029.25
YPR131C	146458.5
YPR132W	1945531.7
YPR133C	885604.93
YPR133W-A	1453416.1
YPR134W	266406.69
YPR135W	1008379.2
YPR137W	603247.82
YPR138C	1469251
YPR139C	324261.24
YPR140W	632208.08
YPR141C	1286172.1
YPR143W	500961.65
YPR144C	735518.56
YPR145W	4235762.2
YPR147C	374792.04
YPR148C	1288686.9
YPR149W	3753919.1
YPR151C	741105.92
YPR152C	193515.48
YPR153W	94851.221
YPR154W	670490.03
YPR155C	913224.72
YPR156C	117299.33
YPR157W	120425.07
YPR158W	173399.77
YPR159W	1296132.9
YPR160W	7997246.5
YPR161C	471403.72
YPR162C	459574.71
YPR163C	1781995.3
YPR164W	272764.35
YPR165W	2647027
YPR166C	1323640.7
YPR167C	453351.1
YPR168W	93683.853
YPR169W	706011.46
YPR171W	348703.68
YPR172W	284521.91
YPR173C	890364.95
YPR174C	546029.68
YPR175W	951624.06
YPR176C	506857.62
YPR178W	385048.68
YPR179C	143399.8
YPR180W	465687.71
YPR181C	4194820.3
YPR182W	230777.22
YPR183W	1267474.2
YPR184W	10665071
YPR185W	745236.09
YPR186C	133717.26
YPR187W	905294.7
YPR188C	423715.28
YPR189W	2332386.9
YPR190C	801725.65
YPR191W	5030234.3
YPR192W	53256.132
YPR193C	422146.97
YPR194C	2237247
YPR196W	218368.42
YPR198W	230419.81
YPR199C	402188.08
OtherNotMapped	8088032.4
