SPAC4A8.11c	0.0012540971
SPAC926.09c	0.00095986052
SPCC417.08	0.0040009931
SPAC56E4.04c	0.00071225792
SPAPB1E7.07	0.00043975305
SPAC10F6.01c	0.00086462748
SPBC16H5.02	0.0033146613
SPAC22G7.06c	0.00051396447
SPCP31B10.07	0.0025204637
SPAC926.04c	0.0047000733
SPAC4H3.10c	0.0082901128
SPAC1834.02	0.00043569074
SPCC1739.13	0.0060157325
SPBC14F5.04c	0.011424315
SPAC9.09	0.0050112362
SPBC19C2.07	0.016935232
SPAC1F8.07c	0.0082634601
SPBC215.08c	0.00097928033
SPBC660.16	0.0044137137
SPAC23A1.10	0.018573613
SPAP7G5.04c	0.00060166738
SPAC26A3.05	0.00044847215
SPBC17G9.11c	0.00091420084
SPBC1709.05	0.0033884269
SPBC1815.01	0.013467953
SPAC110.04c	0.0012868598
SPAC18G6.05c	0.00010221823
SPAC12G12.04	0.0014967126
SPBC19C7.06	0.0013868487
SPAC6F12.10c	0.00063117691
SPCPB16A4.03c	0.0015116738
SPCC584.01c	0.0008332024
SPBC8D2.06	0.00052872749
SPAC1565.08	0.00087009343
SPBC2G5.05	0.0028865998
SPAC24C9.12c	0.0030390684
SPCC13B11.01	0.013859867
SPAC26F1.13c	0.00062316788
SPBC56F2.12	0.0052629341
SPBC32F12.11	0.01680575
SPBC14F5.05c	0.0060369193
SPCC550.14	0.00046676904
SPBC26H8.01	0.0116128
SPBC32H8.12c	0.0055197347
SPAC1556.02c	0.000856057
SPAC664.11	0.001218362
SPAC25G10.09c	0.00032561211
SPBP4H10.15	0.00037186627
SPBC17D11.05	0.0004037042
SPAC1071.10c	0.0023979504
SPCC1322.04	0.0018740944
SPBC25H2.02	0.00070500852
SPAC23H4.10c	0.0016941144
SPAC19A8.15	0.001282814
SPBPJ4664.04	0.00029327879
SPAC222.12c	0.0015071987
SPAC22A12.15c	0.0020386178
SPAC9E9.03	0.0011735445
SPBC146.13c	0.00029488059
SPAC4F8.07c	0.0021227539
SPBC839.16	0.00056200208
SPBC14F5.03c	0.0003370229
SPCC1795.11	0.0011338462
SPBC1604.21c	0.00060411137
SPAC4A8.16c	0.00064248862
SPBC8D2.18c	0.0046019504
SPBC405.01	0.0006179001
SPBC2F12.14c	0.0011229308
SPBC1921.05	0.00036836542
SPBC16D10.08c	0.00028693763
SPAC17C9.03	0.00041394253
SPBC8D2.20c	0.0004875925
SPCC191.02c	0.0018677367
SPAC1006.07	0.0025584941
SPBC1709.02c	0.00051389842
SPAC26F1.06	0.0062567132
SPAC13G6.06c	0.00062125233
SPCC794.12c	0.0013432532
SPBC1703.07	0.0012001807
SPBC215.05	0.0036482329
SPCC645.14c	0.00097558132
SPBP19A11.03c	0.00047500925
SPCC622.12c	0.0021998716
SPBC119.10	0.0011317655
SPAP7G5.02c	0.0010642585
SPBC16H5.08c	0.00051464152
SPAC694.02	0.00022975156
SPAC9E9.09c	0.0021563257
SPAC343.05	0.00069097209
SPCC1183.07	0.00012000321
SPCC162.02c	0.00041234073
SPAC19A8.04	0.00053734751
SPCC777.09c	0.0017159782
SPAC1F3.06c	6.4650138e-05
SPAC17A5.15c	0.00038081656
SPBC17A3.04c	0.0005681616
SPBC342.02	0.00025513273
SPBC17G9.03c	0.001058743
SPCC364.07	0.0019050571
SPAC23C4.02	0.00060080868
SPAC1D4.04	0.00068187318
SPAC343.16	0.00041130038
SPBP35G2.07	0.00092258967
SPBC1773.10c	0.0010841407
SPAC3C7.08c	0.00028087719
SPAC11D3.15	0.000235812
SPBC3B8.03	0.0017014959
SPAC1002.09c	0.0010355747
SPCC645.08c	0.00029552462
SPAC24C9.06c	0.00067179998
SPAC4G9.09c	0.00043806868
SPAC3A11.07	0.00076041113
SPAC3F10.03	0.00049654279
SPCC1322.13	0.00097832255
SPCC18B5.01c	0.0001900037
SPAC23H4.06	0.0026645435
SPAC13G7.02c	0.00075425161
SPAPB8E5.06c	0.0025187463
SPAC6G10.09	0.00031188944
SPBC354.10	0.00053995663
SPAC24H6.04	0.0014854505
SPBC24C6.04	0.0017185212
SPAC3G9.06	0.00065244622
SPBC17D11.07c	0.00020205852
SPAC17G8.06c	0.00070997907
SPBC4C3.05c	0.00014036428
SPCC1223.07c	0.00054472902
SPAC25G10.08	0.00082412
SPBC3H7.03c	0.00029519435
SPAC6B12.15	0.0047980146
SPBC14F5.09c	0.00099769282
SPAC57A7.04c	0.0014475851
SPAC2F3.09	0.0002924366
SPAC29A4.15	0.00086185322
SPAC3A12.18	0.00096494666
SPBC21C3.08c	0.0019199687
SPCC584.04	0.0004609398
SPBC25B2.09c	0.00051219753
SPAC688.11	0.00014776231
SPAC56F8.03	0.00026512336
SPBP23A10.07	0.00015986666
SPAC27E2.03c	0.00077963278
SPAC6B12.12	0.00027232323
SPBC26H8.07c	0.00076876693
SPAC57A7.10c	0.00039888227
SPAC1F7.05	0.00059058686
SPAC637.05c	0.00074538389
SPAC9E9.06c	0.0012294425
SPAC23C11.09	0.00027423879
SPBC27.08c	0.0023178437
SPAC26F1.03	0.0011953257
SPBC1A4.08c	0.00057603851
SPAC24H6.10c	0.001213441
SPAC29B12.04	0.0019455316
SPBC215.09c	0.0016908942
SPBC800.10c	0.00019738521
SPBC18H10.02	0.00054794914
SPCC1281.01	8.7636854e-05
SPCC1223.02	0.0057407506
SPBC1778.06c	0.00059737388
SPBC428.11	0.0033745556
SPAC25G10.05c	0.00087065489
SPAC23H4.09	0.00082950338
SPCC23B6.01c	0.00076341658
SPBC2G2.08	0.00019809529
SPBC146.14c	0.00018949178
SPAC4F10.13c	0.00018346438
SPCC962.01	0.00016191433
SPAC29A4.02c	0.0020533313
SPBC56F2.09c	0.0014100666
SPBC25H2.12c	0.00040958298
SPAC57A7.12	0.00088583075
SPBC776.03	0.0016285064
SPAC30D11.04c	9.8221973e-05
SPBC119.17	0.00012381781
SPAC4G9.03	0.0017942849
SPBC32F12.10	0.00044905012
SPBC2G2.12	0.00035269416
SPAC23G3.01	0.00013919183
SPAPB8E5.02c	0.00041115176
SPBP8B7.19	0.00021252804
SPAC20G4.08	0.00014842285
SPAC6G10.08	0.00062125233
SPBC25D12.04	0.00091763564
SPAC4F8.14c	0.0017282642
SPBC3E7.16c	0.00059737388
SPBC23G7.12c	0.00033958249
SPBC12C2.06	0.00033325784
SPCC737.08	2.2920662e-05
SPACUNK4.07c	0.00016057674
SPAC20G8.04c	0.00062229267
SPAC57A10.12c	0.00046693418
SPBC1539.03c	0.00042162129
SPAP8A3.07c	0.0017445629
SPBC2G5.06c	0.0015037804
SPAC1F12.07	0.0012191381
SPAPJ698.02c	0.0040874575
SPAC22A12.11	0.00056112687
SPCC1672.05c	0.00088513718
SPBC646.10c	0.00034648511
SPAC3C7.11c	0.0015950832
SPAC29A4.04c	0.00077076506
SPAC3H8.10	0.00053442463
SPBC12D12.03	0.00038702562
SPAC1142.02c	0.0005621507
SPAC9.03c	5.655855e-05
SPBP8B7.18c	0.00071402486
SPAC25A8.01c	0.00020607128
SPAC56E4.03	0.0011642309
SPBC106.06	0.00052765412
SPCC794.09c	0.00013484879
SPBC1A4.02c	0.0016100939
SPAC23A1.12c	0.0008149055
SPAC22H12.04c	0.0013955678
SPAC1486.04c	3.5157125e-05
SPCC70.03c	0.00052658074
SPBP8B7.03c	0.0015289138
SPAC890.06	0.00015973456
SPAC1420.02c	0.00054281346
SPBC16C6.08c	0.00064724449
SPBC17G9.09	0.00072249626
SPBC2F12.05c	0.00012715353
SPAC23D3.04c	0.0006807833
SPAC5H10.03	0.0013213068
SPBC418.01c	0.00054162449
SPBP23A10.15c	0.00080970376
SPAC14C4.14	0.0013382661
SPBC1604.05	0.00035966284
SPBC646.11	0.0004320743
SPAC22F3.06c	0.00011613906
SPAC25B8.12c	0.0037035199
SPBC685.06	0.0012794617
SPBC1539.09c	0.00034841718
SPBC16E9.16c	0.00020440343
SPAC23G3.06	0.00032486901
SPCC1840.02c	0.00013476623
SPCC24B10.21	0.0012235968
SPAC14C4.11	0.00018782393
SPBC428.05c	0.0011804967
SPAC630.03	0.00053974196
SPAC30C2.04	0.00071612207
SPAC4D7.05	0.00090028001
SPCC63.14	0.00013950559
SPBC725.01	0.00043765584
SPAPYUK71.03c	0.00014166885
SPAC19D5.04	4.0474454e-05
SPBC28F2.12	7.8356298e-05
SPAC13A11.05	0.00026368669
SPAP8A3.09c	0.0002887541
SPAC4F10.14c	0.0027481676
SPBC12C2.07c	0.0015745735
SPAC2F7.11	0.00025916201
SPAC3H5.12c	0.005462978
SPCC1827.03c	0.00065020039
SPBC1778.01c	0.00051292412
SPAC23A1.17	0.00015511079
SPBC16A3.15c	0.0012984027
SPBC23E6.04c	7.2477511e-05
SPAC3A11.12c	0.00027907723
SPAC10F6.13c	0.0008688219
SPBC16C6.13c	0.00026213443
SPAC20G8.09c	0.00012489119
SPAC3F10.11c	0.00010241639
SPAC8C9.04	0.00065145542
SPAC222.14c	0.00016767752
SPAC3H1.07	0.0013660582
SPAC8E11.02c	0.0021247024
SPBC17D1.06	0.00033031845
SPAC3H5.07	0.0010680401
SPAC20G8.06	6.2602471e-05
SPAC1F5.06	0.00014700269
SPAC26F1.07	0.0012377488
SPCC794.07	0.0010051074
SPAC144.03	0.0012378644
SPCC1183.08c	0.0033133898
SPCC1827.06c	0.0010944946
SPBC13G1.02	0.00081047989
SPBC1677.03c	0.00033466148
SPBC9B6.04c	0.00066218916
SPAC17A2.13c	0.00079915167
SPAC23C11.05	0.0021826977
SPBC16H5.10c	0.00026855816
SPBC119.01	0.00026310872
SPAC22A12.16	0.00071281938
SPBC4F6.17c	9.1814756e-05
SPCC663.01c	0.0002270929
SPCC338.14	0.0015654581
SPAC3A12.10	0.0039413631
SPAC23G3.12c	0.00016918025
SPBC1711.06	0.00035178592
SPBP8B7.16c	0.00030482169
SPBC337.05c	0.00058046412
SPBC18H10.12c	0.0019508654
SPACUNK4.16c	0.00028087719
SPAC13A11.02c	0.00051708551
SPBC26H8.10	0.0001075851
SPBC16C6.07c	0.00024553842
SPAC3G9.09c	0.00080024156
SPBC651.01c	0.00015251818
SPAC1F7.01c	7.2295863e-05
SPBP4H10.11c	0.00027826807
SPAC22F8.08	0.00027643507
SPBC713.02c	0.00014908338
SPAC22F8.05	0.00011035935
SPBC106.17c	0.00066129743
SPAC19G12.10c	0.00023705051
SPAC4F8.12c	4.5015652e-05
SPBC28F2.03	0.0040258128
SPBC17A3.07	0.00053302099
SPBC646.08c	0.00015246864
SPBC15D4.09c	0.00024676041
SPBC4B4.04	0.00029805117
SPAC1556.07	0.0011978193
SPAC13G6.02c	0.0013487191
SPCC1840.03	0.00016962611
SPAC17H9.14c	0.00054567029
SPBC609.05	0.00027701304
SPAC16E8.07c	0.00023548173
SPBC1105.02c	0.0014162426
SPBC4.07c	0.00026082987
SPAC6C3.04	0.00048975576
SPCC162.09c	0.00014237893
SPBC56F2.08c	0.00024451458
SPBC36.04	0.0010294812
SPCC338.07c	0.00015032189
SPCC1223.08c	0.00090511845
SPBC19F8.08	0.0029350667
SPCC1494.05c	0.00016247579
SPAC19G12.09	0.00057387525
SPCC31H12.07	0.00020299978
SPBC12C2.11	0.00018769182
SPCC14G10.04	0.00028989353
SPCC1906.01	0.0012423395
SPCC306.08c	0.00060809111
SPBC14C8.03	0.0008187201
SPBC582.08	0.00045101522
SPAC8C9.15c	0.00016090701
SPAC29E6.06c	0.00018775787
SPCC320.10	0.00014100831
SPBC776.09	0.00034397507
SPAC17H9.12c	0.00088711879
SPAC17G6.14c	0.00080763958
SPAC1834.11c	0.00017106278
SPBC13E7.04	0.00080654969
SPCC550.11	0.00014630913
SPAC6F12.16c	0.00010372095
SPCP1E11.06	0.00014546694
SPCC965.06	0.00077289529
SPCC5E4.05c	0.00056038377
SPBC428.02c	0.0010998615
SPBC29A3.04	0.0031977461
SPCC162.07	0.00023354966
SPCC1442.09	0.00027849925
SPCC1672.07	0.00014211471
SPAPB1E7.12	0.0016247909
SPCC1672.02c	0.00084727185
SPAC31G5.14	0.00082137877
SPBPJ4664.06	0.00010694107
SPBC1215.02c	0.00015436769
SPAC926.08c	0.00028497253
SPAC343.10	0.0002397422
SPBC15D4.15	0.0010030597
SPCC23B6.04c	9.9510021e-05
SPBC1198.08	0.00042637716
SPBC646.09c	0.00053287237
SPBC16G5.14c	0.003048415
SPAC227.18	0.00081566512
SPCC576.08c	0.0030500333
SPAC458.02c	0.00023757894
SPAC1805.17	0.00017793237
SPBC18E5.01	0.00060424348
SPCC1682.16	0.00032795702
SPAC637.07	0.00050750771
SPCC132.04c	6.250339e-05
SPBC660.13c	0.00016090701
SPBC18E5.07	0.00043174403
SPCC613.10	0.00046313609
SPAC23G3.11	0.00032331675
SPBC23E6.10c	0.00041750944
SPBC776.02c	0.00060080868
SPAC3F10.04	0.00025229242
SPBC3E7.05c	0.00018833584
SPAC4D7.08c	0.00041788925
SPBC215.12	0.00010626402
SPBC3F6.03	0.0016592875
SPBP16F5.08c	0.00040700689
SPBC557.03c	0.00028204965
SPBC1306.01c	9.2392726e-05
SPBC16H5.12c	0.00031236833
SPCC576.03c	0.0072510043
SPAC6B12.04c	0.00022382324
SPCC18B5.07c	0.0002778222
SPBC83.08	0.00025818772
SPBC947.02	0.00015674562
SPAC29B12.07	7.5862768e-05
SPBC18H10.04c	0.0010398186
SPBC26H8.03	0.00017007197
SPAC1B1.03c	0.00023743032
SPAC10F6.03c	0.00056860746
SPCC1020.06c	0.0024874698
SPBC12C2.03c	0.00023843764
SPCC1753.04	0.00051246175
SPCC1322.05c	0.00019682375
SPCC306.09c	0.0004275331
SPCC736.15	0.0010575706
SPCC18.14c	0.0030970471
SPAC1142.06	0.00078848399
SPAC21E11.08	0.00028847338
SPBC18E5.02c	0.00026855816
SPCC132.01c	7.9115916e-05
SPBC14C8.04	0.00060199765
SPAC6F12.13c	0.00079915167
SPBC365.14c	0.00057764032
SPBC4C3.03	0.00042271117
SPBC56F2.02	0.0010152631
SPBC25H2.16c	0.00022846352
SPAC4D7.09	0.00020278511
SPAC2G11.03c	6.7589532e-05
SPAC3G9.03	0.0032329858
SPBC21C3.15c	0.00025468687
SPAC5H10.06c	0.00029010821
SPCC16A11.02	0.0001072218
SPBC16E9.05	0.00055054175
SPBC16H5.11c	0.00017340769
SPCC1672.03c	0.00030858675
SPAC11D3.14c	6.6664779e-05
SPBC30D10.13c	0.0010407434
SPAC767.01c	0.00017504252
SPBC460.02c	0.0005510867
SPAC26H5.10c	0.0048819854
SPAC7D4.10	0.00031108028
SPCC613.06	0.00048770809
SPAC2G11.07c	0.00045157667
SPBC29A10.01	0.00015441723
SPBC646.05c	0.00027993592
SPAC144.12	0.00076105515
SPAC27F1.02c	0.00057220739
SPAC24C9.03	0.00037776157
SPBC16G5.05c	0.001508817
SPAC5H10.01	0.0015852412
SPBC16A3.08c	0.0013799461
SPBC577.06c	3.5933257e-05
SPBC106.04	9.0757895e-05
SPBC25D12.05	0.00016818944
SPCC1840.05c	0.00018604047
SPAC821.11	0.00031588569
SPBC16E9.02c	0.00011177951
SPACUNK4.10	0.00098865997
SPBC21D10.11c	0.00020192641
SPCC1442.16c	0.00074762972
SPAC1F7.13c	0.0061830798
SPBC29A3.09c	0.00015900796
SPAC1F7.02c	0.00024183941
SPBC646.13	0.00076818896
SPAC521.03	0.00063263009
SPBC215.15	0.00081142116
SPAC323.04	0.00018698174
SPAC3H5.05c	0.0024553677
SPBC16D10.11c	0.0025655949
SPBC16A3.05c	0.00042637716
SPCC830.07c	0.00056860746
SPBC776.08c	8.3921329e-05
SPAC30C2.08	0.00016193084
SPCC1281.06c	0.00030809135
SPAC19B12.03	6.5360216e-05
SPBC1734.11	0.00068514285
SPBC56F2.04	2.7693048e-05
SPCC330.06c	0.0043987525
SPBC14F5.06	0.00029004215
SPCC364.06	0.00079188576
SPAC1B3.03c	0.00047411753
SPBC543.02c	0.0002041227
SPBC2G2.11	0.00024122841
SPAC22F3.10c	0.00023896607
SPAC821.10c	0.0041100314
SPBC19F5.03	0.00013118281
SPAC607.05	0.0002539933
SPAPB1E7.09	0.00036854707
SPAC1751.03	0.00029344392
SPBC4C3.06	8.7801989e-05
SPAC10F6.06	0.0023067632
SPCC290.03c	3.9302e-05
SPBC713.12	0.00045274913
SPBC4.06	0.00026969759
SPCC1442.06	0.00047689179
SPCC1682.05c	0.00013266902
SPCC1183.02	0.00070149116
SPBC28F2.11	0.00071734406
SPAC16C9.06c	5.5947553e-05
SPBP8B7.11	0.00038610086
SPCC584.11c	0.00024053484
SPAC823.14	0.0011804967
SPBC6B1.08c	0.00047342396
SPBC19G7.10c	0.00015314569
SPAC32A11.04c	0.00036202426
SPBC12C2.08	0.00012863974
SPCC162.08c	3.1094817e-05
SPCC1223.14	0.00064925913
SPAC139.01c	6.0505264e-05
SPBC947.15c	0.00019910261
SPAC3G9.11c	0.00011747665
SPAC57A10.10c	0.00029890987
SPCC285.13c	0.00014964484
SPBC4F6.18c	0.0014113546
SPAC30.04c	6.3956574e-05
SPAPB24D3.08c	0.00026571785
SPBC11B10.02c	0.00046551402
SPBC713.04c	0.00010231731
SPAC6G9.12	0.00024464669
SPAPB8E5.07c	7.4888474e-05
SPAC31G5.04	0.00074672148
SPBP8B7.05c	0.00081185051
SPAC56F8.10	0.00022096641
SPBC2G2.16	0.00026327386
SPBC119.12	0.00012594805
SPBC3D6.02	0.0015522143
SPBC660.07	9.2822076e-05
SPBC16C6.02c	1.7140956e-05
SPAPB8E5.09	0.00023123777
SPAC1F5.10	0.0001339901
SPCPJ732.02c	0.00020560891
SPACUNK4.12c	8.6646047e-05
SPAC22E12.07	0.0002187371
SPAC9G1.05	0.00031423435
SPAC694.04c	0.00032959185
SPAC2F3.06c	7.7712274e-05
SPAC343.09	0.00041415721
SPAC9.07c	0.00032959185
SPCC1259.09c	0.00027286817
SPBC1271.04c	0.00043286694
SPAC21E11.06	0.00015737313
SPBC1271.12	0.00023369828
SPCC736.13	0.00014343579
SPAC2C4.16c	0.0017984463
SPCC548.06c	0.00045808297
SPBC30D10.05c	0.0005945666
SPCC622.18	0.0013941806
SPBC1289.05c	0.00061621572
SPCC576.10c	0.00027273606
SPAC16.02c	0.00036095089
SPAC18G6.04c	0.00019763291
SPAC630.14c	0.00020600523
SPBC1711.04	0.00032640476
SPAC1486.01	0.0012063567
SPBC27B12.13	0.00063180442
SPAC1486.06	0.00024212013
SPAC16.03c	0.00027754147
SPBC11C11.02	0.00010253198
SPAC30.01c	3.3769996e-05
SPAC1952.11c	0.00021082716
SPBP35G2.14	0.00013821754
SPCC825.01	0.00014835679
SPAC890.04c	0.00019850813
SPBC12C2.04	0.00026551969
SPBC4F6.13c	0.00014670545
SPAC23C4.17	8.0024156e-05
SPAP8A3.12c	0.00011088779
SPBC409.10	0.0005460501
SPBC14C8.06	0.0012145969
SPAC27D7.14c	6.0951127e-05
SPBC530.07c	0.0032462626
SPBC14C8.02	0.00015550711
SPAC22G7.01c	0.00031770217
SPAC20H4.01	9.2111998e-05
SPAC1635.01	0.0010885663
SPAC17A5.14	4.9672443e-05
SPBC354.12	7.3749047e-05
SPBC365.13c	0.00012442881
SPBC800.05c	0.00039701625
SPAC1296.02	0.000601816
SPBC106.15	0.00041351318
SPBC36.07	3.9846943e-05
SPAC25H1.07	0.00014056245
SPBC887.04c	0.00011138319
SPBC3D6.06c	0.00028492299
SPAC11G7.03	0.00034067238
SPCC338.15	0.00040664359
SPAC1486.05	9.0097357e-05
SPAC24H6.07	0.0018260568
SPBC1289.04c	0.00015407044
SPBC543.06c	5.6129201e-05
SPAC7D4.07c	0.0013209435
SPBC776.04	0.00012013531
SPBC725.08	0.00019669165
SPBP8B7.20c	0.00016145195
SPBC3H7.15	0.00023567989
SPAC23D3.06c	5.1554976e-05
SPBC1826.01c	5.2380648e-05
SPAC3G9.05	0.00010606586
SPAC22H12.01c	0.00028639268
SPBC1703.13c	0.0010109036
SPAC13G7.04c	0.00025471989
SPBC1604.12	6.9191336e-05
SPCC18.18c	0.0002307754
SPAC23H3.09c	0.00025599143
SPAC1250.01	3.7221306e-05
SPCC962.03c	0.00016937841
SPAPJ760.02c	0.00025574373
SPAC1F5.02	0.00033575137
SPCC757.09c	0.00043851454
SPCC162.03	0.00043240456
SPBC83.15	0.0001558539
SPAC19G12.15c	0.00013689646
SPBC646.16	0.00038946961
SPAC27D7.06	0.0002262342
SPAC12G12.07c	0.00048893009
SPAC16.04	0.00010763464
SPAC29A4.18	0.00034305031
SPCC24B10.09	0.0011536458
SPCC1682.10	0.00048092107
SPAC5D6.13	0.00012951495
SPAC17H9.13c	0.00017373796
SPAC16C9.02c	0.00033926873
SPAC3G6.01	5.0547656e-05
SPBC1604.07	0.00045677841
SPAC23H4.01c	7.7596679e-05
SPCC1450.12	5.7004413e-05
SPBC428.15	0.00014893476
SPCC962.04	0.0054712347
SPAC15A10.04c	0.00031464719
SPAC821.05	0.00078293547
SPAC1F3.05	0.00018021123
SPCC126.06	0.00022666355
SPAC1687.21	0.00057892836
SPBC3D6.13c	0.00016594361
SPAC24H6.13	0.00015785202
SPBC2D10.10c	0.0012148446
SPCC895.06	0.00015933823
SPBC29A10.07	0.00010048431
SPBC18H10.03	0.0003548244
SPAC1A6.04c	0.00064295099
SPAC23C4.19	6.0505264e-05
SPAPB2B4.05	0.00019644395
SPCC74.03c	6.9323443e-05
SPAC17G8.04c	0.0010757023
SPBC36.05c	0.00013910926
SPBC31A8.01c	0.00080575705
SPAC222.11	0.00038007346
SPAC1687.06c	0.0016066922
SPCC1235.05c	3.4876396e-05
SPAC1565.05	8.1526879e-05
SPAC17G6.05c	7.1470191e-05
SPAC23H4.15	6.6532671e-05
SPBC725.15	0.00032772584
SPAC16E8.01	0.00015512731
SPAC1834.01	0.00024401918
SPAC24C9.08	0.00040396841
SPBC215.11c	0.00024314397
SPAC8C9.08	0.0013399835
SPCC1682.02c	0.00015750524
SPAC6G10.11c	0.0024135886
SPBC16G5.01	0.00045293078
SPBC9B6.10	0.00011318315
SPAC17G6.15c	0.00023815691
SPBC25H2.05	0.0022326343
SPCC14G10.02	3.1887463e-05
SPBC1711.13	0.00045392158
SPBC543.09	8.4466273e-05
SPBC29A3.02c	0.00019606414
SPAC1805.16c	0.00045894167
SPAC806.02c	6.6202402e-05
SPBC31E1.02c	5.6376902e-05
SPAC15A10.16	3.0318686e-05
SPCC1919.09	0.00076488627
SPAC18B11.10	0.0001532778
SPCC737.06c	0.00023660464
SPAC22A12.07c	0.00016234368
SPCC777.06c	0.00029017426
SPBC1289.07c	0.00043790354
SPCC757.07c	0.0001204821
SPAC922.07c	7.036379e-05
SPCC594.01	0.00010945112
SPCC285.17	0.00039741257
SPAC15A10.11	5.0101793e-05
SPBC17G9.08c	7.3402264e-05
SPAC140.02	0.00050136471
SPCC1393.13	0.000235201
SPBC530.10c	0.00045859489
SPAC5H10.10	0.00023921377
SPAC9.10	0.00019857418
SPCC5E4.03c	7.0396817e-05
SPAC17C9.12	0.0013377212
SPBC11G11.07	3.7006631e-05
SPAP27G11.10c	3.5916744e-05
SPAC1071.07c	0.00095487346
SPAC2F7.13c	0.00021990955
SPBC19G7.05c	5.1753138e-05
SPAC31G5.16c	0.00042271117
SPBC725.09c	0.00027557637
SPCC1827.02c	0.00025387771
SPBC31F10.16	9.1071651e-05
SPBC83.01	0.00010456314
SPAC664.05	0.003481992
SPCC31H12.05c	0.00025916201
SPAC4G9.16c	0.0005465455
SPBC16C6.06	5.0580683e-05
SPAC4G9.10	0.00014956227
SPAC17G8.01c	5.5650311e-05
SPBC9B6.11c	0.0001479935
SPAC4F10.02	0.00012520494
SPBC713.03	0.00034597319
SPAC9G1.03c	0.0022938662
SPAC1A6.07	0.00019324034
SPCC330.05c	0.00027455254
SPBC1703.02	9.6455034e-05
SPBC2G2.04c	0.0017231945
SPAC12B10.07	0.00023530008
SPAC31G5.13	0.00035774728
SPCC16C4.13c	0.0041108406
SPBC4C3.10c	0.00078998671
SPAC19G12.11	0.00019910261
SPBC1A4.09	0.00015375669
SPAC328.03	0.00026697287
SPBC1709.08	2.9658148e-05
SPBC4C3.07	0.00063263009
SPBC19G7.15	0.00022554064
SPBC3E7.10	0.00029618515
SPBC947.01	9.1055137e-05
SPBC1A4.03c	3.3588348e-05
SPAC139.02c	0.00040928574
SPAC8F11.10c	0.00032714786
SPAC22H10.12c	0.00019814483
SPCC11E10.01	0.00026036749
SPBC8E4.04	0.0003166288
SPAC1A6.10	0.00024141006
SPAC1039.06	0.00011833535
SPAC13G6.11c	0.00013271856
SPCC188.06c	0.00017479482
SPAC6G10.02c	4.5032165e-05
SPCC31H12.08c	7.3435291e-05
SPAC328.06	4.423952e-05
SPAC977.14c	0.00029593745
SPBC902.05c	0.00027443695
SPBC1271.14	0.00030909867
SPBC216.07c	3.0715008e-05
SPCC830.10	0.00030482169
SPCC74.01	0.0001866845
SPCC16C4.09	7.8950782e-05
SPAC1527.03	0.00011965642
SPAC56F8.05c	0.00069262344
SPAC22F8.06	0.00039833733
SPBC1604.08c	0.00024284673
SPBC23G7.08c	6.139699e-05
SPBC17A3.05c	0.00018328273
SPBC19C7.10	7.376556e-05
SPBC30B4.05	5.8325489e-05
SPCC737.09c	0.00011959037
SPCC1322.14c	0.0001588098
SPBC31F10.07	0.00012599759
SPAC13A11.01c	0.00010994652
SPAC20G8.05c	5.0564169e-05
SPAC26A3.15c	0.00065170312
SPBC56F2.07c	4.1828557e-05
SPAC1F5.11c	1.1295197e-05
SPAC6C3.08	0.00024286324
SPAC1786.01c	7.0694059e-05
SPCC663.09c	0.00046019669
SPBC409.07c	7.8488405e-05
SPCC162.11c	0.00018364603
SPAC1805.08	0.0011059219
SPAC17G6.06	0.0012683482
SPBC685.07c	0.0014737094
SPBC12C2.10c	3.786533e-05
SPBC11B10.01	0.00022147833
SPAC513.05	6.7985854e-05
SPCC1672.06c	6.4650138e-05
SPBC582.07c	0.00015963548
SPBC1861.05	6.8150989e-05
SPBC354.14c	0.00011886378
SPAC1782.01	2.3762848e-05
SPBC354.01	0.00013947256
SPBC2G2.02	8.5688268e-05
SPAC31A2.14	4.5362434e-05
SPAC18G6.07c	0.00015740616
SPBC19F5.05c	0.00021218126
SPAC4A8.14	0.0003486814
SPAC15E1.04	0.00013588914
SPAC29A4.16	0.00012271141
SPCC4B3.07	0.00015048703
SPBC18E5.12c	0.00010921993
SPCC1223.01	5.7400736e-05
SPAC26A3.16	0.00052847979
SPAC343.14c	0.00018765879
SPAC31G5.03	0.0038012465
SPBP8B7.17c	9.1187245e-05
SPAC4H3.01	0.00011376112
SPBC1271.02	6.0637371e-05
SPBC354.07c	0.00037658912
SPAC328.10c	0.00060919751
SPBC1604.14c	6.8761986e-05
SPAC1805.05	0.00019740172
SPCC16C4.07	0.00018988811
SPAC19B12.05c	3.4017697e-05
SPAC824.07	0.00027070491
SPAC6F6.10c	0.00037627536
SPCC1919.03c	0.00033182117
SPCC1450.04	0.0019664376
SPCC576.11	0.00084656177
SPCC4G3.04c	0.00015157691
SPBC1289.03c	0.0024081722
SPBC776.15c	0.000156597
SPAC19B12.01	3.3142485e-05
SPAC17G6.10	0.00014754763
SPCC70.05c	6.8365663e-05
SPAC31G5.05c	0.00077292832
SPAPB1A10.12c	0.0002237737
SPAC27F1.07	0.00027366082
SPBC800.09	0.00021084367
SPAC9E9.11	0.0004479272
SPBC23E6.07c	5.3866859e-05
SPAC9E9.10c	3.882311e-05
SPBC577.15c	8.4317652e-05
SPAC1B3.13	0.00017922042
SPCC18.15	0.00021363444
SPBC106.16	0.00033305968
SPAC2G11.11c	6.1842853e-05
SPBC21D10.09c	4.5824811e-05
SPAC513.07	0.00017254899
SPBC21C3.14c	6.6103321e-05
SPBC1347.05c	0.00013574052
SPAC1805.04	2.6041703e-05
SPBC17G9.06c	0.00032224337
SPAC4F10.09c	7.9347105e-05
SPBC651.08c	5.1967812e-05
SPAC30C2.02	0.0001524191
SPAC2F7.05c	0.00013995145
SPBC8D2.10c	0.00012594805
SPAC3C7.14c	0.0026695471
SPBC13G1.11	0.00018158184
SPAC23H3.15c	0.0002000769
SPBC691.05c	7.2659159e-05
SPCP1E11.02	0.00019634486
SPAC890.07c	0.00034876396
SPAC22E12.18	0.00011301802
SPBC1773.04	0.00028152122
SPBC26H8.08c	0.00023283958
SPAC4D7.01c	1.960146e-05
SPBP8B7.29	5.0481602e-05
SPAC6F12.17	8.0552586e-05
SPCC1672.12c	0.00022146181
SPBC11G11.02c	7.7629706e-05
SPAC26H5.09c	0.0010169475
SPAC27F1.06c	0.00016771055
SPAC26F1.14c	0.00012877185
SPAC3H1.05	0.00038743845
SPAC23G3.02c	1.0287876e-05
SPBC4B4.09	9.6091738e-05
SPAC4F10.10c	0.00016594361
SPBC1734.03	9.2822076e-05
SPBC691.04	6.5541864e-05
SPCC126.08c	0.00022497918
SPCC1620.08	0.00014056245
SPBC26H8.06	0.00030833905
SPAC1687.19c	0.00018665147
SPCC1682.14	0.00017211964
SPBC21B10.08c	0.0033568862
SPAC4A8.13c	0.00034902818
SPAC20G4.06c	0.0012163969
SPBC4F6.05c	0.00015918961
SPBP22H7.07	8.6976316e-05
SPBC1289.06c	6.0885073e-05
SPAC1F3.01	5.5468663e-05
SPCC4B3.03c	6.8415204e-05
SPAC2F3.13c	8.5803862e-05
SPAC26A3.11	0.00035127401
SPAC806.04c	0.00012897001
SPBC16G5.08	0.00027934144
SPAC4G9.08c	3.6032338e-05
SPAC31A2.07c	3.6065365e-05
SPBC660.11	0.0001925798
SPAC11H11.06	0.00021559954
SPAC1F7.12	0.00021449314
SPBC3B9.03	8.1956229e-05
SPBC21B10.03c	0.0001677766
SPBC27B12.08	3.6461687e-05
SPAC15A10.02	6.3147415e-05
SPBP22H7.02c	4.5659676e-05
SPBP22H7.08	0.0098578168
SPAC140.01	0.00034567595
SPCC1322.08	6.2817146e-05
SPBC3E7.07c	0.00023496981
SPAC688.07c	5.1835705e-05
SPAC18G6.14c	0.0024721288
SPCC4B3.01	0.00053672
SPBC119.08	0.00010324206
SPAC57A10.02	8.3326845e-05
SPAC29E6.03c	3.6280039e-05
SPBC1539.07c	0.00016262441
SPBC30D10.18c	0.00037391394
SPAC664.06	0.00023508541
SPCC31H12.03c	0.00019228256
SPAC23D3.13c	2.1302344e-05
SPCP1E11.04c	0.00015544106
SPBC16A3.12c	6.0521777e-05
SPAC1D4.08	0.00012196831
SPAC9G1.02	3.8327707e-05
SPBC1703.10	0.00031139404
SPCC1494.07	3.3968157e-05
SPAC23A1.14c	0.0001507017
SPBC16D10.10	0.00014734947
SPAC3F10.13	8.3805735e-05
SPBC3B9.01	0.00034645208
SPBC26H8.12	0.00052956968
SPAC328.01c	2.75114e-05
SPBC23E6.06c	0.0003399623
SPAC17A2.05	0.00014538437
SPAC3H8.02	9.681833e-05
SPBC1105.01	2.6834349e-05
SPAC6F6.07c	0.0023955229
SPBC2F12.04	0.0014119161
SPAC1071.08	0.0023388818
SPAC19E9.01c	0.00011037587
SPBC4.03c	0.00010059991
SPAC23C11.11	0.00042172037
SPAC6G9.10c	1.7884061e-05
SPBC6B1.06c	7.1536245e-05
SPBC365.01	7.8521432e-05
SPBC31F10.06c	0.0010547303
SPCC1020.07	0.00024418432
SPBC30D10.17c	0.00020263649
SPBC19F5.04	0.00034060632
SPBC1773.07c	0.00044151999
SPAC24B11.10c	5.2595323e-05
SPBC4F6.16c	0.00020029158
SPCC74.05	0.0020919398
SPAC16E8.17c	0.00019340547
SPAC17G6.12	4.7938532e-05
SPBC23E6.05	0.0001865689
SPAC589.12	8.3838762e-05
SPAC6G9.08	9.0576247e-05
SPAC3C7.12	4.2356987e-05
SPCC18.05c	8.0519559e-05
SPAC1782.06c	0.00027262047
SPAC630.09c	8.3244278e-05
SPAC22F3.13	7.3484832e-05
SPBC405.06	8.1857148e-05
SPBC4F6.04	0.00069265646
SPCC1739.14	3.8195599e-05
SPAP7G5.05	0.0014352496
SPAC22H10.03c	0.00010553743
SPCC285.08	0.00017773421
SPBC577.10	0.00025508319
SPAC323.02c	0.00031841225
SPAC644.05c	0.00047895597
SPAC637.09	5.5039313e-05
SPBC1711.07	0.00016708304
SPBC1685.14c	5.8011733e-05
SPAC1B3.09c	2.846918e-05
SPAC13G7.06	0.00027896163
SPCC645.05c	1.8462032e-05
SPBC17G9.04c	7.4855447e-05
SPBP8B7.25	0.0013117125
SPAC821.06	0.00011326572
SPAPB1E7.03	2.2986716e-05
SPCC1235.14	0.00097804182
SPAC8F11.04	0.00016013088
SPCC1450.14c	6.6218916e-05
SPBC30D10.03c	0.00013943953
SPCC1739.12	0.00021229685
SPBC16H5.07c	0.00030612625
SPAC26F1.12c	0.00013076997
SPBC24C6.05	0.00034577503
SPBC1711.08	0.00091357333
SPCC737.02c	0.00046052696
SPBC115.03	0.00012520494
SPCC1620.06c	0.00025356395
SPAPB1A10.13	9.5414687e-05
SPAC6G10.07	0.00011807113
SPAC17D4.04	7.0545438e-05
SPAC637.13c	9.1368893e-05
SPAPB1E7.05	4.0821237e-05
SPBC1347.02	0.00021845637
SPAC23A1.03	0.00037792671
SPAC3F10.16c	0.00015114756
SPBC14F5.07	9.2425753e-05
SPAC16C9.04c	9.293767e-05
SPAC3F10.09	0.00036787002
SPBC16A3.01	0.00012680675
SPAC1F3.09	8.9469847e-05
SPAC23G3.10c	8.991571e-05
SPBC1711.12	0.00016234368
SPBC17D11.08	0.00014142115
SPBC428.03c	0.00038312844
SPCC70.02c	0.000536109
SPCC74.02c	4.3876224e-05
SPAC11D3.02c	0.00020853179
SPAPJ698.03c	2.9360906e-05
SPAC3A12.17c	0.00011495009
SPAC13G7.08c	6.3246495e-05
SPAC644.04	6.7160182e-05
SPCC4G3.18	0.00011769132
SPAC22A12.08c	9.7594462e-05
SPBC83.17	0.00085090481
SPCC11E10.07c	0.00013714416
SPAC1250.05	0.001438222
SPBC1703.03c	9.4605528e-05
SPCC1795.05c	0.00019652651
SPCC4G3.17	0.00050985262
SPBC577.08c	0.00029890987
SPAC1142.04	5.0035739e-05
SPBC83.16c	0.00016179874
SPBC29A10.13	0.00023383039
SPAC12B10.16c	0.00012604713
SPAC1805.13	0.0013806231
SPAC11E3.07	0.00020962167
SPCPB16A4.05c	0.00017208661
SPBC1734.01c	5.267789e-05
SPAC12G12.06c	0.00019619624
SPAC1B2.04	0.00055361325
SPAC24B11.11c	5.4775098e-05
SPAC3A11.13	0.000294154
SPBC106.14c	6.8547311e-05
SPCPJ732.01	7.084268e-05
SPBP8B7.06	0.0024419257
SPAC2F3.03c	8.9502873e-05
SPBC2D10.14c	2.0212457e-05
SPBC839.10	3.2514974e-05
SPCC613.05c	0.0020224347
SPBC30D10.14	0.00018040939
SPAC13G7.12c	6.5492324e-05
SPAC18G6.03	0.00038535776
SPBC1773.14	4.6386268e-05
SPCC550.15c	0.00016738028
SPAC8C9.03	6.4551058e-05
SPCC24B10.07	4.1514801e-05
SPCC794.03	0.00012414808
SPAC4G9.15	0.00013377542
SPAC1B9.02c	7.5301311e-05
SPAC3A12.14	0.00042271117
SPAP11E10.01	0.00013486531
SPAC11G7.02	8.454884e-05
SPAC1783.05	3.6065365e-05
SPBC11B10.09	8.9288199e-05
SPAPB2B4.04c	2.7841669e-05
SPCC1020.08	6.0042887e-05
SPBC409.13	0.00028173589
SPBC2G5.01	0.00014761369
SPAC23C4.15	0.00017223523
SPAC24B11.06c	0.00022417002
SPCC16C4.08c	0.00011026027
SPBC4F6.06	5.7598897e-05
SPBC577.12	7.1635326e-05
SPAC20H4.10	3.8591922e-05
SPBC646.04	6.734183e-05
SPBC1198.05	0.00039330073
SPBC19G7.16	8.1609447e-05
SPAC1B3.06c	8.5737808e-05
SPAC6F12.05c	0.00012026742
SPBC29A3.06	0.00013887807
SPAC222.09	0.00013247086
SPCC895.07	2.2177557e-05
SPAC17G6.13	9.3267939e-05
SPAC4D7.04c	0.0001488522
SPBC106.03	0.00026020236
SPCC1442.14c	0.001123228
SPCC645.10	0.00013161216
SPCC330.08	0.00010621448
SPBC660.12c	8.0387452e-05
SPBP4G3.02	0.00085579279
SPCC4G3.14	0.00011587485
SPBC211.04c	3.4001184e-05
SPAC29A4.08c	8.8495553e-05
SPAC19A8.07c	7.8026029e-05
SPBC1711.10c	7.1437164e-05
SPCC594.02c	0.00050063812
SPAP32A8.02	0.00011460331
SPCC1620.11	5.6244795e-05
SPAC1F7.04	0.0004782624
SPAC1F5.03c	0.00019697238
SPBC3H7.01	9.5777983e-05
SPCC1235.02	0.00016544821
SPCP1E11.11	6.3774926e-05
SPAC8E11.10	0.00043988516
SPBC18E5.06	0.0020303942
SPAC869.05c	4.5098219e-05
SPAC4G9.12	0.00063315852
SPBC1734.15	5.6905332e-05
SPAC27E2.10c	8.5886429e-05
SPAC26H5.04	4.2191853e-05
SPAC1002.03c	0.00016051069
SPAC27F1.09c	1.6513445e-05
SPBC1711.16	0.00011219235
SPBC800.06	0.00012477559
SPCC16C4.10	0.00025726296
SPBC18H10.14	0.001489777
SPCC1682.09c	0.00016343357
SPBC13A2.02	8.7389152e-05
SPCC553.02	8.7801989e-05
SPAC4D7.13	5.8408056e-05
SPCC320.11c	0.00019864023
SPAC22G7.05	9.1220272e-05
SPCC663.15c	4.9210067e-05
SPAC1093.05	6.1661205e-05
SPAC17A2.09c	8.8412986e-05
SPBC25D12.03c	5.6740198e-05
SPCC1919.05	5.2116433e-05
SPBC582.09	0.00029271733
SPAC16E8.06c	5.3454022e-05
SPBP4H10.13	0.0011589962
SPAC10F6.02c	3.4925937e-05
SPAC25B8.04c	0.00013177729
SPBC25B2.05	7.0116089e-05
SPAC2C4.12c	8.1956229e-05
SPAC222.08c	0.00026040052
SPAC6G9.02c	4.8103666e-05
SPCC1450.02	8.5688268e-05
SPAC9E9.07c	0.00014115693
SPAC17H9.05	0.00010253198
SPAC23C4.05c	9.0906516e-05
SPBC1105.04c	6.9554632e-05
SPAC664.08c	3.0252632e-05
SPCC338.10c	0.00056854141
SPAC23G3.03	0.00011344737
SPCC736.12c	0.00015681168
SPBC337.15c	0.00011737757
SPAC1687.11	2.3564686e-05
SPBC1709.17	5.401548e-05
SPAC9G1.06c	5.1257734e-05
SPBC12C2.12c	0.0001960146
SPCC1739.06c	5.2562296e-05
SPCC4G3.15c	5.7962193e-05
SPBC409.06	0.00010892269
SPAC24C9.05c	0.0001678922
SPBC1709.15c	4.5015652e-05
SPBC1773.17c	8.5341485e-05
SPAC17G6.16c	3.9929511e-05
SPBC1778.10c	5.9349322e-05
SPAC19G12.05	0.00030530058
SPAC4F10.20	0.0017125268
SPBC146.07	7.6605873e-05
SPBP23A10.10	4.7476155e-05
SPBC2D10.11c	0.00022841398
SPAC1F3.07c	0.00019778153
SPCC1393.06c	3.6940577e-05
SPAC19A8.12	3.0797575e-05
SPBC29A3.18	0.00042355336
SPBC11C11.10	4.864861e-05
SPAC890.08	0.0013751737
SPAC9.02c	0.00024406872
SPBC8D2.03c	0.0011950945
SPCC126.03	6.4055654e-05
SPBC2F12.02c	0.00016665369
SPAC4C5.01	0.0002587822
SPBC21C3.12c	0.00016536564
SPBPB7E8.02	5.3701724e-05
SPBC1703.05	0.00013995145
SPBC17G9.10	0.0018009729
SPAPJ696.02	9.6884384e-05
SPBC1347.09	0.00011247308
SPAC13C5.01c	0.00027356173
SPAC6G10.04c	0.00031778474
SPBC800.08	8.1543393e-05
SPAC4A8.12c	0.00010220171
SPAC16C9.03	8.2269984e-05
SPBC3B8.02	0.00011128411
SPBC8E4.01c	6.9818847e-05
SPAC9G1.12	0.00011219235
SPAC5D6.01	0.0018539645
SPBC4.04c	3.6445174e-05
SPBC31E1.06	2.118675e-05
SPAC1002.18	0.00011770784
SPBC4B4.01c	6.7606045e-05
SPBC13G1.08c	9.7247679e-05
SPBC11G11.03	0.00062216056
SPCC613.08	0.00011949129
SPBC11G11.05	0.00016222809
SPBC17D1.02	5.1439382e-05
SPAC959.03c	4.3083579e-05
SPBC16G5.07c	6.3345576e-05
SPCC338.13	3.8046978e-05
SPCC1919.10c	2.4885762e-05
SPCC1827.04	5.0217387e-05
SPAC22E12.16c	2.3333498e-05
SPAC23G3.09	3.8046978e-05
SPBC16H5.04	0.00038975034
SPBC1604.04	5.6244795e-05
SPBC337.10c	0.0001796828
SPBC337.03	7.376556e-05
SPBC32H8.10	8.5011216e-05
SPBC23G7.15c	0.00092917854
SPAC29B12.01	2.1814261e-05
SPAC17A2.03c	0.00020684742
SPAC30D11.03	4.4470708e-05
SPBC1773.01	0.00011760876
SPBC3D6.12	2.0806941e-05
SPAC31G5.17c	0.00098834621
SPCC1393.09c	0.00014867055
SPBC16A3.02c	0.00020555937
SPCPB1C11.03	4.2356987e-05
SPCC550.09	2.2904149e-05
SPAC6F6.15	0.00028330467
SPCC1620.14c	3.5388313e-05
SPAC3H5.10	0.0015503318
SPBC1539.06	0.0010936029
SPAC167.05	5.1736624e-05
SPAC3A11.11c	0.00011610603
SPBC9B6.08	0.00043308162
SPBC106.05c	0.00025780791
SPBC1289.01c	6.6284969e-05
SPBC1683.11c	4.0111159e-05
SPBP23A10.05	6.2519904e-05
SPAC1687.01	0.00041663422
SPAC13D6.02c	0.0011070614
SPBPB21E7.07	0.00032686714
SPBC216.03	0.00012621226
SPAC1B3.05	3.4744289e-05
SPAC23H3.06	5.4378775e-05
SPBC16H5.06	0.00067713382
SPBC776.11	0.0020366362
SPAC4G8.07c	5.5864985e-05
SPAC823.03	4.9375201e-05
SPAC631.01c	0.00022032239
SPAC22E12.03c	0.00017289577
SPAC1805.06c	0.00020897765
SPBC16A3.18	0.00011092081
SPBP4H10.04	5.5353069e-05
SPCC1450.13c	0.00024207059
SPBC725.04	0.00012248022
SPBC146.03c	1.6843714e-05
SPCC970.03	0.00027975428
SPAC23C11.13c	0.00034871442
SPAP27G11.09c	6.6780373e-05
SPBC13A2.03	0.000170105
SPAC22H10.05c	6.149607e-05
SPBC13G1.09	9.9774236e-05
SPBC887.03c	3.4826856e-05
SPAC1952.09c	0.00015963548
SPBC8D2.15	6.8910607e-05
SPBP4H10.05c	0.0001718224
SPBC16D10.03	9.5166985e-05
SPBC3F6.05	1.2352057e-05
SPBC1604.03c	7.5449932e-05
SPAPB1A10.06c	2.1318858e-05
SPBC2D10.12	0.00036078575
SPBC29A10.12	0.00021398122
SPAPYUG7.05	0.00033865774
SPCC645.07	2.7445346e-05
SPAPB17E12.14c	0.00014290736
SPAC17H9.09c	0.00016346659
SPBC16D10.09	0.00024363937
SPBC28F2.09	7.5813227e-05
SPCC16C4.18c	7.4029775e-05
SPAC1D4.14	1.720701e-05
SPBC1685.10	0.0036452275
SPBC1289.11	9.5249552e-05
SPAC56E4.06c	5.3553103e-05
SPAC9E9.13	0.00073968675
SPBC3H7.07c	0.00011770784
SPBC3B8.09	5.4098047e-05
SPCC1281.03c	0.00028056344
SPCC777.13	3.882311e-05
SPCC895.03c	0.00010236685
SPBC25B2.10	0.0001263774
SPAC1805.02c	0.00018001307
SPBC365.12c	5.7846599e-05
SPBC365.03c	0.001245378
SPAC13G6.10c	0.00046194712
SPAC1786.02	0.00012302517
SPCC576.09	0.0016575371
SPBC31F10.11c	5.9200701e-05
SPBC31F10.13c	2.8370099e-05
SPBC16E9.11c	0.0001342378
SPBC1347.04	0.00013922486
SPAC1782.11	0.0023946147
SPBC902.04	4.4933085e-05
SPBC23E6.09	4.3479901e-05
SPCC330.09	5.0630223e-05
SPAC4F10.11	6.3708872e-05
SPCC16A11.13	5.948143e-05
SPBC3F6.01c	0.00014361743
SPAC24C9.11	2.0146403e-05
SPAC2G11.09	2.602519e-05
SPAC29A4.20	9.0741382e-05
SPAC1F7.09c	8.4251598e-05
SPBC3B9.19	0.00018769182
SPAC1B3.01c	0.00049332266
SPAC23D3.07	0.00022405443
SPCC1442.10c	0.00015023933
SPCC550.06c	0.0013395872
SPAC17A5.16	2.5694921e-05
SPCC126.05c	5.607966e-05
SPAC227.07c	0.00014261011
SPBC1604.20c	4.5180786e-05
SPAC3H1.02c	2.4984843e-05
SPAC57A7.08	7.9314078e-05
SPAC1071.02	3.1573707e-05
SPBC1709.18	8.1114043e-05
SPAC1296.01c	5.948143e-05
SPAC23A1.11	0.0014938063
SPBC3B8.08	8.2170904e-05
SPCC4F11.02	0.00034676584
SPAC11E3.14	3.1028764e-05
SPBC1703.14c	3.1986544e-05
SPAC8E11.04c	7.8637026e-05
SPCC18.17c	9.9014618e-05
SPBC29A10.04	1.0964928e-05
SPBC337.06c	0.0001735398
SPCC364.04c	2.0641807e-05
SPCC18.13	7.3947208e-05
SPAC5H10.08c	0.00014994208
SPCC10H11.01	3.4199345e-05
SPCC320.14	0.00011405837
SPBC21B10.10	0.00030173367
SPBC32F12.03c	0.0011186373
SPBC1861.03	3.2052597e-05
SPCC16C4.03	0.00027298376
SPBC6B1.02	3.2465433e-05
SPCC830.03	4.9077959e-05
SPAC2G11.02	2.7709561e-05
SPAC24C9.02c	0.00016057674
SPCC663.13c	0.00014943017
SPCC18.16c	0.00013232224
SPCC1450.15	0.0001735398
SPBC36B7.03	0.0001209775
SPBC25B2.01	6.3857493e-05
SPBC1861.04c	8.1609447e-05
SPBC3B9.10	9.4110125e-05
SPAPB21F2.02	4.5940405e-05
SPBC19G7.01c	3.1078304e-05
SPBC887.01	0.00036479852
SPBC1198.02	8.4317652e-05
SPBC1347.06c	0.00013083603
SPAC17C9.06	3.4034211e-05
SPCC622.14	0.00026622976
SPAPB18E9.01	3.5256206e-05
SPCC18.06c	0.0001864368
SPAC15F9.02	6.8547311e-05
SPBC29A3.15c	0.00018296897
SPCC576.14	0.00016511794
SPAPB1A10.09	2.8964583e-05
SPCC790.02	3.940108e-05
SPAC23H4.07c	0.00010560348
SPBC244.02c	3.738644e-05
SPAC1B2.05	4.7360561e-05
SPBC8D2.17	0.00016242625
SPAC4A8.03c	4.1828557e-05
SPAC4A8.07c	5.847411e-05
SPAC688.04c	0.00034547779
SPAC10F6.17c	7.1470191e-05
SPAC13G6.04	0.00052405419
SPAC16E8.14c	0.00018174698
SPCC16A11.17	2.415917e-05
SPBC3B9.14c	7.1569272e-05
SPBC1271.07c	0.00031139404
SPAC13C5.04	0.00013195894
SPCC553.08c	4.7591749e-05
SPCC622.09	0.0016831164
SPAC12G12.03	0.00012621226
SPCC1840.06	0.00025686664
SPCC794.11c	9.9922857e-05
SPCC188.02	4.8235774e-05
SPBC21D10.12	9.8073352e-05
SPBC19F5.02c	4.821926e-05
SPBC17G9.02c	0.00020603826
SPBC660.15	8.0701207e-05
SPBC8E4.03	0.00017332512
SPCC895.09c	0.00013775516
SPAC57A10.03	0.00013588914
SPAC15A10.13	4.2356987e-05
SPBC14F5.08	7.0611492e-05
SPBP8B7.21	4.6700023e-05
SPAC144.17c	2.6256378e-05
SPBC1778.05c	0.00011983807
SPCC1795.02c	0.00019758337
SPAC227.13c	8.3310331e-05
SPBC409.20c	0.00017051784
SPCC4B3.05c	0.00024015503
SPAC20G8.01	1.8098736e-05
SPAC890.02c	3.398467e-05
SPAC664.02c	4.5593622e-05
SPAC57A10.07	5.4246668e-05
SPCC74.06	1.1460331e-05
SPAC2F3.10	2.3564686e-05
SPBC13E7.08c	5.7318169e-05
SPAC2C4.15c	0.00015710892
SPAC17A2.04c	0.00015146132
SPAC1F12.10c	0.00018064058
SPAC23D3.09	9.8634809e-05
SPBC3F6.02c	0.00046097283
SPBC4B4.08	0.00017030316
SPCC16C4.11	0.00010629705
SPBC1778.08c	0.0003957282
SPAC23D3.02	9.0080844e-05
SPAC1486.09	7.5037095e-05
SPBC16C6.09	7.1255516e-05
SPBC106.10	2.9806769e-05
SPAPB17E12.11	0.00028576517
SPAC23C11.17	0.00011521431
SPBC2D10.08c	7.3369237e-05
SPBC3B9.16c	2.2739014e-05
SPCC1393.03	0.0008452407
SPBC9B6.06	5.905208e-05
SPCC4G3.13c	0.00012533705
SPBC17A3.01c	3.987997e-05
SPAC24B11.13	0.00012018485
SPBC11C11.07	0.00047188821
SPBC30D10.07c	0.00010302739
SPCC4B3.06c	8.3987383e-05
SPCP31B10.08c	0.00050081977
SPBC3F6.04c	3.5305746e-05
SPAC630.08c	0.00028769724
SPAC27F1.03c	0.00019051562
SPBC19F8.03c	3.2102138e-05
SPBC365.11	5.2776971e-05
SPBC800.03	5.0498116e-05
SPAC1556.01c	2.2986716e-05
SPBC215.07c	5.2776971e-05
SPBC365.10	3.3158998e-05
SPAC17C9.08	8.1213124e-05
SPAC30D11.11	0.00010020359
SPAC4G9.17c	3.7221306e-05
SPAC16E8.04c	0.00019163853
SPCC794.08	3.7221306e-05
SPAC23C4.12	2.1318858e-05
SPBC14C8.14c	4.1217559e-05
SPBC21C3.11	4.5989945e-05
SPAC29B12.06c	5.9184188e-05
SPAC26A3.12c	3.6098391e-05
SPCC5E4.07	0.00060244351
SPBC25B2.03	0.00014924852
SPBC32H8.03	0.00023295517
SPAC3F10.19	0.00026386834
SPBC4F6.07c	4.1151506e-05
SPCC622.10c	1.3260297e-05
SPAC57A10.11c	8.6233211e-05
SPBC19C7.12c	9.140192e-05
SPCC965.03	0.00013306534
SPAC23C4.14	8.4086463e-05
SPAC644.17c	0.00010017056
SPAP8A3.04c	0.00093890496
SPBC14F5.13c	8.6480913e-05
SPAC1687.15	0.00011002909
SPAC1002.12c	3.9169892e-05
SPBC29B5.04c	2.8535233e-05
SPCC794.10	2.1335371e-05
SPAC637.08	6.2437337e-05
SPAC17G8.14c	2.0394105e-05
SPAC19G12.08	0.00032909645
SPBC887.17	4.2439554e-05
SPBC1289.08	0.00012181969
SPBC19C2.01	3.7138738e-05
SPAC22F8.09	3.9797403e-05
SPAC1556.08c	3.9417594e-05
SPBC83.02c	0.00033363765
SPAC664.03	8.3888302e-05
SPAC18B11.02c	4.0325833e-05
SPAC29A4.05	0.00026082987
SPBC405.07	0.001043336
SPAC1783.08c	0.00037761295
SPAC3A12.12	5.756587e-05
SPBC119.06	0.00017837824
SPAC3A12.07	0.00014682104
SPAC227.10	0.0001777177
SPAC12G12.02	5.0547656e-05
SPAC1687.22c	3.8278166e-05
SPCC569.08c	0.00026588298
SPAC18G6.15	8.6431373e-05
SPBC17D1.03c	7.9677374e-05
SPCP25A2.03	2.8766422e-05
SPBC646.02	1.9717054e-05
SPAC2E1P5.05	6.8761986e-05
SPAC644.08	0.00010743648
SPBC119.15	0.00040068224
SPAC1610.02c	8.4945163e-05
SPAC30D11.14c	0.00013552585
SPBC16C6.11	0.00047829543
SPBP4H10.12	0.00049807854
SPAC1783.07c	4.476795e-05
SPAC607.06c	8.8363446e-05
SPBC8D2.01	0.00015141178
SPBP19A11.01	0.00039122003
SPBC646.12c	1.3458458e-05
SPAC31A2.10	3.2184705e-05
SPAC26F1.09	3.3769996e-05
SPBC36B7.08c	0.00019251375
SPBC29A3.01	5.0068766e-05
SPBP26C9.02c	6.1578637e-05
SPAC21E11.05c	1.6546472e-05
SPAC7D4.05	9.9212779e-05
SPBC146.10	7.1123409e-05
SPAC1F7.07c	8.0470019e-05
SPBC839.05c	0.00048504943
SPAC3H5.06c	1.1014468e-05
SPBC31F10.12	0.00012703793
SPBC6B1.10	0.00011490055
SPAC1142.07c	0.00018100387
SPAC25H1.08c	9.9278833e-05
SPCC1322.16	0.00014411284
SPBPJ4664.01	2.262342e-05
SPAC18B11.04	5.5749391e-05
SPBC887.10	7.2262837e-05
SPBC17G9.07	0.00063327411
SPAC12B10.01c	1.0122742e-05
SPAC19B12.09	0.00014069455
SPAC57A7.06	2.6619674e-05
SPBC25H2.09	9.1170731e-05
SPCC1739.09c	0.00039439061
SPAC750.01	0.00018044242
SPBC4.02c	2.8716881e-05
SPBC15C4.05	2.3036256e-05
SPAC23D3.11	6.0257562e-05
SPBC215.10	0.00013430385
SPAP8A3.08	0.00027934144
SPBC713.09	4.3314767e-05
SPBC691.03c	3.2944323e-05
SPBC146.12	6.4716192e-05
SPBC83.14c	4.8780717e-05
SPBP35G2.05c	8.6910263e-05
SPBC4B4.07c	4.5940405e-05
SPAC1071.06	0.00010003845
SPAC6F6.03c	3.4513101e-05
SPCC1259.02c	9.3284452e-05
SPBC1D7.01	0.00012677372
SPBC216.06c	6.4237302e-06
SPAC23C4.09c	0.000275114
SPAPB24D3.10c	4.6749564e-05
SPBPB8B6.05c	0.00011793903
SPAC19A8.05c	5.1736624e-05
SPBC2F12.03c	4.1234073e-05
SPBC216.04c	0.00013514604
SPBC30D10.02	0.0001574557
SPAC2G11.10c	3.7931384e-05
SPAC4G9.13c	5.4510883e-05
SPBC691.02c	1.8577626e-05
SPAC17A5.09c	4.7294507e-05
SPBC21C3.09c	0.00025310158
SPAC17A5.13	8.0403965e-05
SPCC970.10c	2.3647254e-05
SPBC3B9.13c	0.00015953639
SPAC23C4.08	0.00017051784
SPAC11E3.11c	4.6947725e-05
SPCC1672.11c	2.4885762e-05
SPAC607.03c	0.0016723827
SPCC11E10.05c	2.4671087e-05
SPBC16E9.13	3.9500161e-05
SPAC4A8.04	0.00025678407
SPCC1235.15	0.00026505731
SPCC16A11.16c	0.00010748602
SPACUNK4.15	0.00029593745
SPAC144.04c	0.00013220664
SPAC343.02	6.3229982e-05
SPBC21C3.13	0.0010562825
SPAC1D4.13	5.5386095e-05
SPCP1E11.08	0.0001288379
SPAC22F3.08c	5.1654057e-05
SPBC15C4.02	8.555616e-05
SPAC1F5.07c	4.1547828e-05
SPBC2D10.09	4.8846771e-05
SPAC630.11	0.00031532424
SPBC23G7.04c	3.3522294e-05
SPBP23A10.08	9.8899024e-05
SPAPB2B4.02	0.00017119489
SPBC1A4.05	1.4383211e-05
SPAC2G11.06	5.5716364e-05
SPAC22A12.12c	6.9290416e-05
SPCC553.04	3.441402e-05
SPBC409.15	0.00010715575
SPCC1259.15c	0.00049771524
SPAC1F7.08	0.00012910212
SPCC16A11.05c	9.336702e-05
SPAC1782.10c	0.00029674661
SPAC3A12.05c	1.8709734e-05
SPAC19A8.08	2.0625293e-05
SPAC3A12.13c	3.8311193e-05
SPBC11C11.08	0.00033926873
SPBC14F5.11c	2.3333498e-05
SPBC1198.13c	5.8358516e-05
SPAC2C4.04c	0.00014655683
SPAC31A2.02	0.00050328027
SPAC2G11.14	3.2333326e-05
SPAC11E3.04c	0.00020742539
SPAC6F6.05	0.00034972174
SPAC3H1.09c	4.3430361e-05
SPAC15E1.08	0.00022425259
SPCC1322.09	0.00016534913
SPAC1002.07c	8.359106e-05
SPCC1902.02	6.5310676e-05
SPAC4F10.18	0.00022104898
SPCC736.03c	2.8254505e-05
SPBC409.21	0.00012951495
SPAC17G6.11c	4.6468835e-05
SPBC1921.03c	2.4142657e-05
SPACUNK4.17	3.1639761e-05
SPAC2F3.11	5.4164101e-05
SPAC9G1.11c	7.6242577e-05
SPAC1565.01	0.00017621497
SPAC13G6.09	5.7846599e-05
SPAC144.06	2.2755528e-05
SPAC823.08c	7.8488405e-05
SPBP4H10.20	0.00011942524
SPAC11E3.15	0.0018863143
SPAC17H9.11	0.00019722008
SPAC23E2.01	4.6468835e-05
SPAC26A3.17c	0.00010367141
SPBC1539.10	7.0727086e-05
SPBC19C2.14	0.00011288591
SPAC16E8.08	5.5831959e-05
SPBC16E9.19	0.00010139255
SPAC631.02	3.9979051e-05
SPAC24H6.09	7.4409584e-05
SPAC1786.03	0.00011859956
SPAC12B10.03	4.3149633e-05
SPBC17A3.08	5.0531143e-05
SPBC530.04	0.00012599759
SPBC428.19c	5.4775098e-05
SPCC1223.11	0.00013881202
SPAC23H3.10	5.5105367e-05
SPBC649.02	0.00077069901
SPBC800.04c	0.00025074015
SPAC22E12.10c	7.0628005e-05
SPBC24C6.02	1.1377764e-05
SPAC4G9.20c	9.7610975e-05
SPAC589.09	3.8509354e-05
SPBC365.20c	7.3005942e-05
SPAC5H10.05c	0.0003317386
SPAPB1A10.10c	0.00013334607
SPAC24C9.14	6.734183e-05
SPBC21H7.07c	0.00011514825
SPBC211.02c	2.0394105e-05
SPAC10F6.16	0.00015240259
SPBC4F6.14	2.209499e-05
SPCC830.11c	0.0001026806
SPCC1827.01c	3.9648782e-05
SPAC2F7.02c	5.5452149e-05
SPBC13E7.07	6.7952827e-05
SPAC18G6.06	5.650901e-05
SPBC16A3.04	6.5393243e-05
SPAC6G9.07c	0.00018949178
SPBC713.07c	5.8391543e-05
SPAC1782.05	4.8978879e-05
SPAC1565.07c	1.322727e-05
SPAC1039.02	6.1479557e-05
SPCC285.16c	1.1509871e-05
SPAC12B10.02c	7.3369237e-05
SPAC4F8.03	0.00021964534
SPBC14F5.12c	2.6685728e-05
SPAC110.03	0.00048404211
SPBC839.08c	5.7912653e-05
SPAC13D6.03c	0.00019195229
SPAC14C4.04	0.00018412491
SPAC17C9.09c	0.00043787052
SPAC8C9.12c	6.5541864e-05
SPAC644.11c	5.7020927e-05
SPBC21H7.02	0.00015339339
SPAC6G10.05c	2.1368398e-05
SPAC11D3.04c	0.00011024376
SPAPB24D3.06c	9.1368893e-05
SPAC959.02	0.0001330158
SPCC188.03	2.0922535e-05
SPAC823.15	0.00013973677
SPAC167.02	3.7881843e-05
SPBC14C8.16c	0.00010793188
SPBC12C2.13c	4.4421168e-05
SPCC825.02	0.00040614819
SPAC56F8.11	8.9321226e-05
SPBC1861.08c	6.5607918e-05
SPAC105.02c	0.00043967048
SPAC26F1.04c	5.6261308e-05
SPBC2D10.18	4.9639417e-05
SPCC1620.01c	0.00016523353
SPAC23A1.08c	0.0026054749
SPBC29A3.10c	0.0002451421
SPBC13E7.02	1.6662066e-05
SPBC428.04	0.00044109064
SPAC20G4.07c	8.8148771e-05
SPBC646.07c	0.00027166269
SPBC651.09c	3.2217732e-05
SPAC6F6.12	5.8209895e-05
SPCC11E10.06c	5.7136521e-05
SPAC343.19	1.4085969e-05
SPBC354.05c	5.2066893e-05
SPBC17F3.01c	5.8853919e-05
SPAC2E1P3.04	3.7369927e-05
SPBC16C6.05	6.4749219e-05
SPCC1494.10	3.3654401e-05
SPBC56F2.15	0.00020996846
SPAC1B3.18c	0.00015816578
SPBC23G7.05	0.00030599414
SPAC16E8.15	0.00019783107
SPBC27B12.11c	4.5048679e-05
SPAC664.09	3.2762675e-05
SPCC1183.01	3.5454367e-05
SPBC16A3.09c	5.2760458e-05
SPBC29A10.06c	6.4815273e-05
SPAC9.12c	2.7792128e-05
SPBC409.05	0.00018437262
SPBC29A10.16c	0.00071681563
SPAC25B8.06c	3.2283786e-05
SPAC4H3.07c	0.00032310207
SPCC1827.05c	5.3965939e-05
SPBC28E12.06c	9.6603655e-06
SPAC227.09	3.9648782e-05
SPBC215.01	6.1595151e-06
SPCC548.04	0.0001669179
SPBC12C2.02c	7.2659159e-06
SPBC83.13	4.6947725e-05
SPAC13G7.11	8.3128684e-05
SPCC1919.15	1.6463905e-05
SPBC337.13c	9.5480741e-05
SPCC364.03	0.00043025782
SPAC823.05c	3.9384567e-05
SPBC428.01c	3.8889164e-05
SPBC36B7.07	5.7962193e-05
SPAC5H10.13c	0.00016906465
SPCC1672.09	3.5157125e-05
SPAC26A3.08	9.8634809e-05
SPCC1753.01c	0.00018187909
SPBC9B6.07	3.3357159e-05
SPAC57A10.09c	0.00022360856
SPAC29B12.10c	6.5508837e-05
SPAP27G11.13c	0.00021513717
SPBC887.18c	1.5885934e-05
SPAC13G6.14	4.7608263e-05
SPAC17A2.14	2.5414192e-05
SPAC17A5.12	3.5157125e-05
SPBC336.04	1.9584946e-05
SPBC651.02	5.3619157e-05
SPAC3A12.15	1.0618145e-05
SPBC1D7.04	0.00044852169
SPBC56F2.11	0.00023782664
SPBC1703.06	1.4581372e-05
SPCC285.03	2.6289405e-05
SPBC713.10	0.00011795554
SPCC1902.01	3.1623248e-05
SPBC887.14c	1.1443818e-05
SPBC25H2.13c	1.0849334e-05
SPCC1235.09	0.00017253248
SPBC28F2.02	6.8613365e-05
SPBC1734.04	0.0001061154
SPCC970.08	1.4085969e-05
SPCC663.03	1.1625465e-05
SPCC757.08	7.227935e-05
SPAC13G7.13c	4.2241393e-05
SPAC11D3.18c	4.3975305e-05
SPAC1D4.10	5.3239348e-05
SPBC25B2.06c	0.00013237178
SPAC222.19	0.00018571021
SPCC1223.06	3.1540681e-05
SPCC306.03c	5.7846599e-05
SPCC338.05c	0.00032123605
SPAC1071.01c	1.6216203e-05
SPBC11G11.04	0.00010687502
SPBP35G2.11c	6.6565698e-05
SPAC9E9.15	4.8384395e-05
SPAC824.02	3.6544254e-05
SPCC188.08c	1.9898702e-05
SPCC18.09c	2.5810515e-05
SPBP8B7.26	0.00014573115
SPAC2F3.17c	0.00016543169
SPCC191.07	0.00094874697
SPCC965.14c	0.00016303725
SPCC18.03	1.1328223e-05
SPBC365.04c	9.1104678e-05
SPCC1682.01	0.00068765289
SPCC1442.08c	0.00039927859
SPAC15A10.05c	3.0351712e-05
SPAC1A6.09c	5.2347622e-05
SPCC1235.01	8.4185544e-05
SPBC4F6.09	5.6129201e-05
SPAC6F12.06	0.00013759003
SPAC23C11.03	6.9224363e-05
SPBP4H10.06c	1.0172282e-05
SPAC10F6.10	1.0684199e-05
SPAC15E1.03	0.00057603851
SPAC17G8.03c	4.3149633e-05
SPAC2C4.06c	3.8046978e-05
SPAC25G10.06	0.0011777224
SPAC15E1.05c	5.4709044e-05
SPAC644.16	7.9297564e-05
SPAC6G9.11	0.00010403471
SPMIT.08	0.00017900575
SPAC630.12	0.00010836123
SPAPB17E12.13	0.00035858946
SPBC1778.03c	6.8217042e-05
SPAP32A8.03c	6.978582e-05
SPCC18.11c	0.00029494665
SPCC736.14	2.6900402e-05
SPBC1718.06	1.3937348e-05
SPAC2E12.02	0.00011963991
SPAC1F7.10	6.1760285e-05
SPCC825.03c	9.7495381e-05
SPBC1685.02c	0.00056454515
SPBC27.01c	0.00027666626
SPAC589.06c	0.00035082815
SPAC17H9.16	0.00023305425
SPAC16C9.05	4.4107412e-05
SPAC4F8.02c	0.00014450916
SPAC6B12.07c	2.9096691e-05
SPBC16E9.09c	7.616001e-05
SPAC2F7.14c	0.00010836123
SPBC31F10.04c	3.6643335e-05
SPBC29B5.03c	0.00022479753
SPAC30D11.09	3.2349839e-05
SPAC6F12.08c	2.1434452e-05
SPBC1709.14	2.9096691e-05
SPCP1E11.10	4.9639417e-05
SPCC1840.11	0.00011189511
SPAC4F10.15c	6.1743772e-05
SPBC1105.03c	8.0420479e-05
SPAC3F10.08c	4.222488e-05
SPBC3E7.15c	8.0701207e-05
SPAC27D7.02c	2.4126144e-05
SPBC36.09	2.9063664e-05
SPAC8F11.08c	8.8759768e-05
SPBC1652.02	0.00015355853
SPCC584.15c	2.7346265e-05
SPCC162.05	3.3687428e-05
SPBC15C4.01c	7.180046e-05
SPAC664.10	8.9337739e-06
SPBC1215.01	6.5096001e-05
SPAC637.10c	0.00017778375
SPCC962.06c	6.5987727e-05
SPAC5D6.12	1.476302e-05
SPBC1709.07	3.3786509e-05
SPAC19B12.13	5.8787865e-05
SPAC23E2.02	1.6381338e-05
SPBC16D10.06	0.00023075888
SPCC126.15c	0.00022299757
SPBC2F12.10	6.1578637e-05
SPBC947.13	4.7244967e-05
SPAC13C5.05c	2.3845415e-05
SPAC22E12.04	3.0302172e-05
SPCPB16A4.04c	5.0547656e-05
SPBC29A3.07c	0.00010728785
SPBC1683.06c	0.00025869963
SPBC725.02	5.4031993e-05
SPAC23G3.08c	2.3961009e-05
SPAC17A5.02c	3.1573707e-05
SPAC1006.09	2.2260124e-05
SPAC343.04c	3.6924064e-05
SPAC20G4.01	7.9825995e-05
SPAC12G12.05c	0.00011349691
SPAC14C4.06c	4.5329407e-05
SPCC16A11.03c	3.3357159e-05
SPCC1259.12c	3.5173638e-05
SPBC947.14c	6.7688612e-05
SPAC1039.10	0.00012470954
SPBC16D10.01c	4.5874351e-05
SPAC644.14c	3.4116778e-05
SPACUNK4.08	1.5918961e-05
SPAC1B3.08	2.2045449e-05
SPCC613.03	0.00011324921
SPAC12G12.01c	2.8766422e-05
SPCC1795.03	5.2000839e-05
SPAC20H4.03c	0.00014211471
SPAC10F6.09c	2.113721e-05
SPBC3E7.02c	0.00014533483
SPAC1006.05c	2.7296725e-05
SPCC1259.03	0.00013838267
SPBC119.18	9.0295519e-05
SPBPB2B2.13	4.6320214e-05
SPBC23G7.07c	3.7072685e-05
SPAC8E11.07c	0.00014943017
SPAC31A2.09c	4.9441255e-05
SPAC4F8.13c	9.0163411e-06
SPCC191.01	8.7124937e-05
SPAC19A8.14	8.6365319e-05
SPAC6F12.07	0.00029494665
SPCC550.03c	1.763636e-05
SPAC4A8.05c	8.1741554e-06
SPAC22A12.06c	2.2260124e-05
SPBC12D12.07c	0.0001187647
SPBC18E5.11c	3.9302e-05
SPAC31A2.04c	0.0003485658
SPCC1223.09	0.00014122298
SPCC1494.04c	4.8334854e-05
SPCC4B3.04c	1.7388658e-05
SPBC23G7.16	0.00056469378
SPAPB1A10.16	0.00011229143
SPMIT.11	0.00029800163
SPAC23C11.15	1.4862101e-05
SPAC26H5.02c	9.1814756e-06
SPCC126.12	6.5360216e-05
SPAC6B12.09	4.1168019e-05
SPAC24C9.10c	7.2114216e-05
SPAC30D11.13	7.8769134e-05
SPAC4G8.11c	1.9865675e-05
SPAP8A3.03	6.9967468e-05
SPAPB1E7.10	5.9663078e-05
SPBC1E8.02	2.8221478e-05
SPAC22A12.09c	2.5480246e-05
SPCC24B10.17	0.00025174747
SPAC17H9.04c	7.1338084e-05
SPBC530.05	2.5199518e-05
SPBC15D4.01c	4.3859711e-05
SPAC227.12	3.1309492e-05
SPBC29A10.17	5.1241221e-05
SPBC16G5.04	9.2326673e-05
SPCC737.07c	3.3092944e-05
SPAC22G7.04	3.743598e-05
SPAC1D4.02c	0.00014287433
SPAC6G9.14	1.9816134e-05
SPAC6G10.03c	3.0764549e-05
SPCC16A11.09c	0.00025820423
SPAC824.08	5.0432062e-05
SPBC336.02	0.00014650729
SPAPB17E12.04c	2.5562813e-05
SPAC644.13c	0.00014211471
SPAC26H5.07c	4.9804551e-05
SPAC821.03c	7.3468318e-05
SPBC19C7.08c	3.1755355e-05
SPAC1327.01c	2.7544427e-05
SPBC725.14	3.786533e-05
SPCC970.09	6.9026201e-06
SPBC1539.04	0.00010862544
SPCC965.13	9.8998105e-05
SPBC16G5.11c	3.6560768e-05
SPBC337.09	0.00020186036
SPBC20F10.07	6.9538118e-05
SPCC285.05	0.00015709241
SPCC576.02	6.1363963e-05
SPAC644.12	4.333128e-05
SPAC10F6.14c	2.3597713e-05
SPCC4B3.18	4.6105539e-05
SPBC1734.12c	0.00011637025
SPBC1709.06	1.7058389e-05
SPBC1734.13	0.00011998669
SPAC8C9.14	6.0686911e-05
SPBC13E7.01	1.284746e-05
SPAC1486.02c	3.5817663e-05
SPBC11B10.04c	2.6041703e-05
SPCC4G3.02	0.00011014468
SPAC8F11.09c	8.8330419e-05
SPCC63.07	6.0422696e-05
SPAC19G12.06c	0.00016483721
SPAC23C11.14	0.00020650063
SPAC13G7.01c	7.6671926e-05
SPCC320.08	5.7268628e-05
SPBC16E9.10c	4.4024845e-05
SPAC2F3.05c	6.1248369e-05
SPAC29E6.05c	7.1503218e-05
SPAC27D7.09c	0.00028586425
SPCC16C4.15	7.1007815e-05
SPCC965.04c	9.8254999e-06
SPAC17G8.02	3.5867203e-05
SPCC1739.10	7.3996748e-05
SPCC1795.04c	0.00030554828
SPAC3G6.06c	5.9101621e-05
SPAC27D7.07c	0.00017874153
SPAC23H4.12	7.9875535e-05
SPAC24H6.03	1.1014468e-05
SPAC22F3.07c	0.00033023588
SPBC1685.09	0.0087573608
SPAC637.06	0.00011637025
SPAPB8E5.03	0.00016868484
SPAC31A2.12	2.0757401e-05
SPBC1734.16c	1.7586819e-05
SPAC644.18c	3.3125971e-05
SPAC2F7.15	2.8716881e-05
SPAPYUG7.03c	1.5274937e-05
SPAC11E3.13c	0.00010093018
SPCC4B3.09c	0.00010291179
SPBC30D10.16	0.00012479211
SPBC1A4.07c	1.5274937e-05
SPBC1709.04c	0.0001683876
SPAC27E2.06c	1.9106056e-05
SPCC4B3.16	3.5966284e-05
SPBC19C2.03	0.00034262096
SPCC1259.07	5.8292462e-05
SPBC119.07	1.0122742e-05
SPAC19A8.06	3.053336e-05
SPBC28F2.08c	1.7173983e-05
SPBP8B7.15c	1.5803367e-05
SPBC216.01c	1.3243783e-05
SPBC211.03c	1.0172282e-05
SPAC23D3.08	0.00012991127
SPAC3C7.07c	0.0001095502
SPAC222.13c	9.6273386e-06
SPAC22E12.17c	8.7801989e-05
SPBC26H8.11c	0.00018713036
SPAC806.03c	0.00023075888
SPBC839.17c	0.00051102508
SPBC36.08c	2.3977523e-05
SPBC1347.07	3.0830602e-05
SPAC13G6.07c	1.9139083e-05
SPAC56E4.07	0.00012992779
SPAPB2B4.07	2.9509527e-05
SPAC3H8.06	1.5440071e-05
SPAC1834.05	5.267789e-05
SPBC17G9.12c	5.9712618e-05
SPBP35G2.12	0.00014493851
SPAC1952.13	1.9717054e-05
SPCC1682.04	0.00015753827
SPCC4B3.08	3.0764549e-05
SPCC330.03c	8.0552586e-05
SPAC2C4.05	0.00064575828
SPBC582.03	5.9745645e-05
SPCC594.05c	2.6949943e-05
SPBC19F8.02	0.00016041161
SPAC19G12.07c	0.00013531117
SPAC4A8.09c	2.0988589e-05
SPBC21B10.02	5.2991646e-05
SPAC4G8.09	1.5175856e-05
SPAC22H10.08	2.4803195e-05
SPAC1142.01	4.91275e-05
SPBC3B9.07c	9.9510021e-05
SPCC16A11.10c	0.00071257168
SPBC428.14	4.7542209e-05
SPBC428.16c	0.0003889742
SPAC17G6.07c	1.4796047e-05
SPCC1739.01	4.3034038e-05
SPBC1773.03c	3.9037785e-05
SPAC21E11.03c	4.3083579e-05
SPBC26H8.05c	3.3373673e-05
SPBC83.05	4.1134992e-05
SPBC21.02	7.7778327e-06
SPAC10F6.08c	4.1234073e-05
SPBC12D12.04c	9.197989e-06
SPAC17G8.08c	0.00039975748
SPCC736.10c	0.00010482735
SPCC895.05	1.2170409e-05
SPCP1E11.09c	0.00016336751
SPBC26H8.09c	1.8329924e-05
SPAC6G9.09c	0.00072302469
SPBC14C8.19	0.00011101989
SPBPB10D8.02c	4.7244967e-05
SPAC1783.02c	3.9764376e-05
SPAC13F5.02c	1.9617973e-05
SPBC20F10.01	0.00040915363
SPBC365.16	6.983536e-05
SPAC2C4.03c	7.6985682e-05
SPAC17C9.11c	2.8155424e-05
SPBC354.02c	0.00013328002
SPBC1711.05	0.00012680675
SPCC1620.12c	9.8089865e-06
SPAC6F6.11c	8.3491979e-05
SPBC16H5.03c	2.3680281e-05
SPBC215.06c	7.2031648e-05
SPCC285.09c	7.4161883e-05
SPBC2D10.05	0.00010563651
SPBPB2B2.06c	7.8108596e-05
SPBC776.13	1.4267617e-05
SPCC1682.07	4.1828557e-05
SPBC21C3.16c	6.3345576e-05
SPAC27E2.07	3.0450793e-05
SPAC13F5.05	4.5593622e-05
SPAC29B12.08	3.9896484e-05
SPBC32F12.06	4.0936831e-05
SPAC4G9.11c	9.4968824e-05
SPBP23A10.11c	0.00014731645
SPAC24B11.08c	3.1705815e-05
SPCC4G3.16	5.8738325e-05
SPAC4G8.06c	3.4034211e-05
SPBC6B1.07	9.2475294e-06
SPBP8B7.31	8.7801989e-05
SPBC19G7.17	8.7801989e-05
SPAC2C4.07c	8.9668008e-06
SPAC6F12.15c	1.8395978e-05
SPAC29E6.10c	2.022897e-05
SPAC6B12.18	0.00012137382
SPAC824.09c	3.6709389e-05
SPCC18B5.06	5.1654057e-05
SPAC227.11c	2.9658148e-05
SPCC4G3.11	1.5109802e-05
SPBC800.12c	0.0002747507
SPAC1B2.03c	0.00027747542
SPBC11C11.06c	0.00028446061
SPBC13G1.06c	2.8535233e-05
SPCC1494.03	1.0667686e-05
SPAC25B8.13c	7.9462699e-05
SPAC19G12.17	0.0001532778
SPBC1706.03	5.4213641e-05
SPBC18H10.20c	0.00017803145
SPAC2F7.04	5.7400736e-05
SPCC1840.09	6.4980407e-05
SPCC306.06c	8.4367192e-05
SPCC1281.05	1.3210756e-05
SPBC16E9.18	1.4069455e-05
SPBC106.11c	1.6562986e-05
SPCC63.05	3.7006631e-05
SPBC8D2.12c	9.1434947e-05
SPAC25B8.16	1.6397851e-05
SPBC21C3.19	0.00018204422
SPBC557.04	6.2685038e-05
SPCC1450.07c	7.2642646e-05
SPBC776.07	0.0001126217
SPBC1347.08c	2.8204965e-05
SPCC1235.11	0.00020263649
SPCC1672.04c	0.00020288419
SPBC1711.03	0.00017864245
SPAC9G1.04	5.2776971e-05
SPAC24B11.05	0.00021391517
SPAC222.06	3.5768122e-05
SPBC1289.02c	1.3854781e-05
SPBC16E9.14c	5.555123e-05
SPBC1539.08	1.4663939e-05
SPAC824.04	4.6039485e-05
SPBC36.11	3.2680108e-05
SPAC824.05	1.5093289e-05
SPAC1486.03c	9.2805563e-06
SPBC1D7.02c	3.2382866e-05
SPAC13D6.05	0.00013935696
SPAC18G6.10	1.5423558e-05
SPBC3B9.17	3.4859883e-05
SPAC23D3.12	7.0528925e-05
SPBC1289.12	5.3949426e-05
SPBC1539.05	3.0681981e-05
SPBC1289.10c	2.6867375e-05
SPBC16A3.14	5.0580683e-05
SPBC119.03	3.9235946e-05
SPBC2G5.03	4.0623075e-05
SPBC8D2.16c	5.0795358e-05
SPAPB1A10.04c	2.2111503e-05
SPAC823.11	0.00015842999
SPCC330.10	5.6228281e-05
SPAC4D7.02c	0.00015289799
SPCC61.03	3.4314939e-05
SPAC343.01c	4.1052425e-05
SPBC28E12.05	5.3784291e-05
SPAC1F7.11c	1.1295197e-05
SPAC4C5.02c	4.0936831e-05
SPAC18G6.12c	4.5973432e-05
SPBC2A9.07c	2.1946369e-05
SPBC9B6.03	7.3831614e-05
SPBC3D6.04c	1.3739186e-05
SPBC9B6.09c	1.3045622e-05
SPAC56F8.08	3.839376e-05
SPBC24C6.03	6.4088681e-05
SPAC3G6.09c	9.6933924e-06
SPBC19C2.13c	9.1385406e-05
SPBC651.11c	1.8115249e-05
SPCC162.06c	7.2774753e-05
SPAC12G12.13c	1.1625465e-05
SPBC29B5.01	5.9068594e-05
SPCC965.07c	0.00024241738
SPBC337.14	5.2925592e-05
SPCC4B3.10c	1.7173983e-05
SPAC2F3.02	9.3581694e-05
SPBC18E5.04	7.1354597e-05
SPAC29A4.11	3.048382e-05
SPAC1093.02	0.00013759003
SPAC1687.10	2.9559067e-06
SPCC320.09	4.625416e-05
SPAC4H3.11c	2.3201391e-05
SPAC7D4.02c	3.1259952e-05
SPCC11E10.02c	1.6414365e-05
SPCC569.07	2.8138911e-05
SPCC584.05	2.5133464e-05
SPBC13E7.09	0.00053913096
SPAC56F8.04c	4.4569789e-05
SPBC14C8.12	5.3751264e-05
SPAC637.04	2.5678407e-05
SPBC1604.11	0.00055452149
SPBC30D10.06	8.4036923e-05
SPCC18B5.11c	5.1802678e-05
SPBC2A9.02	9.1335866e-05
SPAC2F7.16c	7.38151e-06
SPCC16C4.12	0.0001077172
SPAC26H5.05	2.4027063e-05
SPAC823.06	4.3744117e-05
SPAC167.07c	1.6232717e-05
SPCC970.06	0.00014028172
SPCC830.08c	0.00035082815
SPAC1952.08c	0.00014796047
SPCC1259.06	9.437434e-05
SPAC23H3.02c	3.14416e-05
SPCC24B10.08c	2.0542726e-05
SPBC1709.09	7.8934268e-05
SPCC613.04c	7.6787521e-06
SPBC36B7.02	4.0523995e-05
SPCC663.04	0.00096352651
SPAC13F5.06c	8.7190991e-06
SPAC12B10.06c	3.1705815e-05
SPAPYUG7.04c	0.00011802159
SPAC23C11.16	2.2904149e-05
SPBC13G1.10c	1.1328223e-05
SPAC1851.02	0.0001735398
SPBC30B4.04c	2.2309665e-05
SPCC1682.15	1.5407044e-05
SPAC11D3.01c	7.9859021e-05
SPCC1494.06c	1.7339118e-05
SPAC1F5.05c	2.9410446e-05
SPCC1620.07c	9.4506447e-05
SPBC365.06	0.00048376138
SPAC12B10.09	3.1557194e-05
SPAPJ696.01c	7.5317824e-05
SPAC22E12.13c	3.6213986e-05
SPCPB16A4.02c	1.0056688e-05
SPAC139.06	6.5343703e-05
SPAC22F8.10c	1.7058389e-05
SPCC63.06	2.7957263e-05
SPAC4D7.12c	5.7202574e-05
SPBC24C6.11	7.9958102e-05
SPAC1834.08	6.1595151e-06
SPBP16F5.07	3.0236118e-05
SPAC19G12.14	2.166564e-05
SPAC1B3.20	0.00061933677
SPAC9G1.07	1.0981441e-05
SPBC354.06	6.8993174e-05
SPCC736.04c	9.931186e-05
SPAP27G11.02	3.9318513e-05
SPBP35G2.02	3.0285659e-05
SPBP8B7.09c	2.3746334e-05
SPBC1709.13c	7.0149116e-05
SPAC926.07c	3.9318513e-05
SPAC4A8.15c	0.00079736822
SPBC2D10.19c	2.2458286e-05
SPCC1840.08c	2.3333498e-05
SPBC3D6.08c	0.0001015742
SPAC11H11.03c	6.7771179e-05
SPAC1A6.02	9.3911963e-05
SPBC725.07	2.4324305e-05
SPCC825.05c	9.7924731e-06
SPCC18B5.05c	3.0681981e-05
SPAC29B12.03	0.00023232766
SPBC119.02	0.00069445643
SPAC343.12	0.00014926503
SPCC645.13	1.7372144e-05
SPCC24B10.10c	3.542134e-05
SPBC428.10	9.7264193e-06
SPAC688.12c	6.2057527e-05
SPBC336.15	8.6200184e-06
SPBC1921.01c	0.00015816578
SPCC965.12	4.8070639e-05
SPBC16G5.16	2.1401425e-05
SPAC1B3.16c	6.8448231e-05
SPCC63.08c	1.3821754e-05
SPCC63.03	1.3144702e-05
SPCC24B10.12	2.607473e-05
SPAC1D4.09c	1.9915215e-05
SPAC732.02c	6.9158309e-05
SPBC839.13c	2.4439899e-05
SPBC36B7.04	2.7841669e-05
SPBC2G2.06c	2.5001356e-05
SPCC1020.10	2.3118823e-05
SPAC3G6.04	2.7626994e-05
SPCC285.14	1.5340991e-05
SPAC1B2.02c	0.00010106229
SPAC2C4.17c	1.4052942e-05
SPCC297.03	1.3722673e-05
SPCC1393.02c	1.327681e-05
SPAC1805.11c	0.00025387771
SPBC29A3.12	5.7103494e-05
SPBC28F2.06c	4.1779017e-05
SPAC24H6.12c	4.0226753e-05
SPBPB2B2.09c	2.2524339e-05
SPBC25D12.02c	4.4536762e-05
SPBP35G2.06c	3.8641462e-06
SPAC1687.04	1.7983142e-05
SPAC1952.14c	4.3182659e-05
SPAC1556.03	3.6114905e-05
SPBC17D11.02c	2.4572007e-05
SPCC306.02c	0.00012893698
SPAC23D3.10c	1.3871294e-05
SPAC328.04	6.7044588e-06
SPAC343.08c	4.1349667e-05
SPCC1223.05c	0.0011439689
SPAC31F12.01	1.2500678e-05
SPAC19A8.13	8.114707e-05
SPAC458.07	2.5331625e-05
SPAC328.05	1.0320903e-05
SPBC887.12	2.1682154e-05
SPBC106.18	0.0018393501
SPAC26H5.03	2.3250931e-05
SPAC16C9.07	2.8386612e-05
SPBC543.08	5.0035739e-05
SPBC19G7.14c	2.6751781e-05
SPAC1F3.04c	4.4487222e-05
SPBC115.02c	3.0236118e-05
SPBC530.14c	2.6256378e-05
SPAC25B8.03	1.2517192e-05
SPBP8B7.08c	4.1531315e-05
SPAC8E11.01c	2.3515146e-05
SPAC25B8.05	2.166564e-05
SPAC4F8.05c	3.4727775e-05
SPCC417.16	0.00046856901
SPBC29A10.08	0.00012155547
SPAC521.04c	2.8138911e-05
SPAC27F1.08	3.5751609e-05
SPAC15A10.06	1.9320731e-05
SPAC7D4.04	3.632958e-06
SPBC3B8.06	3.393513e-05
SPAC4F10.06	4.2109285e-05
SPBC146.01	2.0542726e-05
SPAC3G9.12	2.4489439e-05
SPAC17G8.12	2.8865502e-05
SPBC3E7.06c	2.4456412e-05
SPAC222.03c	0.00019188623
SPCC191.11	4.2356987e-05
SPCC330.07c	1.7520765e-05
SPAC22E12.02	3.4529614e-05
SPBC1604.10	2.1748207e-05
SPAC12B10.15c	6.5971214e-05
SPAC1039.09	2.1038129e-05
SPBC36.03c	3.1606734e-05
SPBP23A10.16	0.0014426806
SPBC1718.04	3.2713135e-05
SPAC167.03c	2.3036256e-05
SPBC530.01	8.7025857e-06
SPAC3G6.08	3.0995737e-05
SPCC1739.07	3.8591922e-05
SPAC23D3.03c	1.57208e-05
SPBC16G5.15c	1.8973949e-05
SPAC167.04	6.0819019e-05
SPAC16E8.09	9.7924731e-06
SPAC2H10.02c	5.0910952e-05
SPAC15E1.06	1.9304218e-05
SPBC26H8.16	6.6730832e-05
SPAC328.09	9.03946e-05
SPBC1604.06c	2.4456412e-05
SPAC11H11.01	1.0585118e-05
SPBC18H10.17c	3.436448e-05
SPAC22F8.11	8.6365319e-06
SPBC11B10.03	4.4817491e-05
SPBC32F12.01c	7.8075569e-05
SPCC16C4.01	9.34661e-06
SPBC1778.09	8.157642e-06
SPAC30D11.12	0.00092866662
SPAC1952.17c	1.0453011e-05
SPAC4G9.22	7.1899541e-05
SPAC24H6.11c	2.5414192e-05
SPBP4H10.18c	2.8386612e-05
SPAP14E8.03	0.00023511843
SPAC1399.03	4.0226753e-05
SPBC211.08c	5.9778672e-05
SPAC13F5.04c	2.4720628e-05
SPCC550.05	3.1375546e-05
SPAC19D5.07	1.1229143e-05
SPBP8B7.23	3.3324133e-05
SPBC336.14c	1.9254677e-05
SPAC17H9.07	8.2980063e-05
SPBC3B9.18c	0.0001378047
SPBC1683.10c	3.4513101e-05
SPBC3E7.14	7.4442611e-05
SPAC3H8.07c	4.8830258e-05
SPCC417.05c	1.2863974e-05
SPAC15A10.07	9.8122892e-05
SPBC12C2.05c	1.428413e-05
SPBP23A10.14c	2.6933429e-05
SPAC30C2.06c	1.5208883e-05
SPBP16F5.06	1.2649299e-05
SPAC24B11.12c	2.1434452e-05
SPBC4B4.03	4.5692703e-05
SPCC553.09c	2.7759102e-05
SPAC23H4.03c	9.9410941e-05
SPBC83.11	3.4678235e-05
SPAC2E1P5.01c	2.0542726e-05
SPACUNK4.14	7.4640773e-06
SPBC119.11c	5.401548e-05
SPBC1718.03	6.3642818e-05
SPMIT.01	0.00015144481
SPAC16C9.01c	8.6679074e-05
SPBC530.08	1.2385084e-05
SPBC23E6.01c	5.7318169e-05
SPAC1296.06	1.9089543e-05
SPBC21B10.14	0.00033079734
SPCC16A11.14	6.5640945e-05
SPAC1782.07	0.00020352821
SPCC777.12c	0.00010129347
SPBC1289.09	7.0396817e-05
SPBP8B7.02	0.00012801223
SPAC19D5.05c	8.6794668e-05
SPAC4C5.04	6.144653e-05
SPAC19G12.03	5.2909079e-05
SPBC31E1.05	1.9386785e-05
SPAC13G6.03	4.5081706e-06
SPAPB1A11.03	1.4085969e-05
SPAC821.12	1.2996081e-05
SPAC3G9.15c	2.3961009e-05
SPBC947.07	1.3689646e-05
SPBC17F3.02	1.912257e-05
SPBC15D4.05	9.1484487e-06
SPAC1B9.03c	4.5560596e-05
SPAC22G7.02	9.2970697e-06
SPBC20F10.08c	1.1658492e-05
SPBC1703.15c	4.078821e-05
SPAC4D7.10c	1.184014e-05
SPBC17D11.06	2.0212457e-05
SPBC21D10.07	4.3017525e-05
SPBC1105.09	0.00029706037
SPAC1687.03c	2.3515146e-05
SPAC4F8.11	2.660316e-05
SPAC806.07	2.1500506e-05
SPAC23A1.06c	4.0094645e-05
SPCC736.06	3.2812216e-05
SPAC2F3.12c	3.6180959e-05
SPAC12G12.08	3.8195599e-05
SPAC3F10.17	1.3309837e-05
SPBC1683.04	8.0255344e-06
SPCC285.11	8.2897495e-06
SPAP8A3.06	7.2774753e-05
SPBC215.02	6.6251942e-05
SPCC576.07	7.1470191e-05
SPBC244.01c	3.0120524e-05
SPAC110.02	5.9448403e-06
SPAC29A4.12c	1.1608952e-05
SPBC16E9.15	0.00010760161
SPAC25B8.08	1.6860228e-05
SPAC17D4.03c	2.2061963e-05
SPAP8A3.14c	1.3607079e-05
SPBC839.07	9.2590888e-05
SPBC776.10c	5.2017353e-06
SPAC144.08	2.7494886e-05
SPCPB1C11.01	4.9755011e-05
SPAC16A10.04	5.9184188e-05
SPCP31B10.06	5.2512756e-06
SPBC16G5.02c	3.9946024e-05
SPBC725.05c	2.3366525e-05
SPCC290.02	4.0854264e-05
SPBC25H2.07	0.00017051784
SPAC806.06c	2.0939049e-05
SPAPB8E5.04c	0.00010253198
SPCC18.07	2.9806769e-05
SPAC15F9.03c	0.00026147389
SPCC16C4.02c	9.2805563e-06
SPAC9G1.08c	3.6940577e-05
SPBC12D12.01	3.9120352e-05
SPAC26A3.01	6.0653885e-05
SPCC24B10.16c	5.1125627e-05
SPCC1183.06	1.6612526e-05
SPAC2G11.05c	2.156656e-05
SPBC21C3.17c	4.0870777e-05
SPBC2D10.20	0.00010938506
SPCC5E4.04	6.2916227e-06
SPBC1706.01	5.4824638e-06
SPBC56F2.14	2.9691175e-05
SPAC1250.03	8.6002023e-05
SPAC17G6.04c	1.8082223e-05
SPAC9E9.04	0.0001763636
SPAC14C4.01c	3.9500161e-05
SPAC17G6.09	0.00016724817
SPAC644.09	0.00012086191
SPCP1E11.05c	4.9342175e-05
SPAC27D7.11c	0.00072452741
SPBC725.03	3.5999311e-05
SPBC30D10.15	0.00020134844
SPBP23A10.03c	2.262342e-05
SPAC22E12.06c	4.9804551e-05
SPBC32C12.03c	1.0139255e-05
SPBC428.13c	2.7891209e-05
SPAP19A11.05c	3.7848817e-05
SPAC3C7.13c	3.0104011e-05
SPAC17H9.10c	2.0311538e-05
SPBC887.07	0.00016594361
SPBC31E1.04	2.6289405e-05
SPBC16A3.06	3.8476328e-06
SPAC1F12.02c	0.00060969291
SPBC19C2.15c	6.9670226e-05
SPAC688.13	2.9393933e-05
SPBC359.05	8.306263e-06
SPBC17A3.02	3.6709389e-05
SPCC1183.09c	0.0002324928
SPBC4B4.02c	4.6567916e-06
SPBC839.14c	9.3796369e-06
SPAC4A8.08c	1.0766766e-05
SPBC2G5.02c	6.389052e-05
SPBC106.20	1.279792e-05
SPAC23D3.17	6.0752965e-05
SPAC343.13	6.1264882e-06
SPAC17G8.05	2.7891209e-05
SPBC15C4.03	1.3854781e-05
SPAC25B8.15c	3.1672788e-05
SPCC1259.04	6.5310676e-05
SPBC19F8.05	4.6039485e-05
SPAC25B8.07c	2.9410446e-05
SPAC1A6.03c	6.2156608e-05
SPAC4H3.14c	1.3689646e-05
SPAC3H1.01c	7.6787521e-06
SPAC30.02c	4.726148e-05
SPAC869.10c	6.4732706e-06
SPCC895.04c	5.0762331e-05
SPBC25B2.08	6.2965767e-05
SPBC27B12.06	3.9467134e-06
SPCC736.07c	1.025485e-05
SPAC6F12.14	1.471348e-05
SPAC3H5.08c	7.8769134e-06
SPAC1002.04c	2.6421512e-05
SPAC8C9.16c	1.8957435e-05
SPBC1734.14c	7.5004069e-05
SPCC10H11.02	1.2104355e-05
SPAC3A12.11c	1.3656619e-05
SPBC6B1.12c	3.1937003e-05
SPAC13F5.01c	1.0568605e-06
SPBC17D1.17	0.00060430953
SPAC31G5.15	1.0023661e-05
SPCC320.03	4.3430361e-06
SPCC16C4.04	1.471348e-05
SPBC3E7.12c	2.4340818e-05
SPAC3F10.15c	0.00010613191
SPBC3H7.04	6.4749219e-05
SPCC338.12	0.00044962809
SPAC2G11.15c	1.4251103e-05
SPAC19A8.02	3.8476328e-06
SPBC1271.15c	7.7778327e-06
SPBC530.03c	8.0750747e-05
SPAC22H12.02	6.0092427e-05
SPAC57A10.05c	1.1575925e-05
SPAC6G9.06c	3.4678235e-06
SPCC663.18	8.7801989e-05
SPBC1A4.10c	1.6645553e-05
SPAC824.06	6.3196955e-05
SPBC1734.09	1.8131763e-05
SPAC1006.03c	2.8370099e-05
SPAC22A12.10	0.00017051784
SPAC16A10.07c	7.4145369e-06
SPAPB21F2.03	2.6338945e-05
SPAC22F8.02c	1.8181303e-05
SPAC23A1.18c	1.2715353e-05
SPAC2G11.08c	4.0755183e-05
SPBC29A3.05	2.7049023e-05
SPBC8D2.09c	8.6282752e-05
SPAC926.03	4.2109285e-05
SPAC3G9.14	2.5992163e-05
SPBC1711.09c	1.8808814e-05
SPAC926.06c	1.1080522e-05
SPBC16H5.13	7.2163756e-06
SPAC644.10	3.7237819e-05
SPAC1952.06c	9.9245806e-06
SPAC3G6.03c	8.6282752e-05
SPAC29A4.03c	1.8511572e-05
SPAC1006.01	7.7431545e-05
SPBC19F8.07	1.2352057e-05
SPAC27E2.09	5.6971386e-06
SPAC13A11.04c	1.428413e-05
SPCC306.07c	1.7438198e-05
SPCC16A11.12c	4.9870605e-06
SPAC17G8.07	4.0606562e-05
SPBC21H7.04	1.1509871e-05
SPBC2A9.12	1.5060262e-05
SPBC651.07	2.0113376e-05
SPAC16A10.02	0.00011495009
SPAC4C5.03	9.6108252e-06
SPCC417.07c	3.2531487e-06
SPBC6B1.09c	2.5876569e-05
SPBC342.01c	5.746679e-06
SPAC3C7.05c	6.4584085e-05
SPCC1919.14c	2.0146403e-05
SPAC2F7.03c	2.6091244e-05
SPBP16F5.03c	3.2201218e-06
SPCC4B3.20	4.6468835e-05
SPBP8B7.14c	1.7966628e-05
SPBC29A3.16	7.6457252e-05
SPBP4H10.17c	0.00015626673
SPAC1D4.12	1.5489612e-05
SPAC22H12.03	4.1861584e-05
SPAC3G9.04	2.5331625e-05
SPBC27B12.12c	2.501787e-05
SPAP27G11.07c	2.415917e-05
SPAC14C4.05c	8.2897495e-06
SPAC1071.12c	4.7575236e-05
SPBC24C6.06	3.2713135e-05
SPAC4G8.05	9.1699162e-05
SPAC29A4.06c	5.9778672e-06
SPAC222.10c	1.0139255e-05
SPCC613.07	6.8035395e-06
SPAC2F7.10	8.0585613e-06
SPBC30D10.09c	1.8891381e-05
SPAC683.02c	1.8891381e-05
SPBC337.11	2.1649127e-05
SPBC21B10.05c	4.6468835e-05
SPAC1610.04	1.481256e-05
SPAP27G11.05c	1.7190497e-05
SPBC115.01c	4.2901931e-05
SPAC57A7.07c	3.1887463e-05
SPCC4G3.08	1.5126316e-05
SPBC16G5.09	3.7799276e-05
SPBC1778.07	1.715747e-05
SPCC970.04c	2.7610481e-05
SPBC21H7.03c	8.5044243e-06
SPBC146.08c	2.3961009e-05
SPBC2G2.05	5.3354942e-05
SPAC144.18	0.00012705445
SPAC3A11.10c	1.1575925e-05
SPAC6B12.10c	1.1592439e-05
SPCC126.01c	1.8924408e-05
SPBC359.03c	3.6494714e-05
SPAC2C4.11c	2.3663767e-05
SPBC16G5.10	4.3661549e-05
SPBC4.05	5.6773225e-05
SPBC19C2.12	4.4800977e-05
SPBC27.04	1.4085969e-05
SPCC364.01	2.7626994e-05
SPCC576.01c	1.5555665e-05
SPBC2A9.06c	5.4395289e-05
SPBC1198.04c	9.3631235e-06
SPCC18B5.08c	1.332635e-05
SPCC1442.19	4.3661549e-05
SPBC18A7.01	1.6876741e-05
SPAC56E4.02c	5.7962193e-05
SPBC660.06	2.0014296e-05
SPCC1322.12c	8.4383705e-06
SPBC1539.01c	1.9832648e-05
SPBCPT2R1.10.3.1	4.7723857e-05
SPBC27B12.10c	8.7306585e-05
SPAC343.11c	3.3522294e-05
SPAC30D11.08c	1.8329924e-05
SPAC323.06c	1.874276e-05
SPBC16A3.19	9.5943117e-06
SPCC777.10c	6.3824466e-05
SPAC3G6.10c	4.2621202e-05
SPCC1393.11	6.5409757e-05
SPAC18B11.11	1.1675006e-05
SPBC1198.06c	2.060878e-05
SPBC887.15c	0.00026040052
SPAC23C11.04c	9.2970697e-06
SPCC63.02c	5.1472409e-05
SPBP4H10.08	0.00026502428
SPBC36.06c	7.8604e-06
SPAC9.06c	5.996032e-05
SPAC167.06c	8.3574547e-05
SPAC4F10.04	8.4879109e-06
SPAC5H10.09c	5.2496243e-05
SPAC26A3.06	1.0849334e-05
SPBC1E8.04.3.1	6.1430016e-06
SPBC1734.08	4.0457941e-05
SPAC16E8.11c	1.9106056e-05
SPBC31F10.14c	1.9651e-05
SPCC61.02	1.2335544e-05
SPCC1682.12c	2.5579327e-05
SPBC31F10.15c	0.00026073079
SPAC29A4.14c	9.4456907e-06
SPAC1071.04c	3.9368054e-05
SPAC1F12.05	1.6001528e-05
SPBC3B8.05	4.7443128e-05
SPBC337.07c	5.3503563e-05
SPAC19B12.04	0.00037683682
SPCC2H8.02	1.4548345e-05
SPBC577.13	2.2689474e-05
SPAC19G12.02c	1.7570306e-05
SPAC25B8.11	1.8495059e-05
SPBP16F5.05c	7.0941761e-05
SPBC1306.02	8.4053437e-06
SPBC20F10.09	7.0066548e-05
SPBC17D11.04c	1.8561113e-05
SPAC20H4.09	1.6364824e-05
SPBC543.10	0.00011686565
SPCC1739.02c	6.8365663e-06
SPAC3A11.08	1.4696966e-05
SPAC6F12.02	3.547088e-05
SPBC336.09c	1.2385084e-06
SPBC28E12.03	3.781579e-06
SPBC577.03c	3.642866e-05
SPBC26H8.14c	0.00036294901
SPCC757.05c	2.655362e-05
SPBC3B8.01c	2.0344565e-05
SPCC126.11c	3.3918617e-05
SPAC110.01	5.5815445e-06
SPAC15E1.09	4.6221133e-05
SPAC17C9.07	6.4732706e-06
SPBC26H8.02c	1.0056688e-05
SPCC1840.10	9.8221973e-05
SPAC1952.03	6.638405e-06
SPCC1840.04	4.8384395e-05
SPBC106.19	3.8146059e-06
SPBC543.07	2.2474799e-05
SPAC732.01	5.9844726e-05
SPBC365.09c	3.3423213e-05
SPAC1F12.09	4.9408228e-05
SPCC126.10	3.201957e-05
SPAC12G12.12	7.5664606e-05
SPAC23C4.06c	3.4298426e-05
SPAC31G5.19	2.6404999e-05
SPCC757.12	2.1962882e-05
SPAC20G8.03	5.6228281e-05
SPCC70.08c	1.6612526e-05
SPAC227.06	7.7183843e-05
SPAPB17E12.03	8.603505e-06
SPAC1805.01c	6.6879453e-06
SPBC15D4.14	1.1427304e-05
SPAC8C9.11	0.00026051611
SPBC15D4.02	2.9162744e-05
SPAC4F10.05c	4.3397334e-05
SPCC16C4.14c	9.2310159e-06
SPAC4F10.19c	1.1460331e-05
SPCC1494.08c	2.2557366e-05
SPAC17A2.02c	0.00023721564
SPCC1620.09c	1.2996081e-05
SPAC5H10.12c	4.769083e-05
SPBC16D10.04c	1.6018042e-06
SPBC30B4.03c	2.2425259e-05
SPBC16H5.14c	2.2458286e-05
SPAC31A2.16	4.5577109e-06
SPAC17D4.02	1.2054815e-06
SPAC23H4.02	2.2326178e-05
SPAC19B12.11c	5.756587e-05
SPAC18G6.01c	2.5232544e-05
SPCC663.06c	0.00082677867
SPAC11E3.01c	3.9302e-06
SPCC622.13c	9.5447714e-06
SPCC16C4.20c	8.6167158e-05
SPAC4G9.04c	4.4206493e-05
SPAC1610.01	3.5338773e-05
SPBC3B9.21	8.5688268e-05
SPAC22E12.14c	3.8624949e-05
SPBC26H8.04c	2.5760975e-06
SPBC1685.08	2.7610481e-05
SPAC25G10.01	4.2489095e-05
SPBC839.09c	2.0790428e-05
SPAC821.07c	6.5657458e-05
SPAC1006.06	6.3081361e-06
SPAC6C3.06c	4.0953344e-06
SPAC23H4.14	1.8990462e-06
SPCC1739.11c	1.7173983e-05
SPBC2G2.13c	7.9099403e-06
SPAC22E12.09c	2.6471053e-05
SPBC18H10.16	1.0816307e-05
SPAC13G7.05	1.2946541e-05
SPAC27E2.02	3.5058044e-05
SPBC1773.05c	2.1962882e-05
SPAC9E9.14	1.8280384e-05
SPAC6G9.03c	7.8769134e-06
SPBC16C6.12c	3.0929683e-05
SPAC23C4.16c	1.0056688e-05
SPCC1235.06	4.2356987e-05
SPBP18G5.02	5.0035739e-05
SPBC106.12c	1.2087842e-05
SPAC30C2.07	7.2824294e-06
SPBC16A3.10	8.9172605e-06
SPAC4F8.04	3.0318686e-05
SPAC12B10.13	3.2911296e-05
SPBC530.12c	5.8375029e-05
SPBC56F2.10c	5.1687084e-06
SPAC1B3.21	1.8891381e-05
SPAC3H1.13	5.6294335e-05
SPAC7D4.06c	1.0287876e-05
SPAC27D7.04	3.2713135e-05
SPBC56F2.06	5.2413675e-05
SPAC23C4.11	6.8167502e-05
SPBC800.07c	1.4977695e-05
SPCC338.06c	7.918197e-05
SPCC24B10.04	3.1078304e-05
SPBC3B9.08c	2.0806941e-05
SPBC19G7.02	3.6296553e-05
SPBC1711.17	3.5338773e-06
SPBP4H10.03	1.0040175e-05
SPAC227.05	8.1378258e-05
SPAC6C3.02c	0.00019892096
SPAC24H6.08	2.0988589e-05
SPAC12B10.04	3.7502034e-05
SPBC16H5.09c	3.877357e-05
SPCC1235.10c	4.7393588e-06
SPAC869.02c	1.6150149e-05
SPAC23G3.04	0.00013833313
SPAC1B3.14	6.4402437e-05
SPAC25B8.17	1.519237e-05
SPCC4G3.12c	1.9485865e-05
SPAPB18E9.02c	2.2293151e-06
SPAC8C9.05	7.0413331e-05
SPBC21C3.05	2.8535233e-05
SPCC550.02c	2.2705987e-05
SPCC1919.12c	1.2484165e-05
SPAC14C4.07	7.5796714e-06
SPCC970.01	2.2458286e-06
SPAC5D6.09c	0.00012302517
SPAC25B8.10	6.7193209e-05
SPAC227.03c	3.1276465e-05
SPAC17A2.01	0.00014046337
SPAC18B11.07c	0.00027993592
SPAC3C7.04	4.0127672e-06
SPCC576.12c	2.6916916e-05
SPBC1709.16c	9.0526707e-05
SPBC31E1.03	4.1729476e-05
SPCC4B3.15	1.7652873e-05
SPCC1450.11c	2.9063664e-06
SPBC28F2.04c	0.00010140907
SPAC1F3.02c	3.9136865e-06
SPCC1442.02	9.9410941e-06
SPAC1687.13c	4.9639417e-05
SPBC18H10.08c	1.0205309e-05
SPAC56F8.07	2.4770168e-05
SPAC31G5.11	3.3902103e-05
SPAC2E1P5.03	4.2142312e-05
SPCC24B10.05	0.00029524389
SPAC664.01c	3.9533188e-05
SPCC1840.07c	3.6659849e-05
SPAC607.02c	1.4829074e-05
SPCC1322.06	5.0696277e-06
SPCC553.03	2.6916916e-06
SPNCRNA.503.1.34	4.2175339e-05
SPBC1198.14c	2.6008676e-05
SPAC8E11.05c	2.7676534e-05
SPBC30B4.06c	3.5669042e-06
SPAC869.11	1.7124443e-05
SPCC736.08	1.7388658e-05
SPBC32F12.02	7.7051736e-05
SPBC1734.10c	1.1080522e-05
SPBC31F10.02	2.660316e-05
SPBC3D6.15	0.00048577602
SPCC330.04c	1.2286003e-05
SPCC18.08	2.7263698e-05
SPBC1709.19c	6.8415204e-05
SPBC16A3.07c	1.8412491e-05
SPBC1703.01c	8.5539647e-06
SPBP35G2.09	3.882311e-05
SPBC21.05c	7.7448058e-06
SPBC1105.07c	1.0898874e-05
SPBC14C8.15	1.1080522e-05
SPBC947.11c	1.0601632e-05
SPAC15A10.08	1.6216203e-05
SPBC1773.02c	8.2616767e-05
SPBC13G1.12	4.9870605e-06
SPAC17D4.01	1.471348e-05
SPAC959.08	0.00065470857
SPCC1450.06c	6.0208022e-05
SPAC4F10.03c	3.0781062e-05
SPBC24C6.13	6.2239175e-05
SPBC32H8.05	4.2720283e-05
SPAC19A8.16	4.466887e-05
SPBP23A10.04	1.9981269e-06
SPBC2G2.01c	7.232889e-06
SPAC13D6.01	1.126217e-05
SPAC23G3.05c	6.3527224e-05
SPCC63.13	2.6586647e-05
SPCC63.11	1.6480418e-05
SPBC405.04c	7.7877408e-05
SPAC30D11.01c	4.8384395e-06
SPBC19C2.10	1.7074902e-05
SPCC737.05	1.7768467e-05
SPCC24B10.15	1.1179602e-05
SPAC3A12.09c	8.8346932e-06
SPAP7G5.06	2.113721e-05
SPBC106.01	8.9833142e-06
SPAC1486.11	7.2906861e-05
SPAC4D7.06c	2.8865502e-05
SPCC794.01c	5.3338428e-06
SPCC1235.04c	1.4019915e-05
SPBC336.12c	1.5175856e-05
SPBC21B10.04c	0.00059917385
SPAC23H3.07c	3.1755355e-05
SPAC19G12.13c	1.2054815e-06
SPAC29B12.02c	9.9906344e-06
SPBP8B7.30c	7.6787521e-06
SPAC16E8.10c	1.4300644e-05
SPBC25H2.10c	3.4546128e-05
SPAC823.12	6.4072168e-06
SPAC22F3.15	4.7575236e-05
SPCC338.11c	5.6046633e-05
SPAC1687.09	1.7173983e-05
SPCC24B10.11c	1.5473098e-05
SPAC823.10c	2.4770168e-06
SPAPB2B4.01c	5.1323788e-05
SPBC1734.05c	5.9729132e-05
SPCC1223.10c	7.1172949e-06
SPBC776.14	1.0238336e-05
SPAC20G4.05c	4.3265227e-06
SPCC330.13	4.0936831e-05
SPAP27G11.04c	1.322727e-05
SPAC3A11.02	1.428413e-05
SPBC887.19	8.454884e-06
SPBC4C3.12	2.060878e-05
SPAC22H10.04	9.1649621e-06
SPBC13G1.03c	1.4366697e-05
SPBC577.02	0.00030591157
SPAPB1A10.11c	5.6806252e-06
SPBC1921.06c	6.7787693e-05
SPAC30C2.05	7.7150816e-05
SPAC21E11.07	3.6494714e-06
SPAC3A12.02	8.157642e-06
SPAC1071.05	3.2300299e-05
SPBC13A2.04c	1.5208883e-05
SPBP4H10.21c	2.2755528e-05
SPAC16E8.16	1.4118996e-05
SPBC211.07c	8.7372639e-05
SPAC12G12.09	1.8032682e-05
SPAC31G5.01	1.3012595e-05
SPAC27E2.01	3.2861756e-06
SPCC830.06	7.1073869e-05
SPAC10F6.05c	8.0651667e-05
SPBC23G7.14	4.7723857e-05
SPCC16C4.16c	4.3909251e-05
SPCC1281.07c	2.3201391e-05
SPBC1198.07c	7.5301311e-06
SPBC1604.17c	3.0219605e-06
SPAC20G8.07c	8.1213124e-05
SPAC328.02	4.8054126e-06
SPAC3A11.06	1.3673133e-05
SPBC21C3.02c	1.131171e-05
SPAC2C4.14c	9.3135831e-06
SPAC22G7.10	9.1550541e-05
SPCC550.01c	3.8955217e-05
SPAC4G8.08	7.7101276e-05
SPCC18B5.04	2.511695e-05
SPAC1F5.04c	4.9540336e-07
SPBC1709.03	2.4505953e-05
SPAC1002.15c	3.9582728e-05
SPBC21B10.07	3.1309492e-05
SPAC1952.05	2.8370099e-05
SPCC320.05	2.6223351e-05
SPBC20F10.03	1.0287876e-05
SPBC1685.15c	5.8127327e-06
SPAPB17E12.02	1.4465778e-05
SPBC1685.03	2.7015996e-05
SPAC13D6.04c	1.5390531e-05
SPCC338.04	3.9863457e-05
SPAC9.08c	2.3234418e-05
SPBC119.09c	2.7775615e-05
SPAC9.05	1.4036428e-06
SPCC1620.10	7.5136176e-06
SPBC365.05c	1.4383211e-05
SPCC594.06c	3.3026891e-05
SPBC3D6.05	3.2085624e-05
SPAC8F11.07c	8.2567226e-06
SPBC3H7.02	1.3144702e-05
SPAC24B11.07c	3.8707516e-05
SPCC1183.03c	5.1720111e-05
SPCC16C4.05	1.2418111e-05
SPBC8D2.04	0.00012391689
SPBC2A9.10	5.7400736e-05
SPBC16E9.12c	9.6273386e-05
SPBC25H2.03	4.6567916e-06
SPBC2D10.04	3.1705815e-06
SPAC22F3.09c	6.4732706e-06
SPCC24B10.19c	8.7190991e-06
SPAC1002.13c	0.00024183941
SPBC887.06c	5.9035567e-05
SPCC584.03c	4.8714664e-06
SPBC800.14c	3.484337e-05
SPAC25B8.01	2.856826e-05
SPAPB1E7.14	3.8889164e-05
SPBC30D10.10c	6.9851874e-06
SPCC18.12c	4.8400908e-05
SPAC22G7.09c	4.1465261e-05
SPAC607.07c	9.245878e-05
SPBC119.16c	3.2861756e-06
SPBC21C3.10c	2.7973776e-05
SPBC2D10.03c	9.2541347e-05
SPCC584.14	5.2017353e-06
SPBC2A9.04c	2.9625121e-05
SPAC13G6.15c	0.0001282269
SPBC342.06c	1.3904321e-05
SPBC17D11.03c	2.4770168e-05
SPBC460.05	1.1757573e-05
SPAC31G5.02	3.1259952e-05
SPBP19A11.06	7.7943462e-06
SPAC57A10.08c	5.3338428e-06
SPAC2F3.04c	2.7841669e-05
SPAC4A8.06c	2.3003229e-05
SPAC31A2.03	2.9377419e-05
SPBP19A11.07c	3.7155252e-06
SPBC342.04	6.5096001e-05
SPAC29E6.08	9.8486188e-05
SPAC1A6.05c	1.9898702e-05
SPAC26A3.10	2.0146403e-06
SPCC4G3.06c	2.3779361e-05
SPCC5E4.06	5.7797059e-07
SPBC25H2.11c	5.3949426e-05
SPCC576.13	1.4118996e-05
SPBC1A4.06c	1.279792e-05
SPBC2F12.12c	1.0139255e-05
SPAC19G12.04	1.370616e-05
SPBPB2B2.12c	2.0806941e-06
SPAC607.08c	3.2861756e-06
SPAC821.09	1.5109802e-05
SPAC32A11.03c	2.2458286e-06
SPAC3H5.09c	4.7558722e-06
SPAC5D6.04	4.8599069e-05
SPAC18B11.06	2.4390359e-05
SPBPJ4664.05	1.9750081e-05
SPAC6F12.11c	1.0453011e-05
SPBC28F2.10c	5.4824638e-06
SPCC338.17c	2.856826e-06
SPAC1002.02	4.2356987e-05
SPCC1620.05	6.4237302e-06
SPAC1687.05	7.0017008e-06
SPAC630.13c	5.9283269e-06
SPAC1D4.06c	5.1076086e-05
SPBC1289.13c	3.6560768e-05
SPBC776.17	1.2104355e-05
SPAC22H10.07	1.4878614e-05
SPAP27G11.03	2.4274765e-06
SPAC12G12.11c	1.7405171e-05
SPAC1639.01c	7.7332464e-05
SPCC1450.10c	1.4531832e-05
SPBC1347.10	2.4605033e-06
SPBC1709.12	8.6695588e-06
SPCC1281.04	5.4494369e-06
SPAC21E11.04	3.4331453e-05
SPBC211.01	2.7296725e-05
SPBC16E9.03c	2.5744461e-05
SPAPYUG7.02c	3.6494714e-06
SPBC1709.10c	3.6147932e-05
SPAC458.03	8.8677201e-06
SPBP23A10.17	3.5388313e-05
SPCC1672.08c	1.2071329e-05
SPBC1604.02c	4.2934958e-06
SPAC1093.04c	1.0271363e-05
SPCC1442.07c	6.3907033e-06
SPAC1834.06c	3.53718e-05
SPCC63.12c	0.00019793016
SPBC17D1.05	1.2913514e-05
SPBC4C3.09	3.0401253e-05
SPBC776.18c	8.5209378e-06
SPAC14C4.16	7.9594806e-06
SPBP8B7.12c	2.4439899e-06
SPAC323.03c	2.1467479e-06
SPBC839.02	5.7103494e-05
SPAPB1A10.05	3.6147932e-05
SPAC22H10.11c	3.6659849e-06
SPCC4B3.14	3.4067238e-05
SPAC31A2.13c	3.9252459e-05
SPCC613.11c	6.1264882e-06
SPBC530.11c	1.8495059e-05
SPBC8D2.14c	7.9099403e-06
SPCC132.02	1.0684199e-05
SPAC823.13c	2.2953689e-06
SPAC32A11.02c	1.5852907e-06
SPCC14G10.01	1.327681e-05
SPBC20F10.10	3.3968157e-05
SPBC16E9.01c	1.7405171e-05
SPAC1805.18	1.8197817e-05
SPBC32F12.08c	9.974121e-06
SPAC20G8.02	1.3607079e-05
SPBC19C2.09	1.5307964e-05
SPBC30D10.12c	1.5539152e-05
SPAC1834.07	2.1236291e-05
SPAC1002.11	1.5027235e-05
SPBC405.02c	3.2036084e-06
SPBC1718.05	3.3703942e-05
SPBC3D6.03c	4.1779017e-06
SPCC14G10.03c	3.9731349e-05
SPAC11E3.03	3.3026891e-06
SPBC1773.09c	8.4713974e-06
SPBC3H7.06c	7.7448058e-06
SPCC4B3.17	3.6940577e-05
SPAC23G3.07c	5.8457596e-06
SPAC3G6.05	6.3543737e-05
SPAC4H3.05	1.2550218e-06
SPCC1739.05	1.8495059e-06
SPBC646.14c	1.0040175e-05
SPCC126.14	3.8971731e-06
SPBC16D10.02	1.5043749e-05
SPCC162.12	2.0906022e-05
SPBC25B2.07c	7.4310504e-06
SPCC24B10.20	1.2434624e-05
SPAC57A10.14	5.1918272e-05
SPBC23G7.06c	1.9816134e-06
SPAC1071.11	4.3595496e-05
SPAC15E1.02c	3.2630568e-05
SPCC306.04c	2.9063664e-06
SPAC11D3.16c	1.7834521e-05
SPAC24C9.13c	2.4885762e-05
SPBP16F5.04	9.4308286e-05
SPAC25H1.06	9.5612848e-06
SPBC21.04	5.0200874e-06
SPAC1296.05c	8.1741554e-05
SPAP8A3.11c	1.5852907e-06
SPBC13G1.01c	3.1210412e-05
SPAC630.10	2.1219777e-05
SPCC126.13c	3.5223179e-05
SPAC27E2.05	7.9099403e-06
SPAC664.12c	3.5223179e-05
SPCC553.06	5.8655758e-05
SPAC1B1.01	3.7270846e-05
SPAC17G6.08	1.4168536e-05
SPBC25H2.06c	1.9849161e-05
SPAC13C5.02	5.7797059e-06
SPAC1A6.01c	4.8054126e-06
SPCC1919.01	2.3812388e-05
SPAC513.02	1.7289577e-05
SPBC6B1.04	6.6714319e-06
SPAC323.01c	1.6942795e-05
SPBP8B7.07c	2.070786e-05
SPCC306.05c	9.3631235e-06
SPBC13G1.04c	2.2920662e-05
SPBC725.16	8.3392899e-06
SPAC29A4.09	4.5411975e-06
SPBC21C3.07c	1.0568605e-05
SPBC25B2.04c	5.0200874e-06
SPBC409.09c	2.7742588e-06
SPAC458.06	1.2385084e-06
SPBC29A10.11c	4.71624e-05
SPAC1783.01	7.8273731e-06
SPCC794.06	4.0953344e-06
SPAC10F6.04	8.306263e-06
SPCC126.09	2.1170237e-05
SPAC30D11.10	7.3980235e-06
SPBC15D4.08c	3.8657975e-05
SPAC23H3.12c	1.7091416e-05
SPAC23A1.04c	4.376063e-06
SPAC1486.08	3.2333326e-05
SPBC36B7.09	6.1099748e-07
SPCC1529.01	4.2604689e-06
SPBC2A9.08c	1.8577626e-05
SPBC32H8.02c	6.9686739e-06
SPBC1E8.04.2.690	3.9136865e-06
SPBC11G11.06c	2.1797748e-05
SPAC17A5.01	2.0906022e-05
SPAC607.04	3.0285659e-05
SPBC13G1.13	2.0509699e-05
SPAC926.02	9.049368e-06
SPCC188.04c	2.7379292e-05
SPAC26A3.09c	2.2788554e-06
SPBC337.16	4.1085452e-05
SPBPB10D8.01	1.9419812e-05
SPCC737.03c	3.0549874e-06
SPAC1002.17c	1.5786854e-05
SPAC3C7.10	2.4671087e-05
SPCC777.17c	3.0219605e-05
SPBC83.07	8.2402092e-06
SPBC725.13c	1.1823627e-05
SPAC3A12.04c	8.9833142e-06
SPAC2G11.13	2.9063664e-05
SPAC3H5.04	3.7980924e-06
SPAC2F3.16	9.3631235e-06
SPAC644.07	3.6990117e-06
SPCP31B10.04	2.1797748e-05
SPCC645.02	2.5348139e-05
SPBC31F10.03	1.970054e-05
SPAC2F3.08	3.7980924e-06
SPCC663.10	5.1521949e-06
SPAC12G12.14c	8.0420479e-06
SPAC694.03	1.763636e-05
SPCC1906.02c	4.6072512e-06
SPAC1D4.01	8.9833142e-06
SPBC106.09	3.0384739e-06
SPAC8C9.10c	3.9302e-05
SPBC713.05	6.2916227e-06
SPAC644.06c	2.9724202e-06
SPAC3G9.16c	2.2540853e-05
SPAC1805.15c	5.6475983e-06
SPAC24H6.01c	1.2599759e-05
SPAC17A5.05c	2.4175684e-05
SPBC17A3.09c	1.5043749e-05
SPAC2F3.15	2.3283958e-06
SPCC285.04	5.7912653e-05
SPAC18G6.11c	1.5060262e-05
SPAC31A2.06	5.8953e-06
SPBC19C7.07c	2.6256378e-05
SPBC3H7.18	4.0078132e-05
SPAC6F12.12	1.2583245e-05
SPAC7D4.14c	5.9448403e-07
SPAC31A2.08	2.9806769e-05
SPBC4B4.05	4.8797231e-05
SPBC32H8.08c	1.4350184e-05
SPAC14C4.12c	5.2776971e-05
SPAC4F8.01	2.7907723e-06
SPBC577.07	1.1394277e-06
SPBC18H10.15	1.1064008e-05
SPAC890.05	2.6751781e-06
SPBC25D12.06	3.8311193e-06
SPAC17H9.20	1.1939221e-05
SPBC354.15	1.6232717e-05
SPAC16E8.13	1.5374018e-05
SPBC25H2.18	7.8438865e-05
SPBC1703.11	9.8750403e-06
SPAC1687.17c	1.6117123e-05
SPAC8C9.19	3.5817663e-05
SPBC32H8.13c	4.5577109e-06
SPAC1687.12c	1.5126316e-05
SPCC790.03	2.4737141e-05
SPBC1778.02	4.1118479e-06
SPBC14C8.17c	9.8254999e-06
SPAC17G8.11c	3.0516847e-05
SPAC25H1.05	6.9042715e-05
SPCC61.01c	2.1368398e-05
SPAC22A12.05	5.8886946e-05
SPAC630.05	1.7834521e-05
SPBC3B8.04c	7.3980235e-06
SPBP4H10.07	1.2863974e-05
SPAC17C9.05c	9.4456907e-06
SPBC354.08c	1.9320731e-06
SPBC216.05	1.2054815e-06
SPAC144.01	1.577034e-05
SPAC25H1.10c	0.00026855816
SPBC23G7.10c	9.1649621e-06
SPAC977.10	3.3026891e-06
SPBC16E9.06c	6.6053781e-06
SPBC16G5.18	8.6200184e-06
SPCC777.07	3.8806596e-06
SPAC513.06c	1.0271363e-05
SPBC215.03c	1.3772213e-05
SPBP35G2.08c	7.9759941e-06
SPAC18B11.08c	0.00032653687
SPBC3B9.09	2.410963e-06
SPBC2G2.14	9.8750403e-06
SPBC146.09c	8.306263e-06
SPBC31F10.09c	5.550169e-05
SPBC1105.06	1.9964755e-05
SPCC18.04	2.7247185e-06
SPCC1020.09	5.9448403e-06
SPAC1952.04c	4.8879798e-06
SPCC663.02	1.8825328e-05
SPBC649.03	3.192049e-05
SPCC330.12c	3.5338773e-05
SPAC1705.03c	2.0526212e-05
SPAC19B12.02c	0.00015885934
SPAC2E1P5.04c	4.5114733e-05
SPBC4C3.04c	2.6107757e-05
SPBC18H10.06c	3.0285659e-05
SPBC8D2.02c	2.3597713e-05
SPBC3B8.11	7.4971042e-06
SPCC1020.13c	4.8879798e-06
SPBC4B4.06	1.3243783e-05
SPBC1921.02	9.974121e-06
SPAC1F12.08	3.8046978e-05
SPAC11E3.02c	7.2824294e-06
SPAC630.07c	1.7950115e-05
SPBP8B7.24c	5.1356815e-06
SPAC17A5.19	3.0070984e-05
SPCC188.07	3.3852563e-06
SPBC11B10.07c	2.3449092e-06
SPBC36.12c	1.2599759e-05
SPBC17A3.03c	3.3852563e-06
SPCC757.04	1.7173983e-06
SPAC1782.09c	6.9026201e-06
SPBC15D4.04	5.5782418e-05
SPBC13E7.11	4.1002885e-05
SPAC2C4.10c	1.4251103e-05
SPAC1565.04c	5.6641117e-06
SPAC3A12.08	2.8634314e-05
SPAC6G9.05	6.2585958e-06
SPBC1A4.01	6.5558378e-06
SPAC30D11.05	2.9096691e-05
SPCC645.03c	9.9080672e-06
SPBC119.05c	8.2236958e-05
SPAC17A5.10	2.305277e-05
SPAC23H3.05c	1.5621719e-05
SPAC589.04	2.8535233e-05
SPBC32H8.01c	6.1760285e-06
SPAC688.16	8.6579994e-05
SPAC29B12.11c	2.9179258e-05
SPAC4F8.10c	3.244892e-05
SPBC8D2.23	1.0997955e-05
SPBC557.02c	0.00092841892
SPAC144.09c	8.2402092e-06
SPBC19C7.11	3.005447e-06
SPBC83.18c	2.1995909e-05
SPBC947.06c	1.6810687e-05
SPAC664.15	7.6457252e-06
SPAC56F8.09	1.725655e-05
SPCC1739.08c	6.3576764e-06
SPBC9B6.05c	0.00015035492
SPCC1450.16c	1.4597886e-05
SPAC20H4.05c	2.549676e-05
SPBC21B10.09	4.227442e-06
SPCC1259.10	1.1807113e-05
SPBC1685.05	5.2512756e-06
SPAC8C9.17c	1.7223523e-05
SPAC15A10.01	2.6751781e-06
SPAC607.09c	8.5209378e-06
SPCC320.13c	1.0386957e-05
SPBC530.13	7.3319697e-06
SPAC3C7.06c	5.6971386e-06
SPAPB1E7.02c	3.0219605e-06
SPAC15A10.09c	2.2805068e-05
SPNCRNA.1203.1.372	3.9219433e-05
SPAC31A2.11c	1.6348311e-05
SPAC637.12c	9.3300966e-06
SPBP18G5.03	9.3631235e-06
SPAC1B3.12c	0.00010408425
SPAC3H8.08c	1.6860228e-05
SPAC22E12.11c	3.6824983e-06
SPNCRNA.1550.3.17	5.5666824e-05
SPBPB21E7.09	2.6041703e-05
SPAC26F1.10c	9.4787176e-06
SPAC19G12.01c	2.3614227e-06
SPAC19B12.06c	3.3125971e-05
SPAC26H5.11	3.1705815e-06
SPCC622.08c	2.6091244e-05
SPCC18B5.10c	1.4383211e-05
SPBC609.01	1.5159343e-05
SPCC1442.12	1.8412491e-05
SPAC1B3.02c	7.9314078e-05
SPAC144.15c	1.8280384e-05
SPBC3H7.10	1.9006976e-05
SPAC139.04c	1.1493358e-05
SPAC1B1.02c	9.2145025e-06
SPAC23H3.13c	3.2944323e-05
SPBC2F12.17	2.803983e-05
SPBC887.09c	1.2352057e-05
SPAC23D3.16	9.8948564e-05
SPAC22E12.05c	4.8037612e-05
SPCC61.05	1.1774086e-05
SPAC922.03	1.8990462e-06
SPAC227.15	3.3026891e-06
SPAC1250.04c	1.5885934e-05
SPBC29A3.11c	1.4350184e-05
SPBC776.01	4.1415721e-05
SPAC29E6.02	5.8787865e-06
SPBC13E7.10c	4.6072512e-06
SPAC1782.03	3.4347966e-06
SPAC3H1.03	5.4824638e-06
SPAC144.02	3.632958e-05
SPCC16A11.07	5.8424569e-05
SPBC1683.12	3.6990117e-06
SPCC1183.11	1.4597886e-05
SPBC17D11.01	4.7888991e-06
SPBC902.02c	2.9393933e-06
SPCC663.05c	1.6529959e-05
SPAC57A7.11	4.524684e-06
SPAC9.11	1.1212629e-05
SPBC409.23	5.3338428e-06
SPBC1604.18c	1.6513445e-06
SPAC26H5.12	2.1962882e-06
SPBC1685.01	4.4421168e-06
SPCC645.06c	3.5008504e-06
SPAC6B12.19	2.5265571e-06
SPBC1703.12	2.9559067e-06
SPCC757.15	5.353659e-05
SPNCRNA.992.2.1290	0.0014239214
SPBC18H10.10c	1.3161216e-05
SPCC736.09c	6.3576764e-06
SPAC6F6.17	2.2293151e-06
SPBC30D10.08	3.1210412e-06
SPAPB1E7.01c	2.3828902e-05
SPBC13A2.01c	1.4432751e-05
SPAC23A1.02c	1.7273064e-05
SPBC1709.11c	4.7228454e-06
SPBC29A10.10c	1.6843714e-06
SPAC589.05c	1.0089715e-05
SPAC589.07c	7.1338084e-06
SPBC21C3.01c	2.4439899e-06
SPBC1271.11	2.8237991e-06
SPBC19G7.19	0.00010895571
SPBC359.06	9.0823949e-06
SPAC1486.10	5.6145714e-06
SPBC1105.10	3.9632269e-06
SPCC70.06	4.6237647e-06
SPNCRNA.1301.3.24	4.8466962e-05
SPAC1F3.03	3.9302e-06
SPAC4G9.02	3.2861756e-06
SPBC27B12.03c	5.6641117e-06
SPBC29A10.15	9.1649621e-06
SPAC31G5.08	1.2153896e-05
SPNCRNA.1061.2.13	0.0011243179
SPBC887.13c	1.5885934e-05
SPAC24C9.09	9.3631235e-06
SPAPJ691.02	8.8677201e-06
SPBC14C8.01c	8.0255344e-06
SPBC839.12	1.0997955e-05
SPAP27G11.06c	1.8676707e-05
SPBC16D10.07c	9.6108252e-06
SPCC364.02c	1.0733739e-05
SPAC222.18	1.1047495e-05
SPAC1782.12c	4.1663422e-05
SPBC27B12.04c	5.7797059e-06
SPBC17A3.06	4.4916571e-06
SPBC2A9.09	2.894807e-05
SPAC29A4.19c	2.0806941e-06
SPBC29A3.17	5.0366008e-06
SPAC1142.03c	6.7705126e-06
SPAC17A5.06	2.9724202e-06
SPCC622.19	1.7570306e-05
SPAC1952.16	4.4586302e-06
SPAC3H8.03	8.454884e-06
SPCP1E11.07c	3.0302172e-05
SPAC17H9.17c	1.174106e-05
SPAC1705.02	1.9155597e-05
SPBC354.04	1.9452839e-05
SPBC646.15c	1.035393e-05
SPCC576.15c	8.9337739e-06
SPAC10F6.12c	2.9674661e-05
SPBC1105.19	7.7282924e-06
SPAC26A3.14c	8.7124937e-05
SPBC13G1.05	6.2751092e-07
SPBC15D4.03	1.7008849e-06
SPBC365.15	5.2843025e-07
SPAC22F8.12c	9.197989e-06
SPBC336.03	1.6348311e-06
SPBC409.14c	2.0641807e-05
SPCC663.08c	5.9118134e-06
SPNCRNA.1020.1.64	0.00010441451
SPBC1D7.03	4.8235774e-05
SPMIT.05	5.157149e-05
SPAC1D4.05c	1.1889681e-05
SPAC4F8.06	4.8978879e-05
SPAPB24D3.09c	5.4494369e-07
SPCC1672.10	1.8990462e-06
SPAC18G6.13	5.0035739e-06
SPAC9.13c	4.9870605e-06
SPAC25G10.07c	5.7797059e-06
SPAC13G6.01c	7.9264537e-07
SPBPB7E8.01	4.5494542e-05
SPBC32H8.07	1.078328e-05
SPCC1442.13c	5.4989773e-06
SPCC1020.05	8.8842336e-06
SPAC343.17c	4.673305e-06
SPAC26H5.08c	5.4329235e-06
SPNCRNA.679.1.152	6.1215342e-05
SPCC576.06c	1.6100609e-05
SPBC409.03	6.6697806e-05
SPBC25H2.15	4.1118479e-06
SPCC1795.10c	2.8898529e-06
SPBC409.17c	2.5397679e-05
SPAC11D3.07c	4.0127672e-06
SPAC3C7.01c	2.166564e-05
SPBC18E5.13	5.0531143e-06
SPAC4H3.13	3.680847e-05
SPBC4B4.11	1.7917088e-05
SPAC29B12.13	6.6053781e-06
SPBC1685.13	6.7853747e-05
SPAC8C9.07	1.4135509e-05
SPBC530.06c	1.2385084e-06
SPNCRNA.1199.1.124	0.00011229143
SPNCRNA.1209.3.217	6.5442784e-05
SPNCRNA.1181.3.197	0.00025807212
SPAC869.09	4.5824811e-05
SPBC106.13	3.0351712e-05
SPNCRNA.910.2.168	0.0004760496
SPCC1919.02	4.1531315e-05
SPAC22E12.01	9.7594462e-06
SPAC1399.02	1.816479e-06
SPBC2F12.08c	4.9870605e-06
SPAC1851.04c	2.0641807e-06
SPNCRNA.1006.2.364	0.00014982649
SPAC227.17c	1.2005275e-05
SPBC19G7.06	3.2531487e-06
SPBC11C11.04c	9.9080672e-07
SPAC19A8.11c	8.3392899e-06
SPAC23H4.17c	1.7504252e-06
SPBC15D4.06	2.3828902e-05
SPBP19A11.04c	3.5503907e-06
SPAP14E8.02	1.1988761e-05
SPAC6F6.08c	1.3062135e-05
SPAC323.07c	2.5645381e-05
SPAC17C9.10	7.0611492e-05
SPAC821.13c	5.2843025e-06
SPAC3H5.13	1.7702413e-05
SPCC417.12	5.1521949e-06
SPAC323.05c	1.0700713e-05
SPAC19B12.10	1.9981269e-05
SPAC17H9.08	9.5777983e-06
SPAC3C7.09	1.4531832e-06
SPAPB17E12.06	1.4036428e-06
