Category	mpn Kuehner	eco Valgepea 2013 48	sce Nagaraj	sce deGodoy	sce Newman rich	sce Newman minimal	hsa Khan Chimpanzee Protein	hsa Khan Human Protein	hsa Geiger 2012 HeLa	hsa Geiger 2012 U2OS	hsa Nagaraj 2011	hsa Beck
TOTAL	1	1	1	1	1	1	1	1	1	1	1	1
MAPPED	0.82018958	0.90789393	0.87467448	0.920614	0.85411344	0.85579341	0.82719754	0.8324212	0.82095269	0.82184333	0.88411586	0.89630647
Genetic Information Processing	0.36015716	0.35607804	0.41036323	0.37274056	0.38484785	0.33894647	0.42866822	0.42716369	0.44931006	0.42668971	0.35938781	0.40327992
-Transcription	0.040705943	0.031035685	0.016921406	0.0090070507	0.018805369	0.015955279	0.055660911	0.055036081	0.054145354	0.04524394	0.042255909	0.044371838
--RNA polymerase	0.039631341	0.018483349	0.010348225	0.0045448395	0.0096022571	0.0078117106	0.0016041078	0.0016553334	0.0010329007	0.0011987694	0.0012841461	0.00055239223
--Basal transcription factors	0	0	0.0015214185	0.00056353196	0.00080991306	0.00065960248	0.00090105244	0.0011086943	0.0010680667	0.00098721802	0.00087272586	0.0004002482
--Transcription factors	0.0010746017	0.012552337	0.0015957231	0.0013530454	0.0024792648	0.0023982335	0.0084277167	0.010223564	0.005676172	0.0050597378	0.0035557006	0.0029920488
--Spliceosome	0	0	0.0034560395	0.0025456339	0.005913934	0.005085732	0.044728034	0.042048489	0.046368214	0.037998215	0.036543336	0.040427149
-Translation	0.12524963	0.22726448	0.24841948	0.21445275	0.23137582	0.19894727	0.11683023	0.11482787	0.16257943	0.14882918	0.086500781	0.14184515
--Ribosome	0.02927057	0.14862404	0.11837314	0.07940901	0.080177396	0.072476157	0.033706652	0.03566319	0.075641169	0.066353634	0.023947602	0.051985024
--Translation factors	0.059444082	0.048673101	0.076051273	0.069862298	0.098706849	0.07978867	0.035216279	0.030933856	0.03764554	0.036014099	0.020005046	0.058525971
--tRNA loading	0.03483365	0.028608519	0.031037994	0.051068593	0.02729371	0.025880116	0.02402953	0.023001056	0.014181138	0.014748985	0.016168103	0.0079411662
--RNA transport	0	1.2139018e-05	0.0072637982	0.0059318043	0.012589749	0.011387446	0.019099753	0.020584859	0.024673311	0.020736261	0.012706208	0.013785648
--mRNA surveillance pathway	0	0	0.0023360936	0.00067650094	0.0013946976	0.0013797215	0.0024762038	0.0023805063	0.0019542935	0.0024324968	0.0024628617	0.0020504157
--Ribosome biogenesis in eukaryotes	0	0	0.011394545	0.0065797288	0.0089048747	0.0067429574	0.0013959407	0.0011674336	0.0040262683	0.0043617296	0.0029814044	0.0056291581
--Ribosome biogenesis	0.0017013254	0.0013466793	0.0019626393	0.00092481232	0.0023085464	0.0012922015	0.00090587405	0.0010969669	0.0044577126	0.0041819772	0.0082295556	0.0019277703
-Folding, Sorting and Degradation	0.13359689	0.082512902	0.12778039	0.14053824	0.11393301	0.10297837	0.19403077	0.19314745	0.15870525	0.16395723	0.15675046	0.17240337
--Protease inhibitors	0	0	0	0	0	0	0.005311001	0.0018655998	0.00078525765	0.00017908114	0.00013596289	6.3993797e-05
--Proteases	0.0069947769	0	0	0	0	0	0	0	0	0	0	0
--Chaperones and folding catalysts	0.10435901	0.049499079	0.080846714	0.098187004	0.067590296	0.056905611	0.089821745	0.091656819	0.093882196	0.09070216	0.10023564	0.12297941
--Protein export	0.008428346	0.0030291331	0.0010791414	0.00080865013	0.0051028877	0.0037701444	0.0037233379	0.00263484	0.0032599143	0.0030734338	0.00089249227	0.00084307141
--Protein processing in endoplasmic reticulum	0	0	0.0093209269	0.0097454446	0.0083054968	0.0083364646	0.020512095	0.01843187	0.017550331	0.019579977	0.016008764	0.010310435
--SNARE interactions in vesicular transport	0	0	0.00050910459	0.00067203752	0.00020890105	0.00019051472	0.0012470635	0.0013406482	0.00076644961	0.0008677234	0.00042156868	0.00062401295
--SNAREs	0	0	5.3107079e-05	1.4492351e-05	0	0	5.4521721e-05	7.5119323e-05	1.7986803e-05	4.5296789e-05	3.6780531e-05	1.5801597e-05
--Ubiquitin mediated proteolysis	0	0	0.0072478556	0.003944856	0.003032182	0.0026476978	0.0080806353	0.0093435307	0.0074708426	0.0092738152	0.011284527	0.0070138899
--Ubiquitin labeling	0	2.626467e-11	0.0021967634	0.001398022	0.0023248724	0.0024490616	0.015222697	0.015698977	0.0095225953	0.00880471	0.0087797209	0.0043891318
--Sulfur relay system	0.00036185761	0.0029854555	0.00098128214	0.0012329772	0.0042534818	0.0041770814	0.00024396666	0.00016114318	0.00031833778	0.0002719793	0.00015126813	0.00011817063
--Proteasome	0	0	0.007579689	0.0052026607	0.0089100503	0.0061388173	0.027221472	0.027490778	0.011312679	0.014358128	0.0068156855	0.015917794
--Peptidases	0.0066892611	0.018031129	0.012286547	0.014540715	0.0065305364	0.011539269	0.017805185	0.01977807	0.0095779721	0.012563988	0.0078155012	0.0076106008
--RNA degradation	0.0067636305	0.0089681053	0.0056792618	0.0047913788	0.0076743077	0.0068237117	0.0047870528	0.0046700587	0.0042406867	0.0042369388	0.0041725481	0.002517054
-DNA Maintenance	0.060604706	0.01526497	0.017241949	0.0087425211	0.020733647	0.021065548	0.062146299	0.064152287	0.073880026	0.068659352	0.073880657	0.044659562
--DNA replication	0.0022588247	0.0008363984	5.8111073e-05	9.2522898e-05	0	0	0.0014708955	0.001127684	0.0015995385	0.001137311	0.0010806667	0.00039450794
--DNA replication complex	0.013529984	0.0003005826	0.0044617293	0.0010604916	0.0016411419	0.0014475899	0.0095215257	0.0086402538	0.0049943951	0.0049554739	0.0056300974	0.0038348408
--DNA replication control	0.017104844	0.0040437483	0.0010405963	0.00088342972	0.00040031217	0.00026224935	0.0097664486	0.011268189	0.008855472	0.0079875147	0.018163508	0.0050263072
--Chromosome-related	0.0049851284	0.0070587803	0.010576505	0.0062595683	0.011857187	0.011771161	0.029963515	0.031381447	0.051866415	0.046914705	0.039883732	0.027810276
--Base excision repair	0.0035053827	0.00022874867	6.1890522e-05	4.5954132e-05	0	0	0.00030111264	0.00039185893	0.00097053731	0.00079354941	0.00034095069	0.00071071199
--Nucleotide excision repair	0.0034193618	0.00032999708	8.8885906e-05	1.3858683e-05	0	0	7.2021495e-06	6.4776787e-06	9.4947754e-05	8.3176363e-05	0.00014841837	4.1870035e-05
--Mismatch repair	0	4.3660936e-05	0.00026530402	0.00017890217	0.00011097299	8.3791586e-05	0.0018516181	0.0021396681	0.00064837071	0.00090705204	0.00046663759	0.00048063208
--Homologous recombination	0	0.00053934788	7.3307432e-05	2.8300547e-05	8.3440177e-05	0	7.5383896e-06	6.4383394e-06	9.8461154e-06	2.181676e-05	6.7474494e-06	1.8704071e-06
--Non-homologous end-joining	0	0	1.4353551e-06	4.6865034e-06	0	0	0.0067887902	0.0064707114	0.0022466377	0.0031885552	0.0067536753	0.0043547079
--DNA repair and recombination proteins	0.015801179	0.001883706	0.00061418463	0.00017480648	0.0066405924	0.0075007567	0.0024676525	0.0027195586	0.0025938657	0.0026701977	0.0014062231	0.0020038377
-RNA Family	0	2.626467e-11	0	0	0	0	0	0	0	0	0	0
--Non-coding RNAs	0	2.626467e-11	0	0	0	0	0	0	0	0	0	0
Environmental Information Processing	0.00046135806	0.005483494	0.0048101312	0.0024619522	0.0064454909	0.0058681511	0.034759048	0.032688505	0.040943904	0.040385625	0.026950395	0.02956524
-Signal Transduction	0.00046135806	0.0054834939	0.0030889435	0.001628199	0.0038427958	0.003617103	0.016230149	0.016708943	0.01793592	0.017156643	0.012449802	0.0084708981
--Ras signaling pathway	0	0	0	0	0	0	0	0	9.5171878e-06	1.8570093e-05	2.197441e-05	4.6866546e-06
--Rap1 signaling pathway	0	0	0	0	0	0	0	0	0.00032255169	0.00050932054	1.929645e-06	4.8180562e-05
--Hippo signaling pathway	0	0	1.9396717e-05	2.5291794e-06	4.5499865e-05	4.7714831e-05	0	0	7.9019375e-06	7.2153697e-06	0	1.4235166e-06
--NF-kappa B signaling pathway	0	0	0	0	0	0	0	0	1.9354376e-05	2.5778608e-05	1.3453899e-05	1.0227419e-05
--TNF signaling pathway	0	0	0	0	0	0	0	0	0	0	0	0
--HIF-1 signaling pathway	0	0	0	0	0	0	0	0	1.1036071e-15	5.1149248e-16	0	0
--PI3K-Akt signaling pathway	0	0	0	0	0	0	0	0	8.4565573e-05	0.00015315589	3.7464933e-05	7.1803428e-06
--FoxO signaling pathway	0	0	0	0	0	0	0	0	0	0	0	0
--Other signaling pathways	0	0	0	0	0	0	4.5582473e-05	4.6529028e-05	1.4393178e-05	6.8901493e-05	3.285909e-06	4.9932582e-05
--Two-component system	0.00046135806	0.005185006	0.00014672538	8.3468769e-05	3.3434584e-05	0	0	0	4.1762791e-06	4.2316412e-06	2.1440376e-06	9.7612566e-14
--MAPK signaling pathway	0	0	0.0018386393	0.00084529887	0.0029195307	0.0026135151	0.0053501748	0.0053941649	0.004846469	0.0058345435	0.0031856675	0.0030917535
--ErbB signaling pathway	0	0	0.00015840901	0.00013976816	0	0	0.0024389435	0.0020009548	0.0004472212	0.00077239039	0.00083343491	0.0004288707
--Wnt signaling pathway	0	0	0	0	0	0	0.0018387367	0.0019750211	0.0015994155	0.0016783868	0.0023815647	0.0011405428
--Notch signaling pathway	0	0	0	0	0	0	0.00011477856	9.4370895e-05	0.00018248594	0.00024967416	0.00039457482	5.1470715e-05
--Hedgehog signaling pathway	0	0	0	0	0	0	7.42076e-06	4.9455372e-06	0.00010410522	0.00011956886	9.6858299e-06	8.4657943e-06
--TGF-beta signaling pathway	0	0	0	0	0	0	0	0	3.0687879e-05	7.4285424e-05	5.2570096e-05	6.6986628e-06
--VEGF signaling pathway	0	0	6.3181184e-05	9.6894441e-05	5.2298954e-05	0	0	0	6.2359894e-05	6.5156747e-05	8.2531542e-05	0.00010052316
--Jak-STAT signaling pathway	0	0	5.0717787e-05	4.129064e-05	3.8796211e-05	5.2749658e-05	0.0016362478	0.0024067903	0.00024642828	0.00021596655	0.00011059351	3.2844752e-05
--Calcium signaling pathway	0	0	0.00010524653	0.00010819029	0.00026644793	0.00028824599	0.0029175163	0.0029186359	0.0091095113	0.0059382336	0.0042731523	0.0031513472
--Phosphatidylinositol signaling system	0	0.0002984879	0.00069743323	0.00030619336	0.00048678759	0.00061487739	0.001500515	0.0014977767	0.00044968788	0.00090468693	0.00066267013	0.00018285315
--mTOR signaling pathway	0	0	9.1943044e-06	4.5653058e-06	0	0	0.0003802332	0.00036975345	0.00039508721	0.00051657681	0.00038310387	0.0001538966
--Plant hormone signal transduction	0	0	0	0	0	0	0	0	0	0	0	0
-Signaling Molecules and Interaction	0	1.0505868e-10	0.0017211878	0.00083375316	0.0026026951	0.0022510481	0.018528899	0.015979562	0.023007985	0.023228982	0.014500593	0.021094342
--Insulin secretion	0	0	0	0	0	0	0	0	9.9236386e-08	3.0439472e-06	0	0
--G protein-coupled receptors	0	0	5.076547e-07	1.2924222e-06	0	0	2.8494536e-05	2.9467143e-05	0.00054829923	0.00040082287	0.00021872263	4.8695378e-05
--Enzyme-linked receptors	0	0	0	0	0	0	0	0	0.00015769122	0.0004156803	0.00019965341	0.00015200279
--Cytokine receptors	0	0	0	0	0	0	9.5143489e-05	5.7762054e-05	7.7329479e-05	2.581467e-05	6.591004e-06	1.6425286e-05
--Ion channels	0	5.2529339e-11	1.1604597e-05	1.1138821e-05	0.00011619496	0.00010434256	0.00051541678	0.0006877296	0.00083375495	0.0017740744	0.00056739446	0.0024385202
--Neuroactive ligand-receptor interaction	0	0	0	0	0	0	0.0015227191	0.0013615404	0.0013852562	0.0011997882	0.00098834135	0.00084677575
--Cytokine-cytokine receptor interaction	0	0	0	0	0	0	2.8087075e-05	2.5736045e-05	6.1643228e-05	0.00019185807	5.8242969e-05	0.00093973057
--Cytokines	0	0	0	0	0	0	0	0	6.7879219e-06	2.7434336e-05	8.6206606e-06	9.3960875e-07
--ECM-receptor interaction	0	0	0	0	0	0	0.0011099292	0.00048847511	0.0021289439	0.0031548657	0.003576425	0.00090556066
--Cell adhesion molecules (CAMs)	0	0	0	0	0	0	0.0038172245	0.00297977	0.00090604633	0.0010424186	0.000730982	0.00045097583
--CAM ligands	0	0	0	0	0	0	0.0013755279	0.0013494406	0.0021730983	0.0027812731	0.0013641075	0.010583584
--Cellular antigens	0	0	3.1286408e-05	2.5696287e-06	9.5248371e-05	7.1778732e-05	0.0036960899	0.0036144371	0.0077512042	0.0043334747	0.0033930645	0.0008766763
--GTP-binding signaling proteins	0	0	0.0016764563	0.00081875229	0.0023600888	0.0020218947	0.0061277518	0.005204086	0.0068797324	0.0077735851	0.0033456819	0.0037651124
--Glycan binding proteins	0	0	1.3328274e-06	0	3.1162953e-05	5.3032132e-05	0.0002125145	0.00018111837	7.1886212e-05	8.752834e-05	4.1721221e-05	5.2593989e-05
--Bacterial toxins	0	5.2529339e-11	0	0	0	0	0	0	2.621193e-05	1.7319488e-05	1.0447436e-06	1.6749002e-05
Cellular Processes	0.044826529	0.010633681	0.018200893	0.020576823	0.031835764	0.031381169	0.11519331	0.10492476	0.14122722	0.17808156	0.30988911	0.21787328
-Hemoglobin	0	0	0	0	0	0	0	0	1.656577e-06	2.6458789e-06	0	1.5387432e-05
--Hemoglobin	0	0	0	0	0	0	0	0	1.656577e-06	2.6458789e-06	0	1.5387432e-05
-Vesicular Transport	0	2.626467e-11	0.0081914399	0.008847808	0.0092353366	0.0094634763	0.025299942	0.027061098	0.018491069	0.020999299	0.014773912	0.021564408
--Endocytosis	0	0	0.004189625	0.0046671435	0.0042721405	0.0048347569	0.014246528	0.01319299	0.0089122637	0.011636771	0.0089272644	0.0071735855
--Phagosome	0	0	0.0027841299	0.0037805165	0.0041914272	0.0038176255	0.00302724	0.0033228116	0.0008399754	0.00081448298	0.00056932976	0.00048099374
--Lysosome	0	2.626467e-11	0	0	0	0	0.0023273233	0.0026342875	0.0022605634	0.003038194	0.0010281747	0.0018308812
--Peroxisome	0	0	0.00090246595	0.00023860642	0.00043103404	0.00043848197	0.0055975258	0.0077600773	0.0063891522	0.005422631	0.0042044569	0.012069563
--Regulation of autophagy	0	0	0.000315219	0.00016154163	0.00034073485	0.00037261194	0.00010132424	0.00015093157	8.9114698e-05	8.7220127e-05	4.4686224e-05	9.3848852e-06
-Cytoskeleton	0.017070658	0.0032715348	0.0032624294	0.0060414197	0.0033935108	0.0034403514	0.07284845	0.060998159	0.10594942	0.1333928	0.27124284	0.17869951
--Regulation of actin cytoskeleton	0	0	0.00026099596	0.00082180798	0.002251948	0.0021679838	0.023717369	0.020610187	0.013875071	0.017457474	0.027961927	0.047421865
--Cytoskeleton proteins	0.017070658	0.0032715348	0.0030014335	0.0052196117	0.0011415628	0.0012723677	0.049131081	0.040387972	0.092074345	0.11593533	0.24328091	0.13127765
-Cell Motility	0.0057744119	0.0053326957	0	0	0	0	0	0	0	0	0	0
--Bacterial chemotaxis	0	0.0053326945	0	0	0	0	0	0	0	0	0	0
--Bacterial motility proteins	0.0057744119	1.1819101e-09	0	0	0	0	0	0	0	0	0	0
-Cell Growth and Death	0.021981459	0.0020294508	0.0067470239	0.0056875951	0.019206917	0.018477342	0.0072291706	0.0066629355	0.00702576	0.0086716119	0.005973992	0.0085928253
--Cell cycle	0.021981459	0.0020294508	0.0047758515	0.0035312701	0.0037502566	0.0034739963	0.0058401898	0.0054388155	0.0055786671	0.0078076105	0.0049741687	0.0078851386
--Meiosis	0	0	0.00070164849	0.00035117521	0.00041115005	0.00050305161	0	0	0	0	0	0
--Oocyte meiosis	0	0	0	0	0	0	7.4435905e-05	7.9622849e-05	0.00013634677	9.7455156e-05	0.00040654373	2.5076262e-05
--Apoptosis	0	0	0	0	0	0	0.001314545	0.0011444972	0.00086853415	0.00049574003	0.00037559008	0.00049685532
--p53 signaling pathway	0	0	0	0	0	0	0	0	0.00044221191	0.00027080622	0.00021768951	0.00018575506
--Cell wall	0	0	0.0012695239	0.0018051498	0.01504551	0.014500294	0	0	0	0	0	0
-Cell Communication	0	0	0	0	0	0	0.0098157473	0.01020257	0.0097593144	0.0150152	0.017898367	0.0090011493
--Focal adhesion	0	0	0	0	0	0	0.006993933	0.0061907943	0.0078190028	0.011604339	0.014158737	0.007487352
--Adherens junction	0	0	0	0	0	0	0.00039568188	0.00079682057	0.00082000981	0.0011353473	0.0018471847	0.00058215737
--Tight junction	0	0	0	0	0	0	0.0024261324	0.0032149551	0.0011165001	0.0022465472	0.001892445	0.00093163992
--Gap junction	0	0	0	0	0	0	0	0	3.8017054e-06	2.896633e-05	8.0327744e-18	0
Metabolism	0.41474453	0.53569871	0.44130022	0.52483467	0.43098433	0.47959762	0.22841599	0.24860233	0.17494606	0.15922736	0.17929953	0.23622328
-Membrane Transport	0.042637609	0.061181949	0.021711876	0.016146602	0.019598465	0.013968475	0.0004828944	0.00051162906	0.0021449436	0.0011986512	0.0010992246	0.00035013862
--Transport	0.042637609	0.06108069	0.021483401	0.016135426	0.019355828	0.013775916	0.00042091268	0.00044123119	0.0021363975	0.001178658	0.0010945967	0.00017750203
--Bacterial secretion system	0	0.00010125817	0	0	0	0	0	0	0	0	0	0
--Secretion system	0	6.040874e-10	0.00022847569	1.1176121e-05	0.00024263706	0.00019255913	6.1981725e-05	7.0397866e-05	8.5460731e-06	1.9993151e-05	4.6279549e-06	0.00017263658
-Central Carbon Metabolism	0.2137893	0.18539753	0.21528116	0.23640763	0.22991976	0.23585989	0.12435175	0.14339793	0.072986377	0.074091309	0.086003135	0.15951377
--Glycolysis	0.18049178	0.092515314	0.1729516	0.18282543	0.18838692	0.16321366	0.079090823	0.093442488	0.046298015	0.045826779	0.05477884	0.13957074
--TCA cycle and anaplerotic enzymes	0	0.053641037	0.012473696	0.018896021	0.0045769587	0.01264278	0.018376519	0.02126929	0.0084160306	0.0082382314	0.010444402	0.0033454363
--Pentose phosphate metabolism	0.0072169942	0.019743602	0.010611234	0.011486957	0.012045806	0.017589341	0.0068365243	0.0063348831	0.0067655804	0.0065533794	0.0093491638	0.0076352784
--Carbohydrate metabolism	0.003774713	0.0064404108	0.0096124605	0.01152938	0.01534781	0.017448979	0.0052236268	0.0044203481	0.0033413953	0.0038262322	0.0025219156	0.0019680824
--Pyruvate metabolism	0	1.0505868e-10	0.00057017314	0.0015260659	0.00066957675	0.0049397739	0	0	0	0	0	0
--Butanoate metabolism	0	1.0505868e-10	0.0018607305	0.00082090874	0.0014108276	0.0015580546	0.0064375681	0.0072340736	0.0023656959	0.0026372256	0.0025412174	0.0013001048
--Other central metabolism enzymes	0.022305814	0.013057164	0.0072012648	0.0093228743	0.007481859	0.018467301	0.0083866923	0.010696844	0.0057996602	0.007009461	0.0063675961	0.0056941282
-Energy Metabolism	0.04370728	0.025191425	0.013874533	0.019889351	0.012149431	0.014809652	0.034011831	0.031119818	0.018089968	0.012978427	0.014144015	0.0063653886
--Oxidative phosphorylation	0.04370728	0.025191425	0.012878034	0.018652989	0.011818608	0.014260379	0.033529076	0.030745876	0.016086279	0.011646524	0.012601043	0.0052494905
--Photosynthesis	0	0	0	0	0	0	0	0	0	0	0	0
--Photosynthesis - antenna proteins	0	0	0	0	0	0	0	0	0	0	0	0
--Carbon fixation in photosynthetic organisms	0	0	6.8851956e-05	6.9428356e-05	2.9182213e-05	3.4207225e-05	0	0	1.8274874e-05	7.8866291e-05	8.8865146e-05	7.2288988e-06
--Methane metabolism	0	5.2529339e-11	0.00092764744	0.0011669337	0.00030164011	0.00051506556	0.00048275575	0.00037394142	0.0019854139	0.0012530365	0.0014541067	0.0011086691
-Biosynthesis	0.054986643	0.22745495	0.16423458	0.22927449	0.14213325	0.1927689	0.047727683	0.05106036	0.058209833	0.049962761	0.061033291	0.048442082
--Lipid and steroid metabolism	0.0085681553	0.024950685	0.045175044	0.080009641	0.033864783	0.023099241	0.010795774	0.012001028	0.014885082	0.012892534	0.027002766	0.0051301926
--Purine metabolism	0.0062209289	0.023843216	0.011373808	0.012018091	0.041333618	0.044656074	0.0077219193	0.0084507947	0.0075304286	0.0084291462	0.0077718244	0.0056694578
--Pyrimidine metabolism	0.0057906124	0.019973138	0.016845774	0.021941395	0.0081817424	0.019042296	0.0043225117	0.0020147817	0.0054835408	0.0022406538	0.0094414554	0.0018868619
--Amino acid metabolism	0.003798993	0.13700103	0.079836445	0.10945507	0.052071346	0.0996062	0.014337674	0.015445503	0.021113756	0.016982554	0.0084787516	0.027816249
--Glycan metabolism	0	0.0050278957	0.0039091375	0.0017004901	0.0029021435	0.0024720464	0.0032308519	0.0041149039	0.0031346106	0.0022721252	0.0028143071	0.00066881923
--Cofactor biosynthesis	0.030607954	0.016658987	0.007080437	0.0040980855	0.003700098	0.0037974407	0.0073189527	0.0090333492	0.0060563544	0.0071225545	0.0055103316	0.0072705011
--Biosynthesis of other secondary metabolites	0	2.626467e-11	1.3938686e-05	5.1713568e-05	7.9521229e-05	9.5606125e-05	0	0	6.060323e-06	2.3193656e-05	1.3855128e-05	0
-Other Enzymes	0.059623694	0.036472859	0.026198067	0.023116596	0.02718342	0.022190698	0.02184183	0.022512598	0.023514934	0.020996208	0.017019862	0.021551897
--Other enzymes	0.059623694	0.036472859	0.026179568	0.023109942	0.027149018	0.022139539	0.021431126	0.02215371	0.022896694	0.019980963	0.016761475	0.021190642
--Protein kinases	0	0	1.8499727e-05	6.6542357e-06	3.4402084e-05	5.1159433e-05	0.00038577092	0.00033571852	0.00057557675	0.00097451117	0.00024119566	0.00035972521
--Cytochrome P450	0	0	0	0	0	0	2.4933075e-05	2.3169793e-05	4.2662916e-05	4.0733779e-05	1.7191459e-05	1.5292637e-06
Organismal Systems	0	0	0	0	0	0	0.014902069	0.013546353	0.0087421483	0.011333748	0.0057241948	0.0070577382
-Immune System	0	0	0	0	0	0	0.0066578753	0.0079406285	0.0012900521	0.00092025522	0.00028617882	0.00039459219
--Response to viral infection	0	0	0	0	0	0	0.00050851222	0.0015132604	4.571443e-05	1.376286e-05	1.9398277e-05	9.7612566e-14
--Complement and coagulation cascades	0	0	0	0	0	0	0	0	0.00016338431	7.8453346e-05	9.8400179e-06	7.5457691e-07
--Toll-like receptor signaling pathway	0	0	0	0	0	0	3.8676628e-05	4.4185656e-05	8.4797828e-06	2.0140722e-05	3.538489e-06	1.1229825e-05
--NOD-like receptor signaling pathway	0	0	0	0	0	0	0.00036080771	0.00033624946	0.00044002012	0.00040094796	0.00019542137	0.00029962093
--RIG-I-like receptor signaling pathway	0	0	0	0	0	0	9.1812307e-05	0.00010152488	4.9733405e-05	3.7298718e-05	4.7130154e-06	9.5366542e-06
--Cytosolic DNA-sensing pathway	0	0	0	0	0	0	0	0	0	0	0	0
--Natural killer cell mediated cytotoxicity	0	0	0	0	0	0	0	0	1.0370269e-05	1.0124604e-05	1.6879158e-06	1.4673173e-06
--Antigen processing and presentation	0	0	0	0	0	0	0.0030340188	0.0029761426	0.00022929766	0.00011383811	8.7904222e-06	3.762345e-05
--T cell receptor signaling pathway	0	0	0	0	0	0	6.6009737e-05	6.154277e-05	0.00014764169	0.00013028036	1.3692313e-05	2.1261957e-05
--B cell receptor signaling pathway	0	0	0	0	0	0	0.00031401182	0.0001912527	2.2185037e-07	6.9103896e-07	0	9.7612566e-14
--Fc epsilon RI signaling pathway	0	0	0	0	0	0	0	0	1.1036071e-15	2.0970783e-07	0	0
--Fc gamma R-mediated phagocytosis	0	0	0	0	0	0	0.0016408627	0.001803302	0.00016009115	8.2079339e-05	1.6439716e-05	7.7836636e-06
--Leukocyte transendothelial migration	0	0	0	0	0	0	0.00017008664	0.00027046389	1.1562859e-05	1.4889238e-05	8.2023707e-06	5.3138154e-06
--Intestinal immune network for IgA production	0	0	0	0	0	0	0	0	0	0	9.0946392e-08	0
--Chemokine signaling pathway	0	0	0	0	0	0	0.00043307676	0.00064270423	2.3534599e-05	1.7539214e-05	4.3639651e-06	9.7612566e-14
-Endocrine System	0	0	0	0	0	0	0.0039433202	0.0015092112	0.00085151935	0.0018065735	0.00029740446	0.0024857604
--Insulin signaling pathway	0	0	0	0	0	0	0.0004107337	0.00048078782	0.00038717867	0.00049498665	0.00029463828	0.00032527123
--Adipocytokine signaling pathway	0	0	0	0	0	0	0	0	4.2341968e-07	2.3336031e-07	2.0274078e-07	0
--PPAR signaling pathway	0	0	0	0	0	0	0.0035325865	0.0010284233	0.00046162862	0.0013099509	2.5634349e-06	0.0021604891
--Renin-angiotensin system	0	0	0	0	0	0	0	0	2.2886505e-06	1.4026308e-06	0	0
-Circulatory System	0	0	0	0	0	0	0.0011783856	0.0010113271	0.0021118869	0.0038363532	0.0013315353	0.00052038667
--Cardiac muscle contraction	0	0	0	0	0	0	0.0011783856	0.0010113271	0.0018413838	0.0026322303	0.0003979023	0.00037723377
--Vascular smooth muscle contraction	0	0	0	0	0	0	0	0	0.00027050308	0.0012041229	0.00093363304	0.0001431529
-Digestive System	0	0	0	0	0	0	0.00010578538	8.9097523e-05	0.0022085609	0.0025992083	0.0012996572	0.0010718634
--Salivary secretion	0	0	0	0	0	0	0	0	0.00011133011	0.00010220102	0.00025562836	2.3212268e-05
--Pancreatic secretion	0	0	0	0	0	0	0	0	2.7254457e-06	7.3748389e-06	8.7227215e-07	0
--Bile secretion	0	0	0	0	0	0	0	0	0	0	0	0
--Protein digestion and absorption	0	0	0	0	0	0	2.0377763e-05	1.3435459e-05	0.00072322431	0.00063765576	0.00020342156	8.4459587e-06
--Fat digestion and absorption	0	0	0	0	0	0	0	0	0.00023411284	4.3795421e-05	0.00012248968	1.0928227e-05
--Vitamin digestion and absorption	0	0	0	0	0	0	0	0	0.00010768686	8.3554165e-05	2.9915495e-05	4.27055e-06
--Mineral absorption	0	0	0	0	0	0	8.540762e-05	7.5662063e-05	0.0010294814	0.0017246271	0.00068732979	0.0010250064
-Excretory System	0	0	0	0	0	0	0.0023609141	0.002305397	0.00057291293	0.00067561191	0.0008244366	0.0013900542
--Vasopressin-regulated water reabsorption	0	0	0	0	0	0	0.0020487349	0.0018843372	0.0005404382	0.00061508848	0.00078750329	0.0012844014
--Aldosterone-regulated sodium reabsorption	0	0	0	0	0	0	0	0	1.2721819e-05	2.1660815e-05	2.3670532e-05	9.9042966e-06
--Endocrine and other factor-regulated calcium reabsorption	0	0	0	0	0	0	0	0	0	0	0	0
--Proximal tubule bicarbonate reclamation	0	0	0	0	0	0	0.00031217913	0.00042105982	1.6479937e-05	2.3409693e-05	1.0945342e-06	9.3895154e-05
--Collecting duct acid secretion	0	0	0	0	0	0	0	0	3.272971e-06	1.545292e-05	1.2168242e-05	1.8533904e-06
-Nervous System	0	0	0	0	0	0	0.00019972219	0.0002435114	0.0010756713	0.00061745656	0.00017019322	0.00039485668
--Synaptic vesicle cycle	0	0	0	0	0	0	5.9635582e-05	4.6594447e-05	0.00026644714	0.00025985911	7.5930887e-05	0.00022995268
--GABAergic synapse	0	0	0	0	0	0	0	0	0	0	3.8364514e-06	6.0773208e-06
--Glutamatergic synapse	0	0	0	0	0	0	4.0981254e-05	0.00011686733	0.00078938487	0.0003029958	7.400135e-05	0.00014515489
--Long-term potentiation	0	0	0	0	0	0	0	0	0	0	0	0
--Neurotrophin signaling pathway	0	0	0	0	0	0	9.9105355e-05	8.0049616e-05	1.9839305e-05	5.4601655e-05	1.6424535e-05	1.3671788e-05
-Sensory System	0	0	0	0	0	0	0	0	0	0	0	0
--Phototransduction	0	0	0	0	0	0	0	0	0	0	0	0
--Olfactory transduction	0	0	0	0	0	0	0	0	0	0	0	0
-Development	0	0	0	0	0	0	0.00045606609	0.00044718047	0.00058767684	0.00082863745	0.0014944493	0.00079365464
--Dorso-ventral axis formation	0	0	0	0	0	0	0	0	1.3238943e-06	5.8154039e-07	1.0820175e-06	9.7612566e-14
--Axon guidance	0	0	0	0	0	0	0.00029374015	0.00032106633	0.00034902689	0.00067938672	0.0013806431	0.00053291646
--Osteoclast differentiation	0	0	0	0	0	0	0.00016232594	0.00012611414	0.00023732605	0.00014866919	0.00011272411	0.00026073818
-Environmental Adaptation	0	0	0	0	0	0	0	0	4.3867942e-05	4.965167e-05	2.0339926e-05	6.5700766e-06
--Circadian rhythm	0	0	0	0	0	0	0	0	4.3867942e-05	4.965167e-05	2.0339926e-05	6.5700766e-06
--Plant-pathogen interaction	0	0	0	0	0	0	0	0	0	0	0	0
Human Diseases	0	0	0	0	0	0	0.005258903	0.0054955636	0.0057833057	0.0061253333	0.0028648266	0.0023070104
-Cancers	0	0	0	0	0	0	0.0010837578	0.0010995903	0.0026299654	0.002866546	0.00086481422	0.00099399293
--Proteoglycans in cancer	0	0	0	0	0	0	0	0	1.1036071e-15	6.0110265e-07	1.0017361e-06	1.6644194e-05
--MicroRNAs in cancer	0	0	0	0	0	0	0	0	9.3444689e-05	0.00013010662	4.0163872e-18	0
--Transcriptional misregulation in cancer	0	0	0	0	0	0	0.00013079413	0.00017467921	0.0018994701	0.0021071606	0.00060700775	0.00074400642
--Viral carcinogenesis	0	0	0	0	0	0	0.00015136856	0.00024817618	0.00015110378	0.00014288099	5.2496418e-05	6.8482098e-05
--Pathways in cancer	0	0	0	0	0	0	0.00080159508	0.00067673495	0.00048521904	0.00047942611	0.00019804911	0.00016364834
--Renal cell carcinoma	0	0	0	0	0	0	0	0	7.2774315e-07	6.2689218e-06	5.8468959e-06	1.2118694e-06
--Non-small cell lung cancer	0	0	0	0	0	0	0	0	1.1036071e-15	1.0163529e-07	4.1230461e-07	0
-Immune System Diseases	0	0	0	0	0	0	0.0015791872	0.001293837	0.00060333903	0.00095165742	0.00027086989	0.00067683803
--Systemic lupus erythematosus	0	0	0	0	0	0	0.0015791872	0.001293837	0.00060333903	0.00095165742	0.00027086989	0.00067683803
-Neurodegenerative Diseases	0	0	0	0	0	0	0.0010943777	0.0015139853	0.0011365964	0.00087200026	0.00042566251	0.00012955675
--Alzheimer's disease	0	0	0	0	0	0	0	0	6.9678249e-06	1.4692182e-05	4.8169995e-05	5.752759e-06
--Parkinson's disease	0	0	0	0	0	0	0	0	7.3507199e-06	3.6984752e-05	4.0163872e-18	8.3757213e-06
--Amyotrophic lateral sclerosis (ALS)	0	0	0	0	0	0	0.00042547547	0.00057501516	0.00086001438	0.00056147293	0.00011914598	5.5311472e-05
--Huntington's disease	0	0	0	0	0	0	0.00066890223	0.00093897015	0.00026226346	0.00025885039	0.00025834654	6.0116795e-05
-Cardiovascular Diseases	0	0	0	0	0	0	0.00015143256	0.0001310784	0.00044890281	0.00026849035	0.00054162732	6.8244074e-05
--Hypertrophic cardiomyopathy (HCM)	0	0	0	0	0	0	0.00015143256	0.0001310784	0.00026861703	0.00018739105	0.00021638088	6.4606379e-05
--Arrhythmogenic right ventricular cardiomyopathy (ARVC)	0	0	0	0	0	0	0	0	0.00018028578	8.1099295e-05	0.00032524644	3.6376951e-06
-Infectious Diseases	0	0	0	0	0	0	0.0013501477	0.0014570726	0.00096450212	0.0011666393	0.00076185265	0.0004383786
--HTLV-I infection	0	0	0	0	0	0	0	0	7.7887914e-05	9.1470786e-05	5.9840576e-05	4.9932582e-05
--Epstein-Barr virus infection	0	0	0	0	0	0	0	0	0.000189772	0.00034170629	4.5343376e-05	2.6689841e-05
--Legionellosis	0	0	0	0	0	0	0	0	1.1237648e-05	2.5655238e-06	1.8161588e-05	3.8774402e-06
--Herpes simplex infection	0	0	0	0	0	0	0.00026032476	0.00035191669	0.00029303115	0.00030666096	0.00021634832	2.99924e-05
--Salmonella infection	0	0	0	0	0	0	0	0	6.0708869e-06	1.0669812e-05	1.3454725e-05	8.0154934e-06
--Vibrio cholerae infection	0	0	0	0	0	0	0	0	2.4595143e-05	2.2674207e-05	8.7351346e-07	6.8979547e-07
--Pathogenic Escherichia coli infection	0	0	0	0	0	0	0.00031128679	0.0003146288	8.6639228e-05	7.4591866e-05	9.1246036e-05	4.5759019e-05
--Staphylococcus aureus infection	0	0	0	0	0	0	0	0	5.9591191e-08	5.1149248e-16	1.8510969e-06	0
--Tuberculosis	0	0	0	0	0	0	0	0	4.3317624e-06	3.1061625e-06	1.1905963e-05	9.7612566e-14
--Bacterial invasion of epithelial cells	0	0	0	0	0	0	0.00046743103	0.00041758813	0.00014208177	0.00022802373	7.8331704e-05	9.2825953e-05
--Measles	0	0	0	0	0	0	0.00010042272	0.00014564986	8.0987727e-05	6.0714259e-05	0.00014824823	4.6757045e-05
--Influenza A	0	0	0	0	0	0	5.4988215e-05	6.8621857e-05	4.1071007e-05	2.1756721e-05	7.2961774e-05	0.00013383903
--Hepatitis C	0	0	0	0	0	0	0.00015569419	0.00015866725	6.7362944e-06	2.6989582e-06	3.2857397e-06	0
Not Mapped	0.17981042	0.092106072	0.12532552	0.079385998	0.14588656	0.14420659	0.17280246	0.1675788	0.17904731	0.17815667	0.11588414	0.10369353
-Not Mapped	0.17981042	0.092106072	0.12532552	0.079385998	0.14588656	0.14420659	0.17280246	0.1675788	0.17904731	0.17815667	0.11588414	0.10369353
--Not mapped	0.17981042	0.092106072	0.12532552	0.079385998	0.14588656	0.14420659	0.17280246	0.1675788	0.17904731	0.17815667	0.11588414	0.10369353
